{
  "name": "minesweeper",
  "version": "1.0.0",
  "description": "Minesweeper",
  "main": "index.js",
  "author": "Cina Saffary <cinasaffary@gmail.com>",
  "license": "MIT",
  "private": true,
  "scripts": {
    "dev": "next",
    "build": "next build",
    "start": "next start",
    "test": "jest",
    "test:debug": "node --inspect-brk node_modules/.bin/jest --runInBand",
    "now-build": "next build && next export -o dist"
  },
  "dependencies": {
    "invariant": "^2.2.4",
    "lodash-es": "^4.17.11",
    "next": "^7.0.2",
    "prettier": "^1.8.2",
    "prop-types": "^15.6.2",
    "react": "^16.8.1",
    "react-dom": "^16.8.1",
    "styled-components": "^4.1.1",
    "uglifyjs-webpack-plugin": "^1.1.8"
  },
  "devDependencies": {
    "@babel/core": "^7.1.6",
    "@babel/preset-env": "^7.1.6",
    "@babel/preset-react": "^7.0.0",
    "babel-core": "^7.0.0-bridge.0",
    "babel-jest": "^23.6.0",
    "babel-plugin-root-import": "^6.1.0",
    "babel-plugin-styled-components": "^1.8.0",
    "jest": "^23.6.0",
    "next-compose-plugins": "^2.1.1",
    "next-optimized-images": "^1.4.1",
    "next-plugin-transpile-modules": "^0.1.3"
  },
  "jest": {
    "transformIgnorePatterns": [
      "node_modules/(?!(lodash-es)/)"
    ]
  },
  "resolutions": {
    "babel-core": "7.0.0-bridge.0"
  }
}