{
  "name": "CP-WEB-SOURCE-PlATFORM",
  "version": "0.0.1",
  "description": "CP 聚合博客",
  "private": true,
  "scripts": {
    "precommit": "npm run lint-staged",
    "start": "cross-env roadhog server",
    "start:no-proxy": "cross-env PORT=8888 NO_PROXY=true roadhog dev",
    "build": "roadhog build",
    "site": "roadhog-api-doc static && gh-pages -d dist",
    "analyze": "roadhog build --analyze",
    "lint:style": "stylelint \"src/**/*.less\" --syntax less",
    "lint": "eslint --ext .js src mock tests && npm run lint:style",
    "lint:fix": "eslint --fix --ext .js src mock tests && npm run lint:style",
    "lint-staged": "lint-staged",
    "lint-staged:js": "eslint --ext .js",
    "test": "jest",
    "test:all": "node ./tests/run-tests.js"
  },
  "dependencies": {
    "@babel/polyfill": "^7.0.0-beta.36",
    "antd": "^3.0.0-beta.1",
    "babel-runtime": "^6.9.2",
    "bootstrap": "^3.3.7",
    "classnames": "^2.2.5",
    "core-js": "^2.5.1",
    "dva": "^2.1.0",
    "g-cloud": "^1.0.2-beta",
    "g2": "^2.3.13",
    "g2-plugin-slider": "^1.2.1",
    "highlight.js": "^9.12.0",
    "immutable": "^3.8.2",
    "install": "^0.11.0",
    "js-cookie": "^2.2.0",
    "localforage": "^1.7.1",
    "lodash": "^4.17.4",
    "lodash-decorators": "^4.4.1",
    "lodash.clonedeep": "^4.5.0",
    "marked": "^0.4.0",
    "moment": "^2.19.1",
    "npm": "^6.0.1",
    "numeral": "^2.0.6",
    "prop-types": "^15.6.1",
    "qs": "^6.5.0",
    "react": "^16.0.0",
    "react-avatar-editor": "^11.0.3",
    "react-bootstrap": "^0.32.1",
    "react-container-query": "^0.9.1",
    "react-document-title": "^2.0.3",
    "react-dom": "^16.0.0",
    "react-fittext": "^1.0.0",
    "react-umeditor": "^1.0.0-rc12",
    "redux-persist": "^4.10.2",
    "simplemde": "^1.11.2",
    "store": "^2.0.12"
  },
  "devDependencies": {
    "babel-eslint": "^8.1.2",
    "babel-jest": "^22.0.4",
    "babel-plugin-dva-hmr": "^0.4.1",
    "babel-plugin-import": "^1.6.3",
    "babel-plugin-transform-class-properties": "^6.24.1",
    "babel-plugin-transform-decorators-legacy": "^1.3.4",
    "babel-plugin-transform-runtime": "^6.23.0",
    "babel-preset-env": "^1.6.1",
    "babel-preset-react": "^6.24.1",
    "cross-env": "^5.1.1",
    "cross-port-killer": "^1.0.1",
    "enzyme": "^3.1.0",
    "enzyme-adapter-react-16": "^1.0.2",
    "eslint": "^4.14.0",
    "eslint-config-airbnb": "^16.0.0",
    "eslint-plugin-babel": "^4.0.0",
    "eslint-plugin-compat": "^2.1.0",
    "eslint-plugin-import": "^2.8.0",
    "eslint-plugin-jsx-a11y": "^6.0.3",
    "eslint-plugin-markdown": "^1.0.0-beta.6",
    "eslint-plugin-react": "^7.0.1",
    "gh-pages": "^1.0.0",
    "http-proxy-middleware": "^0.17.4",
    "husky": "^0.14.3",
    "jest": "^22.0.4",
    "jsdom": "^11.5.1",
    "lint-staged": "^6.0.0",
    "mockjs": "^1.0.1-beta3",
    "pro-download": "^1.0.1",
    "react-responsive": "^4.1.0",
    "react-svg": "^3.0.1",
    "react-test-renderer": "^16.2.0",
    "redbox-react": "^1.5.0",
    "roadhog": "^2.0.5",
    "roadhog-api-doc": "^0.3.3",
    "rollbar": "^2.3.4",
    "stylelint": "^8.4.0",
    "stylelint-config-standard": "^18.0.0"
  },
  "optionalDependencies": {
    "nightmare": "^2.10.0"
  },
  "babel": {
    "presets": [
      "env",
      "react"
    ],
    "plugins": [
      "transform-decorators-legacy",
      "transform-class-properties"
    ]
  },
  "jest": {
    "setupFiles": [
      "<rootDir>/tests/setupTests.js"
    ],
    "testMatch": [
      "**/?(*.)(spec|test|e2e).js?(x)"
    ],
    "setupTestFrameworkScriptFile": "<rootDir>/tests/jasmine.js",
    "moduleFileExtensions": [
      "js",
      "jsx"
    ],
    "moduleNameMapper": {
      "\\.(css|less)$": "<rootDir>/tests/styleMock.js"
    }
  },
  "lint-staged": {
    "**/*.{js,jsx}": "lint-staged:js",
    "**/*.less": "stylelint --syntax less"
  },
  "browserslist": [
    "> 1%",
    "last 2 versions",
    "not ie <= 10"
  ]
}