{
  "name": "my-headline",
  "version": "1.0.0",
  "description": "headlines for myself",
  "main": "index.js",
  "scripts": {
    "test": "echo \"Error: no test specified\" && exit 1",
    "start": "webpack-dev-server -d --history-api-fallback --hot --inline --progress --colors --port 3000",
    "build": "webpack -p --progress --colors"
  },
  "license": "MIT",
  "devDependencies": {
    "babel-loader": "^6.2.4",
    "babel-plugin-transform-runtime": "^6.9.0",
    "babel-preset-es2015": "^6.5.0",
    "babel-preset-react": "^6.5.0",
    "babel-preset-stage-0": "^6.5.0",
    "css-loader": "^0.23.1",
    "file-loader": "^0.8.5",
    "postcss-loader": "^0.8.1",
    "react": "^0.14.7",
    "react-dom": "^0.14.7",
    "react-hot-loader": "^1.3.0",
    "rucksack-css": "^0.8.5",
    "style-loader": "^0.13.0",
    "webpack": "^1.12.14",
    "webpack-dev-server": "^1.14.1",
    "webpack-hot-middleware": "^2.7.1"
  },
  "dependencies": {
    "axios": "^0.9.1",
    "babel-runtime": "^6.9.2",
    "corner-notie": "^1.2.0",
    "moment": "^2.12.0"
  }
}