{
  "name": "react-redux-firebase",
  "version": "0.0.1",
  "description": "An example of using React, Redux and Firebase with Webpack",
  "main": "index.js",
  "scripts": {
    "dev": "node_modules/.bin/webpack-dev-server --content-base docs",
    "prod": "cross-env NODE_ENV=production node_modules/.bin/webpack --output-filename docs/bundle.js"
  },
  "devDependencies": {
    "babel-core": "^6.24.1",
    "babel-loader": "^6.4.1",
    "babel-plugin-transform-class-properties": "^6.24.1",
    "babel-plugin-transform-object-rest-spread": "^6.23.0",
    "babel-preset-env": "^1.4.0",
    "babel-preset-react": "^6.24.1",
    "cross-env": "^4.0.0",
    "firebase": "^3.7.8",
    "react": "^15.5.4",
    "react-dom": "^15.5.4",
    "react-redux": "^4.4.8",
    "redux": "^3.6.0",
    "redux-logger": "^3.0.1",
    "redux-thunk": "^2.2.0",
    "webpack": "^2.4.1",
    "webpack-dev-server": "^2.4.2"
  },
  "repository": {
    "type": "git",
    "url": "git@github.com:vkammerer/react-redux-firebase.git"
  },
  "keywords": [],
  "author": "Vincent Kammerer <vkammerer@gmail.com> (http://vincent-kammerer.com)",
  "license": "MIT"
}