{
  "name": "examples",
  "version": "0.0.1",
  "private": true,
  "scripts": {
    "start": "node node_modules/react-native/local-cli/cli.js start",
    "test": "jest",
    "storybook": "storybook start -p 7007"
  },
  "dependencies": {
    "d3-array": "^1.2.0",
    "d3-scale": "^1.0.6",
    "d3-shape": "^1.0.6",
    "date-fns": "^1.28.5",
    "react": "16.2.0",
    "react-native": "0.53.3",
    "react-native-svg": "^6.3.1",
    "react-native-svg-charts": "^5.1.1"
  },
  "devDependencies": {
    "@storybook/addon-actions": "^3.3.14",
    "@storybook/addon-links": "^3.3.14",
    "@storybook/addons": "^3.3.14",
    "@storybook/react-native": "^3.3.14",
    "babel-core": "^6.26.0",
    "babel-jest": "22.4.1",
    "babel-preset-react-native": "4.0.0",
    "jest": "22.4.2",
    "prop-types": "^15.6.0",
    "react-dom": "16.2.0",
    "react-test-renderer": "16.2.0"
  },
  "jest": {
    "preset": "react-native"
  }
}