{
  "name": "egghead-react-es6",
  "version": "1.0.0",
  "description": "React Fundamentals in ES6",
  "main": "server.js",
  "dependencies": {
    "babel-core": "^6.24.1",
    "babel-loader": "^6.4.1",
    "babel-preset-es2015": "^6.24.1",
    "babel-preset-react": "^6.24.1",
    "d3": "^4.7.4",
    "prop-types": "^15.5.8",
    "react": "^15.5.4",
    "react-dom": "^15.5.4",
    "webpack": "^2.4.0",
    "webpack-dev-server": "^2.4.2"
  },
  "devDependencies": {},
  "scripts": {
    "start": "webpack-dev-server"
  },
  "author": "Joe Maddalone",
  "license": "ISC"
}