{
  "name": "immutablejs-console-object-formatters",
  "version": "1.0.1",
  "description": "",
  "main": "index.js",
  "scripts": {
    "test": "echo \"Error: no test specified\" && exit 1",
    "dev": "webpack --watch"
  },
  "author": "",
  "license": "ISC",
  "dependencies": {
    "babel-core": "^6.26.0",
    "babel-loader": "^7.1.2",
    "babel-preset-es2015": "^6.24.1",
    "immutable": "^3.8.2",
    "immutable-devtools": "0.1.4",
    "webpack": "^3.10.0",
    "webpack-shell-plugin": "^0.5.0"
  }
}