{
  "name": "easy-peasy-bot",
  "version": "1.0.0",
  "description": "The awesomest bot evar.",
  "main": "index.js",
  "scripts": {
    "start": "node index.js",
    "test": "echo \"Error: no test specified\" && exit 1"
  },
  "repository": {
    "type": "git",
    "url": "git+https://github.com/DEGoodmanWilson/easy-peasy-bot-app.git"
  },
  "keywords": [
    "slack",
    "bot"
  ],
  "author": "D.E. Goodman-Wilson",
  "license": "MIT",
  "bugs": {
    "url": "https://github.com/DEGoodmanWilson/easy-peasy-bot-app/issues"
  },
  "homepage": "https://github.com/DEGoodmanWilson/easy-peasy-bot-app#readme",
  "engines": {
    "node": "5.1.1"
  },
  "dependencies": {
    "botkit": "0.2.2",
    "botkit-storage-mongo": "^1.0.2",
    "mongodb": "^1.4.39"
  }
}