{
  "private": true,
  "scripts": {
    "dev": "NODE_ENV=development webpack --progress --hide-modules --config=node_modules/laravel-mix/setup/webpack.config.js",
    "watch": "NODE_ENV=development webpack --watch --progress --hide-modules --config=node_modules/laravel-mix/setup/webpack.config.js",
    "hot": "NODE_ENV=development webpack-dev-server --inline --hot --config=node_modules/laravel-mix/setup/webpack.config.js",
    "production": "NODE_ENV=production webpack --progress --hide-modules --config=node_modules/laravel-mix/setup/webpack.config.js"
  },
  "dependencies": {
    "axios": "^0.15.3",
    "bootstrap-sass": "^3.0.0",
    "es6-promise": "^4.0.5",
    "laravel-mix": "^1.4.0",
    "lodash": "^4.16.4",
    "moment": "^2.15.1",
    "quill": "^1.2.4",
    "vue": "^2.1.10",
    "vue-router": "^2.5.3"
  }
}