{
  "name": "glivera-team-template",
  "version": "1.0.0",
  "description": "1. If you don't have installed [node.js](https://nodejs.org/) - install it(latest version).Also you should install [python(2 version)](https://www.python.org/downloads/release/python-2710/) and gulp globally",
  "main": "gulpfile.js",
  "dependencies": {},
  "devDependencies": {
    "browser-sync": "^2.24.6",
    "gulp": "^3.9.1",
    "gulp-autoprefixer": "^5.0.0",
    "gulp-cheerio": "^0.6.3",
    "gulp-concat": "^2.6.1",
    "gulp-cssfont64": "0.0.1",
    "gulp-csso": "^3.0.1",
    "gulp-directory-sync": "^1.2.3",
    "gulp-html5-lint": "^1.1.0",
    "gulp-imagemin": "^4.1.0",
    "gulp-inline-image": "^1.0.0",
    "gulp-plumber": "^1.2.0",
    "gulp-postcss": "^7.0.1",
    "gulp-pug": "^4.0.1",
    "gulp-purifycss": "^0.2.0",
    "gulp-replace": "^1.0.0",
    "gulp-sass": "^4.0.1",
    "gulp-sequence": "^1.0.0",
    "gulp-sourcemaps": "^2.6.4",
    "gulp-svg-sprite": "^1.4.0",
    "gulp-svgmin": "^1.2.4",
    "gulp-uglify": "^3.0.1",
    "imagemin-pngquant": "^5.1.0",
    "postcss-assets": "^5.0.0",
    "postcss-reporter": "^5.0.0",
    "postcss-scss": "^1.0.6",
    "rimraf": "^2.6.2",
    "stylelint": "^9.4.0"
  },
  "scripts": {
    "test": "echo \"Error: no test specified\" && exit 1"
  },
  "repository": {
    "type": "git",
    "url": "git+https://github.com/glivera-team/glivera-team-template.git"
  },
  "author": "",
  "license": "ISC",
  "bugs": {
    "url": "https://github.com/glivera-team/glivera-team-template/issues"
  },
  "homepage": "https://github.com/glivera-team/glivera-team-template/blob/master/README.md"
}