{
  "name": "distributed-password-cracking",
  "version": "1.0.0",
  "description": "",
  "main": "server.js",
  "scripts": {
    "build": "npm run browserify",
    "browserify": "browserify client/src/main.js -o client/main.js",
    "watch": "watchify client/src/main.js -o client/main.js",
    "test": "echo \"Error: no test specified\" && exit 1"
  },
  "author": "brannon@brannondorsey.com",
  "license": "MIT",
  "dependencies": {
    "cors": "^2.8.4",
    "express": "^4.16.2",
    "md5": "^2.2.1",
    "socket.io": "^2.0.3",
    "ua-parser-js": "^0.7.17"
  },
  "devDependencies": {
    "browserify": "^14.4.0",
    "spark-md5": "^3.0.0",
    "watchify": "^3.9.0"
  }
}