{
  "name": "zedit",
  "productName": "zEdit",
  "description": "A development environment for Bethesda Plugin Files.",
  "version": "0.5.4",
  "author": "Mator",
  "copyright": "© 2017, Mator",
  "repository": "https://github.com/matortheeternal/zedit",
  "license": "MIT",
  "main": "app/main.js",
  "build": {
    "appId": "com.mator.zedit",
    "productName": "zEdit",
    "publish": null,
    "files": [
      "app/**/*",
      "node_modules/**/*",
      "package.json"
    ],
    "extraFiles": [
      "XEditLib.dll",
      "borlndmm.dll",
      "modules/unifiedPatchingFramework/**/*",
      "cache/*.json",
      "filters/*.json",
      "themes/*.css",
      "syntaxThemes/*.css",
      "*.Hardcoded.dat"
    ]
  },
  "scripts": {
    "postinstall": "install-app-deps",
    "build": "gulp build",
    "rebuild": "electron-rebuild",
    "prerelease": "gulp build --env=production",
    "release": "build --x64 -p never",
    "start": "gulp start",
    "pretest": "gulp build-unit --env=test",
    "test": "electron-mocha app/specs.js.autogenerated --renderer --require source-map-support/register",
    "coverage": "npm test -- -R scripts/istanbul-reporter",
    "pree2e": "gulp build-e2e --env=test",
    "e2e": "mocha app/e2e.js.autogenerated --require source-map-support/register"
  },
  "dependencies": {
    "adm-zip": "^0.4.11",
    "angular": "1.5.1",
    "angular-color-picker": "github:matortheeternal/angular-color-picker",
    "angular-elastic-input": "^2.4.0",
    "angular-marked": "^1.2.2",
    "angular-spinner": "^1.0.1",
    "angular-ui-router": "^0.4.3",
    "angular-vs-repeat": "1.1.7",
    "angularjs-scroll-glue": "^2.2.0",
    "bindings": "^1.2.1",
    "codemirror": "^5.39.2",
    "dateformat": "^3.0.3",
    "diskusage": "^0.2.4",
    "font-awesome": "^4.7.0",
    "fs-jetpack": "github:matortheeternal/fs-jetpack#feature/fix-phantom-files",
    "ini-api": "^1.0.0",
    "marked": "^0.3.19",
    "md5-file": "^4.0.0",
    "minimatch": "^3.0.4",
    "pex-parser": "github:matortheeternal/pex-parser",
    "registry-js": "^1.0.7",
    "ui-router-extras": "^0.1.3",
    "windows-drive-letters": "^3.1.0",
    "xelib": "github:z-edit/xelib"
  },
  "devDependencies": {
    "electron": "^2.0.8",
    "electron-builder": "^20.28.4",
    "electron-rebuild": "^1.8.2",
    "gulp": "^4.0.0",
    "gulp-batch": "^1.0.5",
    "gulp-include": "^2.3.1",
    "gulp-plumber": "^1.2.0",
    "gulp-rollup": "^2.16.2",
    "gulp-sass": "^3.2.1",
    "gulp-util": "^3.0.6",
    "gulp-wait": "0.0.2",
    "gulp-watch": "^5.0.1",
    "istanbul": "^0.4.3",
    "macaddress": ">=0.2.9",
    "magic-string": "^0.22.5",
    "minimist": "^1.2.0",
    "rollup": "^0.36.4",
    "rollup-plugin-istanbul": "^1.1.0",
    "source-map-support": "^0.4.2",
    "spectron": "^3.8.0"
  }
}