{
  "name": "coren",
  "version": "2.0.0",
  "description": "React Pluggable Serverside Render framework Edit",
  "homepage": "https://github.com/Canner/coren",
  "repository": "git@github.com:Canner/render.git",
  "files": [
    "lib"
  ],
  "bin": {
    "coren": "./lib/bin/coren"
  },
  "main": "lib/index.js",
  "keywords": [
    "coren",
    "react",
    "react server side render",
    "ssr"
  ],
  "scripts": {
    "lint": "eslint client server test",
    "clean": "rimraf lib",
    "build": "gulp build",
    "build:watch": "npm run clean && gulp build:watch",
    "prepublish": "npm run clean && npm run build && npm run check:src",
    "check:src": "npm run lint",
    "build:examples": "rimraf examples-dist && cross-env BABEL_ENV=commonjs babel examples --out-dir examples-dist",
    "test": "cross-env NODE_ENV=test jest --coverage",
    "test:watch": "cross-env NODE_ENV=test jest --watchAll",
    "validate": "npm ls"
  },
  "dependencies": {
    "babel-core": "^6.14.0",
    "babel-load-config": "^1.0.0",
    "babel-loader": "^6.2.3",
    "babel-plugin-add-module-exports": "^0.2.1",
    "babel-plugin-transform-class-properties": "^6.16.0",
    "babel-plugin-transform-decorators-legacy": "^1.3.4",
    "babel-preset-es2015": "^6.24.1",
    "babel-preset-react": "^6.24.1",
    "bluebird": "^3.5.0",
    "chalk": "^2.0.1",
    "cheerio": "^1.0.0-rc.1",
    "co": "^4.6.0",
    "commander": "^2.11.0",
    "lodash": "^4.17.4",
    "log-symbols": "^2.0.0",
    "mkdirp": "^0.5.1",
    "noop3": "^999.999.999",
    "ora": "^1.3.0",
    "path-to-regexp": "^1.7.0",
    "react": "^15.5.4",
    "react-dom": "^15.5.4",
    "react-intl": "^2.4.0",
    "react-redux": "^5.0.5",
    "react-router-dom": "^4.1.1",
    "redux": "^3.6.0",
    "shortid": "^2.2.8",
    "webpack": "^3.4.1",
    "webpack-merge": "^4.1.0",
    "webpack-node-externals": "^1.6.0"
  },
  "devDependencies": {
    "babel-cli": "^6.14.0",
    "babel-eslint": "^6.1.2",
    "babel-jest": "^20.0.3",
    "babel-plugin-transform-react-remove-prop-types": "^0.2.2",
    "babel-preset-airbnb": "^2.0.0",
    "babel-runtime": "^6.11.6",
    "chai": "^3.5.0",
    "cross-env": "^2.0.1",
    "enzyme": "^2.9.1",
    "eslint": "^3.1.1",
    "eslint-config-google": "^0.4.0",
    "eslint-plugin-react": "^6.2.0",
    "express": "^4.15.3",
    "faker": "^4.1.0",
    "gulp": "^3.9.1",
    "gulp-babel": "^6.1.2",
    "gulp-changed": "^3.1.0",
    "gulp-file": "^0.3.0",
    "gulp-watch": "^4.3.11",
    "hoist-non-react-statics": "^1.2.0",
    "jest": "^20.0.4",
    "jest-cli": "^20.0.4",
    "jest-css-modules": "^1.1.0",
    "karma": "^1.2.0",
    "karma-chrome-launcher": "^2.0.0",
    "karma-cli": "^1.0.1",
    "karma-mocha": "^1.1.1",
    "karma-sourcemap-loader": "^0.3.7",
    "karma-webpack": "^1.8.0",
    "mocha": "^3.2.0",
    "mock-require": "^2.0.2",
    "precommit-hook-eslint": "^3.0.0",
    "pretty": "^2.0.0",
    "react": "^15.3.1",
    "react-addons-test-utils": "^15.6.0",
    "react-dom": "^15.3.1",
    "react-router": "^4.1.1",
    "react-router-dom": "^4.1.1",
    "rimraf": "^2.5.4",
    "should": "^11.2.1",
    "webpack-hot-middleware": "^2.18.0"
  },
  "pre-commit": [
    "lint",
    "test"
  ],
  "peerDependencies": {
    "react": "^15.3.1",
    "react-dom": "^15.3.1"
  },
  "license": "Apache-2.0"
}