{
  "name": "generator-rest",
  "version": "0.15.0",
  "description": "RESTful API generator using NodeJS, Express and MongoDB. Watch https://youtu.be/6x-ijyG-ack",
  "homepage": "https://github.com/diegohaz/generator-rest",
  "author": {
    "name": "Diego Haz",
    "email": "hazdiego@gmail.com",
    "url": "https://github.com/diegohaz"
  },
  "files": [
    "generators"
  ],
  "main": "generators/index.js",
  "keywords": [
    "yeoman-generator",
    "rest",
    "rest-api",
    "restful",
    "node",
    "nodejs",
    "express",
    "mongo",
    "mongodb",
    "mongoose",
    "passport",
    "ava",
    "api",
    "es6",
    "babel",
    "generator",
    "yeoman"
  ],
  "dependencies": {
    "bluebird": "^3.5.1",
    "chalk": "^1.0.0",
    "eslint-plugin-node": "^5.2.1",
    "eslint-plugin-standard": "^2.3.1",
    "lodash": "^4.15.0",
    "pluralize": "^3.0.0",
    "rand-token": "^0.4.0",
    "recast": "^0.11.13",
    "reserved-words": "^0.1.1",
    "yeoman-generator": "^0.24.1",
    "yosay": "^1.0.0"
  },
  "devDependencies": {
    "babel-core": "^6.26.0",
    "babel-eslint": "^8.0.1",
    "babel-jest": "^20.0.3",
    "babel-plugin-transform-runtime": "^6.23.0",
    "babel-preset-es2015": "^6.24.1",
    "babel-preset-stage-1": "^6.24.1",
    "babel-runtime": "^6.26.0",
    "bcrypt": "^2.0.1",
    "body-parser": "^1.18.2",
    "bodymen": "^1.0.3",
    "compression": "^1.7.1",
    "cors": "^2.8.4",
    "dotenv-safe": "^4.0.3",
    "eslint": "^4.4.1",
    "eslint-config-standard": "^10.2.1",
    "eslint-config-xo-space": "^0.14.0",
    "eslint-plugin-import": "^2.8.0",
    "eslint-plugin-promise": "^3.0.0",
    "eslint-plugin-standard": "^2.0.0",
    "express": "^4.16.2",
    "express-force-ssl": "^0.3.2",
    "fs-extra": "^0.30.0",
    "gulp": "^3.9.0",
    "gulp-coveralls": "^0.1.0",
    "gulp-eslint": "^2.0.0",
    "gulp-exclude-gitignore": "^1.0.0",
    "gulp-istanbul": "^1.0.0",
    "gulp-line-ending-corrector": "^1.0.1",
    "gulp-mocha": "^2.0.0",
    "gulp-plumber": "^1.0.0",
    "jest-cli": "^20.0.4",
    "jsonwebtoken": "^8.1.0",
    "mongodb-memory-server": "^1.7.3",
    "mongoose": "^5.1.0",
    "mongoose-create-unique": "^0.4.4",
    "mongoose-keywords": "^0.4.0",
    "morgan": "^1.7.0",
    "nock": "^9.0.2",
    "nodemon": "^1.10.2",
    "passport": "^0.4.0",
    "passport-http": "^0.3.0",
    "passport-http-bearer": "^1.0.1",
    "passport-jwt": "^3.0.0",
    "querymen": "^2.1.3",
    "request": "^2.83.0",
    "request-promise": "^4.2.2",
    "@sendgrid/mail": "^6.3.1",
    "sinon": "^4.0.1",
    "supertest": "^3.0.0",
    "yeoman-assert": "^2.0.0",
    "yeoman-test": "^1.0.0"
  },
  "eslintConfig": {
    "extends": "xo-space",
    "env": {
      "mocha": true
    }
  },
  "repository": "diegohaz/generator-rest",
  "scripts": {
    "prepublish": "gulp prepublish",
    "test": "gulp",
    "patch": "npm version patch && npm publish",
    "minor": "npm version minor && npm publish",
    "postpublish": "git push origin master --follow-tags"
  },
  "license": "MIT"
}