{
  "name": "nectarjs",
  "version": "0.1.8",
  "description": "Javascript's God Mod",
  "main": "nectar",
  "bin": {
    "nectar": "./nectar.js",
    "njs": "./nectar.js"
  },
  "scripts": {},
  "repository": {
    "type": "git",
    "url": "git+https://github.com/seraum/nectarjs.git"
  },
  "keywords": [
    "nectar",
    "nectarjs",
    "nectar-lang",
    "javascript",
    "js",
    "god mode",
    "compilation",
    "crossplatform",
    "simple",
    "speed",
    "io",
    "iot",
    "socket",
    "linux",
    "windows",
    "arduino",
    "raspberry",
    "stm32",
    "nucleo"
  ],
  "author": "Adrien THIERRY <adrien.thierryfr@gmail.com> (http://seraum.com)",
  "license": "MIT",
  "licenses": [
    {
      "type": "MIT",
      "url": "https://github.com/seraum/nectarjs/blob/master/LICENSE"
    }
  ],
  "bugs": {
    "url": "https://github.com/seraum/nectarjs/issues"
  },
  "homepage": "https://nectarjs.com"
}