{
  "name": "@jscad/openjscad",
  "version": "1.6.1",
  "description": "",
  "repository": "https://github.com/Spiritdude/OpenJSCAD.org",
  "scripts": {
    "test": "lerna bootstrap && lerna run test",
    "lint": "eslint packages/**/*.js",
    "bootstrap": "lerna bootstrap",
    "clean": "lerna clean",
    "cli": "npm run bootstrap && cd ./packages/cli",
    "web": "npm run bootstrap && cd ./packages/web && npm run start-dev",
    "desktop": "npm run bootstrap && cd ./packages/desktop && npm run dev",
    "publish": "git checkout master && git pull origin master && npm t && lerna publish --conventional-commits",
    "publish-dryrun": "git checkout master && git pull origin master && npm t && lerna publish --conventional-commits --skip-git --skip-npm"
  },
  "contributors": [
    {
      "name": "Rene K. Mueller",
      "url": "http://renekmueller.com"
    },
    {
      "name": "z3dev",
      "url": "http://www.z3d.jp"
    },
    {
      "name": "Mark 'kaosat-dev' Moissette",
      "url": "http://kaosat.net"
    }
  ],
  "license": "MIT",
  "dependencies": {},
  "devDependencies": {
    "ava": "^0.23.0",
    "lerna": "2.7.0"
  },
  "collective": {
    "type": "opencollective",
    "url": "https://opencollective.com/openjscad",
    "logo": "https://opencollective.com/openjscad/logo.txt"
  }
}