{
  "name": "angular-sanitize",
  "version": "1.7.8",
  "description": "AngularJS module for sanitizing HTML",
  "main": "index.js",
  "scripts": {
    "test": "echo \"Error: no test specified\" && exit 1"
  },
  "repository": {
    "type": "git",
    "url": "https://github.com/angular/angular.js.git"
  },
  "keywords": [
    "angular",
    "framework",
    "browser",
    "html",
    "client-side"
  ],
  "author": "Angular Core Team <angular-core+npm@google.com>",
  "license": "MIT",
  "bugs": {
    "url": "https://github.com/angular/angular.js/issues"
  },
  "homepage": "http://angularjs.org",
  "jspm": {
    "shim": {
      "angular-sanitize": {
        "deps": [
          "angular"
        ]
      }
    }
  }
}