{
  "name": "backbone.giraffe",
  "version": "0.2.8",
  "description": "A lightweight library that extends Backbone.js to new heights.",
  "main": "dist/backbone.giraffe.js",
  "scripts": {
    "test": "echo \"Error: no test specified\" && exit 1"
  },
  "keywords": [
    "backbone",
    "coffee",
    "mvc"
  ],
  "repository": {
    "type": "git",
    "url": "https://github.com/barc/backbone.giraffe.git"
  },
  "author": "Ryan Atkinson <ryanatkn@gmail.com>",
  "license": "MIT",
  "gitHead": "66b00448e9e26feea356d13f926624f1d904aaaf",
  "devDependencies": {
    "async": "~0.2.9",
    "pm-tutdown": "0.0.2",
    "mocha": "~1.12.0",
    "chai": "~1.7.2",
    "sinon": "~1.7.3"
  }
}