{
  "name": "@manaflair/mylittledom",
  "private": true,
  "version": "0.6.4",
  "license": "MIT",
  "scripts": {
    "docs": "npm run build:demo",
    "test": "mocha --compilers js:babel-register -r core-js $(find sources -name '*.test.js')",
    "test:debug": "mocha --debug-brk --inspect --compilers js:babel-register -r core-js $(find sources -name '*.test.js')",
    "demo": "node -r babel-register -r core-js -r ./examples/setup --",
    "demo:debug": "node --debug-brk --inspect -r babel-register -r core-js -- examples/simple-form",
    "build": "babel -D -d dist sources",
    "build:demo": "NODE_ENV=production webpack",
    "serve:demo": "webpack-dev-server",
    "push": "npm run build && cp README.md dist/ && jq 'del(.private)' package.json > dist/package.json && (cd dist && npm publish)"
  },
  "dependencies": {
    "@manaflair/term-strings": "^0.9.1",
    "@manaflair/text-layout": "^0.7.1",
    "core-decorators": "^0.13.0",
    "first-mate": "^6.2.1",
    "immutable": "^3.8.1",
    "lodash": "^4.16.4",
    "plist": "^2.0.1",
    "text-buffer": "^11.4.0",
    "yoga-layout": "^1.5.0"
  },
  "devDependencies": {
    "babel-cli": "^6.23.0",
    "babel-core": "^6.23.0",
    "babel-loader": "^6.2.8",
    "babel-plugin-module-resolver": "^2.4.0",
    "babel-plugin-react-require": "^3.0.0",
    "babel-plugin-transform-class-properties": "^6.23.0",
    "babel-plugin-transform-decorators-legacy": "^1.3.4",
    "babel-plugin-transform-object-rest-spread": "^6.23.0",
    "babel-plugin-transform-runtime": "^6.23.0",
    "babel-preset-env": "^1.1.8",
    "babel-preset-react": "^6.23.0",
    "babel-register": "^6.23.0",
    "babel-runtime": "^6.23.0",
    "babel-standalone": "^6.23.0",
    "chai": "^3.5.0",
    "chai-spies": "^0.7.1",
    "codemirror": "^5.21.0",
    "core-decorators": "^0.13.0",
    "css-loader": "^0.26.1",
    "element-resize-event": "^2.0.7",
    "expose-loader": "^0.7.1",
    "extract-text-webpack-plugin": "^2.0.0-beta",
    "faker": "^3.1.0",
    "html-webpack-plugin": "^2.24.1",
    "ignore-loader": "^0.1.2",
    "json-loader": "^0.5.4",
    "mocha": "^3.1.2",
    "raw-loader": "^0.5.1",
    "react": "16.0.0-alpha.6",
    "react-codemirror": "^0.3.0",
    "react-dom": "16.0.0-alpha.6",
    "react-measure": "^1.4.2",
    "resize-observer-polyfill": "~1.2.1",
    "segfault-handler": "^1.0.0",
    "source-map-loader": "^0.1.6",
    "style-loader": "^0.13.1",
    "text-loader": "^0.0.1",
    "webpack": "^2.2.0",
    "webpack-dev-server": "^2.2.0",
    "xterm": "^2.1.0",
    "yargs": "^6.6.0"
  }
}