{
  "name": "lttm-crx",
  "version": "0.1.0",
  "description": "Looks Tiqav To Misawa",
  "scripts": {
    "build": "gulp build",
    "download": "gulp download",
    "rebuild": "gulp rebuild",
    "release": "gulp release",
    "watch": "gulp default"
  },
  "repository": {
    "type": "git",
    "url": "git@github.com:fukayatsu/lttm-crx.git"
  },
  "keywords": [
    "github",
    "markdown",
    "comment",
    "autocomplete",
    "lgtm",
    "tiqav",
    "misawa"
  ],
  "author": "fukayatsu",
  "license": "MIT",
  "bugs": {
    "url": "https://github.com/fukayatsu/lttm-crx/issues"
  },
  "homepage": "https://github.com/fukayatsu/lttm-crx",
  "devDependencies": {
    "coffee-script": "^1.8.0",
    "gulp": "^3.8.0",
    "gulp-clean": "^0.3.1",
    "gulp-coffee": "^2.2.0",
    "gulp-concat": "^2.4.1",
    "gulp-download": "0.0.1",
    "gulp-sass": "^3.1.0",
    "gulp-uglify": "^1.0.1",
    "gulp-zip": "^2.0.2",
    "run-sequence": "^1.0.1"
  },
  "dependencies": {
    "octokat": "^0.4.13"
  }
}