{
  "name": "pw-pwnage-cfworker",
  "description": "A Cloudflare Worker to sanely score users' new passwords with zxcvbn AND check for breaches against haveibeenpwned.",
  "author": "Dave Willenberg <dave@detroit-english.de> (https://github.com/detroitenglish)",
  "version": "1.0.3",
  "license": "MIT",
  "repository": {
    "type": "git",
    "url": "https://github.com/detroitenglish/pw-pwnage-cfworker"
  },
  "bugs": {
    "url": "https://github.com/detroitenglish/pw-pwnage-cfworker/issues"
  },
  "homepage": "https://github.com/detroitenglish/pw-pwnage-cfworker",
  "scripts": {
    "precommit": "./node_modules/.bin/eslint src webpack.config.js",
    "test": "cross-env NO_UPLOAD=1 npm run deploy",
    "deploy": "webpack --display none"
  },
  "devDependencies": {
    "babel-eslint": "^9.0.0",
    "cross-env": "^5.2.0",
    "eslint": "^5.4.0",
    "eslint-config-prettier": "^3.0.1",
    "eslint-plugin-babel": "^5.1.0",
    "eslint-plugin-prettier": "^2.6.2",
    "husky": "^0.14.3",
    "prettier": "^1.14.2"
  },
  "dependencies": {
    "@babel/core": "^7.0.0",
    "@babel/polyfill": "^7.0.0",
    "@babel/preset-env": "^7.0.0",
    "babel-loader": "^8.0.0",
    "babel-plugin-closure-elimination": "^1.3.0",
    "clean-webpack-plugin": "^0.1.19",
    "cloudflare-worker-webpack-plugin": "^1.2.3",
    "dotenv": "^6.0.0",
    "webpack": "^4.17.1",
    "webpack-cli": "^3.1.0",
    "zxcvbn": "^4.4.2"
  },
  "engines": {
    "node": ">=6"
  }
}