{
  "name": "react-shop",
  "version": "0.2.0",
  "homepage": "http://krzysu.github.io/reactjs-shopping-cart",
  "private": true,
  "devDependencies": {
    "gh-pages": "^1.2.0",
    "react-scripts": "^1.1.5"
  },
  "dependencies": {
    "bootstrap": "^3.3.7",
    "prop-types": "^15.6.2",
    "react": "^16.4.2",
    "react-dom": "^16.4.2",
    "react-redux": "^5.0.7",
    "redux": "^3.7.2"
  },
  "scripts": {
    "start": "react-scripts start",
    "build": "react-scripts build",
    "test": "react-scripts test --env=jsdom",
    "eject": "react-scripts eject",
    "predeploy": "npm run build",
    "deploy": "gh-pages -d build"
  },
  "eslintConfig": {
    "extends": "react-app"
  }
}