{
  "name": "@learndb/learndb",
  "version": "0.1.1",
  "author": "James Barton <james@learndb.net>",
  "license": "ALL_RIGHTS_RESERVED",
  "private": true,
  "scripts": {
    "test": "run-s test:e2e",
    "test:e2e": "mocha --require babel-polyfill --require @babel/register --full-trace tests/**/*.js",
    "test:challenges": "cross-env CHALLENGES=1 run-s test:e2e",
    "rebase": "node --require babel-polyfill --require @babel/register scripts/rebase.js"
  },
  "dependencies": {
    "@babel/core": "^7.1.6",
    "@babel/preset-env": "^7.1.6",
    "@babel/register": "^7.0.0",
    "babel-eslint": "^10.0.1",
    "babel-polyfill": "^6.26.0",
    "chai-string": "^1.5.0",
    "cross-env": "^5.2.0",
    "npm-run-all": "^4.1.5"
  },
  "devDependencies": {
    "benchmark": "^2.1.4",
    "chai": "^4.2.0",
    "eslint": "^5.9.0",
    "eslint-config-prettier": "^3.3.0",
    "eslint-plugin-prettier": "^3.0.0",
    "mocha": "^5.2.0",
    "prettier": "1.15.2",
    "shelljs": "^0.8.3"
  }
}