{
  "name": "URLRedirector",
  "version": "1.3.17",
  "homepage": "https://github.com/fengyc/URLRedirector",
  "author": {
    "name": "fengyingcai",
    "email": "fengyc.work@gmail.com"
  },
  "license": "MIT",
  "engines": {
    "node": ">= 0.10.0"
  },
  "devDependencies": {
    "grunt": "^1.0.1",
    "grunt-contrib-clean": "^1.0.0",
    "grunt-contrib-compress": "^1.3.0",
    "grunt-contrib-copy": "^1.0.0"
  },
  "publishConfig": {
    "firefox-webstore": "https://addons.mozilla.org/firefox/addon/urlredirector/",
    "chrome-webstore": "https://chrome.google.com/webstore/detail/maolmdhneopinciaokgohljhpdedekee"
  }
}