{
  "name": "standard-engine",
  "description": "Wrap your standards in a tortilla and cover it in special sauce.",
  "version": "10.0.0",
  "author": "Dan Flettre <flettre@gmail.com> (http://twitter.com/flettre/)",
  "bugs": {
    "url": "https://github.com/flet/standard-engine/issues"
  },
  "dependencies": {
    "deglob": "^3.0.0",
    "get-stdin": "^6.0.0",
    "minimist": "^1.1.0",
    "pkg-conf": "^2.0.0"
  },
  "devDependencies": {
    "babel-eslint": "^9.0.0",
    "cross-spawn": "^6.0.3",
    "eslint": "*",
    "eslint-config-standard": "*",
    "eslint-config-standard-jsx": "*",
    "eslint-plugin-import": "*",
    "eslint-plugin-node": "*",
    "eslint-plugin-promise": "*",
    "eslint-plugin-react": "*",
    "eslint-plugin-standard": "*",
    "mkdirp": "^0.5.0",
    "standard": "*",
    "tape": "^4.0.0"
  },
  "homepage": "https://github.com/flet/standard-engine",
  "keywords": [
    "JavaScript Standard Style",
    "check",
    "checker",
    "code",
    "code checker",
    "code linter",
    "code standards",
    "code style",
    "enforce",
    "eslint",
    "hint",
    "jscs",
    "jshint",
    "lint",
    "policy",
    "quality",
    "simple",
    "standard",
    "standard style",
    "style",
    "style checker",
    "style linter",
    "verify"
  ],
  "license": "MIT",
  "main": "index.js",
  "repository": {
    "type": "git",
    "url": "git://github.com/flet/standard-engine.git"
  },
  "scripts": {
    "test": "standard && tape test/clone.js test/api.js"
  }
}