{
  "name": "nshell",
  "version": "0.0.3",
  "description": "scriptable shell written with node",
  "keywords": [
    "shell",
    "bash",
    "sh"
  ],
  "author": "TJ Holowaychuk <tj@vision-media.ca>",
  "maintainors": [
    "jbnicolai <joshua@jbna.nl>"
  ],
  "dependencies": {
    "commander": "^2.2.0",
    "debug": "^1.0.2",
    "glob": "^4.0.3",
    "minimatch": "^0.3.0"
  },
  "devDependencies": {
    "mocha": "^1.20.1",
    "should": "^4.0.4"
  },
  "repository": "git@github.com:visionmedia/nshell.git",
  "scripts": {
    "test": "make test"
  },
  "bin": {
    "nshell": "bin/shell"
  },
  "main": "index"
}