{
  "name": "ramda-debug",
  "version": "0.1.4",
  "description": "Debugging for Ramda.",
  "main": "index.js",
  "scripts": {
    "test": "npm run lint && npm run unit",
    "lint": "./node_modules/.bin/eslint .",
    "unit": "./node_modules/.bin/mocha test/spec.*.js --require test/helpers.js"
  },
  "repository": {
    "type": "git",
    "url": "git+ssh://git@github.com/sebinsua/ramda-look.git"
  },
  "keywords": [
    "ramda",
    "functional",
    "point-free",
    "function",
    "debug",
    "debugging",
    "look",
    "tap",
    "trace",
    "log",
    "types",
    "execution"
  ],
  "author": "Seb Insua <me@sebinsua.com>",
  "license": "MIT",
  "bugs": {
    "url": "https://github.com/sebinsua/ramda-look/issues"
  },
  "homepage": "https://github.com/sebinsua/ramda-look#readme",
  "dependencies": {
    "@ccheever/crayon": "^5.0.0",
    "ramda": "^0.21.0",
    "text-hex": "0.0.0",
    "util-inspect": "^0.1.8"
  },
  "devDependencies": {
    "chai": "^3.5.0",
    "eslint": "^2.10.2",
    "mocha": "^2.2.5"
  }
}