{
  "name": "playback.js",
  "version": "0.1.2",
  "author": "Ben Johnson <benbjohnson@yahoo.com>",
  "description": "A library for dynamic timeline playback",
  "license": "MIT",
  "url": "https://github.com/benbjohnson/playback.js",
  "repository": {
    "type": "git",
    "url": "git://github.com/benbjohnson/playback.js.git"
  },
  "main": "playback.js",
  "dependencies": {},
  "devDependencies": {
    "component": "0.17.0",
    "mocha": "1.13.0",
    "mocha-cloud": "0.1.0",
    "mocha-phantomjs": "3.1.2",
    "jslint": "0.1.9",
    "uglify-js": ">= 1.3.4"
  },
  "scripts": {
    "test": "make test"
  }
}