{
  "name": "node-meatspace",
  "version": "0.0.0",
  "description": "Node.js community resource for encouraging and promoting in-person events.",
  "main": "build.js",
  "dependencies": {
    "handlebars": "~1.0.12",
    "marked": "~0.2.9"
  },
  "devDependencies": {
    "grunt": "0.4.2"
  },
  "scripts": {
    "test": "echo \"Error: no test specified\" && exit 1",
    "deploy": "./deploy-ghpages.sh"
  },
  "repository": {
    "type": "git",
    "url": "git://github.com/mikeal/node-meatspace.git"
  },
  "keywords": [
    "community",
    "meetups",
    "node"
  ],
  "author": "Mikeal Rogers <mikeal.rogers@gmail.com>",
  "license": "BSD",
  "bugs": {
    "url": "https://github.com/mikeal/node-meatspace/issues"
  }
}