{
  "name": "web-performance-report",
  "version": "1.0.0",
  "description": "",
  "main": "index.js",
  "scripts": {
    "dev": "gulp",
    "build": "gulp build"
  },
  "repository": {
    "type": "git",
    "url": "git+https://github.com/wangweianger/web-performance-report.git"
  },
  "author": "",
  "license": "ISC",
  "bugs": {
    "url": "https://github.com/wangweianger/web-performance-report/issues"
  },
  "homepage": "https://github.com/wangweianger/web-performance-report#readme",
  "dependencies": {
    "gulp": "^3.9.1",
    "gulp-clean": "^0.4.0",
    "gulp-connect": "^5.5.0",
    "gulp-rename": "^1.2.2"
  },
  "devDependencies": {
    "babel-core": "^6.26.0",
    "babel-preset-env": "^1.6.1",
    "gulp-babel": "^7.0.1",
    "gulp-strip-debug": "^3.0.0",
    "gulp-uglify": "^3.0.1",
    "gulp-util": "^3.0.8"
  }
}