{
  "name": "blog-react",
  "version": "0.1.0",
  "private": true,
  "dependencies": {
    "@babel/core": "7.2.2",
    "@svgr/webpack": "4.1.0",
    "antd": "^3.15.0",
    "axios": "^0.18.0",
    "babel-core": "7.0.0-bridge.0",
    "babel-eslint": "9.0.0",
    "babel-jest": "23.6.0",
    "babel-loader": "8.0.5",
    "babel-plugin-named-asset-import": "^0.3.1",
    "babel-preset-react-app": "^7.0.2",
    "bfj": "6.1.1",
    "case-sensitive-paths-webpack-plugin": "2.2.0",
    "connected-react-router": "^6.3.2",
    "css-loader": "1.0.0",
    "dotenv": "6.0.0",
    "dotenv-expand": "4.2.0",
    "eslint": "5.12.0",
    "eslint-config-react-app": "^3.0.8",
    "eslint-loader": "2.1.1",
    "eslint-plugin-flowtype": "2.50.1",
    "eslint-plugin-import": "2.14.0",
    "eslint-plugin-jsx-a11y": "6.1.2",
    "eslint-plugin-react": "7.12.4",
    "file-loader": "2.0.0",
    "fs-extra": "7.0.1",
    "highlight.js": "^9.15.6",
    "html-webpack-plugin": "4.0.0-alpha.2",
    "identity-obj-proxy": "3.0.0",
    "immutable": "^4.0.0-rc.12",
    "jest": "23.6.0",
    "jest-pnp-resolver": "1.0.2",
    "jest-resolve": "23.6.0",
    "jest-watch-typeahead": "^0.2.1",
    "less": "^3.9.0",
    "less-loader": "^4.1.0",
    "marked": "^0.6.1",
    "mini-css-extract-plugin": "0.5.0",
    "optimize-css-assets-webpack-plugin": "5.0.1",
    "pnp-webpack-plugin": "1.2.1",
    "postcss-flexbugs-fixes": "4.1.0",
    "postcss-loader": "3.0.0",
    "postcss-preset-env": "6.5.0",
    "postcss-safe-parser": "4.0.1",
    "react": "^16.8.4",
    "react-addons-css-transition-group": "^15.6.2",
    "react-app-polyfill": "^0.2.2",
    "react-dev-utils": "^8.0.0",
    "react-dom": "^16.8.4",
    "react-loadable": "^5.5.0",
    "react-redux": "^6.0.1",
    "react-router": "^4.3.1",
    "react-router-dom": "^4.3.1",
    "redux": "^4.0.1",
    "redux-immutable": "^4.0.0",
    "redux-thunk": "^2.3.0",
    "resolve": "1.10.0",
    "sass-loader": "7.1.0",
    "style-loader": "0.23.1",
    "terser-webpack-plugin": "1.2.2",
    "url-loader": "1.1.2",
    "webpack": "4.28.3",
    "webpack-dev-server": "3.1.14",
    "webpack-manifest-plugin": "2.0.4",
    "workbox-webpack-plugin": "3.6.3"
  },
  "scripts": {
    "start": "node scripts/start.js",
    "build": "node scripts/build.js",
    "test": "node scripts/test.js"
  },
  "eslintConfig": {
    "extends": "react-app"
  },
  "browserslist": [
    ">0.2%",
    "not dead",
    "not ie <= 11",
    "not op_mini all"
  ],
  "devDependencies": {
    "@babel/plugin-proposal-decorators": "^7.3.0",
    "babel-plugin-import": "^1.11.0",
    "http-proxy-middleware": "^0.19.1"
  },
  "jest": {
    "collectCoverageFrom": [
      "src/**/*.{js,jsx,ts,tsx}",
      "!src/**/*.d.ts"
    ],
    "resolver": "jest-pnp-resolver",
    "setupFiles": [
      "react-app-polyfill/jsdom"
    ],
    "testMatch": [
      "<rootDir>/src/**/__tests__/**/*.{js,jsx,ts,tsx}",
      "<rootDir>/src/**/?(*.)(spec|test).{js,jsx,ts,tsx}"
    ],
    "testEnvironment": "jsdom",
    "testURL": "http://localhost",
    "transform": {
      "^.+\\.(js|jsx|ts|tsx)$": "<rootDir>/node_modules/babel-jest",
      "^.+\\.css$": "<rootDir>/config/jest/cssTransform.js",
      "^(?!.*\\.(js|jsx|ts|tsx|css|json)$)": "<rootDir>/config/jest/fileTransform.js"
    },
    "transformIgnorePatterns": [
      "[/\\\\]node_modules[/\\\\].+\\.(js|jsx|ts|tsx)$",
      "^.+\\.module\\.(css|sass|scss)$"
    ],
    "moduleNameMapper": {
      "^react-native$": "react-native-web",
      "^.+\\.module\\.(css|sass|scss)$": "identity-obj-proxy"
    },
    "moduleFileExtensions": [
      "web.js",
      "js",
      "web.ts",
      "ts",
      "web.tsx",
      "tsx",
      "json",
      "web.jsx",
      "jsx",
      "node"
    ],
    "watchPlugins": [
      "/Applications/XAMPP/xamppfiles/htdocs/gitee/blog-react/node_modules/jest-watch-typeahead/filename.js",
      "/Applications/XAMPP/xamppfiles/htdocs/gitee/blog-react/node_modules/jest-watch-typeahead/testname.js"
    ]
  },
  "babel": {
    "presets": [
      "react-app"
    ],
    "plugins": [
      [
        "@babel/plugin-proposal-decorators",
        {
          "legacy": true
        }
      ]
    ]
  }
}