{
  "name": "simple_react_start_kit_2017",
  "description": "react webpack2 react-router example",
  "version": "2.0.0",
  "main": "src/index.js",
  "scripts": {
    "clean": "rimraf dist/*",
    "start": "webpack-dev-server --mode development --hot --config webpack.config.js",
    "dist": "npm run clean && webpack --mode production --config webpack.config.js",
    "deploy": "npm run dist && gh-pages -d dist",
    "build:docker": "npm run dist && docker build -t reactdocker .",
    "lint": "eslint ./src",
    "lint:fix": "eslint ./src --fix"
  },
  "keywords": [],
  "author": "",
  "license": "ISC",
  "private": true,
  "dependencies": {
    "react": "16.8.4",
    "react-dom": "16.8.4"
  },
  "devDependencies": {
    "@babel/core": "7.3.4",
    "@babel/plugin-proposal-class-properties": "7.3.4",
    "@babel/plugin-proposal-decorators": "7.3.0",
    "@babel/plugin-transform-runtime": "7.3.4",
    "@babel/preset-env": "7.3.4",
    "@babel/preset-react": "7.0.0",
    "@babel/runtime": "7.3.4",
    "autoprefixer": "9.4.10",
    "babel-eslint": "10.0.1",
    "babel-loader": "8.0.5",
    "css-loader": "2.1.1",
    "eslint": "5.15.1",
    "eslint-config-airbnb": "17.1.0",
    "eslint-plugin-import": "2.16.0",
    "eslint-plugin-jsx-a11y": "6.2.1",
    "eslint-plugin-react": "7.12.4",
    "file-loader": "3.0.1",
    "gh-pages": "2.0.1",
    "html-webpack-plugin": "3.2.0",
    "less": "3.9.0",
    "less-loader": "4.1.0",
    "node-sass": "4.11.0",
    "postcss-loader": "3.0.0",
    "react-hot-loader": "4.8.0",
    "rimraf": "2.6.3",
    "sass-loader": "7.1.0",
    "style-loader": "0.23.1",
    "webpack": "4.29.6",
    "webpack-cli": "3.2.3",
    "webpack-dev-server": "3.2.1"
  }
}