{
  "name": "igniteui-cli",
  "version": "1.0.0",
  "description": "CLI tool for creating Ignite UI projects",
  "keywords": [
    "CLI",
    "Ignite UI"
  ],
  "author": "Infragistics",
  "license": "MIT",
  "bin": {
    "igniteui": "bin/execute.js",
    "ig": "bin/execute.js"
  },
  "repository": {
    "type": "git",
    "url": "https://github.com/IgniteUI/igniteui-cli"
  },
  "bugs": {
    "url": "https://github.com/IgniteUI/igniteui-cli/issues"
  },
  "main": "lib/cli.js",
  "scripts": {
    "build": "node ./node_modules/typescript/lib/tsc.js && npm run config-schema",
    "build-pack": "node ./node_modules/typescript/lib/tsc.js -p tsconfig-pack.json && npm run config-schema",
    "pretest": "npm run lint && npm run build",
    "test": "nyc npm run jasmine",
    "jasmine": "node spec/jasmine-runner.js",
    "coverage": "nyc report --reporter=text-lcov | coveralls",
    "lint": "tslint --project tsconfig.json",
    "config-schema": "typescript-json-schema lib/types/Config.d.ts Config -o lib/config/Config.schema.json"
  },
  "files": [
    "ignite-ui-cli.txt",
    "bin/*",
    "lib/**/*.d.ts",
    "lib/**/*.js",
    "lib/config/defaults.json",
    "lib/config/Config.schema.json",
    "scripts/**/*.js",
    "templates/**/*.d.ts",
    "templates/**/*.js",
    "templates/**/files/**/*",
    "templates/**/generate/**/*",
    "templates/quickstart/**/*",
    "templates/**/*.json",
    "migrations/**/*.d.ts",
    "migrations/**/*.js",
    "migrations/**/*.json",
    "schematics/**/*.d.ts",
    "schematics/**/*.js",
    "schematics/**/*.json"
  ],
  "nyc": {
    "extension": [
      ".ts",
      ".tsx"
    ],
    "include": [
      "lib/"
    ],
    "exclude": [
      "**/*.d.ts",
      "output/",
      "templates/quickstart/",
      "templates/**/files/"
    ],
    "reporter": [
      "lcov",
      "text-summary"
    ],
    "require": [
      "ts-node/register"
    ],
    "instrument": true,
    "cache": false,
    "all": true
  },
  "dependencies": {
    "chalk": "^2.3.2",
    "fs-extra": "^3.0.1",
    "glob": "^7.1.2",
    "igniteui-angular": "^7.2.0-beta.5",
    "inquirer": "^6.0.0",
    "opn": "^5.3.0",
    "resolve": "^1.6.0",
    "shelljs": "^0.7.8",
    "through2": "^2.0.3",
    "typescript": "^3.2.1",
    "yargs": "^8.0.2"
  },
  "devDependencies": {
    "@angular-devkit/core": "^7.1.1",
    "@angular-devkit/schematics": "^7.1.1",
    "@schematics/angular": "^7.1.1",
    "@types/fs-extra": "^3.0.3",
    "@types/inquirer": "0.0.35",
    "@types/jasmine": "^2.8.6",
    "@types/node": "^8.10.0",
    "@types/shelljs": "^0.7.8",
    "browser-sync": "^2.26.3",
    "coveralls": "^3.0.0",
    "jasmine": "^2.99.0",
    "jasmine-spec-reporter": "^4.2.1",
    "lite-server": "^2.4.0",
    "nyc": "^11.6.0",
    "source-map-support": "^0.5.4",
    "ts-node": "^3.3.0",
    "tslint": "^5.11.0",
    "typescript-json-schema": "^0.33.0"
  },
  "ng-update": {
    "migrations": "./migrations/migration-collection.json",
    "packageGroup": [
      "igniteui-cli",
      "igniteui-angular",
      "igniteui-angular-charts"
    ]
  },
  "schematics": "./schematics/cli-collection.json"
}