{
  "name": "react-oauth2-example",
  "version": "1.0.0",
  "scripts": {
    "build": "webpack --progress --profile --colors",
    "watch": "webpack-dev-server --hot --inline --progress --colors --history-api-fallback"
  },
  "author": "shinework",
  "license": "MIT",
  "dependencies": {
    "alt": "^0.17.4",
    "axios": "^0.7.0",
    "history": "^1.12.5",
    "jsuri": "^1.3.1",
    "react": "^0.14.0",
    "react-dom": "^0.14.0",
    "react-mixin": "^3.0.1",
    "react-router": "^1.0.0"
  },
  "devDependencies": {
    "babel": "^6.1.0",
    "babel-core": "^6.1.4",
    "babel-loader": "^6.1.0",
    "babel-preset-es2015": "^6.1.4",
    "babel-preset-react": "^6.1.18",
    "html-webpack-plugin": "^1.6.2",
    "react-hot-loader": "^1.3.0",
    "webpack": "^1.12.2",
    "webpack-dev-server": "^1.12.1"
  }
}