{
  "name": "redux-auth-demo",
  "description": "Token authentication for redux with isomorphic support.",
  "version": "0.0.3",
  "license": "BSD-3-Clause",
  "repository": {
    "type": "git",
    "url": "https://github.com/lynndylanhurley/redux-auth-demo.git"
  },
  "homepage": "https://github.com/lynndylanhurley/redux-auth-demo",
  "keywords": [
    "react",
    "isomorphic",
    "universal",
    "starter",
    "boilerplate",
    "template",
    "webpack",
    "hapi",
    "transmit"
  ],
  "main": "babel.server.js",
  "scripts": {
    "start": "concurrent --kill-others \"npm run start-prod\"",
    "start-prod": "better-npm-run start-prod",
    "build": "better-npm-run build",
    "postinstall": "npm run build",
    "lint": "eslint -c .eslintrc src api",
    "start-dev": "better-npm-run start-dev",
    "watch-client": "better-npm-run watch-client",
    "dev": "concurrent --kill-others \"npm run watch-client\" \"npm run start-dev\"",
    "test": "node_modules/.bin/_mocha --require test/setup.js --compilers js:babel-register test/**/*-test.js",
    "cover": "node_modules/.bin/istanbul cover node_modules/.bin/_mocha -- --require test/setup.js --compilers js:babel-register test/**/*-test.js"
  },
  "betterScripts": {
    "start-prod": {
      "command": "node ./bin/server.js",
      "env": {
        "NODE_PATH": "./src",
        "NODE_ENV": "production"
      }
    },
    "start-dev": {
      "command": "node ./bin/server.js",
      "env": {
        "NODE_PATH": "./src",
        "NODE_ENV": "development",
        "PORT": 3000
      }
    },
    "watch-client": {
      "command": "node webpack/webpack-dev-server.js",
      "env": {
        "UV_THREADPOOL_SIZE": 100,
        "NODE_PATH": "./src",
        "PORT": 3000
      }
    },
    "build": {
      "command": "webpack --verbose --colors --display-error-details --config webpack/prod.config.js",
      "env": {
        "NODE_ENV": "production"
      }
    }
  },
  "dependencies": {
    "babel-core": "6.10.4",
    "babel-loader": "6.2.4",
    "babel-plugin-add-module-exports": "0.2.1",
    "babel-plugin-transform-decorators-legacy": "1.3.4",
    "babel-plugin-transform-react-display-name": "6.8.0",
    "babel-plugin-transform-runtime": "6.9.0",
    "babel-plugin-typecheck": "3.9.0",
    "babel-polyfill": "6.9.1",
    "babel-preset-es2015": "6.9.0",
    "babel-preset-react": "6.11.1",
    "babel-preset-stage-0": "6.5.0",
    "babel-register": "6.9.0",
    "babel-runtime": "6.9.2",
    "bootstrap": "3.3.6",
    "bootstrap-sass": "3.3.6",
    "classnames": "2.2.5",
    "concurrently": "0.1.1",
    "config": "1.17.1",
    "cookie": "0.2.2",
    "css-loader": "0.23.1",
    "exports-loader": "0.6.2",
    "express": "4.14.0",
    "extend": "3.0.0",
    "extract-text-webpack-plugin": "0.9.1",
    "file-loader": "0.8.5",
    "font-awesome": "4.6.3",
    "font-awesome-webpack": "0.0.4",
    "h2o2": "4.0.1",
    "hapi": "9.3.1",
    "highlight.js": "8.8.0",
    "immutable": "3.7.5",
    "imports-loader": "0.6.4",
    "inert": "3.0.1",
    "isomorphic-fetch": "2.1.1",
    "jquery": "2.1.4",
    "jquery-deparam": "0.4.2",
    "json-loader": "0.5.4",
    "less": "2.5.3",
    "less-loader": "2.2.1",
    "material-ui": "0.15.2",
    "node-fetch": "1.3.3",
    "node-sass": "3.8.0",
    "piping": "0.3.0",
    "pretty-error": "2.0.0",
    "query-string": "2.4.2",
    "react": "15.2.1",
    "react-bootstrap": "0.29.5",
    "react-dom": "15.2.1",
    "react-helmet": "3.1.0",
    "react-hot-loader": "1.3.0",
    "react-inline-css": "2.0.0",
    "react-loader": "2.4.0",
    "react-redux": "4.4.5",
    "react-router": "2.5.2",
    "react-router-bootstrap": "0.23.0",
    "react-router-redux": "4.0.5",
    "react-select": "1.0.0-beta13",
    "react-tap-event-plugin": "1.0.0",
    "react-transmit": "3.0.8",
    "redux": "3.2.1",
    "redux-auth": "0.0.5-beta2",
    "redux-connect": "2.4.0",
    "redux-devtools": "2.1.5",
    "redux-immutablejs": "0.0.6",
    "redux-thunk": "2.1.0",
    "sass-loader": "4.0.0",
    "serialize-javascript": "1.1.2",
    "serve-favicon": "2.3.0",
    "strip-loader": "0.1.2",
    "style-loader": "0.12.4",
    "url-loader": "0.5.7",
    "webpack": "1.13.1",
    "webpack-dev-server": "1.14.1",
    "webpack-isomorphic-tools": "2.3.2",
    "whatwg-fetch": "0.9.0"
  },
  "devDependencies": {
    "autoprefixer-loader": "3.2.0",
    "babel-eslint": "6.1.2",
    "babel-plugin-react-transform": "2.0.2",
    "better-npm-run": "0.0.9",
    "bootstrap-sass-loader": "1.0.10",
    "chai": "3.5.0",
    "clean-webpack-plugin": "0.1.9",
    "codeclimate-test-reporter": "0.3.3",
    "compression": "^1.6.2",
    "enzyme": "2.4.1",
    "eslint": "2.9.0",
    "eslint-config-airbnb": "9.0.1",
    "eslint-loader": "1.4.1",
    "eslint-plugin-import": "1.10.3",
    "eslint-plugin-jsx-a11y": "1.2.0",
    "eslint-plugin-react": "5.2.2",
    "fetch-mock": "5.0.0",
    "istanbul": "1.0.0-alpha.2",
    "jsdom": "9.4.1",
    "mocha": "2.5.3",
    "mockery": "1.7.0",
    "react-addons-test-utils": "15.2.1",
    "react-transform-catch-errors": "1.0.2",
    "react-transform-hmr": "1.0.4",
    "redbox-react": "1.2.10",
    "webpack-dev-middleware": "^1.6.1",
    "webpack-hot-middleware": "2.12.1"
  },
  "engines": {
    "node": ">=0.10.32"
  }
}