{
  "name": "react-examples",
  "version": "1.0.0",
  "description": "React examples",
  "main": "server.js",
  "scripts": {
    "build": "webpack --config=webpack-build-config.js",
    "lint": "eslint .",
    "start": "node server.js"
  },
  "repository": {
    "type": "git",
    "url": "git+https://github.com/insin/react-examples.git"
  },
  "author": "Jonny Buchanan <jonathan.buchanan@gmail.com>",
  "license": "MIT",
  "bugs": {
    "url": "https://github.com/insin/react-examples/issues"
  },
  "homepage": "https://github.com/insin/react-examples#readme",
  "dependencies": {
    "babel-core": "5.8.30",
    "babel-eslint": "4.1.5",
    "babel-loader": "5.3.3",
    "babel-plugin-react-display-name": "2.0.0",
    "babel-plugin-react-transform": "1.1.1",
    "bootstrap": "3.3.5",
    "classnames": "2.2.0",
    "css-loader": "0.22.0",
    "eslint": "1.9.0",
    "eslint-config-standard": "4.4.0",
    "eslint-config-standard-react": "1.1.0",
    "eslint-loader": "1.1.1",
    "eslint-plugin-react": "3.8.0",
    "eslint-plugin-standard": "1.3.1",
    "eventsource-polyfill": "0.9.6",
    "express": "4.13.3",
    "express-urlrewrite": "1.2.0",
    "file-loader": "0.8.4",
    "globalize": "0.1.1",
    "history": "1.13.0",
    "react": "0.14.2",
    "react-addons-css-transition-group": "0.14.2",
    "react-bootstrap": "0.27.3",
    "react-dom": "0.14.2",
    "react-redux": "4.0.0",
    "react-router": "1.0.0",
    "react-static-container": "1.0.0",
    "react-transform-catch-errors": "1.0.0",
    "react-transform-hmr": "1.0.1",
    "react-widgets": "3.1.0",
    "redbox-react": "1.1.1",
    "redux": "3.0.4",
    "redux-form": "2.4.5",
    "redux-thunk": "1.0.0",
    "style-loader": "0.13.0",
    "url-loader": "0.5.6",
    "webpack": "1.12.3",
    "webpack-dev-middleware": "1.2.0",
    "webpack-hot-middleware": "2.4.1"
  }
}