{
  "name": "utopian.io",
  "version": "1.0.0",
  "engines": {
    "node": ">=7.10.1",
    "npm": "=5.3.0"
  },
  "bin": "./server",
  "main": "./server",
  "private": true,
  "scripts": {
    "dev-server": "run-p dev-server:auth-server dev-server:client",
    "dev-server:client": "webpack-dev-server --watch-poll --config ./webpack/webpack-dev-server.js",
    "dev-server:auth-server": "cross-env UTOPIAN_API=https://localhost:4040/api/ node ./server/auth-server.js",
    "start": "cross-env NODE_ENV=production UTOPIAN_API=https://api.utopian.io/api/ npm run run:server",
    "staging": "cross-env NODE_ENV=production UTOPIAN_APP=utopian.app UTOPIAN_API=https://staging.utopian.io:4443/api/ npm run run:server",
    "dev": "cross-env NODE_ENV=development run-p build:server:dev run:server",
    "test": "cross-env STEEMCONNECT_IMG_HOST=https://img.busy.org jest",
    "test:watch": "cross-env STEEMCONNECT_IMG_HOST=https://img.busy.org jest --watch",
    "test:coverage": "cross-env STEEMCONNECT_IMG_HOST=https://img.busy.org jest --coverage",
    "eslint-autofix": "eslint --fix \"src/**/*.js\"",
    "lint": "eslint \"src/**/*.js\"",
    "run:server": "nodemon --watch utopian.server.js utopian.server.js",
    "build:server:dev": "cross-env NODE_ENV=development UTOPIAN_APP=utopian.app webpack --progress --config ./webpack/webpack.server.config.js",
    "build:server": "cross-env NODE_ENV=production UTOPIAN_APP=utopian.app webpack -p --config ./webpack/webpack.server.config.js",
    "build:client": "npm run cleanup-public && mkdir -p public && cp -r ./assets/* ./public/ && webpack -p --config ./webpack/webpack.prod.config.js",
    "build": "cross-env NODE_ENV=production UTOPIAN_API=https://api.utopian.io/api/ UTOPIAN_APP=utopian.app npm run build:client && npm run build:server",
    "heroku-prebuild": "npm i -g pm2 && pm2 install pm2-logrotate",
    "heroku-postbuild": "npm run build",
    "cleanup-public": "gulp cleanup-public",
    "storybook": "start-storybook -p 6006",
    "build-storybook": "build-storybook"
  },
  "pre-commit": [
    "test",
    "lint"
  ],
  "dependencies": {
    "antd": "^2.13.11",
    "autoprefixer": "^7.1.1",
    "babel-core": "^6.25.0",
    "babel-eslint": "^7.2.3",
    "babel-loader": "^7.0.0",
    "babel-plugin-import": "^1.2.0",
    "babel-plugin-lodash": "^3.2.11",
    "babel-plugin-transform-decorators-legacy": "^1.3.4",
    "babel-plugin-transform-runtime": "^6.15.0",
    "babel-polyfill": "^6.16.0",
    "babel-preset-env": "^1.5.1",
    "babel-preset-es2015": "^6.24.1",
    "babel-preset-latest": "^6.24.1",
    "babel-preset-react": "^6.24.1",
    "babel-preset-react-hmre": "^1.1.1",
    "babel-preset-stage-2": "^6.24.1",
    "babel-runtime": "^6.18.0",
    "bluebird": "^3.4.6",
    "body-parser": "~1.13.2",
    "bs58": "^4.0.0",
    "classnames": "^2.2.5",
    "config": "^1.26.2",
    "cross-env": "^5.0.5",
    "css-loader": "^0.28.0",
    "debug": "~2.2.0",
    "del": "^3.0.0",
    "diff-match-patch": "^1.0.0",
    "dotenv": "^4.0.0",
    "embedjs": "^0.0.9",
    "express": "^4.15.4",
    "extract-text-webpack-plugin": "^2.1.2",
    "file-loader": "^0.11.2",
    "gulp": "^3.9.1",
    "highlight.js": "^9.12.0",
    "history": "^4.6.3",
    "html-loader": "^0.4.5",
    "html-webpack-plugin": "^2.28.0",
    "isomorphic-fetch": "^2.2.1",
    "isomorphic-style-loader": "^1.1.0",
    "js-cookie": "^2.1.4",
    "js-logger": "^1.3.0",
    "json-loader": "^0.5.4",
    "less": "^2.7.2",
    "less-loader": "^4.0.4",
    "lightrpc": "0.0.1",
    "lodash": "^4.0.0",
    "lodash-webpack-plugin": "^0.11.4",
    "matchmedia": "^0.1.2",
    "mdi": "^2.1.19",
    "mdi-react": "^2.0.46-hotfix.0",
    "moment": "^2.20.1",
    "morgan": "^1.8.2",
    "newrelic": "^1.40.0",
    "nodemon": "^1.9.2",
    "npm-run-all": "^4.0.2",
    "postcss-flexbugs-fixes": "^3.0.0",
    "postcss-loader": "^2.0.5",
    "prop-types": "^15.5.10",
    "querystring": "^0.2.0",
    "ramda": "^0.24.1",
    "raven-js": "^3.8.0",
    "react": "^15.6.2",
    "react-addons-css-transition-group": "^15.6.2",
    "react-addons-pure-render-mixin": "^15.6.2",
    "react-addons-shallow-compare": "^15.6.2",
    "react-autocomplete": "^1.7.1",
    "react-collapsible": "^2.0.4",
    "react-copy-to-clipboard": "^5.0.1",
    "react-custom-scrollbars": "^4.1.2",
    "react-dates": "^16.2.1",
    "react-dom": "^15.6.1",
    "react-dropzone": "^4.1.3",
    "react-helmet": "^5.0.2",
    "react-highcharts": "^15.0.0",
    "react-hot-loader": "next",
    "react-hotkeys": "^0.10.0",
    "react-icons": "^2.2.7",
    "react-image-lightbox": "^4.0.0",
    "react-infinite-scroller": "^1.0.15",
    "react-intl": "^2.1.5",
    "react-redux": "^4.4.5",
    "react-responsive-accordion": "^1.0.0",
    "react-router": "^4.1.1",
    "react-router-dom": "^4.1.1",
    "react-router-redux": "^5.0.0-alpha.6",
    "react-scroll": "^1.6.7",
    "react-share": "^1.18.0",
    "react-static-container": "^1.0.2",
    "react-visibility-sensor": "^3.10.1",
    "redux": "^3.5.2",
    "redux-actions": "^0.12.0",
    "redux-infinite-scroll": "^1.0.9",
    "redux-promise-middleware": "^4.0.0",
    "redux-thunk": "^2.1.0",
    "remarkable": "^1.7.1",
    "resize-observer-polyfill": "^1.4.2",
    "sanitize-html": "^1.13.0",
    "sc2-sdk": "^0.0.5",
    "secure-random": "^1.1.1",
    "socket.io": "^1.4.5",
    "speakingurl": "^11.0.0",
    "steem": "^0.6.4",
    "store": "^1.3.20",
    "striptags": "^2.1.1",
    "style-loader": "^0.18.2",
    "superagent": "^3.6.1",
    "text-ellipsis": "^1.0.3",
    "url-loader": "^0.5.7",
    "url-parse": "^1.1.9",
    "url-search-params-polyfill": "^2.0.0",
    "webpack": "^2.6.1",
    "webpack-visualizer-plugin": "^0.1.5",
    "xmldom": "^0.1.27"
  },
  "devDependencies": {
    "@storybook/addon-actions": "^3.1.5",
    "@storybook/addon-links": "^3.1.5",
    "@storybook/addon-storyshots": "^3.1.5",
    "@storybook/react": "^3.1.5",
    "babel-register": "^6.24.1",
    "chai": "^3.5.0",
    "enzyme": "^2.9.1",
    "eslint": "^4.3.0",
    "eslint-config-airbnb": "^15.1.0",
    "eslint-plugin-import": "^2.7.0",
    "eslint-plugin-jest": "^20.0.3",
    "eslint-plugin-jsx-a11y": "^5.1.1",
    "eslint-plugin-react": "^7.1.0",
    "identity-obj-proxy": "^3.0.0",
    "jest": "^20.0.4",
    "jest-cli": "^21.0.1",
    "react-test-renderer": "^15.6.1",
    "webpack-dev-server": "~2.6.1",
    "webpack-hot-middleware": "^2.18.0"
  },
  "jest": {
    "setupFiles": [
      "<rootDir>/.storybook/storyshots-setup.js"
    ],
    "moduleNameMapper": {
      "\\.(jpg|jpeg|png|gif|eot|otf|webp|svg|ttf|woff|woff2|mp4|webm|wav|mp3|m4a|aac|oga)$": "<rootDir>/fileMock.js",
      "\\.((s)css|less)$": "identity-obj-proxy"
    }
  },
  "repository": "https://github.com/utopian-io/utopian.io.git",
  "license": "GNU Public License v3.0"
}