{
  "name": "podbot",
  "version": "1.0.0",
  "main": "index.js",
  "scripts": {
    "serve": "nodemon index"
  },
  "author": "",
  "license": "ISC",
  "keywords": [],
  "description": "",
  "dependencies": {
    "audioconcat": "^0.1.3",
    "aws-sdk": "^2.418.0",
    "axios": "^0.18.0",
    "dotenv": "^6.2.0",
    "fluent-ffmpeg": "^2.1.2",
    "iconv-lite": "^0.4.24",
    "jimp": "^0.6.0",
    "natives": "^1.1.6",
    "nodemon": "^1.18.10",
    "polly-tts": "^1.0.4",
    "readline-sync": "^1.4.9",
    "request": "^2.88.0",
    "rimraf": "^2.6.3",
    "utf8": "^3.0.0"
  }
}