{
  "name": "org.bunsenbrowser",
  "displayName": "Bunsen",
  "version": "1.1.3",
  "description": "A sample Apache Cordova application that responds to the deviceready event.",
  "main": "index.js",
  "scripts": {
    "test": "echo \"Error: no test specified\" && exit 1",
    "postinstall": "scripts/postinstall.sh"
  },
  "author": "Apache Cordova Team",
  "license": "Apache-2.0",
  "dependencies": {
    "android-versions": "^1.3.0",
    "cordova-android": "^6.4.0",
    "cordova-plugin-android-permissions": "^1.0.0",
    "cordova-plugin-customurlscheme": "^4.3.0",
    "cordova-plugin-device": "^2.0.1",
    "cordova-plugin-file": "^6.0.1",
    "cordova-plugin-whitelist": "^1.3.3",
    "lodash": "^4.17.5",
    "nodejs-mobile-cordova": "^0.2.2"
  },
  "cordova": {
    "plugins": {
      "cordova-plugin-android-permissions": {},
      "cordova-plugin-whitelist": {},
      "cordova-plugin-customurlscheme": {
        "URL_SCHEME": "dat",
        "ANDROID_SCHEME": " ",
        "ANDROID_HOST": " ",
        "ANDROID_PATHPREFIX": "/"
      },
      "cordova-plugin-file": {},
      "nodejs-mobile-cordova": {}
    },
    "platforms": []
  },
  "devDependencies": {},
  "repository": {
    "type": "git",
    "url": "https://github.com/bunsenbrowser/bunsen.git"
  }
}