{
  "name": "react-starter",
  "version": "0.0.0",
  "description": "",
  "main": "app/app.js",
  "scripts": {
    "test": "echo \"Error: no test specified\" && exit 1",
    "dev-server": "webpack-dev-server --content-base config/dev-server-public --config webpack-dev-server.config.js --progress --colors --port 2992",
    "hot-dev-server": "webpack-dev-server --content-base config/dev-server-public --config webpack-hot-dev-server.config.js --hot --progress --colors --port 2992",
    "build": "webpack --config webpack-production.config.js --progress --profile --colors",
    "start": "node lib/server"
  },
  "keywords": [
    "webpack",
    "react",
    "starter",
    "boilerplate",
    "hot"
  ],
  "author": "Tobias Koppers @sokra",
  "license": "MIT",
  "dependencies": {
    "baconjs": "^0.7.23",
    "css-loader": "^0.7.0",
    "express": "^4.7.2",
    "extract-text-webpack-plugin": "^0.2.3",
    "fluxxor": "^1.4.1",
    "gradient": "^0.1.0",
    "immutable": "^2.0.17",
    "jsonp": "0.0.4",
    "jsx-loader": "^0.11.0",
    "keymaster": "^1.6.2",
    "less": "^1.7.4",
    "less-loader": "^0.7.5",
    "lodash": "^2.4.1",
    "null-loader": "^0.1.0",
    "perlin-noise": "0.0.1",
    "react": "^0.11.1",
    "react-hot-loader": "^0.2.0",
    "react-proxy-loader": "^0.2.1",
    "reflux": "^0.1.5",
    "style-loader": "^0.6.4",
    "stylus-loader": "^0.4.0",
    "tinygradient": "^0.2.0",
    "traceur-loader": "^0.5.2",
    "webpack": "^1.3.2-beta9",
    "webpack-dev-server": "^1.4.7"
  },
  "devDependencies": {
    "css-loader": "^0.7.1",
    "file-loader": "^0.7.2",
    "html-loader": "^0.2.2",
    "url-loader": "^0.5.5"
  }
}