{
  "name": "duoshuo",
  "version": "0.4.0",
  "description": "a duoshuo SDK in Node.js",
  "main": "dist/duoshuo.js",
  "scripts": {
    "build": "node_modules/.bin/babel libs --out-dir dist --source-maps --watch",
    "test": "node_modules/mocha/bin/mocha test/test.js"
  },
  "repository": {
    "type": "git",
    "url": "https://github.com/turingou/duoshuo"
  },
  "keywords": [
    "duoshuo",
    "social-network",
    "bbs",
    "forum"
  ],
  "author": "turing <o.u.turing@gmail.com>",
  "contributors": [
    {
      "name": "turing",
      "email": "o.u.turing@gmail.com"
    },
    {
      "name": "shen2",
      "email": "zhenyupku@gmail.com"
    }
  ],
  "maintainers": [
    {
      "name": "turing",
      "email": "o.u.turing@gmail.com"
    },
    {
      "name": "shen2",
      "email": "zhenyupku@gmail.com"
    }
  ],
  "license": "MIT",
  "bugs": {
    "url": "https://github.com/turingou/duoshuo/issues"
  },
  "dependencies": {
    "sdk": "0.4.0"
  },
  "devDependencies": {
    "babel": "^5.6.23",
    "mocha": "^2.2.5",
    "should": "^7.0.2"
  }
}