{
  "name": "node-learnbook",
  "version": "1.0.0",
  "description": "a book about learning node",
  "main": "index.js",
  "directories": {
    "doc": "doc"
  },
  "scripts": {
    "test": "echo \"Error: no test specified\" && exit 1"
  },
  "repository": {
    "type": "git",
    "url": "git+https://github.com/bcomnes/node-learnbook.git"
  },
  "author": "Bret Comnes",
  "license": "ISC",
  "bugs": {
    "url": "https://github.com/bcomnes/node-learnbook/issues"
  },
  "homepage": "https://github.com/bcomnes/node-learnbook#readme"
}