{
  "name": "opencollective-frontend",
  "version": "2.2.0",
  "repository": {
    "type": "git",
    "url": "https://github.com/opencollective/opencollective-frontend.git"
  },
  "private": true,
  "engines": {
    "node": "11.8.0",
    "npm": "6.5.0"
  },
  "dependencies": {
    "@babel/runtime": "7.0.0",
    "@material-ui/core": "3.9.2",
    "@rebass/grid": "6.0.0-7",
    "@zeit/next-css": "1.0.1",
    "accepts": "1.3.5",
    "apollo-cache-inmemory": "1.5.1",
    "apollo-client": "2.5.1",
    "apollo-link": "1.2.9",
    "apollo-link-context": "1.0.15",
    "apollo-link-error": "1.1.8",
    "apollo-link-http": "1.5.12",
    "bluebird": "3.5.3",
    "bootstrap": "3.4.1",
    "classnames": "2.2.6",
    "clean-tag": "2.0.3",
    "cloudflare-ip": "0.0.7",
    "cross-fetch": "3.0.1",
    "currency-symbol-map": "4.0.4",
    "dotenv": "6.2.0",
    "downshift": "3.2.7",
    "draft-js": "0.10.5",
    "express": "4.16.4",
    "express-http-proxy": "1.5.1",
    "express-session": "1.15.6",
    "express-winston": "3.1.0",
    "fetch-jsonp": "1.1.3",
    "file-saver": "2.0.1",
    "glob": "7.1.3",
    "graphql": "14.1.1",
    "graphql-request": "1.8.2",
    "graphql-tag": "2.10.1",
    "html-pdf": "2.2.0",
    "i18n-iso-countries": "3.7.8",
    "intl": "1.2.5",
    "jsonwebtoken": "8.5.0",
    "load-script": "1.0.0",
    "lodash": "4.17.11",
    "lru-cache": "5.1.1",
    "markdown-loader": "5.0.0",
    "moment": "2.24.0",
    "moment-timezone": "0.5.23",
    "next": "7.0.3",
    "next-routes": "1.4.2",
    "node-fetch": "2.3.0",
    "nodemailer": "5.1.1",
    "nprogress": "0.2.0",
    "nuka-carousel": "4.5.2",
    "payment": "2.3.0",
    "polished": "3.0.2",
    "prop-types": "15.7.2",
    "qrcode.react": "0.9.3",
    "rc-table": "6.4.3",
    "react": "16.8.4",
    "react-add-to-calendar": "0.1.5",
    "react-apollo": "2.5.2",
    "react-bootstrap": "0.32.4",
    "react-datetime": "2.16.3",
    "react-dom": "16.8.4",
    "react-dropzone": "5.1.1",
    "react-geosuggest": "2.10.0",
    "react-gmaps": "1.9.0",
    "react-intl": "2.8.0",
    "react-markdown": "4.0.6",
    "react-mde": "6.0.0",
    "react-quill": "1.3.3",
    "react-scrollchor": "6.0.0",
    "react-stickynode": "2.1.1",
    "react-stripe-elements": "2.0.3",
    "react-tag-input": "5.2.3",
    "react-tooltip": "3.10.0",
    "react-window": "1.6.2",
    "regenerator-runtime": "0.13.1",
    "rehype-react": "3.1.0",
    "rehype-sanitize": "2.0.2",
    "remark-parse": "6.0.3",
    "remark-rehype": "4.0.0",
    "sanitize-html": "1.20.0",
    "showdown": "1.9.0",
    "slugify": "1.3.4",
    "styled-components": "4.1.3",
    "styled-icons": "7.4.2",
    "styled-jsx": "3.1.0",
    "styled-system": "4.0.4",
    "unified": "7.1.0",
    "universal-url": "^2.0.0",
    "uuid": "3.3.2",
    "validator": "10.11.0",
    "winston": "3.2.1"
  },
  "scripts": {
    "start": "node dist/server",
    "dev": "babel-node src/server",
    "build": "npm run build:clean && npm run build:updates && npm run build:server && npm run build:next",
    "build:clean": "rm -rf dist src/.next",
    "build:updates": "npm --prefix node_modules/cloudflare-ip run update-list",
    "build:server": "babel --copy-files ./src --out-dir ./dist --ignore src/templates/widget.js,src/**/__tests__/*,src/.next/*,src/pages/**,src/components/**",
    "build:next": "next build dist",
    "test": "npm run test:jest && npm run test:e2e",
    "test:jest": "TZ=UTC jest src/*",
    "test:server": "TZ=UTC ./scripts/run_server_tests.sh",
    "test:e2e": "TZ=UTC ./scripts/run_e2e_tests.sh",
    "test:update": "npm run test:jest -- --updateSnapshot",
    "build:langs": "rm -rf dist/messages && babel src/**/*.js > /dev/null && babel src/apps/**/*.js > /dev/null && babel-node scripts/translate.js",
    "deploy:production": "./scripts/pre-deploy.sh production && git push production master",
    "deploy:staging": "./scripts/pre-deploy.sh staging && git push -f staging master",
    "git:clean": "./scripts/git_clean.sh",
    "lint": "eslint \"cypress/**/*.js\" \"src/**/*.js\" \"test/**/*.js\"",
    "lint:fix": "npm run lint -- --fix",
    "lint:quiet": "npm run lint -- --quiet",
    "pretest": "npm run lint:quiet && npm run prettier:check",
    "commit": "git-cz",
    "semantic-release": "semantic-release",
    "cypress": "TZ=UTC cypress run",
    "cypress:open": "TZ=UTC cypress open",
    "prettier": "prettier \"*.@(js|md)\" \"cypress/**/*.@(js|md)\" \"src/**/*.@(js|md)\" \"test/**/*.@(js|md)\"",
    "optimize-png": "npm install --no-save imagemin imagemin-optipng && babel-node ./scripts/optimize-png",
    "prettier:write": "npm run prettier -- --write",
    "prettier:check": "npm run prettier -- --list-different",
    "graphql:get-schema:dev": "npx graphql-cli get-schema -p opencollective -e dev",
    "styleguide:dev": "styleguidist server",
    "styleguide:build": "styleguidist build",
    "styleguide:deploy": "npm run styleguide:build && npx now styleguide && npx now alias -A styleguide/now.json"
  },
  "devDependencies": {
    "@babel/cli": "7.0.0",
    "@babel/core": "7.0.0",
    "@babel/node": "7.0.0",
    "babel-eslint": "^10.0.1",
    "babel-plugin-lodash": "^3.3.4",
    "babel-plugin-react-intl": "^3.0.1",
    "babel-plugin-styled-components": "1.8.0",
    "commitizen": "^3.0.7",
    "cypress": "^3.1.5",
    "cz-conventional-changelog": "^2.1.0",
    "enzyme": "^3.9.0",
    "enzyme-adapter-react-16": "^1.9.1",
    "eslint": "^5.14.1",
    "eslint-config-opencollective": "^1.5.0",
    "eslint-plugin-babel": "^5.3.0",
    "eslint-plugin-cypress": "^2.2.1",
    "eslint-plugin-graphql": "^3.0.3",
    "eslint-plugin-import": "^2.16.0",
    "eslint-plugin-node": "^8.0.1",
    "eslint-plugin-react": "^7.12.4",
    "eslint-plugin-react-hooks": "^1.0.1",
    "file-loader": "^3.0.1",
    "html-loader": "^0.5.5",
    "husky": "^1.3.1",
    "jest": "^24.1.0",
    "jest-styled-components": "^6.3.1",
    "jsdom": "^14.0.0",
    "lint-staged": "^8.1.4",
    "mkdirp": "^0.5.1",
    "prettier": "1.16.4",
    "raf": "^3.4.1",
    "raw-loader": "^1.0.0",
    "react-styleguidist": "^8.0.6",
    "react-test-renderer": "^16.8.4",
    "sinon": "^7.2.4",
    "url-loader": "^1.1.2",
    "webpack-bundle-analyzer": "^3.0.4"
  },
  "jest": {
    "moduleNameMapper": {
      "\\.(jpg|jpeg|png|gif|eot|otf|webp|svg|ttf|woff|woff2|mp4|webm|wav|mp3|m4a|aac|oga)$": "<rootDir>/test/mocks/fileMock.js",
      "\\.(css|less)$": "<rootDir>/test/mocks/styleMock.js"
    },
    "setupFiles": [
      "<rootDir>/test/setup.js"
    ]
  },
  "config": {
    "commitizen": {
      "path": "./node_modules/cz-conventional-changelog"
    }
  },
  "greenkeeper": {
    "ignore": [
      "@babel/cli",
      "@babel/core",
      "@babel/node",
      "@babel/runtime",
      "react-mde",
      "styled-jsx"
    ]
  },
  "husky": {
    "hooks": {
      "pre-commit": "lint-staged"
    }
  },
  "lint-staged": {
    "*.{js,md}": [
      "prettier --write",
      "git add"
    ]
  },
  "cacheDirectories": [
    "node_modules"
  ],
  "heroku-run-build-script": true
}