{
  "name": "feedly-notifier",
  "description": "Feedly Notifier is a tiny extension that keeps you up to date with your feedly subscriptions.",
  "devDependencies": {
    "grunt": "^1.0.3",
    "grunt-contrib-clean": "^2.0.0",
    "grunt-contrib-copy": "^1.0.0",
    "grunt-preprocess": "^5.1.0",
    "grunt-string-replace": "^1.3.1",
    "grunt-zip": "^0.18.1"
  },
  "repository": {
    "type": "git",
    "url": "https://github.com/olsh/Feedly-Notifier.git"
  },
  "author": "Dmitriy Samodov, Oleg Shevchenko",
  "bugs": {
    "url": "https://github.com/olsh/Feedly-Notifier/issues"
  },
  "sourcePath": "src",
  "buildPath": "build",
  "libPath": "node_modules",
  "dependencies": {
    "dompurify": "^1.0.9",
    "jquery": "^3.3.1",
    "mustache": "^3.0.1",
    "timeago.js": "^3.0.2",
    "webextension-polyfill": "^0.4.0"
  }
}