{
  "name": "menthas",
  "version": "2.0.0",
  "description": "Menthas: Curated News Reader For Hackers",
  "main": "src/backend/server.js",
  "scripts": {
    "test": "echo \"Error: no test specified\" && exit 1",
    "start": "node src/backend/server.js",
    "build": "webpack --mode production",
    "watch": "webpack --watch",
    "heroku-postbuild": "npm run build"
  },
  "engines": {
    "node": "10.x"
  },
  "author": "yu_tanaka",
  "license": "MIT",
  "dependencies": {
    "body-parser": "^1.18.3",
    "cheerio-httpcli": "^0.7.3",
    "config": "^2.0.1",
    "es6-promise": "^4.2.4",
    "express": "^4.16.3",
    "helmet": "^3.12.1",
    "isomorphic-fetch": "^2.2.1",
    "moment": "^2.22.2",
    "mongoose": "^5.4.10",
    "path": "^0.12.7",
    "pug": "^2.0.3",
    "rss": "^1.2.2",
    "serve-favicon": "^2.5.0",
    "validator": "^10.5.0",
    "vue": "^2.5.16",
    "vue-hot-reload-api": "^2.3.0",
    "vue-router": "^3.0.1",
    "vue2-touch-events": "^1.0.0",
    "vuex": "^3.0.1",
    "xml2js": "^0.4.19"
  },
  "devDependencies": {
    "@vue/component-compiler-utils": "^2.1.0",
    "babel-core": "^6.26.3",
    "babel-loader": "^7.1.5",
    "babel-preset-env": "^1.7.0",
    "css-loader": "^1.0.0",
    "stylus": "^0.54.5",
    "stylus-loader": "^3.0.2",
    "svg-url-loader": "^2.3.2",
    "url-loader": "^1.0.1",
    "vue-loader": "^15.2.7",
    "vue-style-loader": "^4.1.1",
    "vue-template-compiler": "^2.5.16",
    "webpack": "^4.16.5",
    "webpack-cli": "^3.1.0"
  }
}