{
  "name": "lodash.com",
  "license": "MIT",
  "private": true,
  "engines": {
    "node": ">=7.0.0"
  },
  "scripts": {
    "build": "npm run build:jekyll && npm run build:site",
    "build:config": "gulp build-config --release",
    "build:jekyll": "cross-env JEKYLL_ENV=production PAGES_GITHUB_HOSTNAME=lodash.com bundle exec jekyll build",
    "build:site": "gulp build",
    "build:vendor": "gulp build-vendor"
  },
  "devDependencies": {
    "babel-preset-babili": "~0.1.2",
    "babel-preset-es2015": "^6.24.1",
    "cross-env": "^5.0.1",
    "fs-extra": "^3.0.1",
    "globby": "^6.1.0",
    "gulp": "^3.9.1",
    "gulp-babel": "^6.1.2",
    "gulp-cli": "^1.3.0",
    "gulp-cssnano": "^2.1.2",
    "gulp-htmlmin": "^3.0.0",
    "gulp-imagemin": "^3.3.0",
    "gulp-jsonmin": "^1.1.0",
    "gulp-purifycss": "~0.2.0",
    "gulp-responsive": "^2.11.0",
    "gulp-sequence": "^0.4.6",
    "gulp-uglify": "^3.0.0",
    "js-yaml": "^3.8.4",
    "lodash": "^4.17.11",
    "node-fetch": "^1.7.1",
    "pump": "^1.0.2",
    "sri-toolbox": "~0.2.0",
    "to-ico": "^1.1.4",
    "uglify-js": "^3.0.16"
  }
}