{
  "name": "event-gateway-example",
  "version": "1.0.0",
  "description": "[![serverless](http://public.serverless.com/badges/v3.svg)](http://www.serverless.com)",
  "main": "index.js",
  "scripts": {
    "postinstall": "node postinstall.js"
  },
  "repository": {
    "type": "git",
    "url": "git+https://github.com/serverless/event-gateway-example.git"
  },
  "author": "",
  "license": "MIT",
  "bugs": {
    "url": "https://github.com/serverless/event-gateway-example/issues"
  },
  "homepage": "https://github.com/serverless/event-gateway-example#readme",
  "devDependencies": {
    "chalk": "^2.1.0",
    "globby": "^6.1.0",
    "ora": "^1.3.0"
  }
}