{
  "name": "open-data-cam",
  "version": "0.2.3",
  "scripts": {
    "dev": "node server.js",
    "build": "next build",
    "start": "PORT=8080 NODE_ENV=production node server.js"
  },
  "dependencies": {
    "axios": "^0.17.1",
    "body-parser": "^1.18.2",
    "csv-express": "^1.2.2",
    "express": "^4.16.2",
    "forever-monitor": "^1.7.1",
    "immutable": "^3.8.2",
    "ip": "^1.1.5",
    "lodash.clonedeep": "^4.5.0",
    "next": "4.1.4",
    "next-redux-wrapper": "^1.3.4",
    "node-moving-things-tracker": "^0.3.0",
    "react": "^16.1.1",
    "react-dom": "^16.1.1",
    "react-redux": "^5.0.6",
    "redux": "^3.7.2",
    "redux-thunk": "^2.2.0",
    "request": "^2.87.0",
    "uuid": "^3.1.0",
    "websocket": "^1.0.28"
  }
}