{
  "name": "generator-webapp",
  "version": "1.1.2",
  "description": "Scaffold out a front-end web app",
  "license": "BSD",
  "repository": "yeoman/generator-webapp",
  "author": "Yeoman",
  "main": "app/index.js",
  "scripts": {
    "test": "mocha --reporter spec --timeout 3000"
  },
  "files": [
    "app"
  ],
  "keywords": [
    "yeoman-generator",
    "web",
    "app",
    "front-end",
    "h5bp",
    "modernizr",
    "jquery",
    "grunt"
  ],
  "dependencies": {
    "chalk": "^1.0.0",
    "generator-jasmine": "^0.2.0",
    "generator-mocha": "^0.2.0",
    "mkdirp": "^0.5.1",
    "underscore.string": "^3.1.1",
    "wiredep": "^2.2.2",
    "yeoman-generator": "^0.20.1",
    "yosay": "^1.0.4"
  },
  "devDependencies": {
    "grunt-cli": "^0.1.13",
    "mocha": "*",
    "yeoman-assert": "^2.0.0"
  }
}