{
  "name": "rotten-soup",
  "version": "0.4.2",
  "private": false,
  "scripts": {
    "serve": "vue-cli-service serve",
    "build": "vue-cli-service build",
    "electron:build": "vue-cli-service electron:build",
    "desktop": "vue-cli-service electron:serve",
    "heroku-postbuild": "yarn run build",
    "postinstall": "electron-builder install-app-deps",
    "postuninstall": "electron-builder install-app-deps",
    "start": "node server"
  },
  "dependencies": {
    "cross-env": "^5.1.4",
    "d3-delaunay": "^4.1.5",
    "express": "^4.16.3",
    "material-design-icons": "^3.0.1",
    "pixi.js": "4.8.2",
    "poisson-disk-sampling": "^1.0.2",
    "prettier": "^1.14.2",
    "prng-parkmiller-js": "^0.1.1",
    "roboto-fontface": "^0.9.0",
    "rot-js": "^0.6.5",
    "simplex-noise": "^2.4.0",
    "vue": "^2.5.17",
    "vue-drag-drop": "^1.1.4",
    "vue-router": "^3.0.1",
    "vue2vis": "^0.0.13",
    "vuetify": "^1.0.0",
    "yarn": ">=1.9.4"
  },
  "devDependencies": {
    "@fortawesome/fontawesome-free": "^5.3.1",
    "@vue/cli-plugin-babel": "^3.4.1",
    "@vue/cli-service": "^3.4.1",
    "electron": "^4.0.0",
    "vue-cli-plugin-electron-builder": "^1.1.1",
    "vue-template-compiler": "^2.5.17",
    "webpack-xlsx-loader": "^1.0.0"
  },
  "engines": {
    "node": ">=8.9.1",
    "npm": ">=5.5.1",
    "yarn": ">=1.9.4"
  },
  "main": "background.js"
}