{
  "name": "server-side-rendering-comparison",
  "version": "0.1.0",
  "description": "Server-side rendering comparison",
  "main": "app.js",
  "scripts": {
    "start": "NODE_ENV=production nodemon app.js",
    "webpack:client": "webpack --config webpack.client.config.js",
    "webpack:server": "webpack --config webpack.server.config.js",
    "webpack": "npm run webpack:client && npm run webpack:server",
    "benchmark": "NODE_ENV=production bash ./benchmarks/index.sh"
  },
  "keywords": [
    "ssr"
  ],
  "repository": {
    "type": "git",
    "url": "https://github.com/taobaofed/server-side-rendering-comparison"
  },
  "publishConfig": {
    "registry": "http://registry.npm.alibaba-inc.com"
  },
  "author": {
    "name": "imsobear"
  },
  "dependencies": {
    "inferno": "latest",
    "inferno-component": "latest",
    "inferno-create-element": "latest",
    "inferno-server": "latest",
    "koa": "^1.2.4",
    "koa-router": "^5.4.0",
    "koa-static": "^2.0.0",
    "marko": "latest",
    "preact": "latest",
    "preact-render-to-string": "latest",
    "rapscallion": "^2.1.5",
    "rax": "^0.4.16",
    "rax-server-renderer": "^0.4.16",
    "react": "latest",
    "react-dom": "latest",
    "vue": "latest",
    "vue-server-renderer": "latest",
    "xtemplate": "^4.6.0",
    "xtpl": "^3.3.0"
  },
  "devDependencies": {
    "babel-cli": "^6.18.0",
    "babel-loader": "^6.2.8",
    "babel-plugin-inferno": "^3.2.0",
    "babel-plugin-syntax-jsx": "^6.18.0",
    "babel-plugin-transform-vue-jsx": "^3.2.0",
    "babel-preset-es2015": "^6.18.0",
    "babel-preset-react": "^6.16.0",
    "babel-preset-stage-0": "^6.16.0",
    "benchmark": "^2.1.3",
    "marko-loader": "^1.2.0",
    "nodemon": "^1.11.0",
    "webpack": "^1.13.3"
  }
}