{
  "private": true,
  "devDependencies": {
    "css-loader": "^0.23.1",
    "extract-text-webpack-plugin": "^1.0.1",
    "file-loader": "^0.8.5",
    "highlight.js": "^9.1.0",
    "jquery": "^2.2.1",
    "node-sass": "^4.9.0",
    "normalize-css": "^2.3.1",
    "postcss": "^5.0.19",
    "postcss-loader": "^0.8.0",
    "sass-loader": "^3.1.2",
    "style-loader": "^0.13.0",
    "susy": "^2.2.12",
    "url-loader": "^0.5.7",
    "vide": "^0.5.0",
    "viewport-utility": "^1.1.1",
    "webpack": "^1.12.12"
  },
  "scripts": {
    "cs": "npm run cs:sass;npm run cs:js",
    "cs:sass": "csscomb resources/sass/",
    "cs:js": "eslint resources/js/** --fix"
  }
}