{
  "name": "webpack-demo",
  "version": "1.2.0",
  "description": "webpack 4 (legato) demo project",
  "main": "src/index.js",
  "scripts": {
    "default:dev": "npm run clean && webpack --mode development",
    "default:prod": "npm run clean && webpack --mode production",
    "build:dev": "npm run clean && webpack --mode development",
    "build": "npm run clean && BABEL_ENV=production webpack --mode production",
    "stats": "webpack --profile --json > stats.json",
    "dev": "webpack-dev-server",
    "clean": "rimraf dist",
    "example:nodejs": "cd examples && npm run nodejs"
  },
  "repository": {
    "type": "git",
    "url": "git+https://github.com/carloluis/webpack-demo.git"
  },
  "keywords": [
    "webpack",
    "webpack-4",
    "webpack 4",
    "webpack 4 (legato)",
    "demo",
    "react",
    "node",
    "sass",
    "html"
  ],
  "author": "Carloluis Rodríguez <carloluisr@gmail.com> (https://github.com/carloluis)",
  "license": "MIT",
  "bugs": {
    "url": "https://github.com/carloluis/webpack-demo/issues"
  },
  "homepage": "https://github.com/carloluis/webpack-demo#readme",
  "devDependencies": {
    "@babel/core": "^7.1.2",
    "@babel/preset-env": "^7.1.0",
    "@babel/preset-react": "^7.0.0",
    "@hot-loader/react-dom": "^16.7.0",
    "babel-loader": "^8.0.4",
    "babel-plugin-transform-react-remove-prop-types": "^0.4.13",
    "copy-webpack-plugin": "^4.5.1",
    "css-loader": "^2.1.0",
    "cssnano": "^4.1.7",
    "file-loader": "^3.0.1",
    "html-webpack-plugin": "^3.2.0",
    "html-webpack-template": "^6.2.0",
    "mini-css-extract-plugin": "^0.5.0",
    "node-sass": "^4.9.0",
    "postcss-loader": "^3.0.0",
    "postcss-preset-env": "^6.4.0",
    "prettier": "^1.15.1",
    "resolve-url-loader": "^3.0.0",
    "rimraf": "^2.6.2",
    "sass-loader": "^7.0.3",
    "style-loader": "^0.23.1",
    "webpack": "^4.11.0",
    "webpack-bundle-analyzer": "^3.0.3",
    "webpack-cli": "^3.0.2",
    "webpack-dev-server": "^3.1.4"
  },
  "dependencies": {
    "prop-types": "^15.6.1",
    "react": "^16.4.0",
    "react-dom": "^16.4.0",
    "react-hot-loader": "^4.6.5",
    "reformat-number": "1.0.0"
  }
}