{
  "name": "react-textgradient",
  "version": "0.0.2",
  "description": "Text gradient react component. CSS with SVG fallback.",
  "main": "textgradient.jsx",
  "scripts": {
    "test": "echo \"Error: no test specified\" && exit 1"
  },
  "keywords": [
    "react",
    "react-component",
    "component",
    "text",
    "gradient",
    "css",
    "svg"
  ],
  "author": "javierbyte",
  "license": "ISC",
  "browserify": {
    "transform": [
      [
        "reactify",
        {
          "es6": true
        }
      ]
    ]
  },
  "peerDependencies": {
    "react": "^0.12.x"
  }
}