{
  "name": "koa2",
  "version": "1.0.0",
  "description": "Hello Koa 2 example with async",
  "main": "app.js",
  "scripts": {
    "start": "node app.js"
  },
  "keywords": [
    "koa",
    "async"
  ],
  "author": "Michael Liao",
  "license": "Apache-2.0",
  "repository": {
    "type": "git",
    "url": "https://github.com/michaelliao/learn-javascript.git"
  },
  "dependencies": {
    "eslint": "^4.14.0",
    "keygrip": "^1.0.2",
    "koa": "^2.0.0",
    "koa-bodyparser": "^4.2.0",
    "koa-router": "^7.0.0",
    "koa-socket": "^4.4.0",
    "koa-static": "^4.0.2",
    "koa2-cors": "^2.0.5",
    "socket.io": "^2.0.4"
  }
}