{
  "private": true,
  "scripts": {
    "start": "umi dev",
    "build": "umi build",
    "test": "umi test",
    "lint": "eslint --ext .js src mock tests",
    "precommit": "lint-staged"
  },
  "devDependencies": {
    "babel-eslint": "^9.0.0",
    "eslint": "^5.4.0",
    "eslint-config-umi": "^0.1.5",
    "eslint-plugin-flowtype": "^2.50.0",
    "eslint-plugin-import": "^2.14.0",
    "eslint-plugin-jsx-a11y": "^5.1.1",
    "eslint-plugin-react": "^7.11.1",
    "husky": "^0.14.3",
    "lint-staged": "^7.2.2",
    "umi": "^2.2.7",
    "umi-plugin-react": "^1.1.1"
  },
  "lint-staged": {
    "*.{js,jsx}": [
      "eslint --fix",
      "git add"
    ]
  },
  "engines": {
    "node": ">=8.0.0"
  },
  "dependencies": {
    "@antv/g2": "^3.3.3",
    "axios": "^0.18.0",
    "qs": "^6.6.0",
    "roadhog-api-doc": "^1.1.2"
  }
}