{
  "name": "translations",
  "version": "2.12.2",
  "description": "translate the Dark Sky API into any language",
  "author": {
    "name": "The Dark Sky Company",
    "email": "developer@darksky.net"
  },
  "contributors": [
    {
      "name": "Jay LaPorte",
      "email": "jay@darksky.net",
      "web": "https://github.com/ironwallaby"
    },
    {
      "name": "Anders Hofstee",
      "email": "info@catalpainternational.org",
      "web": "https://github.com/macdhuibh"
    },
    {
      "name": "realjax",
      "web": "https://github.com/realjax"
    },
    {
      "name": "basvdijk",
      "web": "https://github.com/basvdijk"
    },
    {
      "name": "TheMikeGraz",
      "web": "https://github.com/TheMikeGraz"
    },
    {
      "name": "ltressens",
      "web": "https://github.com/ltressens"
    },
    {
      "name": "Pamela Ocampo",
      "email": "pamela.ocampo@gmail.com",
      "web": "https://github.com/pamo"
    },
    {
      "name": "Lukino2000",
      "web": "https://github.com/Lukino2000"
    },
    {
      "name": "erbecke",
      "web": "https://github.com/erbecke"
    },
    {
      "name": "luzal",
      "web": "https://github.com/luzal"
    },
    {
      "name": "Adam Grossman",
      "email": "adam@darksky.net",
      "web": "https://github.com/thegrossman"
    },
    {
      "name": "Pedro Oliveira",
      "email": "pedro@pedroliveira.com",
      "web": "https://github.com/pedronoliveira"
    },
    {
      "name": "William Assaad and Mujo Bektic",
      "email": "info@ivyminds.nl",
      "web": "http://www.ivyminds.nl/"
    },
    {
      "name": "baio",
      "email": "max.putilov@gmail.com",
      "web": "https://github.com/baio"
    },
    {
      "name": "Yaroslav Klyuyev",
      "web": "https://github.com/imposeren"
    },
    {
      "name": "Yuri Bonya",
      "email": "yuri.bonya@gmail.com",
      "web": "https://github.com/bonifatio"
    },
    {
      "name": "Tobias Bohwalli",
      "email": "hi@futhr.io",
      "web": "https://github.com/futhr"
    },
    {
      "name": "oleg-sh",
      "web": "https://github.com/oleg-sh"
    },
    {
      "name": "sehers",
      "web": "https://github.com/sehers"
    },
    {
      "name": "sofish",
      "email": "sofish@icloud.com",
      "web": "https://github.com/sofish"
    },
    {
      "name": "FajrAljunaid",
      "web": "https://github.com/FajrAljunaid"
    },
    {
      "name": "Martin Sefcik",
      "web": "https://martinsefcik.sk/"
    },
    {
      "name": "Yuri Bonya",
      "email": "yuri.bonya@gmail.com",
      "web": "https://github.com/bonifatio"
    },
    {
      "name": "Patrik Persson",
      "web": "https://github.com/broderbluff"
    },
    {
      "name": "Kostas Dizas",
      "web": "https://github.com/kostasdizas"
    },
    {
      "name": "Jacob Zhang",
      "email": "jacob-zhang@live.de",
      "web": "https://github.com/jacbz"
    },
    {
      "name": "Kristijan Drača",
      "email": "kristijandraca@gmail.com",
      "web": "https://github.com/kristijandraca"
    },
    {
      "name": "FlatWang",
      "web": "https://github.com/FlatWang"
    },
    {
      "name": "Szilard Pal",
      "web": "https://github.com/szilardpal"
    },
    {
      "name": "cygnus6",
      "web": "https://github.com/cygnus6"
    },
    {
      "name": "TiguCZ",
      "web": "https://github.com/TiguCZ"
    },
    {
      "name": "mrcina",
      "web": "https://github.com/mrcina"
    },
    {
      "name": "Valgeir Björnsson",
      "email": "valgeirb@gmail.com",
      "web": "https://github.com/valgeirb"
    },
    {
      "name": "steronydh",
      "web": "https://github.com/steronydh"
    },
    {
      "name": "Ville Tuomi",
      "web": "https://github.com/vtuomi"
    },
    {
      "name": "Bora DAN",
      "email": "bora_dan@hotmail.com",
      "web": "https://github.com/BQRA"
    },
    {
      "name": "Alexander Nilsen",
      "email": "alexander.nilsen.no@gmail.com",
      "web": "https://github.com/alni"
    },
    {
      "name": "egormetlitsky",
      "web": "https://github.com/egormetlitsky"
    },
    {
      "name": "Dana",
      "web": "https://github.com/kovloq"
    },
    {
      "name": "Shahin Mursalov",
      "email": "contact@shahinmursalov.com",
      "web": "https://github.com/shahinmursalov"
    },
    {
      "name": "oskarkala",
      "web": "https://github.com/oskarkala"
    },
    {
      "name": "Metik",
      "web": "https://github.com/Metik"
    },
    {
      "name": "Eric Risco de la Torre",
      "web": "http://www.ericrisco.com/"
    },
    {
      "name": "Michaël Arnauts",
      "email": "michael.arnauts@gmail.com",
      "web": "https://github.com/michaelarnauts"
    },
    {
      "name": "srmihnev",
      "web": "https://github.com/srmihnev"
    },
    {
      "name": "mrkcohen",
      "web": "https://github.com/mrkcohen"
    },
    {
      "name": "santer-pl",
      "web": "https://github.com/santer-pl"
    },
    {
      "name": "Mark Hendriks",
      "email": "mark@workbymark.nl",
      "web": "http://www.workbymark.nl/"
    },
    {
      "name": "dayenite",
      "web": "https://github.com/dayenite"
    },
    {
      "name": "rereradu",
      "web": "https://github.com/rereradu"
    },
    {
      "name": "AndyTempel",
      "email": "andraz@korenc.eu",
      "web": "https://ksoft.si"
    },
    {
      "name": "Hyejin Ahn",
      "email": "hyejinahn0619@gmail.com",
      "web": "https://github.com/powerwlsl"
    },
    {
      "name": "Raz Yalov",
      "web": "https://github.com/razyalov"
    },
    {
      "name": "amirhoseinaliakbarian",
      "email": "amirhosein@aliakbarian.com",
      "web": "https://github.com/amirhoseinaliakbarian"
    },
    {
      "name": "Ivars Jukāms",
      "web": "https://github.com/ivarsju"
    },
    {
      "name": "Timothy Boronczyk",
      "web": "https://github.com/tboronczyk"
    },
    {
      "name": "Rizki Aditya",
      "web": "https://medium.com/@rizaditya"
    }
  ],
  "repository": {
    "type": "git",
    "url": "git://github.com/darkskyapp/translations"
  },
  "scripts": {
    "test": "eslint . && mocha --reporter dot",
    "lint-fix": "eslint . --fix"
  },
  "devDependencies": {
    "@darkskyapp/eslint-config": "^1.1.1",
    "eslint": "^4.19.1",
    "eslint-plugin-node": "^6.0.1",
    "eslint-plugin-promise": "^3.7.0",
    "mocha": "^5.0.5"
  }
}