{
  "name": "fepfan",
  "version": "1.1.0",
  "description": "是否有过当你看到比较优秀的前端资源时，由于没有时间来的及收录，过段时间等需要的时，却翻来覆去不知道去哪了～～ 前端导航站，收集前端业内优秀技术博客、框架，方便快速寻找优秀资源，～～宝宝再也不用担心查找资源了～～",
  "main": "index.js",
  "scripts": {
    "commitmsg": "validate-commit-msg",
    "prepush": "conventional-changelog -p angular -i CHANGELOG.md -s -r 0",
    "base": "cross-env webpack-dev-server --colors --progress",
    "dev": "cross-env webpack-dev-server --colors --progress --config webpack.dev.config.js",
    "prod": "cross-env webpack-dev-server --colors --progress --config webpack.prod.config.js",
    "start": "node app",
    "rm": "rm -rf ./dist",
    "build": "cross-env NODE_ENV=production webpack --config webpack.config.js --colors",
    "build:dll": "cross-env NODE_ENV=production webpack --config webpack.dll.config.js --colors",
    "build:prod": "rm -rf ./dist && cross-env NODE_ENV=production webpack --config webpack.prod.config.js --colors",
    "analyzer": "webpack --profile --json > stats.json",
    "publish": "node publish"
  },
  "author": "@pfan",
  "license": "ISC",
  "devDependencies": {
    "autoprefixer": "^7.0.1",
    "axios": "^0.16.1",
    "babel-core": "^6.25.0",
    "babel-eslint": "^7.2.3",
    "babel-loader": "^7.1.1",
    "babel-polyfill": "^6.23.0",
    "babel-preset-env": "^2.0.0-beta.2",
    "babel-preset-es2015-native-modules": "^6.9.4",
    "babel-preset-latest": "^6.24.0",
    "babel-preset-stage-2": "^6.24.1",
    "compression-webpack-plugin": "^1.0.0",
    "connect-history-api-fallback": "^1.3.0",
    "cross-env": "^4.0.0",
    "css-loader": "^0.28.0",
    "eslint": "^3.19.0",
    "eslint-config-standard": "^10.2.1",
    "eslint-loader": "^1.7.1",
    "eslint-plugin-html": "^2.0.3",
    "eslint-plugin-import": "^2.2.0",
    "eslint-plugin-node": "^4.2.2",
    "eslint-plugin-promise": "^3.5.0",
    "eslint-plugin-standard": "^3.0.1",
    "extract-text-webpack-plugin": "^3.0.0",
    "file-loader": "^0.11.2",
    "glob": "^7.1.1",
    "happypack": "^3.1.0",
    "html-loader": "^0.4.5",
    "html-webpack-plugin": "^2.29.0",
    "http-proxy-middleware": "^0.17.4",
    "husky": "^0.13.4",
    "imagemin-webpack-plugin": "^1.4.4",
    "koa-static-cache": "^5.1.1",
    "koa-webpack-dev-middleware": "^2.0.0",
    "koa-webpack-hot-middleware": "^1.0.3",
    "koa-webpack-middleware": "^1.0.5",
    "leancloud-storage": "^2.3.0",
    "mockjs": "^1.0.1-beta3",
    "node-sass": "^4.5.2",
    "postcss-import": "^9.1.0",
    "postcss-loader": "^2.0.5",
    "sass-loader": "^6.0.3",
    "scss-loader": "0.0.1",
    "style-loader": "^0.17.0",
    "sw-precache-webpack-plugin": "^0.11.4",
    "uglifyjs-webpack-plugin": "^0.4.6",
    "url-loader": "^0.5.9",
    "validate-commit-msg": "^2.12.2",
    "vue-axios": "^2.0.2",
    "vue-html": "0.3.0",
    "vue-loader": "11.3.4",
    "vue-resource": "^1.3.1",
    "vue-router": "^2.5.3",
    "vue-style-loader": "^3.0.1",
    "vue-template-compiler": "^2.3.0",
    "webpack": "^3.3.0",
    "webpack-bundle-analyzer": "^2.8.3",
    "webpack-dev-middleware": "^1.12.0",
    "webpack-dev-server": "^2.9.1",
    "webpack-hot-middleware": "^2.18.0",
    "webpack-obfuscator": "^0.11.0",
    "webpack-uglify-parallel": "^0.1.3"
  },
  "dependencies": {
    "koa": "^2.3.0",
    "vue": "^2.3.0"
  },
  "config": {
    "validate-commit-msg": {
      "types": [
        "feat",
        "fix",
        "docs",
        "style",
        "refactor",
        "perf",
        "test",
        "build",
        "ci",
        "chore",
        "revert"
      ],
      "scope": {
        "required": false,
        "allowed": [
          "*"
        ],
        "validate": false,
        "multiple": false
      },
      "warnOnFail": false,
      "maxSubjectLength": 1000,
      "subjectPattern": ".+",
      "subjectPatternErrorMsg": "subject does not match subject pattern!",
      "helpMessage": "",
      "autoFix": false
    }
  },
  "repository": {
    "type": "git",
    "url": "git+https://github.com/pfan123/front-end-navigator.git"
  },
  "bugs": {
    "url": "https://github.com/pfan123/front-end-navigator/issues"
  },
  "homepage": "https://github.com/pfan123/front-end-navigator#readme"
}