{
  "name": "hand-lock",
  "version": "0.2.1",
  "description": "",
  "main": "index.js",
  "directories": {
    "example": "example"
  },
  "scripts": {
    "test": "echo \"Error: no test specified\" && exit 1",
    "start": "webpack-dev-server --quiet & http-server example -c-1 -p 8081",
    "deploy": "rm -rf dist/* && ./script/deploy.js"
  },
  "keywords": [],
  "author": "",
  "license": "MIT",
  "devDependencies": {
    "babel-core": "^6.24.0",
    "babel-loader": "^6.4.1",
    "babel-plugin-transform-runtime": "^6.23.0",
    "babel-preset-env": "^1.3.2",
    "http-server": "^0.9.0",
    "webpack": "^2.3.3",
    "webpack-dev-server": "^2.4.2"
  }
}