{
  "name": "teamcolors",
  "version": "0.1.0",
  "private": true,
  "dependencies": {
    "fuzzy": "^0.1.3",
    "react": "^16.5.2",
    "react-dom": "^16.5.2",
    "react-scripts": "2.0.5"
  },
  "scripts": {
    "start": "react-scripts start",
    "build": "react-scripts build",
    "test": "react-scripts test",
    "eject": "react-scripts eject"
  },
  "eslintConfig": {
    "extends": "react-app"
  },
  "browserslist": [
    ">0.2%",
    "not dead",
    "not ie <= 11",
    "not op_mini all"
  ]
}