{
  "name": "use-simple-state",
  "version": "0.0.30",
  "description": "A simple, dependency-free state manager for React using hooks.",
  "scripts": {
    "build": "webpack --config webpack.config.js",
    "release": "yarn build && yarn publish"
  },
  "main": "lib/main.js",
  "author": "Josh Jahans",
  "license": "MIT",
  "private": false,
  "keywords": [
    "react",
    "state",
    "simple",
    "hooks",
    "redux"
  ],
  "peerDependencies": {
    "react": "^16.7.0"
  },
  "devDependencies": {
    "@babel/core": "^7.2.0",
    "@babel/plugin-proposal-class-properties": "^7.2.1",
    "babel-loader": "^8.0.4",
    "webpack": "^4.27.1",
    "webpack-cli": "^3.1.2"
  }
}