{
  "name": "subrosa-client",
  "version": "1.03.0",
  "description": "secure, end-to-end encrypted messaging, voice and video chats",
  "scripts": {
    "build": "node_modules/gulp/bin/gulp.js build"
  },
  "license": "GPLv3",
  "homepage": "https://subrosa.io/",
  "devDependencies": {
    "del": "^0.1.1",
    "gulp": "^3.8.10",
    "gulp-jshint": "^1.7.1",
    "gulp-minify-css": "^0.3.6",
    "gulp-uglify": "^0.3.1",
    "gulp-useref": "^0.5.0",
    "gulp-if": "^1.2.2",
    "jshint-stylish": "^0.4.0",
    "merge-stream": "^0.1.5"
  }
}