{
  "name": "katas",
  "version": "0.0.1",
  "description": "Service providing katas that can be loaded into tddbin.com.",
  "main": "index.js",
  "scripts": {
    "build": "./scripts/build.sh",
    "build-for-offline": "npm run build && ./scripts/build-for-offline.sh",
    "test": "npm run test:src && npm run test:katas:UNTIL-ALL-KATAS-ARE-KATAFIED",
    "test:katas:UNTIL-ALL-KATAS-ARE-KATAFIED": "npm run _test \"{es1,es6/language/{array-api,arrow-functions,block-scoping,class,default-parameters,destructuring,generator,map,object-api,object-literal,promise,reflect,rest,set}}\"",
    "flow": "flow",
    "test:src": "mocha --compilers js:babel-register src/**/*.spec.js -R progress",
    "_test": "func() { mocha -r esm katas/\"$1\"/{**,**/**}/*.js --require=katas/mocha-require.js -R progress; }; func",
    "test:katas": "npm run test:katas:libraries && npm run test:katas:language",
    "test:katas:libraries": "npm run _test libraries",
    "test:katas:libraries:hamjest": "npm run _test libraries/hamjest",
    "test:katas:language": "npm run _test es*",
    "test:katas:language:es1": "npm run _test es1",
    "test:katas:language:es5": "npm run _test es5",
    "test:katas:language:es6": "npm run _test es6",
    "test:katas:language:es7": "npm run _test es7",
    "test:katas:language:es8": "npm run _test es8",
    "releasable": "node -r esm ./scripts/check-todo-list.js",
    "preversion": "npm run releasable && npm test && npm run build",
    "release": "npm version major"
  },
  "repository": {
    "type": "git",
    "url": "https://github.com/tddbin/katas.git"
  },
  "author": "",
  "license": "MIT",
  "bugs": {
    "url": "https://github.com/tddbin/katas/issues"
  },
  "homepage": "https://github.com/tddbin/katas",
  "devDependencies": {
    "babel-cli": "^6.26.0",
    "babel-preset-env": "^1.6.0",
    "babel-preset-flow": "^6.23.0",
    "babel-register": "^6.26.0",
    "esm": "^3.0.82",
    "flow-bin": "^0.56.0",
    "flow-typed": "^2.1.5",
    "hamjest": "^3.1.0",
    "hamjest-spy": "4.0.0",
    "mkdirp-promise": "^5.0.1",
    "mocha": "^2.2.5",
    "recursive-readdir": "^2.2.1",
    "sinon": "^4.0.0"
  }
}