{
  "name": "goto-definition",
  "version": "1.3.4",
  "description": "Goto definition.",
  "main": "./lib/goto-definition",
  "dependencies": {
    "atom-select-list": "^0.2.0",
    "etch": "^0.12.2"
  },
  "providedServices": {
    "hyperclick.provider": {
      "versions": {
        "0.0.0": "getProvider"
      }
    }
  },
  "scripts": {
    "lint": "eslint .",
    "test": "apm test"
  },
  "repository": {
    "type": "git",
    "url": "git+https://github.com/faceair/atom-goto-definition.git"
  },
  "author": "faceair",
  "license": "GPL-2.0",
  "bugs": {
    "url": "https://github.com/faceair/atom-goto-definition/issues"
  },
  "homepage": "https://github.com/faceair/atom-goto-definition#readme",
  "devDependencies": {
    "eslint": "^3.18.0",
    "eslint-config-airbnb": "^14.1.0",
    "eslint-plugin-import": "^2.2.0",
    "eslint-plugin-jsx-a11y": "^4.0.0",
    "eslint-plugin-react": "^6.10.3"
  }
}