{
  "name": "vue-hackernews-2.0",
  "description": "A Vue.js project",
  "author": "Evan You <yyx990803@gmail.com>",
  "private": true,
  "scripts": {
    "dev": "node server",
    "start": "NODE_ENV=production node server",
    "build": "rimraf dist && npm run build:client && npm run build:server",
    "build:client": "NODE_ENV=production webpack --config build/webpack.client.config.js --progress --hide-modules",
    "build:server": "NODE_ENV=production webpack --config build/webpack.server.config.js --progress --hide-modules",
    "analyze": "webpack-bundle-analyzer ./dist/stats.json"
  },
  "engines": {
    "node": ">=8.0",
    "npm": ">=5.0"
  },
  "dependencies": {
    "es6-promise": "^4.2.5",
    "express": "^4.16.4",
    "firebase": "^5.8.1",
    "lru-cache": "^5.1.1",
    "request": "^2.88.0",
    "serve-favicon": "^2.5.0",
    "vue": "^2.5.22",
    "vue-lazyload": "^1.2.6",
    "vue-router": "^3.0.2",
    "vue-server-renderer": "^2.5.22",
    "vuex": "^3.1.0",
    "vuex-router-sync": "5.0.0"
  },
  "devDependencies": {
    "autoprefixer": "^9.4.6",
    "babel-core": "^6.26.3",
    "babel-loader": "^7.1.5",
    "babel-plugin-syntax-dynamic-import": "6.18.0",
    "babel-preset-env": "^1.7.0",
    "css-loader": "^1.0.0",
    "extract-text-webpack-plugin": "^4.0.0-beta.0",
    "file-loader": "^1.1.11",
    "friendly-errors-webpack-plugin": "^1.7.0",
    "glob": "^7.1.3",
    "rimraf": "^2.6.3",
    "stylus": "0.54.5",
    "stylus-loader": "^3.0.2",
    "sw-precache-webpack-plugin": "^0.11.5",
    "url-loader": "^1.1.2",
    "vue-loader": "^14.2.1",
    "vue-style-loader": "^4.1.2",
    "vue-template-compiler": "^2.5.22",
    "webpack": "^4.16.5",
    "webpack-bundle-analyzer": "^2.13.1",
    "webpack-cli": "^2.0.11",
    "webpack-dev-middleware": "^3.1.3",
    "webpack-hot-middleware": "^2.22.3",
    "webpack-merge": "^4.1.4",
    "webpack-node-externals": "^1.7.2",
    "webpack-stats-plugin": "^0.2.1"
  }
}