{
  "name": "conditional-wrap",
  "version": "1.0.0",
  "description": "conditional-wrap React component",
  "main": "lib/index.js",
  "module": "es/index.js",
  "files": [
    "css",
    "es",
    "lib",
    "umd"
  ],
  "scripts": {
    "build": "nwb build-react-component",
    "clean": "nwb clean-module && nwb clean-demo",
    "start": "nwb serve-react-demo",
    "test": "nwb test-react",
    "test:coverage": "nwb test-react --coverage",
    "test:watch": "nwb test-react --server"
  },
  "dependencies": {},
  "peerDependencies": {
    "react": "16.x"
  },
  "devDependencies": {
    "nwb": "0.21.x",
    "react": "^16.4.0",
    "react-dom": "^16.4.0",
    "react-tippy": "^1.2.2"
  },
  "author": "",
  "homepage": "",
  "license": "MIT",
  "repository": "https://github.com/kitze/react-conditional-wrap",
  "keywords": [
    "react-component"
  ]
}