{
  "name": "ember-cli-autoprefixer",
  "version": "0.8.1",
  "description": "Process styles in an ember-cli application using Autoprefixer",
  "directories": {
    "doc": "doc",
    "test": "tests"
  },
  "scripts": {
    "build": "ember build",
    "start": "ember server",
    "test": "ember try:testall"
  },
  "repository": {
    "type": "git",
    "url": "git://github.com/kimroen/ember-cli-autoprefixer.git"
  },
  "bugs": {
    "url": "https://github.com/kimroen/ember-cli-autoprefixer/issues"
  },
  "homepage": "https://github.com/kimroen/ember-cli-autoprefixer",
  "engines": {
    "node": ">= 4"
  },
  "author": "Kim Røen",
  "license": "MIT",
  "devDependencies": {
    "broccoli-asset-rev": "^2.2.0",
    "ember-cli": "2.3.0",
    "ember-cli-app-version": "^1.0.0",
    "ember-cli-babel": "^5.1.5",
    "ember-cli-dependency-checker": "^1.2.0",
    "ember-cli-htmlbars": "^1.0.1",
    "ember-cli-htmlbars-inline-precompile": "^0.3.1",
    "ember-cli-inject-live-reload": "^1.3.1",
    "ember-cli-qunit": "^1.2.1",
    "ember-cli-release": "0.2.8",
    "ember-cli-sri": "^2.0.0",
    "ember-cli-uglify": "^1.2.0",
    "ember-disable-prototype-extensions": "^1.1.0",
    "ember-disable-proxy-controllers": "^1.0.1",
    "ember-export-application-global": "^1.0.4",
    "ember-load-initializers": "^0.5.0",
    "ember-resolver": "^2.0.3",
    "ember-try": "^0.1.2",
    "loader.js": "^4.0.0"
  },
  "keywords": [
    "ember-addon",
    "autoprefixer",
    "css",
    "prefix",
    "preprocess"
  ],
  "dependencies": {
    "broccoli-autoprefixer": "^5.0.0",
    "lodash": "^4.0.0"
  },
  "ember-addon": {
    "configPath": "tests/dummy/config",
    "before": [
      "broccoli-asset-rev",
      "ember-cli-sri"
    ]
  }
}