{
  "name": "npm-delegate",
  "version": "0.2.0",
  "description": "a hierarchical npm-registry proxy to make private registries easier",
  "main": "./lib/delegate.js",
  "bin": {
    "npm-delegate": "./lib/cli.js"
  },
  "preferGlobal": true,
  "scripts": {
    "test": "mocha -R spec"
  },
  "keywords": [
    "npm",
    "registry",
    "private",
    "proxy"
  ],
  "repository": "git@github.com:jden/npm-delegate.git",
  "author": "jden <jason@denizac.org>",
  "contributors": [
    "jden <jason@denizac.org>",
    "Gareth Jones <gareth.jones@sensis.com.au>"
  ],
  "license": "MIT",
  "dependencies": {
    "optimist": "~0.3.5",
    "fallback": "~1.0.0",
    "url2": "0.0.0",
    "request": "~2.21.0"
  },
  "devDependencies": {
    "should": "~1.2.2",
    "mocha": "~1.10.0",
    "nock": "~0.18.2",
    "supertest": "~0.7.0",
    "sandboxed-module": "~0.2.0"
  }
}