{
  "name": "react-router-async-props",
  "version": "0.3.0",
  "description": "",
  "main": "dist/index.js",
  "scripts": {
    "test": "scripts/test --single-run",
    "examples": "webpack-dev-server --config examples/webpack.config.js --inline --content-base examples",
    "prepublish": "jsx --harmony modules dist",
    "release": "release"
  },
  "author": "Ryan Florence <rpflorence@gmail.com",
  "license": "ISC",
  "devDependencies": {
    "expect": "1.6.0",
    "jsx-loader": "0.12.2",
    "karma-chrome-launcher": "^0.1.7",
    "karma-cli": "0.0.4",
    "karma-firefox-launcher": "^0.1.3",
    "karma-mocha": "^0.1.10",
    "karma-mocha-reporter": "0.3.2",
    "karma-sourcemap-loader": "^0.3.2",
    "karma-webpack": "^1.3.1",
    "mocha": "2.1.0",
    "react-tools": "0.12.2",
    "rf-release": "0.4.0",
    "webpack": "1.5.3"
  },
  "peerDependencies": {
    "react": "0.12.x",
    "react-router": "0.12.x"
  }
}