{
  "name": "stanchion",
  "version": "0.0.1",
  "description": "Add priorities to your web app's network requests",
  "directories": {
    "test": "tests"
  },
  "scripts": {
    "build": "webpack --config config/webpack.config.js",
    "build-images-test": "webpack --config config/webpack.imagesTest.config.js",
    "build-api-test": "webpack --config config/webpack.apiTest.config.js",
    "test": "npm run build && NODE_ENV=testing NODE_PATH=./src mocha --compilers js:babel-core/register ./test/**/*.spec.js",
    "watch": "onchange 'src/*.js' -- npm run build"
  },
  "author": "Alexander Wang",
  "license": "MIT",
  "homepage": "https://github.com/alixander/Stanchion#readme",
  "babel": {
    "presets": [
      "es2015"
    ],
    "plugins": [
      [
        "transform-runtime",
        {
          "polyfill": true,
          "regenerator": true
        }
      ]
    ]
  },
  "dependencies": {
    "ua-parser-js": "^0.7.12"
  },
  "devDependencies": {
    "axios": "^0.15.3",
    "babel-cli": "^6.16.0",
    "babel-core": "^6.17.0",
    "babel-loader": "^6.2.5",
    "babel-plugin-transform-runtime": "^6.15.0",
    "babel-polyfill": "^6.16.0",
    "babel-preset-es2015": "^6.16.0",
    "express": "^4.14.1",
    "mocha": "^3.2.0",
    "onchange": "^3.0.2",
    "sinon": "^1.17.7",
    "webpack": "^2.2.0-rc.3"
  }
}