{
  "name": "language-markdown",
  "version": "0.29.0",
  "description": "Adds grammar support for Markdown (including Github flavored, AtomDoc, Markdown Extra, CriticMark, YAML/TOML front-matter, and R Markdown), and smart context-aware behavior to lists, and keyboard shortcuts for inline emphasis.",
  "keywords": [
    "markdown",
    "commonmark",
    "gfm",
    "github flavored",
    "markdown extra",
    "criticmark",
    "front-matter",
    "atomdoc",
    "r markdown"
  ],
  "repository": "https://github.com/burodepeper/language-markdown",
  "bugs": {
    "url": "https://github.com/burodepeper/language-markdown/issues"
  },
  "main": "lib/main.js",
  "license": "MIT",
  "private": true,
  "engines": {
    "atom": "*"
  },
  "dependencies": {
    "lib-ass": "0.0.6",
    "lodash": "^4.17.5",
    "season": "^5.3"
  },
  "coffeelintConfig": {
    "max_line_length": {
      "level": "ignore",
      "value": 80
    }
  }
}