{
  "name": "starterpack",
  "version": "0.0.1",
  "private": true,
  "scripts": {
    "start": "node_modules/react-native/packager/packager.sh"
  },
  "dependencies": {
    "react-native": "^0.14.2",
    "react-redux": "^3.1.0",
    "redux": "^3.0.4",
    "redux-logger": "^2.0.4",
    "redux-thunk": "^1.0.0",
    "react-native-fbsdkcore": "0.0.7",
    "react-native-fbsdklogin": "^0.0.7"
  },
  "devDependencies": {
    "babel-eslint": "^4.1.4",
    "eslint": "^1.9.0",
    "eslint-config-airbnb": "^1.0.0",
    "eslint-plugin-react": "^3.8.0"
  }
}