{
  "name": "fifa-autobuyer",
  "productName": "FIFA Autobuyer",
  "version": "0.4.8",
  "description": "Autobuyer for FIFA 17 Ultimate Team",
  "main": "main.js",
  "scripts": {
    "test": "cross-env NODE_ENV=test BABEL_DISABLE_CACHE=1 nyc --reporter=html --reporter=text mocha --retries 2 --compilers js:babel-register --recursive --require ./test/setup.js test/**/*.spec.js test/**/**/*.spec.js",
    "coverage": "nyc report --reporter=text-lcov | coveralls",
    "test-watch": "npm test -- --watch",
    "test-e2e": "cross-env NODE_ENV=test BABEL_DISABLE_CACHE=1 mocha --compilers js:babel-register --require ./test/setup.js ./test/e2e.js",
    "lint": "eslint --cache --ignore-path .gitignore --format=node_modules/eslint-formatter-pretty app test *.js",
    "lint-fix": "npm run lint -- --fix",
    "hot-server": "cross-env NODE_ENV=development node --max_old_space_size=4096 -r babel-register server.js",
    "build-main": "cross-env NODE_ENV=production node -r babel-register ./node_modules/webpack/bin/webpack --config webpack.config.electron.js --profile --colors",
    "build-renderer": "cross-env NODE_ENV=production node -r babel-register ./node_modules/webpack/bin/webpack --config webpack.config.production.js --profile --colors",
    "build": "npm run build-main && npm run build-renderer",
    "start": "cross-env NODE_ENV=production electron ./app/",
    "start-hot": "cross-env HOT=1 NODE_ENV=development electron -r babel-register -r babel-polyfill ./app/main.development",
    "postinstall": "concurrently \"install-app-deps\" \"node node_modules/fbjs-scripts/node/check-dev-engines.js package.json\"",
    "dev": "npm run hot-server -- --start-hot",
    "package": "npm run build && build",
    "package-win": "npm run build && build --win --x64",
    "package-linux": "npm run build && build --linux",
    "package-all": "npm run build && build -mwl",
    "cleanup": "mop -v"
  },
  "build": {
    "productName": "FIFA Autobuyer",
    "appId": "com.hunterjm.fifa-autobuyer",
    "category": "public.app-category.tools",
    "dmg": {
      "contents": [
        {
          "x": 410,
          "y": 150,
          "type": "link",
          "path": "/Applications"
        },
        {
          "x": 130,
          "y": 150,
          "type": "file"
        }
      ]
    },
    "files": [
      "dist/",
      "images/",
      "node_modules/",
      "app.html",
      "main.js",
      "main.js.map",
      "package.json"
    ],
    "win": {
      "target": "nsis"
    },
    "linux": {
      "target": [
        "deb",
        "AppImage"
      ]
    },
    "publish": [
      "github"
    ]
  },
  "directories": {
    "buildResources": "resources",
    "output": "release"
  },
  "bin": {
    "electron": "./node_modules/.bin/electron"
  },
  "repository": {
    "type": "git",
    "url": "git+https://github.com/hunterjm/fifa-autobuyer.git"
  },
  "author": {
    "name": "Jason Hunter",
    "email": "hunterjm@gmail.com",
    "url": "https://github.com/hunterjm"
  },
  "license": "MIT",
  "bugs": {
    "url": "https://github.com/hunterjm/fifa-autobuyer/issues"
  },
  "keywords": [
    "fifa",
    "ultimate team",
    "autobuyer",
    "autobidder"
  ],
  "homepage": "https://github.com/hunterjm/fifa-autobuyer#readme",
  "devDependencies": {
    "asar": "^0.12.4",
    "autoprefixer-loader": "^3.2.0",
    "babel-core": "^6.21.0",
    "babel-eslint": "^7.1.1",
    "babel-loader": "^6.2.10",
    "babel-plugin-add-module-exports": "^0.2.1",
    "babel-plugin-dev-expression": "^0.2.1",
    "babel-plugin-webpack-loaders": "^0.8.0",
    "babel-polyfill": "^6.20.0",
    "babel-preset-env": "^1.1.4",
    "babel-preset-react": "^6.16.0",
    "babel-preset-react-hmre": "^1.1.1",
    "babel-preset-react-optimize": "^1.0.1",
    "babel-preset-stage-0": "^6.16.0",
    "babel-register": "^6.18.0",
    "babili-webpack-plugin": "^0.0.7",
    "boiler-room-custodian": "^0.5.0",
    "chai": "^3.5.0",
    "concurrently": "^3.1.0",
    "coveralls": "^2.11.14",
    "cross-env": "^3.1.3",
    "css-loader": "^0.26.1",
    "devtron": "^1.4.0",
    "electron": "^1.4.13",
    "electron-builder": "^10.15.1",
    "electron-devtools-installer": "^2.0.1",
    "enzyme": "^2.7.0",
    "eslint": "^3.12.2",
    "eslint-config-airbnb": "^12.0.0",
    "eslint-formatter-pretty": "^1.1.0",
    "eslint-import-resolver-webpack": "^0.8.0",
    "eslint-loader": "^1.6.1",
    "eslint-plugin-import": "^1.16.0",
    "eslint-plugin-jsx-a11y": "^2.2.2",
    "eslint-plugin-react": "^6.3.0",
    "express": "^4.14.0",
    "extract-text-webpack-plugin": "^1.0.1",
    "fbjs-scripts": "^0.7.1",
    "file-loader": "^0.9.0",
    "html-webpack-plugin": "^2.24.1",
    "jsdom": "^9.9.1",
    "json-loader": "^0.5.4",
    "less": "^2.7.1",
    "less-loader": "^2.2.3",
    "minimist": "^1.2.0",
    "mocha": "^3.2.0",
    "mockery": "^2.0.0",
    "nyc": "^10.0.0",
    "react-addons-test-utils": "^15.4.1",
    "redux-logger": "^2.7.4",
    "redux-mock-store": "^1.2.1",
    "sinon": "^1.17.6",
    "spectron": "^3.4.1",
    "style-loader": "^0.13.1",
    "url-loader": "^0.5.7",
    "webpack": "^1.14.0",
    "webpack-dev-middleware": "^1.9.0",
    "webpack-hot-middleware": "^2.14.0",
    "webpack-merge": "^2.0.0",
    "webpack-validator": "^2.3.0"
  },
  "dependencies": {
    "bluebird": "^3.4.6",
    "classnames": "^2.2.5",
    "css-modules-require-hook": "^4.0.3",
    "electron-auto-updater": "^0.9.2",
    "electron-debug": "^1.1.0",
    "font-awesome": "^4.7.0",
    "fut-promise": "^1.1.3",
    "highcharts": "^5.0.6",
    "jquery": "^3.1.1",
    "lodash": "^4.16.3",
    "mixpanel": "github:kitematic/mixpanel-node",
    "moment": "^2.17.0",
    "node-uuid": "^1.4.7",
    "numeral": "^1.5.3",
    "osx-release": "^2.0.0",
    "postcss": "^5.1.2",
    "react": "^15.4.1",
    "react-bootstrap": "^0.30.3",
    "react-dom": "^15.4.1",
    "react-joyride": "1.9.0",
    "react-redux": "^5.0.1",
    "react-retina-image": "^2.0.3",
    "react-router": "^3.0.0",
    "react-router-redux": "^4.0.7",
    "redux": "^3.6.0",
    "redux-thunk": "^2.1.0",
    "request": "^2.75.0",
    "simple-statistics": "^2.2.0",
    "validator": "^6.0.0"
  },
  "devEngines": {
    "node": ">=6.x",
    "npm": ">=3.x"
  }
}