{
  "name": "flotate",
  "version": "0.1.0",
  "description": "",
  "main": "src/flotate.js",
  "bin": "src/cli.js",
  "directories": {
    "test": "test"
  },
  "dependencies": {
    "esprima-fb": "~8001.1001.0-dev-harmony-fb",
    "falafel": "git+https://github.com/jareware/node-falafel.git",
    "wrench": "^1.5.8",
    "temp": "^0.8.1"
  },
  "devDependencies": {
    "mocha": "^2.0.1",
    "should": "^4.3.0"
  },
  "scripts": {
    "test": "mocha test/spec/*"
  },
  "author": "Jarno Rantanen <jarno@jrw.fi> (http://jrw.fi/)",
  "license": "MIT"
}