{
  "name": "react-firebase-authentication",
  "version": "0.1.0",
  "private": true,
  "dependencies": {
    "axios": "^0.18.0",
    "firebase": "^4.12.1",
    "react": "^16.3.0",
    "react-dom": "^16.3.0",
    "react-router-dom": "^4.2.2",
    "react-scripts": "1.1.1",
    "semantic-ui-css": "^2.3.1",
    "semantic-ui-react": "^0.79.0",
    "styled-components": "^3.2.5"
  },
  "scripts": {
    "start": "react-scripts start",
    "build": "react-scripts build",
    "test": "react-scripts test --env=jsdom",
    "eject": "react-scripts eject"
  }
}