{
  "name": "minimal-gltf-loader",
  "version": "0.1.0",
  "description": "A minimal JavaScript glTF Loader without need of 3D engines like Three.js.",
  "main": "build/minimal-gltf-loader.js",
  "directories": {
    "example": "examples"
  },
  "scripts": {
    "test": "gulp jsHint",
    "build-examples": "webpack --config examples/webpack.config.js",
    "build-examples-watch": "webpack --config examples/webpack.config.js --watch",
    "build": "webpack",
    "build-watch": "webpack --watch",
    "dev-server": "node_modules/.bin/webpack-dev-server"
  },
  "repository": {
    "type": "git",
    "url": "git+https://github.com/shrekshao/minimal-gltf-loader.git"
  },
  "keywords": [
    "glTF",
    "WebGL"
  ],
  "author": "shrekshao",
  "license": "MIT",
  "bugs": {
    "url": "https://github.com/shrekshao/minimal-gltf-loader/issues"
  },
  "homepage": "https://github.com/shrekshao/minimal-gltf-loader#readme",
  "devDependencies": {
    "css-loader": "^0.28.7",
    "file-loader": "^0.11.2",
    "gulp": "^3.9.1",
    "gulp-jshint": "^2.0.1",
    "gulp-rename": "^1.2.2",
    "gulp-uglify": "^1.5.3",
    "jshint": "^2.9.2",
    "jshint-stylish": "^2.2.0",
    "shader-loader": "^1.3.1",
    "style-loader": "^0.18.2",
    "webpack": "^3.5.6",
    "webpack-glsl-loader": "^1.0.1"
  },
  "dependencies": {
    "gl-matrix": "^2.4.0"
  }
}