{
  "name": "squaire",
  "version": "0.5.0",
  "author": "sarahjsquire",
  "description": "Data display with boxes and labels. Original use for equal-area maps.",
  "main": "src/squaire.js",
  "repository": {
    "type": "git",
    "url": "https://github.com/wsj/squaire"
  },
  "bugs": {
    "url": "https://github.com/wsj/squaire/issues"
  },
  "homepage": "http://wsj.github.io/squaire/",
  "keywords": [
    "square map",
    "d3 map",
    "squared",
    "block map",
    "statebins"
  ],
  "license": "ISC",
  "devDependencies": {
    "grunt-contrib-concat": "^0.5.1",
    "grunt-contrib-copy": "^0.8.0",
    "grunt-contrib-jshint": "^0.11.1",
    "grunt-contrib-sass": "^0.9.2",
    "grunt-contrib-uglify": "^0.8.1",
    "grunt-contrib-watch": "^0.6.1",
    "grunt-gh-pages": "^0.10.0"
  }
}