{
  "name": "inside_python_dict",
  "version": "1.0.0",
  "description": "Inside python dict - an explorable explanation",
  "main": "index.js",
  "scripts": {
    "jest": "jest --env=node",
    "test:pystress": "npm run extractcode && ./stress_test_python.sh",
    "test:pyunit": "npm run extractcode && ./unittest_python.sh",
    "test": "npm run jest && npm run test:pyunit && npm run test:pystress",
    "build:ssr": "./ssr-all.sh",
    "update:html": "mkdir -p build && (for i in {chapter1,chapter2,chapter3,chapter4}; do mustache src/mustache/$i.json src/page.html.template > src/autogenerated/$i.html; done)",
    "start": "webpack-dev-server --config webpack.dev.js --host 0.0.0.0",
    "serve": "http-server -p 9090 dist/",
    "build": "npm run build:ssr && webpack --config webpack.prod.js",
    "babel-node": "npx babel-node --presets '@babel/env'",
    "extractcode": "mkdir -p build && npm run babel-node scripts/extractPythonCode.js",
    "dictserver": "rm pynode.sock ; npm run babel-node scripts/pyReimplWrapper.js; rm pynode.sock",
    "postinstall": "patch-package"
  },
  "repository": {
    "type": "git",
    "url": "git+https://github.com/eleweek/inside_python_dict.git"
  },
  "author": "Alexander Putilin",
  "license": "MIT",
  "bugs": {
    "url": "https://github.com/eleweek/inside_python_dict/issues"
  },
  "homepage": "https://github.com/eleweek/inside_python_dict#readme",
  "prettier": {
    "printWidth": 120,
    "tabWidth": 4,
    "useTabs": false,
    "singleQuote": true,
    "bracketSpacing": false,
    "semi": true,
    "trailingComma": "es5"
  },
  "dependencies": {
    "@fortawesome/fontawesome-svg-core": "^1.2.10",
    "@fortawesome/free-brands-svg-icons": "^5.6.1",
    "@fortawesome/free-solid-svg-icons": "^5.6.1",
    "@fortawesome/react-fontawesome": "^0.1.3",
    "bignumber.js": "^8.0.1",
    "bootstrap": "^4.1.3",
    "bowser": "^2.0.0-beta.3",
    "classnames": "^2.2.6",
    "d3": "^5.7.0",
    "d3-selection-multi": "^1.0.1",
    "i": "^0.3.6",
    "immutable": "^4.0.0-rc.12",
    "lodash": "^4.17.11",
    "lowlight": "^1.11.0",
    "memoize-one": "^4.1.0",
    "mobx": "^5.8.0",
    "mobx-react": "^5.4.3",
    "rc-slider": "^8.6.4",
    "react": "^16.6.3",
    "react-css-transition-replace": "^3.0.3",
    "react-dom": "^16.6.3",
    "react-error-boundary": "^1.2.3",
    "react-input-autosize": "^2.2.1",
    "react-popper": "^1.3.2",
    "react-smooth-scrollbar": "^8.0.6",
    "react-stickynode": "^2.1.0",
    "rehype": "^7.0.0",
    "smooth-scrollbar": "^8.3.1"
  },
  "devDependencies": {
    "@babel/cli": "^7.2.0",
    "@babel/core": "^7.2.2",
    "@babel/node": "^7.2.2",
    "@babel/plugin-proposal-class-properties": "^7.2.1",
    "@babel/plugin-proposal-decorators": "^7.2.2",
    "@babel/plugin-proposal-export-namespace-from": "^7.2.0",
    "@babel/plugin-proposal-function-sent": "^7.2.0",
    "@babel/plugin-proposal-json-strings": "^7.2.0",
    "@babel/plugin-proposal-numeric-separator": "^7.2.0",
    "@babel/plugin-proposal-object-rest-spread": "^7.2.0",
    "@babel/plugin-proposal-optional-chaining": "^7.2.0",
    "@babel/plugin-proposal-throw-expressions": "^7.2.0",
    "@babel/plugin-syntax-dynamic-import": "^7.2.0",
    "@babel/plugin-syntax-import-meta": "^7.2.0",
    "@babel/plugin-transform-destructuring": "^7.2.0",
    "@babel/preset-env": "^7.2.0",
    "@babel/preset-react": "^7.0.0",
    "babel-core": "^7.0.0-bridge.0",
    "babel-jest": "^23.4.2",
    "babel-loader": "^8.0.0",
    "babel-plugin-lodash": "^3.3.4",
    "clean-webpack-plugin": "^1.0.0",
    "css-loader": "^2.0.1",
    "dotenv": "^6.2.0",
    "html-webpack-plugin": "^3.2.0",
    "http-server": "^0.11.1",
    "husky": "^1.2.1",
    "ignore-styles": "^5.0.1",
    "jest": "^23.6.0",
    "mini-css-extract-plugin": "^0.5.0",
    "mustache": "^3.0.1",
    "npm": "^6.5.0",
    "patch-package": "^5.1.1",
    "prettier": "^1.15.3",
    "pretty-quick": "^1.8.0",
    "split": "^1.0.1",
    "style-loader": "^0.23.1",
    "unminified-webpack-plugin": "^2.0.0",
    "webpack": "^4.27.1",
    "webpack-bundle-analyzer": "^3.0.3",
    "webpack-cli": "^3.1.2",
    "webpack-dev-server": "^3.1.10",
    "webpack-merge": "^4.1.5"
  },
  "husky": {
    "hooks": {
      "pre-commit": "pretty-quick --staged"
    }
  }
}