{
  "name": "ember-progressive-webapp",
  "version": "0.1.0",
  "description": "An Ember Progressive Web App (zuperkulblog)",
  "private": true,
  "directories": {
    "doc": "doc",
    "test": "tests"
  },
  "scripts": {
    "build": "ember build",
    "start": "ember server",
    "test": "ember test"
  },
  "repository": "",
  "engines": {
    "node": ">= 0.10.0"
  },
  "author": "",
  "license": "Apache-2.0",
  "devDependencies": {
    "broccoli-asset-rev": "^2.2.0",
    "broccoli-serviceworker": "0.1.0",
    "ember-ajax": "0.7.1",
    "ember-cli": "2.4.2",
    "ember-cli-app-version": "^1.0.0",
    "ember-cli-babel": "^5.1.5",
    "ember-cli-dependency-checker": "^1.2.0",
    "ember-cli-fastboot": "0.6.0",
    "ember-cli-htmlbars": "^1.0.1",
    "ember-cli-htmlbars-inline-precompile": "^0.3.1",
    "ember-cli-inject-live-reload": "^1.3.1",
    "ember-cli-inline-content": "0.4.0",
    "ember-cli-qunit": "^1.2.1",
    "ember-cli-release": "0.2.8",
    "ember-cli-sri": "^2.1.0",
    "ember-cli-uglify": "^1.2.0",
    "ember-data": "^2.4.0",
    "ember-disable-proxy-controllers": "^1.0.1",
    "ember-export-application-global": "^1.0.4",
    "ember-load-initializers": "^0.5.0",
    "ember-network": "0.2.0",
    "ember-resolver": "^2.0.3",
    "loader.js": "^4.0.0"
  }
}