{
  "name": "blog",
  "version": "1.0.3",
  "description": "The source code for philipwalton.com",
  "repository": {
    "type": "git",
    "url": "git://github.com/philipwalton/blog.git"
  },
  "author": {
    "name": "Philip Walton",
    "url": "https://philipwalton.com"
  },
  "license": "MIT",
  "bugs": {
    "url": "https://github.com/philipwalton/blog/issues"
  },
  "scripts": {
    "build": "gulp build",
    "deploy": "git push --follow-tags && firebase deploy -P philipwalton-site",
    "lint": "eslint \"assets/**/*.js\" \"tasks/**/*.js\" \"test/**/*.js\"",
    "release:major": "npm version major -m 'Release v%s'",
    "release:minor": "npm version minor -m 'Release v%s'",
    "release:patch": "npm version patch -m 'Release v%s'",
    "stage": "firebase deploy -P philipwalton-staging",
    "start": "gulp watch",
    "test": "gulp test",
    "version": "NODE_ENV=production gulp build",
    "postversion": "npm run deploy"
  },
  "husky": {
    "hooks": {
      "pre-commit": "npm run lint"
    }
  },
  "devDependencies": {
    "@babel/core": "^7.3.4",
    "@babel/polyfill": "^7.2.5",
    "@babel/preset-env": "^7.3.4",
    "autotrack": "github:googleanalytics/autotrack#4ec6153",
    "babel-eslint": "^10.0.1",
    "babel-loader": "^8.0.5",
    "cssnano": "4.1.10",
    "dom-utils": "^0.9.0",
    "eslint": "^5.15.1",
    "eslint-config-google": "^0.12.0",
    "express": "^4.16.4",
    "firebase-tools": "^6.4.0",
    "fs-extra": "^7.0.1",
    "glob": "^7.1.3",
    "gm": "^1.23.1",
    "gulp": "^4.0.0",
    "gulp-webdriver": "^2.0.3",
    "he": "~1.2.0",
    "highlight.js": "^9.15.6",
    "html-minifier": "^3.5.21",
    "husky": "^1.3.1",
    "idlize": "^0.1.1",
    "imagemin": "^6.1.0",
    "imagemin-pngquant": "^7.0.0",
    "js-yaml": "^3.12.2",
    "jsesc": "^2.5.2",
    "markdown-it": "^8.4.2",
    "markdown-it-anchor": "^5.0.2",
    "md5": "^2.2.1",
    "mocha": "^6.0.2",
    "moment-timezone": "^0.5.23",
    "name-all-modules-plugin": "^1.0.1",
    "nunjucks": "^3.2.0",
    "path": "^0.12.7",
    "postcss-cssnext": "^3.1.0",
    "postcss-import": "^12.0.1",
    "postcss-url": "^8.0.0",
    "require-dir": "^1.2.0",
    "rev-hash": "^2.0.0",
    "rev-path": "^2.0.0",
    "rollup": "^1.6.0",
    "rollup-plugin-node-resolve": "^4.0.1",
    "rollup-plugin-replace": "^2.1.0",
    "rollup-plugin-terser": "^4.0.4",
    "sauce-connect-launcher": "^1.2.4",
    "selenium-server-standalone-jar": "^3.141.5",
    "source-map": "^0.7.3",
    "superstatic": "^6.0.4",
    "sw-helpers": "philipwalton/sw-helpers",
    "terser-webpack-plugin": "^1.2.3",
    "wdio-mocha-framework": "^0.6.3",
    "wdio-sauce-service": "^0.4.10",
    "webdriverio": "^4.13.2",
    "webpack": "^4.29.6",
    "webpack-manifest-plugin": "^2.0.4",
    "whatwg-fetch": "^3.0.0",
    "workbox-broadcast-update": "^4.1.0",
    "workbox-expiration": "^4.1.0",
    "workbox-google-analytics": "^4.1.0",
    "workbox-precaching": "^4.1.0",
    "workbox-routing": "^4.1.0",
    "workbox-strategies": "^4.1.0",
    "workbox-streams": "^4.1.0",
    "workbox-window": "^4.1.0"
  }
}