{
  "name": "pageres-cli",
  "version": "5.0.0",
  "description": "Capture website screenshots",
  "license": "MIT",
  "repository": "sindresorhus/pageres-cli",
  "author": {
    "name": "Sindre Sorhus",
    "email": "sindresorhus@gmail.com",
    "url": "sindresorhus.com"
  },
  "bin": {
    "pageres": "cli.js"
  },
  "engines": {
    "node": ">=8"
  },
  "scripts": {
    "test": "xo && ava"
  },
  "files": [
    "cli.js"
  ],
  "keywords": [
    "cli-app",
    "cli",
    "page",
    "website",
    "site",
    "web",
    "url",
    "resolution",
    "size",
    "screenshot",
    "screenshots",
    "screengrab",
    "screen",
    "snapshot",
    "shot",
    "responsive",
    "gulpfriendly",
    "puppeteer",
    "chrome",
    "image",
    "svg",
    "render",
    "html",
    "headless",
    "capture",
    "pic",
    "picture",
    "png",
    "jpg",
    "jpeg"
  ],
  "dependencies": {
    "array-differ": "^2.0.3",
    "array-uniq": "^2.0.0",
    "arrify": "^1.0.0",
    "log-symbols": "^2.1.0",
    "meow": "^3.5.0",
    "pageres": "^5.0.0",
    "parse-headers": "^2.0.0",
    "subarg": "^1.0.0",
    "sudo-block": "^2.0.0",
    "update-notifier": "^2.3.0"
  },
  "devDependencies": {
    "ava": "^1.2.0",
    "execa": "^1.0.0",
    "xo": "^0.24.0"
  }
}