{
  "name": "blockstack-browser",
  "description": "The Blockstack browser",
  "version": "0.35.4",
  "author": "Blockstack PBC <admin@blockstack.com>",
  "dependencies": {
    "bigi": "^1.4.2",
    "bip39": "^2.2.0",
    "bitcoinjs-lib": "^3.2.0",
    "blockstack": "^18.2.1",
    "body-parser": "^1.16.1",
    "bootstrap": "^4.0.0-beta",
    "browser-stdout": "^1.3.0",
    "chroma-js": "^1.3.7",
    "clean-tag": "^2.0.0",
    "core-js": "^2.5.7",
    "cors-anywhere": "^0.4.1",
    "currency-formatter": "^1.2.1",
    "ecurve": "^1.0.4",
    "enzyme-adapter-react-16": "^1.2.0",
    "formik": "^1.4.2",
    "hash-handler": "^1.5.1",
    "inert-polyfill": "^0.2.5",
    "is-retina": "^1.0.3",
    "isomorphic-fetch": "^2.2.1",
    "jsontokens": "^0.7.8",
    "lodash": "^4.17.10",
    "log4js": "^3.0.4",
    "mdi-react": "^3.3.0",
    "memoize-one": "^3.1.1",
    "polished": "^1.9.2",
    "prop-types": "^15.6.0",
    "qrcode.react": "^0.8.0",
    "query-string": "^4.2.3",
    "react": "^16.7.0",
    "react-addons-css-transition-group": "^15.6.2",
    "react-contextmenu": "^2.8.0",
    "react-copy-to-clipboard": "^5.0.1",
    "react-dom": "^16.7.0",
    "react-fns": "^1.4.0",
    "react-loadable": "^5.5.0",
    "react-modal": "^3.1.12",
    "react-powerplug": "^1.0.0-rc.1",
    "react-qr-reader": "^2.1.2",
    "react-qr-svg": "^2.0.1",
    "react-redux": "^4.4.8",
    "react-router": "^3.0.0",
    "react-spring": "^5.1.2",
    "react-tooltip": "^3.3.0",
    "reapop": "^2.0.0",
    "reapop-theme-wybo": "^1.0.2",
    "redux": "^3.6.0",
    "redux-auth-wrapper": "^2.0.2",
    "redux-devtools": "^3.4.1",
    "redux-devtools-dock-monitor": "^1.1.1",
    "redux-devtools-log-monitor": "^1.2.0",
    "redux-localstorage": "^0.4.1",
    "redux-thunk": "^2.2.0",
    "round-to": "^2.0.0",
    "styled-components": "^4.1.3",
    "styled-system": "^3.2.1",
    "system-components": "^3.0.1",
    "triplesec": "^3.0.25",
    "yup": "^0.24.1",
    "zone-file": "^0.2.2"
  },
  "devDependencies": {
    "@babel/core": "^7.2.2",
    "@babel/plugin-proposal-class-properties": "^7.3.0",
    "@babel/plugin-proposal-decorators": "^7.3.0",
    "@babel/plugin-proposal-do-expressions": "^7.0.0",
    "@babel/plugin-proposal-export-default-from": "^7.0.0",
    "@babel/plugin-proposal-export-namespace-from": "^7.0.0",
    "@babel/plugin-proposal-function-bind": "^7.0.0",
    "@babel/plugin-proposal-function-sent": "^7.0.0",
    "@babel/plugin-proposal-json-strings": "^7.0.0",
    "@babel/plugin-proposal-logical-assignment-operators": "^7.0.0",
    "@babel/plugin-proposal-nullish-coalescing-operator": "^7.0.0",
    "@babel/plugin-proposal-numeric-separator": "^7.0.0",
    "@babel/plugin-proposal-optional-chaining": "^7.0.0",
    "@babel/plugin-proposal-pipeline-operator": "^7.3.0",
    "@babel/plugin-proposal-throw-expressions": "^7.0.0",
    "@babel/plugin-syntax-dynamic-import": "^7.0.0",
    "@babel/plugin-syntax-import-meta": "^7.0.0",
    "@babel/plugin-transform-async-to-generator": "^7.0.0",
    "@babel/plugin-transform-react-jsx": "^7.3.0",
    "@babel/polyfill": "^7.2.5",
    "@babel/preset-env": "^7.3.1",
    "@babel/preset-flow": "^7.0.0",
    "@babel/preset-react": "^7.0.0",
    "@babel/register": "^7.0.0",
    "babel-eslint": "^9.0.0",
    "babel-loader": "^8.0.5",
    "babel-plugin-dynamic-import-node": "^2.1.0",
    "babel-plugin-lodash": "^3.3.2",
    "babel-plugin-module-resolver": "^3.1.3",
    "babel-plugin-rewire": "^1.2.0",
    "babel-plugin-styled-components": "^1.10.0",
    "chai": "^3.5.0",
    "copy-webpack-plugin": "^4.5.2",
    "cors": "^2.8.1",
    "cross-env": "^5.2.0",
    "css-loader": "^0.28.11",
    "enzyme": "^3.3.0",
    "eslint": "^5.12.1",
    "eslint-config-airbnb": "^9.0.1",
    "eslint-config-prettier": "^2.9.0",
    "eslint-import-resolver-babel-module": "^5.0.0-beta.1",
    "eslint-plugin-flowtype": "^2.39.1",
    "eslint-plugin-import": "^2.15.0",
    "eslint-plugin-jsx-a11y": "^1.2.2",
    "eslint-plugin-react": "^5.1.1",
    "express": "^4.13.4",
    "file-loader": "^2.0.0",
    "flow-bin": "^0.75.0",
    "flow-typed": "^2.5.1",
    "font-awesome": "^4.6.3",
    "html-loader": "^0.5.5",
    "html-webpack-plugin": "^3.1.0",
    "image-webpack-loader": "^4.3.1",
    "istanbul": "^0.4.5",
    "jsdom": "^9.2.0",
    "lodash-webpack-plugin": "^0.11.5",
    "mocha": "^5.2.0",
    "mock-require": "^3.0.2",
    "nock": "^9.0.13",
    "node-libs-browser": "^1.0.0",
    "nyc": "^13.0.1",
    "prettier": "^1.16.1",
    "react-hot-loader": "^4.3.3",
    "redux-mock-store": "^1.2.3",
    "require-hacker": "^3.0.1",
    "serve": "^10.0.1",
    "shx": "^0.3.2",
    "sinon": "^1.17.7",
    "sinon-as-promised": "^4.0.0",
    "style-loader": "^0.23.0",
    "terser-webpack-plugin": "^1.2.1",
    "url-loader": "^1.0.1",
    "webpack": "^4.29.0",
    "webpack-bundle-analyzer": "^3.0.2",
    "webpack-cli": "^3.2.1",
    "webpack-dev-server": "^3.1.14",
    "webpack-stylish": "^0.1.8",
    "webpackbar": "^3.1.5",
    "workbox-webpack-plugin": "^3.6.1",
    "workerize-loader": "^1.0.4"
  },
  "keywords": [
    "applications",
    "apps",
    "blockchain",
    "blockstack",
    "boilerplate",
    "browser",
    "browserify",
    "decentralized",
    "portal",
    "react",
    "sass"
  ],
  "license": "MPL-2.0",
  "prettier": {
    "semi": false,
    "singleQuote": true
  },
  "repository": {
    "type": "git",
    "url": "https://github.com/blockstack/blockstack-browser.git"
  },
  "scripts": {
    "dev": "cross-env NODE_ENV=development webpack-dev-server --hot",
    "dev-ui": "echo 'Please use dev instead of dev-ui'",
    "dev-webapp": "echo 'Please use dev instead of dev-webapp'",
    "flow": "cross-env NODE_ENV=test flow",
    "flow-typed-install": "cross-env NODE_ENV=test ./node_modules/.bin/flow-typed install --skip",
    "lint": "eslint app/js/**/*.js",
    "win32": "npm run win32:clean && cross-env NODE_ENV=production webpack && npm run win32:copyBrowser && npm run win32:downloadNode && npm run win32:downloadExpress && npm run win32:downloadCorsProxy && npm run win32:copyCorsProxy && npm run win32:setWixVersion && npm run win32:msbuildSolution",
    "win32:copyBrowser": "xcopy build native\\windows\\BlockstackBrowser\\Resources\\build\\* /s/h/e/k/f/c/y",
    "win32:downloadNode": "powershell -Command \"(new-object System.Net.WebClient).DownloadFile('https://nodejs.org/dist/latest-v10.x/win-x86/node.exe', 'native\\windows\\BlockstackBrowser\\Resources\\node.exe')\"",
    "win32:downloadExpress": "npm i --prefix native\\windows\\BlockstackBrowser\\Resources -g express@4",
    "win32:downloadCorsProxy": "npm i --prefix native\\windows\\BlockstackBrowser\\Resources\\cors-proxy -g cors-anywhere@0.4.1",
    "win32:copyCorsProxy": "xcopy corsproxy\\corsproxy.js native\\windows\\BlockstackBrowser\\Resources\\cors-proxy\\* /Y",
    "win32:setWixVersion": "shx sed -i s/Version=\\\"0.0.0.0\\\"/Version=\\\"%npm_package_version%\\\"/ native\\windows\\BlockstackSetup\\Product.wxs",
    "win32:msbuildSolution": "native\\windows\\msbuild native\\windows\\BlockstackBrowser.sln /p:RunWixToolsOutOfProc=true /p:Configuration=Release /p:Platform=x86",
    "win32:clean": "shx rm -rf build native\\windows\\BlockstackBrowser\\bin native\\windows\\BlockstackSetup\\bin native\\windows\\ProtocolHandler\\bin native\\windows\\BlockstackBrowser\\Resources\\build native\\windows\\BlockstackBrowser\\Resources\\cors-proxy native\\windows\\BlockstackBrowser\\Resources\\node_modules native\\windows\\BlockstackBrowser\\Resources\\node.exe",
    "mac": "cross-env NODE_ENV=production npm run build && npm run mac:downloadNode && npm run mac:downloadPackages && npm run mac:copyCorsProxy && npm run mac:copyBlockstackProxy && npm run mac:buildDebug",
    "mac:release": "npm run test && npm install --no-save appdmg && npm run build && npm run mac:copyBrowser && npm run mac:downloadNode && npm run mac:downloadPackages && npm run mac:copyCorsProxy && npm run mac:copyBlockstackProxy && npm run mac:release:build",
    "mac:release:dev": "cross-env NODE_ENV=production npm run build && npm run mac:copyBrowser && npm run mac:downloadNode && npm run mac:downloadPackages && npm run mac:copyCorsProxy && npm run mac:copyBlockstackProxy && npm run mac:release:clean && npm run mac:release:build:dev",
    "mac:release:build": "npm run mac:release:build:Archive && npm run mac:release:build:Export && npm run mac:release:build:BuildDMG && npm run mac:release:build:SignDMG",
    "mac:release:build:dev": "npm run mac:release:build:Archive:dev && npm run mac:release:build:Export:dev",
    "mac:release:build:Archive": "xcodebuild -workspace ./native/macos/Blockstack/Blockstack.xcworkspace -scheme Blockstack -configuration Release -archivePath ./native/macos/archive/Blockstack archive",
    "mac:release:build:Export": "xcodebuild -archivePath ./native/macos/archive/Blockstack.xcarchive -exportOptionsPlist ./native/macos/Blockstack/export.plist -exportArchive -exportPath ./native/macos/export/ CODE_SIGNING_REQUIRED=NO",
    "mac:release:build:Export:dev": "xcodebuild -archivePath ./native/macos/archive/Blockstack.xcarchive -exportOptionsPlist ./native/macos/Blockstack/export_dev.plist -exportArchive -exportPath ./native/macos/export/ CODE_SIGNING_REQUIRED=NO",
    "mac:release:build:BuildDMG": "rm -Rf ./native/macos/export/Blockstack.dmg; node ./node_modules/appdmg/bin/appdmg.js ./native/macos/dmg.json ./native/macos/export/Blockstack.dmg",
    "mac:release:build:SignDMG": "codesign --force --sign \"Developer ID Application: Blockstack PBC\" ./native/macos/export/Blockstack.dmg; open ./native/macos/export/",
    "mac:release:build:Archive:dev": "xcodebuild -workspace ./native/macos/Blockstack/Blockstack.xcworkspace -scheme Blockstack -configuration Release CODE_SIGN_IDENTITY=\"\" CODE_SIGNING_REQUIRED=\"NO\" CODE_SIGN_ENTITLEMENTS=\"\" CODE_SIGNING_ALLOWED=\"NO\" -archivePath ./native/macos/archive/Blockstack archive",
    "mac:release:clean": "rm -rf ./native/macos/archive/Blockstack.xcarchive ./native/macos/export/Blockstack.app",
    "mac:copyBrowser": "touch build/.gitkeep && rm -Rf native/macos/Blockstack/Blockstack/browser && mkdir -p native/macos/Blockstack/Blockstack/browser && cp -rf build/ native/macos/Blockstack/Blockstack/browser/",
    "mac:downloadNode": "NODEJS_VER=v10.15.0 && curl https://nodejs.org/dist/$NODEJS_VER/node-$NODEJS_VER-darwin-x64.tar.gz | tar -zxvf - --strip-components=2 -C native/macos/Blockstack/Blockstack/server node-$NODEJS_VER-darwin-x64/bin/node",
    "mac:downloadPackages": "npm i --prefix native/macos/Blockstack/Blockstack/server express@4 cors-anywhere@0.4.1",
    "mac:copyCorsProxy": "cp corsproxy/corsproxy.js native/macos/Blockstack/Blockstack/server",
    "mac:copyBlockstackProxy": "cp native/blockstackProxy.js native/macos/Blockstack/Blockstack/server",
    "mac:buildDebug": "xcodebuild -workspace ./native/macos/Blockstack/Blockstack.xcworkspace -scheme Blockstack -configuration Debug",
    "test": "npm run lint && npm run flow && cross-env NODE_ENV=test nyc mocha",
    "clean": "rm -rf ./build ./native/macos/Blockstack/Blockstack/browser ./native/macos/Blockstack/Blockstack/server && mkdir -p ./build && mkdir -p ./native/macos/Blockstack/Blockstack/browser ./native/macos/Blockstack/Blockstack/server && touch ./build/.gitkeep ./native/macos/Blockstack/Blockstack/browser/.gitkeep ./native/macos/Blockstack/Blockstack/server/.gitkeep",
    "build": "npm run clean && cross-env NODE_ENV=production webpack",
    "build:analyze": "cross-env ANALYZE=true npm run build",
    "start": "serve build --single",
    "web": "npm run build",
    "prod-webapp": "npm run clean && cross-env NODE_ENV=production WEBAPP=true webpack"
  }
}