{
  "name": "IGdm",
  "version": "2.6.2",
  "description": "Desktop application for Instagram DMs",
  "main": "main/main.js",
  "scripts": {
    "start": "gulp build && electron .",
    "pack": "gulp build && build --dir",
    "dist": "gulp build && build -mwl --x64"
  },
  "repository": {
    "type": "git",
    "url": "git+https://github.com/ifedapoolarewaju/igdm.git"
  },
  "keywords": [
    "Instagram",
    "messaging",
    "Chat",
    "DM",
    "Social Media"
  ],
  "author": "ifedapo olarewaju",
  "license": "MIT",
  "dependencies": {
    "bluebird": "3.5.2",
    "bootstrap": "4.1.3",
    "electron-log": "2.2.17",
    "electron-updater": "^3.0.3",
    "fb": "^2.0.0",
    "instagram-private-api": "github:ifedapoolarewaju/instagram-private-api#576d1e932c949e8cf4188d7c1651f91fc32a00a5",
    "node-notifier": "^5.1.2",
    "nojs": "^0.1.1"
  },
  "devDependencies": {
    "electron": "2.0.12",
    "electron-builder": "20.28.4",
    "electron-builder-lib": "20.23.1",
    "electron-builder-squirrel-windows": "20.29.0",
    "gulp": "^4.0.0",
    "gulp-htmlmin": "^4.0.0",
    "gulp-pug": "^3.3.0",
    "jstransformer-markdown-it": "^2.0.0"
  },
  "build": {
    "publish": [
      {
        "provider": "github",
        "owner": "ifedapoolarewaju",
        "repo": "igdm"
      }
    ],
    "appId": "com.ifedapoolarewaju.desktop.igdm",
    "copyright": "ifedapo Olarewaju 2018",
    "mac": {
      "target": [
        "dmg",
        "zip"
      ],
      "publish": "github",
      "category": "public.app-category.social-networking"
    },
    "win": {
      "target": [
        "nsis",
        "portable"
      ],
      "publish": "github",
      "publisherName": "ifedapoolarewaju"
    },
    "linux": {
      "target": [
        "AppImage",
        "zip",
        "deb"
      ],
      "publish": "github",
      "maintainer": "Ifedapo Olarewaju <ifedapoolarewaju@gmail.com>"
    }
  }
}