{
  "name": "promises-book",
  "description": "Promises book(japanese).",
  "version": "1.6.5",
  "homepage": "https://github.com/azu/promises-book",
  "repository": {
    "type": "git",
    "url": "https://github.com/azu/promises-book.git"
  },
  "main": "index.js",
  "scripts": {
    "build": "gulp build-js build-css",
    "build-js-min": "gulp build-js-min",
    "embed": "gulp embed",
    "lint-html": "gulp lint-html",
    "textlint": "textlint -f pretty-error Appendix-*/ Ch*/",
    "textlint:fix": "textlint --fix Appendix-*/ Ch*/",
    "test": "mocha ./Ch**/test/*.js && npm run textlint"
  },
  "directories": {
    "test": "Ch*/test/"
  },
  "author": "azu",
  "license": "MIT",
  "bugs": {
    "url": "https://github.com/azu/promises-book/issues"
  },
  "dependencies": {
    "codemirror": "^5.0.0",
    "codemirror-console-ui": "^1.0.1",
    "native-promise-only": "^0.8.1",
    "w3c-xmlhttprequest": "^2.1.0",
    "ypromise": "^0.3.0"
  },
  "devDependencies": {
    "@alrra/travis-scripts": "^3.0.1",
    "brfs": "^1.2.0",
    "browserify": "^13.0.0",
    "cheerio": "^0.22.0",
    "espower-loader": "^1.0.0",
    "esprima": "^3.1.1",
    "esprima-fb": "^4001.1.0-dev-harmony-fb",
    "fs-extra": "^3.0.1",
    "gulp": "^3.8.11",
    "gulp-concat": "^2.6.1",
    "gulp-inlining-node-require": "0.0.3",
    "gulp-remove-use-strict": "0.0.2",
    "gulp-rename": "~1.2.0",
    "handlebars": "^4.0.3",
    "http-echo": "0.0.2",
    "inlining-node-require": "^0.1.0",
    "intelli-espower-loader": "^1.0.0",
    "minifyify": "^7.0.1",
    "mocha": "^3.0.2",
    "nock": "^9.0.2",
    "power-assert": "^1.1.0",
    "promise-test-helper": "^0.2.1",
    "q": "^1.0.1",
    "q-io": "^1.11.0",
    "rel-to-abs": "^0.1.0",
    "remove-use-strict": "0.0.5",
    "sinon": "^1.9.0",
    "textlint": "^8.0.0",
    "textlint-plugin-asciidoctor": "^1.0.1",
    "textlint-rule-prh": "^3.1.1",
    "through2": "^2.0.0",
    "vinyl-source-stream": "^1.0.0",
    "watchify": "^3.2.2"
  }
}