{
  "name": "react-quiz",
  "version": "1.10.0",
  "description": "A JavaScript quiz built with React.",
  "main": "main.js",
  "scripts": {
    "start": "webpack-dev-server --mode development --config webpack.config.dev.js --open",
    "build": "webpack --mode production --config webpack.config.prod.js --progress"
  },
  "repository": "davidrayoussef/react-quiz",
  "homepage": "https://github.com/davidrayoussef/react-quiz",
  "author": "David Ra Youssef (davidradeveloper@gmail.com)",
  "license": "MIT",
  "devDependencies": {
    "babel-core": "^6.26.0",
    "babel-eslint": "^8.2.3",
    "babel-loader": "^7.1.4",
    "babel-preset-env": "^1.6.1",
    "babel-preset-react": "^6.24.1",
    "babel-preset-stage-2": "^6.24.1",
    "css-loader": "^0.28.11",
    "eslint": "^4.19.1",
    "eslint-loader": "^2.0.0",
    "eslint-plugin-react": "^7.7.0",
    "extract-text-webpack-plugin": "^4.0.0-beta.0",
    "html-webpack-plugin": "^3.2.0",
    "prop-types": "^15.6.1",
    "react": "^16.3.2",
    "react-dom": "^16.3.2",
    "react-hot-loader": "^4.1.1",
    "style-loader": "^0.21.0",
    "webpack": "^4.6.0",
    "webpack-cli": "^2.0.15",
    "webpack-dev-server": "^3.1.3"
  },
  "keywords": [
    "react",
    "quiz",
    "test",
    "react-component"
  ],
  "dependencies": {}
}