{
  "name": "skillset",
  "version": "1.0.0",
  "description": "Intuitive job-candidate skill visualization, taking advantage of D3.js and JSONResume.",
  "main": "index.js",
  "dependencies": {},
  "devDependencies": {
    "webpack": "^4.28.3",
    "webpack-cli": "^3.1.1"
  },
  "scripts": {
    "test": "test",
    "dev": "webpack --mode development",
    "build": "webpack --mode production"
  },
  "repository": {
    "type": "git",
    "url": "git+https://github.com/Jac21/SkillSet.git"
  },
  "keywords": [
    "d3.js",
    "resume",
    "JSONResume",
    "json"
  ],
  "author": "Jeremy Cantu",
  "license": "MIT",
  "bugs": {
    "url": "https://github.com/Jac21/SkillSet/issues"
  },
  "homepage": "https://github.com/Jac21/SkillSet#readme"
}