{
  "name": "minipack-explain",
  "version": "1.0.0",
  "description": "",
  "author": "yobrave",
  "license": "MIT",
  "dependencies": {
    "babel-core": "^6.26.0",
    "babel-preset-env": "^1.6.1",
    "babel-preset-es2015": "^6.24.1",
    "babel-traverse": "^6.26.0",
    "babylon": "^6.18.0",
    "eslint": "^4.17.0",
    "eslint-config-airbnb-base": "^12.1.0",
    "eslint-plugin-import": "^2.8.0"
  },
  "devDependencies": {
    "eslint-config-prettier": "^2.9.0",
    "eslint-plugin-prettier": "^2.6.0",
    "prettier": "^1.10.2"
  }
}