{
  "name": "chrome-gitlab-notifier",
  "scripts": {
    "lint": "eslint src/*.js test/*.js",
    "lint-fix": "eslint --fix src/*.js test/*.js",
    "test": "mocha --require intelli-espower-loader",
    "test:coverage": "istanbul cover _mocha -- test"
  },
  "directories": {
    "test": "test/"
  },
  "repository": "https://github.com/sue445/chrome-gitlab-notifier.git",
  "author": "sue445",
  "license": "MIT",
  "dependencies": {
    "mithril": "^1.1.6"
  },
  "devDependencies": {
    "codeclimate-test-reporter": "^0.5.1",
    "eslint": "^5.15.1",
    "intelli-espower-loader": "^1.0.1",
    "istanbul": "^0.4.5",
    "mocha": "^6.0.2",
    "power-assert": "^1.6.1",
    "sinon": "^7.2.7"
  },
  "version": "2.3.1"
}