{
  "name": "fireadmin",
  "version": "0.8.7",
  "description": "Application for Managing Firebase Applications. Includes support for multiple environments and data migrations.",
  "scripts": {
    "clean": "rimraf dist",
    "size": "size-limit",
    "compile": "node build/scripts/compile",
    "build": "yarn clean && cross-env NODE_ENV=production yarn compile",
    "build:size": "yarn build && size-limit",
    "build:size:why": "cross-env SIZE=true yarn size",
    "build:config": "firebase-ci createConfig",
    "build:testConfig": "cypress-firebase createTestEnvFile",
    "deploy": "firebase-ci deploy",
    "deploy:functions": "firebase deploy --only functions",
    "start": "cross-env NODE_ENV=development webpack-dashboard -p 1334 -c cyan -m -t fireadmin -- node build/scripts/start",
    "start:simple": "cross-env NODE_ENV=development node build/scripts/start",
    "start:dist": "yarn build && yarn serve:app",
    "serve:app": "firebase serve --only hosting -p $npm_package_config_port",
    "serve:docs": "yarn --cwd docs serve",
    "docs:start": "yarn --cwd docs start",
    "docs:build": "yarn --cwd docs build",
    "functions:start": "yarn --cwd functions start",
    "functions:build": "yarn --cwd functions build",
    "functions:watch": "yarn --cwd functions watch",
    "functions:test": "yarn --cwd functions test",
    "functions:test:cov": "yarn --cwd functions test:cov",
    "lint": "yarn lint:app && yarn lint:functions && yarn lint:tests && yarn lint:docs",
    "lint:functions": "eslint functions",
    "lint:app": "eslint src build server project.config.js",
    "lint:tests": "eslint cypress",
    "lint:docs": "eslint docs",
    "lint:fix": "yarn lint --fix",
    "test:ui": "yarn build:testConfig && cypress run",
    "test:ui:open": "yarn build:testConfig && cypress open",
    "test:ui:stage": "yarn test:ui --env envName=stage",
    "test:ui:open:stage": "yarn test:ui:open --env envName=stage",
    "format": "prettier --single-quote --no-semi --trailing-comma none --write \"src/**/*.js\"",
    "pre-push": "yarn lint"
  },
  "dependencies": {
    "@material-ui/core": "3.9.2",
    "@material-ui/icons": "3.0.2",
    "classnames": "^2.2.6",
    "codemirror": "^5.32.0",
    "date-fns": "^1.29.0",
    "firebase": "^5.8.6",
    "firepad": "1.4.0",
    "lodash": "^4.17.11",
    "normalize.css": "^7.0.0",
    "object-assign": "^4.1.1",
    "promise": "^7.1.1",
    "prop-types": "^15.6.1",
    "react": "^16.8.1",
    "react-dnd": "^2.5.4",
    "react-dnd-html5-backend": "^2.5.4",
    "react-dom": "^16.8.1",
    "react-dropzone": "^4.2.1",
    "react-ga": "^2.3.5",
    "react-google-button": "^0.5.3",
    "react-instantsearch": "^4.2.0",
    "react-redux": "^5.0.7",
    "react-redux-firebase": "^2.1.6",
    "react-router": "^3.0.0",
    "recompose": "^0.30.0",
    "redbox-react": "^1.3.6",
    "redux": "^4.0.0",
    "redux-auth-wrapper": "^1.0.0",
    "redux-firestore": "^0.5.7",
    "redux-form": "^7.4.0",
    "redux-form-material-ui": "^5.0.0-beta.3",
    "redux-persist": "^5.10.0",
    "redux-thunk": "^2.2.0",
    "reselect": "^3.0.1",
    "whatwg-fetch": "^2.0.3"
  },
  "devDependencies": {
    "babel-cli": "^6.26.0",
    "babel-core": "^6.24.1",
    "babel-eslint": "^7.2.3",
    "babel-loader": "^7.0.0",
    "babel-plugin-lodash": "^3.2.11",
    "babel-plugin-syntax-dynamic-import": "^6.18.0",
    "babel-plugin-transform-class-properties": "^6.24.1",
    "babel-plugin-transform-decorators-legacy": "^1.3.4",
    "babel-plugin-transform-export-extensions": "^6.22.0",
    "babel-plugin-transform-object-rest-spread": "^6.23.0",
    "babel-plugin-transform-runtime": "^6.15.0",
    "babel-preset-env": "^1.7.0",
    "babel-preset-react": "^6.24.1",
    "babel-runtime": "^6.20.0",
    "chalk": "^1.1.3",
    "compression": "^1.6.2",
    "connect-history-api-fallback": "^1.3.0",
    "cross-env": "^5.2.0",
    "css-loader": "^0.28.1",
    "cypress": "^3.1.5",
    "cypress-firebase": "^0.1.4",
    "eslint": "^5.13.0",
    "eslint-config-prettier": "^3.3.0",
    "eslint-config-standard": "^12.0.0",
    "eslint-config-standard-react": "^7.0.2",
    "eslint-plugin-babel": "^5.3.0",
    "eslint-plugin-chai-friendly": "^0.4.1",
    "eslint-plugin-cypress": "^2.2.0",
    "eslint-plugin-import": "^2.14.0",
    "eslint-plugin-node": "^8.0.1",
    "eslint-plugin-prettier": "^3.0.1",
    "eslint-plugin-promise": "^4.0.1",
    "eslint-plugin-react": "^7.12.3",
    "eslint-plugin-standard": "^4.0.0",
    "expose-loader": "^0.7.4",
    "express": "^4.14.0",
    "extract-text-webpack-plugin": "^3.0.0",
    "favicons-webpack-plugin": "0.0.7",
    "figures": "^2.0.0",
    "file-loader": "^0.11.1",
    "firebase-ci": "^0.5.6",
    "firebase-tools": "^6.4.0",
    "fs-extra": "^7.0.1",
    "html-webpack-plugin": "^2.29.0",
    "husky": "^1.3.1",
    "ip": "^1.1.5",
    "node-sass": "^4.5.3",
    "prettier": "^1.15.3",
    "redux-logger": "^3.0.6",
    "rimraf": "^2.6.1",
    "sass-loader": "^6.0.5",
    "size-limit": "^0.21.1",
    "style-loader": "^0.17.0",
    "url-loader": "^0.5.8",
    "webpack": "^3.6.0",
    "webpack-bundle-analyzer": "^3.0.4",
    "webpack-dashboard": "^0.4.0",
    "webpack-dev-middleware": "^1.11.0",
    "webpack-hot-middleware": "^2.13.2",
    "yargs": "^12.0.0"
  },
  "repository": {
    "type": "git",
    "url": "git+https://github.com/prescottprue/fireadmin.git"
  },
  "engines": {
    "node": ">=8.11.0"
  },
  "author": "prescottprue (https://github.com/prescottprue)",
  "license": "MIT",
  "config": {
    "port": "8080"
  },
  "husky": {
    "hooks": {
      "pre-push": "yarn lint"
    }
  }
}