{
  "name": "nodediscuss",
  "version": "0.3.0",
  "description": "基于 Node.js 的开源社区系统",
  "main": "server/server.js",
  "scripts": {
    "test": "grunt test",
    "coveralls": "grunt testCoveralls  | egrep '(SF.*)|(DA:.*)|end_of_record' | node_modules/.bin/coveralls"
  },
  "config": {
    "blanket": {
      "pattern": [
        "nodediscuss/models"
      ]
    },
    "travis-cov": {
      "threshold": 80
    }
  },
  "title": "NodeDiscuss",
  "homepage": "https://github.com/heroicyang/nodediscuss",
  "repository": {
    "type": "git",
    "url": "git://github.com/heroicyang/nodediscuss.git"
  },
  "dependencies": {
    "glob": "~3.2.6",
    "nconf": "~0.6.9",
    "express": "~3.4.4",
    "jade": "~1.1.4",
    "mongoose": "~3.8.0",
    "connect-mongo": "~0.4.0",
    "async": "~0.2.6",
    "lodash": "~2.4.1",
    "validator": "~3.1.0",
    "xss": "~0.0.9",
    "moment": "~2.5.0",
    "passport": "~0.1.17",
    "nodemailer": "~0.6.0",
    "marked": "~0.3.0",
    "highlight.js": "~8.0.0",
    "connect-multiparty": "~1.0.1",
    "express-fileuploader": "~0.0.6",
    "express-fileuploader-qiniu": "~0.0.2"
  },
  "devDependencies": {
    "mocha": "~1.16.2",
    "should": "2.0.2",
    "grunt": "~0.4.0",
    "blanket": "~1.1.6",
    "travis-cov": "~0.2.4",
    "mocha-lcov-reporter": "~0.0.1",
    "coveralls": "~2.6.1",
    "load-grunt-tasks": "~0.1.0",
    "grunt-mocha-test": "~0.8.1",
    "grunt-contrib-stylus": "~0.12.0",
    "grunt-contrib-watch": "~0.5.3",
    "grunt-contrib-copy": "~0.4.1",
    "grunt-contrib-concat": "~0.3.0",
    "grunt-contrib-clean": "~0.5.0",
    "grunt-contrib-uglify": "~0.2.7",
    "grunt-contrib-cssmin": "~0.7.0"
  },
  "keywords": [
    "nodediscuss",
    "nodeclub",
    "cnodeclub",
    "community",
    "discussion"
  ],
  "author": {
    "name": "Heroic Yang",
    "email": "me@heroicyang.com",
    "url": "http://heroicyang.com/"
  },
  "license": "MIT"
}