{
  "name": "ng-summit-redux",
  "version": "0.1.0",
  "main": "index.js",
  "scripts": {
    "start": "node server.js",
    "test": "NODE_ENV=test node node_modules/.bin/mocha --compilers js:babel/register --recursive --require src/__tests__/index.js 'src/**/*.test.js'",
    "test:live": "NODE_ENV=test node node_modules/.bin/mocha --compilers js:babel/register --recursive --require src/__tests__/index.js -w 'src/**/*.test.js'"
  },
  "license": "MIT",
  "dependencies": {
    "angular": "^1.4.4",
    "angular-translate": "^2.7.2",
    "angular-ui-router": "^0.2.15",
    "autoprefixer-loader": "^2.0.0",
    "babel": "^5.8.23",
    "babel-core": "^5.8.22",
    "babel-loader": "^5.3.2",
    "chai-immutable": "^1.3.0",
    "css-loader": "^0.16.0",
    "immutable": "^3.7.4",
    "localStorage": "^1.0.3",
    "memoizee": "^0.3.9",
    "ng-redux": "^2.0.2",
    "node-sass": "^3.2.0",
    "object-assign": "^4.0.1",
    "pouchdb": "^4.0.1",
    "ramda": "^0.17.1",
    "raw-loader": "^0.5.1",
    "react": "^0.13.3",
    "react-redux": "^2.1.2",
    "redux": "^2.0.0",
    "redux-devtools": "^2.1.2",
    "redux-logger": "^1.0.5",
    "redux-promise": "^0.5.0",
    "redux-rx": "^0.4.0",
    "redux-thunk": "^0.1.0",
    "redux-ui-router": "^0.2.1",
    "reselect": "0.0.2",
    "rx": "^3.1.2",
    "sass-loader": "^2.0.1",
    "store": "^1.3.17",
    "style-loader": "^0.12.3"
  },
  "devDependencies": {
    "autoprefixer-core": "^5.2.1",
    "babel-core": "^5.8.24",
    "babel-eslint": "^4.1.1",
    "babel-loader": "^5.3.2",
    "chai": "^3.2.0",
    "eslint": "^1.4.1",
    "extract-text-webpack-plugin": "^0.8.2",
    "html-webpack-plugin": "^1.6.1",
    "karma": "^0.13.9",
    "karma-babel-preprocessor": "^5.2.2",
    "karma-mocha": "^0.2.0",
    "karma-phantomjs-launcher": "^0.2.1",
    "mocha": "^2.3.2",
    "phantomjs": "^1.9.18",
    "webpack": "^1.11.0",
    "webpack-dev-server": "^1.10.1"
  }
}