{
  "name": "watt",
  "version": "3.3.0",
  "description": "Powerful generator control flow",
  "main": "index.js",
  "scripts": {
    "test": "standard && tap test.js --cov",
    "test-tap": "tap test/*.js -Rtap",
    "test-lcov": "mkdir -p coverage && tap test/*.js -Rsilent --coverage-report=text-lcov > coverage/lcov.info"
  },
  "author": "Matt Bell <mappum@gmail.com>",
  "license": "MIT",
  "dependencies": {
    "setimmediate": "^1.0.4"
  },
  "devDependencies": {
    "standard": "^7.0.0",
    "tap": "^5.1.1"
  }
}