{
  "version": "0.0.1",
  "private": true,
  "scripts": {
    "build:stopify": "cd stopify/ && yarn run build && cd -",
    "build:stopify-continuations": "cd stopify-continuations/ && yarn run build && cd -",
    "build:stopify-continuations-compiler": "cd stopify-continuations-compiler/ && yarn run build && cd -",
    "build:stopify-estimators": "cd stopify-estimators/ && yarn run build && cd -",
    "build": "yarn run build:stopify-continuations && yarn run build:stopify-continuations-compiler && yarn run build:stopify-estimators && yarn run build:stopify",
    "tslint:stopify": "cd stopify && yarn run tslint && cd -",
    "tslint:stopify-continuations": "cd stopify-continuations && yarn run tslint && cd -",
    "tslint:stopify-continuations-compiler": "cd stopify-continuations-compiler && yarn run tslint && cd -",
    "tslint:stopify-estimators": "cd stopify-estimators && yarn run tslint && cd -",
    "tslint-fix:stopify": "cd stopify && yarn run tslint-fix && cd -",
    "tslint-fix:stopify-continuations": "cd stopify-continuations && yarn run tslint-fix && cd -",
    "tslint-fix:stopify-continuations-compiler": "cd stopify-continuations-compiler && yarn run tslint-fix && cd -",
    "tslint-fix:stopify-estimators": "cd stopify-estimators && yarn run tslint-fix && cd -",
    "tslint": "yarn run tslint:stopify && yarn run tslint:stopify-continuations && yarn run tslint:stopify-continuations-compiler && yarn run tslint-fix:stopify-estimators",
    "tslint-fix": "yarn run tslint-fix:stopify && yarn run tslint-fix:stopify-continuations && yarn run tslint-fix:stopify-continuations-compiler && yarn run tslint-fix:stopify-estimators"
  },
  "workspaces": [
    "stopify",
    "stopify-continuations",
    "stopify-continuations-compiler",
    "stopify-estimators",
    "stopify-module-test"
  ]
}