{
  "name": "vue-sfc-rollup",
  "description": "Quickly generate redistributable components with Rollup",
  "author": "Michael Dodge",
  "license": "ISC",
  "version": "1.1.1",
  "bin": {
    "sfc-rollup-init": "./sfc-init.js"
  },
  "keywords": [
    "vue",
    "template",
    "compiler",
    "rollup"
  ],
  "homepage": "https://github.com/team-innovation/vue-sfc-rollup",
  "files": [
    "templates/*",
    "sfc-init.js"
  ],
  "scripts": {
    "lint": "eslint ./**/*.js"
  },
  "dependencies": {
    "ejs": "^2.6.1",
    "prompts": "^2.0.1"
  },
  "devDependencies": {
    "eslint": "^5.6.0",
    "eslint-config-airbnb-base": "^13.1.0",
    "eslint-plugin-import": "^2.14.0"
  },
  "engines": {
    "node": ">=6"
  }
}