{
  "name": "urdu.js",
  "version": "1.0.0",
  "description": "",
  "bin": {
    "urdujs": "bin/urdujs.js"
  },
  "scripts": {
    "example": "bin/urdujs.js hello.js",
    "start": "cp src/keywords.js docs/editor/scripts/urdujs/keywords.js.txt && node_modules/nws/bin/nws -d docs/editor",
    "windows": "copy src\\keywords.js docs\\editor\\scripts\\urdujs\\keywords.js.txt && nws -d docs/editor",
    "test": "echo \"Error: no test specified\" && exit 1"
  },
  "author": "Asad Memon",
  "license": "ISC",
  "dependencies": {
    "@sweet-js/core": "^3.0.13",
    "nws": "^1.1.1",
    "yargs": "^8.0.2"
  }
}