{
  "name": "doi2bib",
  "version": "0.0.1",
  "description": "doi to bib",
  "keywords": [
    "doi",
    "bib"
  ],
  "author": {
    "name": "David Graf",
    "email": "davidagraf@gmail.com",
    "url": "https://twitter.com/davidagraf"
  },
  "homepage": "https://twitter.com/davidagraf",
  "repository": {
    "type": "git",
    "url": "https://github.com/davidagraf/doi2bib.git"
  },
  "engines": {
    "node": ">= 0.6.0",
    "npm": ">= 1.0.0"
  },
  "dependencies": {
    "express": "4.13.3",
    "q": "1.4.1",
    "request": "2.61.0",
    "xml2js": "0.4.11"
  },
  "devDependencies": {
    "check-dependencies": "0.9.3",
    "gulp": "3.9.0",
    "gulp-cache": "0.2.10",
    "gulp-clean": "0.3.1",
    "gulp-csso": "1.0.0",
    "gulp-debug": "2.1.0",
    "gulp-filter": "3.0.1",
    "gulp-flatten": "0.1.1",
    "gulp-imagemin": "2.3.0",
    "gulp-jison": "1.2.0",
    "gulp-jshint": "1.11.2",
    "gulp-load-plugins": "0.10.0",
    "gulp-nodemon": "2.0.4",
    "gulp-protractor": "1.0.0",
    "gulp-run": "1.6.10",
    "gulp-size": "2.0.0",
    "gulp-uglify": "1.3.0",
    "gulp-useref": "1.3.0",
    "jshint-stylish": "2.0.1",
    "protractor": "2.1.0"
  },
  "bundleDependencies": [],
  "private": true,
  "main": "app/server.js",
  "scripts": {
    "test": "gulp test"
  }
}