{
  "name": "VoximplantDemo",
  "version": "0.0.1",
  "private": true,
  "scripts": {
    "start": "node node_modules/react-native/local-cli/cli.js start",
    "test": "jest"
  },
  "dependencies": {
    "react": "16.6.3",
    "react-native": "0.58.3",
    "react-native-firebase": "5.1.1",
    "react-native-md5": "1.0.0",
    "react-native-notifications": "1.1.20",
    "react-native-vector-icons": "6.1.0",
    "react-native-voximplant": "1.5.0",
    "react-navigation": "2.18.2",
    "react-native-settings-components": "0.0.1",
    "react-native-callkit": "1.3.4",
    "@voximplant/react-native-foreground-service": "1.0.1",
    "uuid": "3.3.2"
  },
  "devDependencies": {
    "babel-core": "^7.0.0-bridge.0",
    "babel-jest": "24.0.0",
    "jest": "24.0.0",
    "metro-react-native-babel-preset": "0.51.1",
    "react-test-renderer": "16.6.3"
  },
  "jest": {
    "preset": "react-native"
  }
}