{
  "name": "zero",
  "homepage": "http://zerojs.io",
  "private": false,
  "version": "1.0.3",
  "description": "A web framework.",
  "keywords": [
    "CMS",
    "web-framework",
    "koa",
    "zerojs"
  ],
  "bin": {
    "zero": "./bin/zero"
  },
  "directories": {},
  "dependencies": {
    "async": "~1.4.2",
    "body-parser": "~1.14.0",
    "co": "^4.5.4",
    "colors": "~0.6.2",
    "commander": "^2.3.0",
    "fs-extra": "~0.24.0",
    "koa": "~1.0.0",
    "lodash": "~3.10.1",
    "roof-bus": "0.0.8",
    "uuid": "^3.0.0",
    "win-spawn": "^2.0.0"
  },
  "scripts": {
    "start": "zero start",
    "test": "mocha test/*"
  },
  "main": "app.js",
  "repository": {
    "type": "git",
    "url": "git://github.com/sskyy/zero.git"
  },
  "author": "sskyy <zhenyu@zerojs.io>",
  "license": "MIT"
}