{
  "name": "ESLint-bot",
  "version": "0.2.0",
  "description": "A bot listening to github webhooks, running ESLint and sending inline comments on every commits.",
  "main": "server.js",
  "scripts": {
    "start": "node_modules/.bin/babel-node server.js"
  },
  "dependencies": {
    "atob": "^2.0.0",
    "babel": "^5.8.23",
    "babel-eslint": "^6.0.0",
    "body-parser": "^1.13.3",
    "eslint": "^1.3.1",
    "express": "4.13.3",
    "github": "^0.2.4",
    "lodash": "^3.10.1"
  },
  "engines": {
    "node": "0.12.7"
  },
  "repository": {
    "type": "git",
    "url": "https://github.com/Bernardstanislas/linter-bot"
  },
  "author": "Stanislas Bernard",
  "keywords": [
    "node",
    "heroku",
    "express",
    "eslint"
  ],
  "license": "MIT"
}