{
  "name": "sheet-down",
  "version": "1.1.2",
  "description": "A Google Spreadsheet implementation of leveldown",
  "author": "Jed Schmidt (http://jed.is)",
  "license": "MIT",
  "scripts": {
    "build": "babel sheet-down.js > index.js",
    "test": "babel-node test.js",
    "prepublish": "npm run build"
  },
  "dependencies": {
    "abstract-stream-leveldown": "^1.1.1",
    "google-worksheet-stream": "^1.1.1"
  },
  "devDependencies": {
    "babel": "^4.7.8",
    "concat-stream": "^1.4.7",
    "google-oauth-jwt-stream": "^1.0.1",
    "levelup": "^0.19.0"
  }
}