{
  "name": "hierarchical-modeling",
  "version": "0.1.0",
  "private": true,
  "devDependencies": {
    "react-scripts": "1.0.14"
  },
  "homepage": "http://mfviz.com/hierarchical-models",
  "dependencies": {
    "d3": "^4.11.0",
    "d3-tip": "^0.7.1",
    "gh-pages": "^1.0.0",
    "react": "^16.0.0",
    "react-document-meta": "^2.1.2",
    "react-dom": "^16.0.0",
    "react-fontawesome": "^1.6.1",
    "react-ga": "^2.3.5",
    "react-helmet": "^5.2.0",
    "react-markdown": "^2.5.0",
    "react-meta-tags": "^0.1.3",
    "react-scroll": "^1.6.1",
    "react-tex": "^1.3.0"
  },
  "scripts": {
    "start": "react-scripts start",
    "build": "react-scripts build",
    "test": "react-scripts test --env=jsdom",
    "eject": "react-scripts eject",
    "deploy": "npm run build&&gh-pages -d build"
  }
}