{
  "name": "emberconf-2017",
  "version": "0.0.0",
  "description": "A collection of links that summarize EmberConf 2017",
  "main": "index.js",
  "scripts": {
    "test": "node ./node_modules/remark-cli/cli.js README.md -f"
  },
  "author": "Lauren Tan <arr@sugarpirate.com> (http://www.sugarpirate.com)",
  "license": "MIT",
  "dependencies": {
    "remark-cli": "^3.0.0",
    "remark-lint": "^6.0.0",
    "remark-lint-no-tabs": "^1.0.0",
    "remark-lint-no-url-trailing-slash": "^3.0.0",
    "remark-lint-unordered-list-marker-style": "^1.0.0",
    "remark-preset-lint-recommended": "^2.0.0"
  },
  "remarkConfig": {
    "plugins": [
      "lint",
      "remark-preset-lint-recommended",
      "remark-lint-no-tabs",
      "remark-lint-unordered-list-marker-style",
      "remark-lint-no-url-trailing-slash",
      [
        "remark-lint-list-item-indent",
        false
      ]
    ]
  }
}