{
  "name": "fastgap",
  "version": "0.0.49",
  "description": "FastGap is a template created by Brazilians to start developing native apps for smartphones using PhoneGap.",
  "private": true,
  "repository": {
    "type": "git",
    "url": "git://github.com/FastGap/fastgap.git"
  },
  "homepage": "http://fastgap.mobi/",
  "keywords": [
    "fastgap",
    "zepto",
    "cordova",
    "phonegap"
  ],
  "author": {
    "name": "Gustavo Costa",
    "email": "gustavo.costa.w@gmail.com",
    "url": "https://github.com/GustavoCostaW"
  },
  "license": "MIT",
  "maintainers": [
    {
      "name": "Gustavo Costa",
      "email": "gustavo.costa.w@gmail.com",
      "url": "https://github.com/GustavoCostaW"
    },
    {
      "name": "Ivan Santos",
      "email": "pragmaticivan@gmail.com",
      "url": "https://github.com/pragmaticivan"
    },
    {
      "name": "Mayron Cachina",
      "email": "mayroncachina@gmail.com",
      "url": "https://github.com/mayroncachina"
    },
    {
      "name": "Daniel Torres",
      "email": "danielfeelfine@gmail.com",
      "url": "https://github.com/danielfeelfine"
    }
  ],
  "bugs": {
    "url": "https://github.com/FastGap/fastgap/issues"
  },
  "devDependencies": {
    "grunt": "~0.4.4",
    "grunt-contrib-uglify": "~0.4.0",
    "grunt-contrib-watch": "~0.6.1",
    "grunt-contrib-jshint": "~0.10.0",
    "grunt-contrib-imagemin": "^0.7.0",
    "grunt-contrib-concat": "~0.4.0",
    "grunt-contrib-copy": "~0.5.0",
    "grunt-notify": "~0.3.0",
    "grunt-contrib-connect": "^0.7.1",
    "grunt-bower-install": "~1.4.1",
    "grunt-bump": "0.0.13",
    "load-grunt-tasks": "^0.4.0",
    "grunt-banner": "^0.2.2",
    "grunt-sass": "^0.12.1",
    "grunt-contrib-clean": "^0.5.0",
    "time-grunt": "^0.3.1"
  },
  "engines": {
    "node": ">=0.8.0",
    "npm": ">=1.1.0"
  }
}