{
  "name": "ethereum-webpack-example-dapp",
  "version": "1.0.1",
  "description": "Example Ethereum (Solidity) smart contract decentralized app with Webpack.",
  "main": "index.js",
  "scripts": {
    "start": "webpack --watch",
    "build": "webpack",
    "test": "mocha-webpack"
  },
  "repository": {
    "type": "git",
    "url": "https://github.com/uzyn/ethereum-webpack-example-dapp"
  },
  "keywords": [
    "webpack",
    "decentralized app",
    "decentralization",
    "ethereum",
    "solidity",
    "dapp",
    "template"
  ],
  "bugs": {
    "url": "https://github.com/uzyn/ethereum-webpack-example-dapp/issues"
  },
  "author": "U-Zyn Chua <chua@uzyn.com> (http://uzyn.com)",
  "license": "MIT",
  "devDependencies": {
    "babel-core": "^6.7.7",
    "babel-loader": "^6.2.4",
    "babel-preset-es2015": "^6.6.0",
    "json-loader": "^0.5.4",
    "solc-loader": "1.x",
    "web3": "^0.15.3",
    "web3-loader": "1.x",
    "webpack": "^1.13.0",
    "mocha": "*",
    "chai": "*",
    "mocha-webpack": "*",
    "source-map-support": "*",
    "webpack-node-externals": "*"
  }
}