{
  "name": "vue-webpack-ssr-fully-featured",
  "version": "0.0.5",
  "description": "",
  "author": "Cristian Baldi",
  "license": "GPL-3.0",
  "private": true,
  "scripts": {
    "dev": "node server",
    "start": "cross-env NODE_ENV=production node server",
    "build": "rimraf dist && npm run build:client && npm run build:server",
    "build:client": "cross-env NODE_ENV=production webpack --config build/webpack.client.config.js --progress --hide-modules",
    "build:server": "cross-env NODE_ENV=production webpack --config build/webpack.server.config.js --progress --hide-modules",
    "test": "npm run test:unit && npm run test:e2e",
    "test:e2e": "rimraf test/e2e/reports && cross-env NODE_ENV=testing node test/e2e/runner.js",
    "test:unit": "rimraf test/unit/coverage && cross-env NODE_ENV=testing karma start test/unit/karma.conf.js --single-run"
  },
  "engines": {
    "node": ">=7.0",
    "npm": ">=4.0"
  },
  "devDependencies": {
    "autoprefixer": "^7.1.2",
    "avoriaz": "^6.0.0",
    "babel-core": "^6.25.0",
    "babel-loader": "^7.1.1",
    "babel-preset-env": "^1.6.0",
    "babel-preset-es2015": "^6.24.1",
    "babel-preset-stage-2": "^6.24.1",
    "chai": "^4.1.0",
    "chromedriver": "^2.31.0",
    "cross-env": "^5.0.2",
    "cross-spawn": "^5.1.0",
    "css-loader": "^0.28.4",
    "cssnano": "^3.10.0",
    "eslint": "^4.3.0",
    "eslint-config-google": "^0.9.1",
    "eslint-loader": "^1.9.0",
    "eslint-plugin-html": "^3.1.1",
    "file-loader": "^1.1.5",
    "friendly-errors-webpack-plugin": "^1.6.1",
    "html-webpack-plugin": "^2.30.1",
    "inject-loader": "^3.0.1",
    "karma": "^1.4.1",
    "karma-coverage": "^1.1.1",
    "karma-mocha": "^1.3.0",
    "karma-phantomjs-launcher": "^1.0.4",
    "karma-sinon-chai": "^1.2.4",
    "karma-sourcemap-loader": "^0.3.7",
    "karma-spec-reporter": "^0.0.31",
    "karma-webpack": "^2.0.4",
    "lolex": "^2.1.2",
    "memory-fs": "^0.4.1",
    "mocha": "^4.0.1",
    "nightwatch": "^0.9.15",
    "node-polyglot": "^2.2.2",
    "node-sass": "^4.5.3",
    "phantomjs-prebuilt": "^2.1.14",
    "postcss-loader": "^2.0.6",
    "pug": "^2.0.0-rc.3",
    "rimraf": "^2.6.1",
    "sass-loader": "^6.0.5",
    "selenium-server": "^3.3.1",
    "sinon": "^4.0.1",
    "sinon-chai": "^2.12.0",
    "string-replace-webpack-plugin": "^0.1.3",
    "stylelint": "^8.0.0",
    "stylelint-config-standard": "^17.0.0",
    "stylelint-processor-html": "^1.0.0",
    "stylelint-scss": "^2.0.0",
    "stylelint-webpack-plugin": "^0.9.0",
    "sw-precache-webpack-plugin": "^0.11.4",
    "url-loader": "^0.6.2",
    "vue-loader": "^13.0.2",
    "vue-template-compiler": "^2.4.2",
    "webpack": "^3.4.1",
    "webpack-dev-middleware": "^1.12.0",
    "webpack-hot-middleware": "^2.18.2",
    "webpack-merge": "^4.1.0"
  },
  "dependencies": {
    "axios": "^0.16.2",
    "compression": "^1.7.0",
    "es6-promise": "^4.1.1",
    "express": "^4.15.3",
    "lru-cache": "^4.1.0",
    "serve-favicon": "^2.4.3",
    "vue": "^2.4.2",
    "vue-i18n": "^7.1.0",
    "vue-router": "^2.7.0",
    "vue-server-renderer": "^2.4.2",
    "vuex": "^2.2.1",
    "vuex-router-sync": "^4.2.0"
  }
}