{
  "name": "futwebapp-single",
  "version": "0.0.0-development",
  "description": "",
  "main": "index.js",
  "scripts": {
    "test": "echo \"Error: no test specified\" && exit 1",
    "start": "npm run standards:watch & webpack --watch",
    "build": "npm run standards && webpack",
    "build:production": "npm run standards && npm run semantic-release:dry && webpack --config webpack.config.prd.js",
    "standards": "eslint .",
    "standards:watch": "esw --watch",
    "semantic-release:dry": "semantic-release --dry-run",
    "semantic-release": "semantic-release"
  },
  "eslintIgnore": [
    "dist",
    "webpack.config.js",
    "webpack.config.prd.js",
    "tampermonkey-headers.js"
  ],
  "author": "",
  "license": "ISC",
  "devDependencies": {
    "babel-cli": "^6.26.0",
    "babel-core": "^6.26.3",
    "babel-eslint": "^8.0.1",
    "babel-loader": "^7.1.2",
    "babel-plugin-transform-class-properties": "^6.24.1",
    "babel-preset-env": "^1.7.0",
    "css-loader": "^0.28.7",
    "eslint": "^4.10.0",
    "eslint-config-airbnb": "^16.1.0",
    "eslint-plugin-import": "^2.8.0",
    "eslint-plugin-jsx-a11y": "^6.0.2",
    "eslint-plugin-react": "^7.4.0",
    "eslint-watch": "^3.1.3",
    "html-loader": "^0.5.1",
    "last-release-git": "0.0.3",
    "node-sass": "^4.9.3",
    "sass-loader": "^6.0.6",
    "semantic-release": "^9.0.0",
    "style-loader": "^0.19.0",
    "node-libs-browser": "webpack/node-libs-browser",
    "webpack": "^3.8.1",
    "webpack-obfuscator": "^0.12.0"
  },
  "dependencies": {
    "babel-polyfill": "^6.26.0",
    "c3": "^0.4.18",
    "d3": "^4.11.0",
    "event-emitter-es6": "^1.1.5",
    "math-statistics": "^1.2.0",
    "moment": "^2.22.2",
    "moment-duration-format": "^1.3.0"
  },
  "repository": {
    "type": "git",
    "url": "https://github.com/Mardaneus86/futwebapp-tampermonkey.git"
  },
  "release": {
    "getLastRelease": "last-release-git",
    "branch": "master"
  }
}