{
  "name": "koa-restful-boilerplate",
  "description": "Koa 2 RESTful API boilerplate",
  "version": "1.0.0",
  "author": "Thomas Blanc-Hector",
  "keywords": [
    "koa",
    "rest",
    "api",
    "mongodb",
    "mongoose",
    "async",
    "es7"
  ],
  "repository": {
    "type": "git",
    "url": "git+https://github.com/jsnomad/koa-restful-boilerplate.git"
  },
  "license": "MIT",
  "bugs": {
    "url": "https://github.com/jsnomad/koa-restful-boilerplate/issues"
  },
  "homepage": "https://github.com/jsnomad/koa-restful-boilerplate#readme",
  "main": "server/index.js",
  "scripts": {
    "start": "nodemon server/ --exec babel-node",
    "build": "babel server -d dist",
    "lint": "eslint ./server",
    "test": "npm run lint && npm run mocha",
    "prod": "npm run build && node dist/",
    "mocha": "./node_modules/.bin/mocha --compilers js:babel-register --require babel-polyfill --exit"
  },
  "dependencies": {
    "babel-polyfill": "^6.5.0",
    "glob": "^7.1.2",
    "jsonwebtoken": "^8.1.1",
    "koa": "^2.4.1",
    "koa-bodyparser": "^4.2.0",
    "koa-helmet": "^4.0.0",
    "koa-jwt": "^3.3.0",
    "koa-logger": "^3.1.0",
    "koa-router": "^7.3.0",
    "mongoose": "^5.0.1"
  },
  "devDependencies": {
    "babel-cli": "^6.26.0",
    "babel-eslint": "^10.0.1",
    "babel-plugin-add-module-exports": "^1.0.0",
    "babel-plugin-syntax-async-functions": "^6.5.0",
    "babel-plugin-transform-async-to-generator": "^6.5.0",
    "babel-preset-es2015": "^6.3.13",
    "babel-register": "^6.3.13",
    "chai": "^4.1.2",
    "eslint": "^5.11.1",
    "eslint-config-airbnb": "^17.1.0",
    "eslint-config-prettier": "^3.3.0",
    "eslint-plugin-import": "^2.2.0",
    "mocha": "^5.2.0",
    "nodemon": "^1.8.1",
    "should": "^13.1.3",
    "supertest": "^3.0.0"
  }
}