{
  "name": "urcli",
  "version": "4.2.0",
  "repository": {
    "type": "git",
    "url": "git+https://github.com/trolster/ur-cli.git"
  },
  "author": "Mikkel Trolle Larsen <trolster2@gmail.com>",
  "license": "MIT",
  "homepage": "https://github.com/trolster/ur-cli#readme",
  "scripts": {
    "clean": "rm -rf ./lib",
    "prelint": "npm run clean",
    "lint": "eslint ./src",
    "prebuild": "npm run lint",
    "build": "babel src -d lib --presets es2015-node,stage-3",
    "release": "np"
  },
  "bin": {
    "urcli": "./lib/index.js"
  },
  "dependencies": {
    "chalk": "^1.1.3",
    "cli-table3": "^0.5.0",
    "commander": "^2.9.0",
    "currency-formatter": "^1.1.1",
    "homedir": "^0.6.0",
    "inquirer": "^3.0.6",
    "moment": "^2.14.1",
    "moment-parseformat": "^2.1.4",
    "node-fetch": "^1.6.0",
    "node-notifier": "^5.0.2",
    "opn": "^4.0.2",
    "ora": "^1.1.0",
    "pushbullet": "^2.0.0",
    "request": "^2.74.0",
    "winston": "^2.2.0"
  },
  "engines": {
    "node": ">=6.0.0"
  },
  "devDependencies": {
    "babel-cli": "^6.23.0",
    "babel-core": "^6.23.1",
    "babel-eslint": "^7.1.1",
    "babel-polyfill": "^6.23.0",
    "babel-preset-es2015-node": "^6.1.1",
    "babel-preset-stage-3": "^6.22.0",
    "eslint": "^3.16.0",
    "eslint-config-airbnb": "^14.1.0",
    "eslint-plugin-import": "^2.2.0",
    "eslint-plugin-jsx-a11y": "^4.0.0",
    "eslint-plugin-react": "^6.10.0",
    "np": "^2.13.1"
  },
  "babel": {
    "presets": [
      "es2015-node",
      "stage-3"
    ]
  }
}