{
  "name": "min.js",
  "version": "0.2.3",
  "author": "Remy Sharp",
  "dependencies": {
    "grunt": "~0.4.1",
    "grunt-contrib-uglify": "~0.1.2",
    "grunt-contrib-concat": "~0.1.3",
    "grunt-contrib-watch": "~0.3.1"
  },
  "repository": {
    "type": "git",
    "url": "git://github.com/remy/min.js.git"
  },
  "licenses": [
    {
      "type": "MIT",
      "url": "http://rem.mit-license.org"
    }
  ],
  "scripts": {
    "comment": "note: this test is for travis, to test properly, use karma start karma.conf.js",
    "test": "./node_modules/.bin/karma start --browsers Firefox --single-run"
  },
  "devDependencies": {
    "sinon": "~1.7.3",
    "karma": "~0.8",
    "grunt-karma": "~0.4.5"
  }
}