{
  "name": "github-editorconfig",
  "version": "1.1.1",
  "description": "EditorConfig support for GitHub",
  "dependencies": {
    "bluebird": "^2.3.6",
    "editorconfig": "^0.12.0"
  },
  "devDependencies": {
    "json-loader": "^0.5.1",
    "webpack": "^1.4.8"
  },
  "scripts": {
    "kango": "python ../kango/kango.py build .",
    "prepublish": "node generate-manifest && webpack -p && npm run kango",
    "watch": "webpack --watch --debug --devtool eval --output-path=output/chrome",
    "dev": "npm run prepublish && npm run watch"
  },
  "extension_info": {
    "name": "GitHub EditorConfig",
    "background_scripts": [
      "background.built.js"
    ],
    "content_scripts": [
      "content.js"
    ],
    "options_page": "options.html",
    "permissions": {
      "content_scripts": [
        "https://github.com/*"
      ],
      "xhr": [
        "https://raw.githubusercontent.com/*"
      ]
    }
  },
  "repository": {
    "type": "git",
    "url": "https://github.com/RReverser/github-editorconfig"
  },
  "author": "Ingvar Stepanyan <me@rreverser.com> (http://rreverser.com)",
  "license": "MIT",
  "bugs": {
    "url": "https://github.com/RReverser/github-editorconfig/issues"
  },
  "homepage": "https://github.com/RReverser/github-editorconfig",
  "private": true
}