{
  "name": "douyu-vue",
  "version": "1.0.0",
  "description": "A Vue.js project",
  "author": "周军鹏 <172132189@qq.com>",
  "private": true,
  "scripts": {
    "dev": "node build/dev-server.js",
    "build": "node build/build.js"
  },
  "dependencies": {
    "axios": "^0.15.3",
    "lib-flexible": "^0.3.2",
    "vue": "^2.2.1",
    "vue-router": "^2.2.0"
  },
  "devDependencies": {
    "autoprefixer": "^6.7.2",
    "babel-core": "^6.22.1",
    "babel-loader": "^6.2.10",
    "babel-plugin-transform-runtime": "^6.22.0",
    "babel-preset-latest": "^6.22.0",
    "babel-preset-stage-2": "^6.22.0",
    "babel-register": "^6.22.0",
    "chalk": "^1.1.3",
    "connect-history-api-fallback": "^1.3.0",
    "copy-webpack-plugin": "^4.0.1",
    "css-loader": "^0.26.1",
    "eventsource-polyfill": "^0.9.6",
    "express": "^4.14.1",
    "extract-text-webpack-plugin": "^2.0.0",
    "file-loader": "^0.10.0",
    "friendly-errors-webpack-plugin": "^1.1.3",
    "function-bind": "^1.1.0",
    "html-webpack-plugin": "^2.28.0",
    "http-proxy-middleware": "^0.17.3",
    "webpack-bundle-analyzer": "^2.2.1",
    "semver": "^5.3.0",
    "opn": "^4.0.2",
    "optimize-css-assets-webpack-plugin": "^1.3.0",
    "ora": "^1.1.0",
    "rimraf": "^2.6.0",
    "url-loader": "^0.5.7",
    "vue-loader": "^11.0.0",
    "vue-style-loader": "^2.0.0",
    "vue-template-compiler": "^2.2.1",
    "webpack": "^2.2.1",
    "webpack-dev-middleware": "^1.10.0",
    "webpack-hot-middleware": "^2.16.1",
    "webpack-merge": "^2.6.1"
  },
  "engines": {
    "node": ">= 4.0.0",
    "npm": ">= 3.0.0"
  },
  "browserlist": [
    "> 1%",
    "last 2 versions",
    "not ie <= 8"
  ]
}