{
  "name": "aurelia-script",
  "version": "1.3.1",
  "description": "Aurelia's concatenated script-tag-ready build.",
  "keywords": [
    "aurelia"
  ],
  "main": "dist/aurelia_router.umd.js",
  "browser": "dist/aurelia_router.umd.js",
  "module": "dist/aurelia_router.esm.js",
  "unpkg": "dist/aurelia_router.umd.min.js",
  "jsdelivr": "dist/aurelia_router.umd.min.js",
  "homepage": "http://aurelia.io",
  "bugs": {
    "url": "https://github.com/aurelia/aurelia/issues"
  },
  "repository": {
    "type": "git",
    "url": "http://github.com/aurelia/aurelia"
  },
  "license": "MIT",
  "author": "Rob Eisenberg <rob@bluespire.com> (http://robeisenberg.com/)",
  "scripts": {
    "build": "rollup -c ./build/rollup.config.js --environment ROUTER:false",
    "build:full": "rollup -c ./build/rollup.config.js",
    "minify:umd": "terser ./dist/aurelia.umd.js -o ./dist/aurelia.umd.min.js --config-file ./build/terser.config.json",
    "minify:esm": "terser ./dist/aurelia.esm.js -o ./dist/aurelia.esm.min.js --config-file ./build/terser.config.json",
    "minify:router:umd": "terser ./dist/aurelia_router.umd.js -o ./dist/aurelia_router.umd.min.js --config-file ./build/terser.config.json",
    "minify:router:esm": "terser ./dist/aurelia_router.esm.js -o ./dist/aurelia_router.esm.min.js --config-file ./build/terser.config.json",
    "bundle": "npm run build:full",
    "postbundle": "npm run minify",
    "minify": "npm run minify:esm && npm run minify:umd && npm run minify:router:umd && npm run minify:router:esm"
  },
  "devDependencies": {
    "aurelia-binding": "^2.2.0",
    "aurelia-bootstrapper": "^2.1.1",
    "aurelia-dependency-injection": "^1.4.2",
    "aurelia-event-aggregator": "^1.0.2",
    "aurelia-framework": "^1.3.1",
    "aurelia-history": "git+https://github.com/aurelia/history.git",
    "aurelia-history-browser": "git+https://github.com/aurelia/history-browser.git",
    "aurelia-loader": "git+https://github.com/aurelia/loader.git",
    "aurelia-loader-esm": "git+https://github.com/aurelia/loader-esm.git",
    "aurelia-logging": "^1.5.1",
    "aurelia-logging-console": "^1.1.0",
    "aurelia-metadata": "^1.0.5",
    "aurelia-pal": "^1.8.1",
    "aurelia-pal-browser": "^1.8.1",
    "aurelia-path": "git+https://github.com/aurelia/path.git",
    "aurelia-polyfills": "git+https://github.com/aurelia/polyfills.git",
    "aurelia-route-recognizer": "git+https://github.com/aurelia/route-recognizer.git",
    "aurelia-router": "git+https://github.com/aurelia/router.git",
    "aurelia-task-queue": "^1.3.2",
    "aurelia-templating": "^1.10.1",
    "aurelia-templating-binding": "git+https://github.com/aurelia/templating-binding.git",
    "aurelia-templating-resources": "^1.7.2",
    "aurelia-templating-router": "git+https://github.com/aurelia/templating-router.git",
    "rollup": "^1.1.1",
    "rollup-plugin-commonjs": "^9.2.0",
    "rollup-plugin-node-resolve": "^3.4.0",
    "rollup-plugin-replace": "^2.1.0",
    "terser": "^3.10.0"
  }
}