{
  "name": "comment.js",
  "version": "1.0.7",
  "description": "A tiny comment system based on Github issue comments.",
  "main": "comment.js",
  "scripts": {
    "test": "echo \"Error: no test specified\" && exit 1"
  },
  "repository": {
    "type": "git",
    "url": "https://github.com/wzpan/comment.js.git"
  },
  "keywords": [
    "comment",
    "github",
    "disqus"
  ],
  "author": "Joseph Pan",
  "license": "MIT",
  "bugs": {
    "url": "https://github.com/wzpan/comment.js/issues"
  },
  "homepage": "http://wzpan.github.io/comment.js"
}