{
  "name": "storybook-addon-smart-knobs",
  "version": "4.1.1",
  "description": "Automatically created knobs for storybook.",
  "repository": "https://github.com/storybooks/addon-smart-knobs",
  "license": "MIT",
  "author": "Storybook Team",
  "main": "dist/index.js",
  "scripts": {
    "clean": "rimraf ./dist",
    "compile": "babel ./src --out-dir ./dist",
    "prepublish": "npm run clean && npm run compile",
    "storybook": "start-storybook -p 9010",
    "test": "jest"
  },
  "devDependencies": {
    "@babel/cli": "^7.2.0",
    "@babel/core": "^7.2.0",
    "@babel/plugin-proposal-class-properties": "^7.2.0",
    "@babel/plugin-proposal-export-default-from": "^7.2.0",
    "@babel/preset-env": "^7.2.0",
    "@babel/preset-flow": "^7.0.0",
    "@babel/preset-react": "^7.0.0",
    "@storybook/addon-actions": "^4.1.1",
    "@storybook/addon-info": "^4.1.1",
    "@storybook/addon-knobs": "^4.1.1",
    "@storybook/addon-options": "^4.1.1",
    "@storybook/react": "^4.1.1",
    "babel-loader": "^8.0.4",
    "babel-plugin-react-docgen": "^2.0.0",
    "css-loader": "^2.0.0",
    "eslint-config-taller": "^2.0.0",
    "eslint-plugin-flowtype": "^3.0.0",
    "jest": "^23.6.0",
    "prop-types": "^15.6.2",
    "react": "^16.6.3",
    "react-dom": "^16.6.3",
    "rimraf": "^2.6.2"
  },
  "peerDependencies": {
    "@storybook/addon-knobs": "^4.1.1",
    "@storybook/addon-options": "^4.1.1",
    "@storybook/react": "^4.1.1",
    "react": ">=15.0.0 || ^16.0.0"
  }
}