{
  "name": "cucumber-electron",
  "version": "2.6.0",
  "description": "Runs cucumber.js in electron",
  "main": "index.js",
  "bin": {
    "cucumber-electron": "./bin/cucumber-electron.js"
  },
  "scripts": {
    "test": "cucumber-js && node ./bin/cucumber-electron.js && npm run eslint",
    "eslint": "eslint '**/*.js'"
  },
  "author": "Josh Chisholm <joshuachisholm@gmail.com>",
  "license": "MIT",
  "dependencies": {
    "ansi-to-html": "^0.6.9",
    "electron-window": "^0.8.1"
  },
  "repository": {
    "type": "git",
    "url": "git://github.com/featurist/cucumber-electron.git"
  },
  "devDependencies": {
    "colors": "^1.3.2",
    "cucumber": "5.0.3",
    "electron": "^3.0.10",
    "eslint": "^5.10.0",
    "fs-promise": "^2.0.3",
    "mkdirp-promise": "^5.0.1",
    "rmfr": "^2.0.0"
  }
}