{
  "name": "power-polygon",
  "description": "The definitive Presentation tool, based on free open web technologies.",
  "version": "0.0.1",
  "author": "Felipe N. Moura<felipenmoura@gmail.com>",
  "license": "MIT",
  "repository": "http://github.com/braziljs/power-polygon",
  "keywords": [
    "talk",
    "presentation",
    "conference",
    "html5",
    "browser"
  ],
  "dependencies": {
    "express": "^4.4.x",
    "socket.io": "^0.9.x",
    "grunt": "^0.4.x",
    "grunt-contrib-uglify": "^0.5.x",
    "sqlite3": "^2.2.x",
    "body-parser": "^1.4.x",
    "cookie-parser": "^1.3.x",
    "express-session": "^1.4.x",
    "compression": "^1.0.x",
    "connect-multiparty": "^1.0.x"
  }
}