{
  "name": "react-native-swipe-up-down",
  "version": "1.0.6",
  "description": "Swipe Up Down component",
  "main": "index.js",
  "scripts": {
    "test": "echo \"Error: no test specified\" && exit 1"
  },
  "repository": {
    "type": "git",
    "url": "https://github.com/agiletechvn/react-native-swipe-up-down.git"
  },
  "keywords": [
    "react-native",
    "minhchienwikipedia",
    "agiletechvn",
    "ios",
    "android"
  ],
  "author": "Duong Minh Chien <minhchienwikipedia@gmail.com> (https://github.com/minhchienwikipedia)",
  "license": "MIT",
  "peerDependencies": {
    "react-native": "^0.41.2"
  },
  "dependencies": {}
}