{
  "name": "2019-conferences",
  "version": "0.0.0",
  "description": "A list of 2019 web development conferences",
  "main": "build.js",
  "scripts": {
    "build": "node build"
  },
  "repository": {
    "type": "git",
    "url": "git+https://github.com/ryanburgess/2019-conferences.git"
  },
  "keywords": [
    "javascript",
    "node",
    "react",
    "ember",
    "angular",
    "html5",
    "conferences",
    "web",
    "development",
    "list"
  ],
  "author": "Ryan Burgess",
  "license": "MIT",
  "bugs": {
    "url": "https://github.com/ryanburgess/2019-conferences/issues"
  },
  "homepage": "https://github.com/ryanburgess/2019-conferences#readme",
  "dependencies": {
    "country-list": "^2.1.0",
    "ical-generator": "^0.2.10"
  },
  "config": {
    "ghooks": {
      "pre-commit": "node build"
    }
  },
  "devDependencies": {}
}