{
  "name": "leo",
  "version": "1.0.0",
  "description": "Tooling for building leo",
  "main": "index.js",
  "scripts": {
    "test": "ava packages/*/test/*.js",
    "test:cover": "nyc --babel --reporter=text ava packages/*/test/*.js"
  },
  "repository": {
    "type": "git",
    "url": "git+https://github.com/superawesomelabs/leo.git"
  },
  "keywords": [
    "leo"
  ],
  "author": "Christopher Biscardi <chris@christopherbiscardi.com>",
  "license": "ISC",
  "bugs": {
    "url": "https://github.com/superawesomelabs/leo/issues"
  },
  "homepage": "https://github.com/superawesomelabs/leo#readme",
  "dependencies": {
    "ava": "^0.17.0",
    "babel-cli": "^6.18.0",
    "babel-core": "^6.18.0",
    "babel-eslint": "^7.0.0",
    "babel-plugin-transform-runtime": "^6.15.0",
    "babel-preset-es2015": "^6.18.0",
    "babel-preset-react": "^6.16.0",
    "babel-preset-stage-0": "^6.16.0",
    "eslint": "^3.8.1",
    "eslint-config-superawesome": "^1.0.0",
    "eval": "^0.1.1",
    "frontmatter-loader": "0.0.1",
    "json-loader": "^0.5.4",
    "memory-fs": "^0.4.1",
    "nyc": "^10.0.0",
    "webpack": "^2.2.0-rc.1"
  },
  "devDependencies": {
    "commitizen": "^2.8.6",
    "cz-lerna-changelog": "^0.3.0",
    "lerna": "2.0.0-beta.30",
    "lerna-semantic-release": "^8.0.2"
  }
}