{
  "name": "studentinsights",
  "version": "0.1.0",
  "engines": {
    "node": "^10.13.0"
  },
  "repository": {
    "type": "git",
    "url": "https://github.com/studentinsights/studentinsights.git"
  },
  "license": "MIT",
  "scripts": {
    "lint": "eslint --fix --ext jsx --ext js -c .eslintrc app/assets/javascripts spec/javascripts ui; exit 0",
    "lint-cli": "eslint --ext jsx --ext js -c .eslintrc app/assets/javascripts spec/javascripts ui",
    "dev": "NODE_ENV=development webpack --config ui/config/webpack.dev.js --watch",
    "build": "NODE_ENV=production webpack --config ui/config/webpack.prod.js",
    "start": "concurrently --kill-others \"bundle exec rails s\" \"yarn dev\"",
    "jest": "TZ='America/New_York' jest --config jest.json",
    "test": "yarn jest --watch",
    "test-cli": "yarn lint-cli && yarn jest && yarn audit",
    "storybook": "start-storybook -p 6006 --config-dir ui/config/.storybook"
  },
  "heroku-run-build-script": true,
  "dependencies": {
    "@babel/core": "^7.0.0",
    "@babel/runtime": "^7.0.0",
    "array.prototype.fill": "^1.0.2",
    "array.prototype.find": "^2.0.4",
    "chroma-js": "^1.3.7",
    "css-loader": "^0.28.11",
    "d3": "3.5.12",
    "es5-shim": "^4.5.9",
    "fetch-mock": "^6.0.1",
    "highcharts": "^6.0.2",
    "jest-fetch-mock": "^1.4.2",
    "jquery": "^3.2.1",
    "lodash": "^4.17.11",
    "moment": "2.19.3",
    "object-assign": "^4.1.1",
    "object-hash": "^1.3.0",
    "percentile": "^1.2.0",
    "promise-polyfill": "^6.0.2",
    "query-string": "^5.1.0",
    "react": "^16.0.0",
    "react-beautiful-dnd": "6.0.2",
    "react-debounce-input": "^3.2.0",
    "react-dom": "^16.0.0",
    "react-modal": "3.1.10",
    "react-router-dom": "^4.2.2",
    "react-select": "^1.2.1",
    "react-test-renderer": "^16.0.0",
    "react-virtualized": "9.20",
    "rollbar-browser": "^1.9.5",
    "uuid": "^3.2.1",
    "whatwg-fetch": "^2.0.3",
    "wordcloud": "^1.1.0"
  },
  "devDependencies": {
    "@babel/core": "^7.0.0",
    "@babel/preset-react": "^7.0.0",
    "@storybook/addon-actions": "^3.4.3",
    "@storybook/react": "3.4.11",
    "babel-core": "^7.0.0-bridge.0",
    "babel-jest": "^24.1.0",
    "babel-loader": "^8.0.5",
    "babel-preset-react-app": "^7.0.0",
    "clean-webpack-plugin": "^0.1.17",
    "compression-webpack-plugin": "^1.0.1",
    "concurrently": "^3.5.0",
    "css-loader": "^0.28.11",
    "enzyme": "^3.3.0",
    "enzyme-adapter-react-16": "^1.9.0",
    "eslint": "^3.3.1",
    "eslint-plugin-react": "^6.1.2",
    "jest": "^24.1.0",
    "jest-canvas-mock": "^1.1.0",
    "script-loader": "^0.7.2",
    "style-loader": "^0.20.3",
    "webpack": "^3.8.1",
    "webpack-manifest-plugin": "^1.3.2",
    "webpack-merge": "^4.1.0"
  }
}