{
  "name": "effectful-js",
  "private": true,
  "author": "Vitaliy Akimov <vitaliy.akimov@gmail.com>",
  "license": "MIT",
  "version": "0.0.0",
  "scripts": {
    "test": "cross-env BABEL_DISABLE_CACHE=1 lerna run test",
    "build": "lerna run build && lerna run build-loose",
    "prepare": "lerna bootstrap && npm run build && npm run prepare-test",
    "prepare-test": "lerna run prepare-test && lerna run link-test"
  },
  "devDependencies": {
    "@babel/core": "^7.0.0",
    "@babel/plugin-proposal-object-rest-spread": "^7.0.0",
    "@babel/plugin-syntax-async-generators": "^7.0.0",
    "@babel/plugin-syntax-function-sent": "^7.0.0",
    "@babel/plugin-syntax-jsx": "^7.2.0",
    "@babel/plugin-transform-arrow-functions": "^7.0.0",
    "@babel/plugin-transform-block-scoping": "^7.0.0",
    "@babel/plugin-transform-destructuring": "^7.0.0",
    "@babel/plugin-transform-for-of": "^7.0.0",
    "@babel/plugin-transform-modules-commonjs": "^7.0.0",
    "@babel/plugin-transform-react-jsx": "^7.0.0",
    "@babel/plugin-transform-shorthand-properties": "^7.0.0",
    "@babel/plugin-transform-spread": "^7.0.0",
    "@babel/preset-env": "^7.0.0",
    "@babel/register": "^7.0.0",
    "assert": "^1.4.1",
    "babel-core": "^7.0.0-bridge.0",
    "babel-plugin-minify-dead-code-elimination": "^0.5.0",
    "babel-plugin-transform-inline-environment-variables": "^0.4.3",
    "chai": "^4.1.2",
    "cross-env": "^5.1.3",
    "lerna": "^3.4.1",
    "rollup": "^0.66.6",
    "rollup-plugin-babel": "^4.0.0",
    "rollup-plugin-node-resolve": "^3.3.0",
    "terminal-kit": "^1.11.0"
  }
}