{
  "name": "natural-synaptic",
  "version": "1.0.1",
  "description": "Javascript Natural Language Classifier",
  "main": "lib/index.js",
  "scripts": {
    "test": "mocha test/ --recursive"
  },
  "author": "Nima Gardideh <nima@halfmoon.ws>",
  "repository": {
    "type": "git",
    "url": "git://github.com/nemo/natural-synaptic.git"
  },
  "license": "MIT",
  "dependencies": {
    "fs": "0.0.2",
    "lodash": "^3.10.1",
    "natural": "^0.2.1",
    "synaptic": "^1.0.2"
  },
  "devDependencies": {
    "expect.js": "^0.3.1",
    "mocha": "^2.3.4"
  }
}