{
  "name": "nong",
  "version": "0.1.0",
  "description": "农历日期(Nong Li Date)",
  "keywords": [
    "农历",
    "Lunar",
    "Calendar",
    "Nong",
    "NongLi",
    "Nong Li"
  ],
  "homepage": "https://github.com/hotoo/nong",
  "author": "闲耘 <hotoo.cn@gmail.com>",
  "repository": {
    "type": "git",
    "url": "https://github.com/hotoo/nong.git"
  },
  "bugs": {
    "url": "https://github.com/hotoo/nong/issues"
  },
  "main": "index.js",
  "spm": {
    "main": "index.js",
    "devDependencies": {
      "expect.js": "0.3.1"
    },
    "engines": {
      "seajs": "2.3.0"
    }
  },
  "licenses": "MIT"
}