{
  "name": "angularMaterialFormBuilder",
  "version": "0.0.0",
  "dependencies": {},
  "scripts": {
    "test": "gulp test"
  },
  "devDependencies": {
    "gulp": "~3.9.0",
    "gulp-autoprefixer": "~2.3.1",
    "gulp-angular-templatecache": "~1.6.0",
    "del": "~1.2.0",
    "lodash": "~3.9.3",
    "gulp-csso": "~1.0.0",
    "gulp-filter": "~2.0.2",
    "gulp-flatten": "~0.0.4",
    "gulp-jshint": "~1.11.0",
    "gulp-load-plugins": "~0.10.0",
    "gulp-size": "~1.2.1",
    "gulp-uglify": "~1.2.0",
    "gulp-useref": "~1.2.0",
    "gulp-util": "~3.0.5",
    "gulp-ng-annotate": "~1.0.0",
    "gulp-replace": "~0.5.3",
    "gulp-rename": "~1.2.2",
    "gulp-rev": "~5.0.0",
    "gulp-rev-replace": "~0.4.2",
    "gulp-minify-html": "~1.0.3",
    "gulp-inject": "~1.3.1",
    "gulp-protractor": "~1.0.0",
    "gulp-sourcemaps": "~1.5.2",
    "gulp-sass": "~2.0.1",
    "gulp-angular-filesort": "~1.1.1",
    "main-bower-files": "~2.8.0",
    "merge-stream": "~0.1.7",
    "jshint-stylish": "~2.0.0",
    "wiredep": "~2.2.2",
    "karma": "~0.12.36",
    "karma-jasmine": "~0.3.5",
    "karma-phantomjs-launcher": "~0.2.0",
    "karma-angular-filesort": "~0.1.0",
    "karma-ng-html2js-preprocessor": "~0.1.2",
    "concat-stream": "~1.5.0",
    "require-dir": "~0.3.0",
    "browser-sync": "~2.7.12",
    "browser-sync-spa": "~1.0.2",
    "http-proxy-middleware": "~0.0.5",
    "chalk": "~1.0.0",
    "uglify-save-license": "~0.4.1",
    "wrench": "~1.5.8"
  },
  "engines": {
    "node": ">=0.10.0"
  }
}