{
  "name": "animated-styled-components",
  "version": "0.5.4",
  "description": "React Animated Styled Components",
  "main": "build/animated.js",
  "scripts": {
    "build": "webpack",
    "prepare": "webpack"
  },
  "keywords": [
    "react",
    "animated",
    "styled-components",
    "animations",
    "transitions",
    "css"
  ],
  "author": "Alex Casillas <alexvcasillas@gmail.com>",
  "license": "MIT",
  "devDependencies": {
    "@babel/cli": "^7.0.0-beta.47",
    "@babel/core": "^7.0.0-beta.47",
    "@babel/plugin-proposal-class-properties": "^7.0.0-beta.47",
    "@babel/plugin-transform-runtime": "^7.0.0-beta.47",
    "@babel/preset-env": "^7.0.0-beta.47",
    "@babel/preset-react": "^7.0.0-beta.47",
    "ava": "1.0.0-beta.4",
    "babel-loader": "^8.0.0-beta.2",
    "webpack": "^4.8.3",
    "webpack-cli": "^2.1.3"
  },
  "peerDependencies": {
    "react": "^16.3.2",
    "styled-components": "^3.2.6"
  },
  "dependencies": {
    "@babel/runtime": "^7.0.0-beta.47"
  }
}