{
  "name": "material-sense",
  "version": "0.1.0",
  "private": true,
  "homepage": "https://alexanmtz.github.io/material-sense",
  "dependencies": {
    "@material-ui/core": "^3.4.0",
    "@material-ui/icons": "^3.0.1",
    "@material-ui/lab": "^3.0.0-alpha.23",
    "gh-pages": "^2.0.1",
    "numeral": "^2.0.6",
    "query-string": "^6.2.0",
    "react": "^16.6.0",
    "react-dom": "^16.6.0",
    "react-router-dom": "^4.3.1",
    "react-scripts": "2.1.1",
    "react-swipeable-views": "^0.13.0",
    "react-swipeable-views-utils": "^0.13.0",
    "recharts": "^1.3.5"
  },
  "scripts": {
    "start": "react-scripts start",
    "build": "react-scripts build",
    "test": "react-scripts test",
    "eject": "react-scripts eject",
    "predeploy": "npm run build",
    "deploy": "gh-pages -d build"
  },
  "eslintConfig": {
    "extends": "react-app"
  },
  "browserslist": [
    ">0.2%",
    "not dead",
    "not ie <= 11",
    "not op_mini all"
  ]
}