{
  "name": "dco",
  "version": "1.0.0",
  "description": "a GitHub App that enforces the DCO on Pull Requests",
  "author": "Brandon Keepers",
  "license": "ISC",
  "repository": "https://github.com/probot/dco.git",
  "scripts": {
    "start": "probot run ./index.js",
    "test": "jest && standard"
  },
  "engines": {
    "node": ">= 8.3.0",
    "npm": ">= 5.3.0"
  },
  "devDependencies": {
    "eslint-plugin-import": "^2.11.0",
    "jest": "^23.6.0",
    "nock": "^10.0.1",
    "smee-client": "^1.0.1",
    "standard": "^12.0.1"
  },
  "standard": {
    "env": [
      "jest"
    ]
  },
  "dependencies": {
    "email-validator": "^2.0.3",
    "probot": "^7.3.1"
  },
  "jest": {
    "testEnvironment": "node"
  }
}