{
  "name": "ng-responsive-calendar",
  "version": "0.1.0",
  "private": false,
  "author": "twinssbc",
  "engines": {
    "node": "0.10.x",
    "npm": "1.3.x"
  },
  "dependencies": {},
  "devDependencies": {
    "grunt": "~0.4.2",
    "grunt-contrib-jshint": "~0.8.0",
    "grunt-contrib-copy": "~0.5.0",
    "grunt-contrib-concat": "~0.5.0",
    "grunt-contrib-uglify": "~0.5.0",
    "grunt-string-replace": "~1.0.0",
    "grunt-contrib-cssmin": "~0.12.2",
    "grunt-contrib-clean": "~0.6.0",
    "grunt-html2js": "~0.2.0"
  }
}