{
  "name": "react-bacon-todomvc",
  "version": "0.0.1",
  "author": "Matti Lankinen <m.lankinen@iki.fi>",
  "license": "MIT",
  "private": false,
  "scripts": {
    "bundle": "browserify src/app.js --extension .jsx -t babelify > build/bundle.js",
    "watch": "watchify src/app.js -v --extension .jsx -t babelify -o build/bundle.js"
  },
  "dependencies": {
    "babel": "5.2.15",
    "baconjs": "0.7.53",
    "ramda": "^0.13.0",
    "react": "0.13.2",
    "todomvc-app-css": "1.0.0",
    "todomvc-common": "1.0.1"
  },
  "engines": {
    "node": "0.12.x"
  },
  "devDependencies": {
    "babelify": "6.0.2",
    "browserify": "10.1.0",
    "less": "2.5.0",
    "watchify": "3.2.1"
  }
}