{
  "name": "perseus",
  "version": "0.0.1",
  "scripts": {
    "start": "make server",
    "test": "jest",
    "flow": "flow"
  },
  "dependencies": {
    "aphrodite": "^0.3.0",
    "classnames": "~1.1.4",
    "draft-js": "^0.7.0",
    "immutable": "~3.7.4",
    "webfontloader": "^1.6.24"
  },
  "devDependencies": {
    "aphrodite": "^0.3.1",
    "babel-core": "6.16.0",
    "babel-plugin-flow-react-proptypes": "0.17.2",
    "babel-plugin-syntax-trailing-function-commas": "6.22.0",
    "babel-plugin-transform-es2015-modules-commonjs": "6.26.0",
    "babel-preset-es2015": "6.24.1",
    "babel-preset-react": "6.5.0",
    "babel-preset-stage-1": "6.5.0",
    "babel-preset-stage-2": "6.24.1",
    "babel-register": "6.8.0",
    "btoa": "1.1.2",
    "flow-bin": "0.35.0",
    "jsdom": "^7.0.0",
    "json-loader": "~0.5.1",
    "less": "~1.7.0",
    "loader-utils": "~0.2.5",
    "mocha": "^1.19.0",
    "react-tools": "0.12.0-rc1",
    "requirejs": "~2.1.11",
    "uglify-js": "^2.6.2",
    "webpack": "~1.4.3",
    "webpack-dev-server": "^1.8.0"
  },
  "repository": {
    "type": "git",
    "url": "git@github.com:Khan/perseus.git"
  },
  "browser": {
    "fs": false
  }
}