{
  "name": "codemod-rn24-to-rn25",
  "version": "1.0.0",
  "description": "A codemod to transform imports from RN24 to >=RN25",
  "license": "MIT",
  "author": "Sibelius Seraphini",
  "contributors": [
    {
      "name": "Ali Najafizadeh",
      "url": "https://github.com/alinz"
    },
    {
      "name": "Colin Parsons",
      "url": "https://github.com/ultralame"
    },
    {
      "name": "Jeremy Greer",
      "url": "https://github.com/reergymerej"
    }
  ],
  "main": "./transform.js",
  "repository": {
    "type": "git",
    "url": "git@github.com:sibeliusseraphini/codemod-RN24-to-RN25.git"
  },
  "scripts": {
    "test": "mocha --compilers js:babel-register"
  },
  "devDependencies": {
    "babel-preset-es2015": "^6.9.0",
    "babel-register": "^6.9.0",
    "find": "^0.2.4",
    "jscodeshift-helper": "^1.1.0",
    "mocha": "^2.4.5"
  }
}