{
  "name": "safe-launcher",
  "productName": "SAFE Launcher",
  "version": "0.11.0",
  "description": "SAFE Launcher Application",
  "copyright": "© 2017, MaidSafe.net Ltd",
  "main": "dist/main.js",
  "identifier": "net.maidsafe.safelauncher",
  "scripts": {
    "test": "cross-env NODE_ENV=test BABEL_DISABLE_CACHE=1 electron-mocha -t 15000 --compilers js:babel-register --recursive --require ./test/setup.js test/**/*.spec.js",
    "test-watch": "npm test -- --watch",
    "test-e2e": "cross-env NODE_ENV=test BABEL_DISABLE_CACHE=1 mocha --compilers js:babel-register --require ./test/setup.js ./test/e2e.js",
    "lint": "eslint app test *.js",
    "hot-server": "node -r babel-register server.js",
    "build-main": "cross-env NODE_ENV=production node -r babel-register ./node_modules/webpack/bin/webpack --config webpack.config.electron.js --progress --profile --colors",
    "build-renderer": "cross-env NODE_ENV=production node -r babel-register ./node_modules/webpack/bin/webpack --config webpack.config.production.js --progress --profile --colors",
    "build-test": "cross-env NODE_ENV=test BABEL_DISABLE_CACHE=1 node -r babel-register ./node_modules/webpack/bin/webpack --config webpack.config.test.js --progress --profile --colors",
    "build": "npm run build-main && npm run build-renderer",
    "rebuild-native": "node -r babel-register rebuild_native.js",
    "start": "cross-env NODE_ENV=production electron ./",
    "start-hot": "cross-env HOT=1 NODE_ENV=development electron -r babel-register -r babel-polyfill ./main.development",
    "package": "cross-env NODE_ENV=production node -r babel-register package.js",
    "package-all": "npm run package -- --all",
    "postinstall": "node node_modules/fbjs-scripts/node/check-dev-engines.js package.json && npm run rebuild-native",
    "dev": "concurrently --kill-others \"npm run hot-server\" \"npm run start-hot\""
  },
  "bin": {
    "electron": "./node_modules/.bin/electron"
  },
  "repository": {
    "type": "git",
    "url": "git+https://github.com/maidsafe/safe_launcher.git"
  },
  "author": {
    "name": "MaidSafe",
    "email": "qa@maidsafe.net",
    "url": "https://maidsafe.net"
  },
  "bugs": {
    "url": "https://github.com/maidsafe/safe_launcher/issues"
  },
  "keywords": [
    "maidsafe",
    "launcher"
  ],
  "homepage": "https://github.com/maidsafe/safe_launcher#safe_launcher",
  "devDependencies": {
    "asar": "^0.12.1",
    "axios": "^0.13.1",
    "babel-core": "^6.13.1",
    "babel-eslint": "^6.1.2",
    "babel-loader": "^6.2.4",
    "babel-plugin-add-module-exports": "^0.2.1",
    "babel-plugin-dev-expression": "^0.2.1",
    "babel-plugin-webpack-loaders": "^0.7.0",
    "babel-polyfill": "^6.9.1",
    "babel-preset-es2015": "^6.9.0",
    "babel-preset-react": "^6.11.1",
    "babel-preset-react-optimize": "^1.0.1",
    "babel-register": "^6.9.0",
    "concurrently": "^2.2.0",
    "copy-webpack-plugin": "^3.0.1",
    "cross-env": "^2.0.0",
    "css-loader": "^0.23.1",
    "del": "^2.2.1",
    "devtron": "^1.2.1",
    "electron": "1.4.0",
    "electron-debug": "^1.0.1",
    "electron-devtools-installer": "^2.0.1",
    "electron-mocha": "^3.1.1",
    "electron-packager": "^7.3.0",
    "electron-prebuilt": "1.4.0",
    "electron-rebuild": "^1.1.5",
    "eslint": "^3.2.2",
    "eslint-config-airbnb": "^10.0.0",
    "eslint-import-resolver-webpack": "^0.5.1",
    "eslint-plugin-import": "^1.13.0",
    "eslint-plugin-jsx-a11y": "^2.0.1",
    "eslint-plugin-react": "^6.0.0",
    "express": "^4.14.0",
    "extract-text-webpack-plugin": "^1.0.1",
    "fbjs-scripts": "^0.7.1",
    "file-loader": "^0.9.0",
    "jsdom": "^9.4.1",
    "json-loader": "^0.5.4",
    "less": "^2.7.1",
    "less-loader": "^2.2.3",
    "minimist": "^1.2.0",
    "mocha": "^3.0.0",
    "react-hot-loader": "1.3.0",
    "redux-logger": "^2.6.1",
    "should": "^11.1.0",
    "spectron": "^3.2.6",
    "style-loader": "^0.13.1",
    "url-loader": "^0.5.7",
    "webpack": "^1.13.1",
    "webpack-dev-middleware": "^1.6.1",
    "webpack-hot-middleware": "^2.12.1",
    "webpack-merge": "^0.14.0",
    "webpack-target-electron-renderer": "^0.4.0"
  },
  "dependencies": {
    "body-parser": "^1.15.2",
    "classnames": "^2.2.5",
    "cors": "^2.8.3",
    "d3": "3.5.17",
    "enum": "^2.3.0",
    "ffi": "^2.1.0",
    "fs-extra": "^0.30.0",
    "jquery": "^3.1.0",
    "jsonwebtoken": "7.1.6",
    "lodash": "^4.15.0",
    "mime": "^1.3.4",
    "moment": "^2.14.1",
    "open-sans-fontface": "^1.4.0",
    "raw-body-parser": "0.0.2",
    "react": "15.3.0",
    "react-dom": "15.3.0",
    "react-redux": "^4.4.5",
    "react-router": "^2.6.0",
    "react-router-redux": "^4.0.5",
    "redux": "^3.5.2",
    "redux-thunk": "^2.1.0",
    "ref": "^1.3.2",
    "ref-struct": "^1.1.0",
    "source-map-support": "^0.4.2",
    "winston": "^2.2.0",
    "zxcvbn": "^4.3.0"
  },
  "devEngines": {
    "node": "6.x",
    "npm": "3.x"
  }
}