{
  "name": "react-qiniu",
  "version": "1.5.0",
  "description": "A React Component to upload file to Qiniu ",
  "main": "index.js",
  "scripts": {
    "test": "jest",
    "lint": "eslint ./; true"
  },
  "repository": {
    "type": "git",
    "url": "https://github.com/lingochamp/react-qiniu.git"
  },
  "keywords": [
    "react-component",
    "react",
    "qiniu",
    "upload",
    "drag",
    "drop"
  ],
  "author": "Yuan He <yuan@liulishuo.com>",
  "license": "MIT",
  "dependencies": {
    "bluebird": "^3.0.0",
    "superagent": "^1.2.0",
    "superagent-bluebird-promise": "^3.0.2"
  },
  "devDependencies": {
    "babel-eslint": "^3.1.18",
    "babel-jest": "^5.3.0",
    "eslint": "^0.23.0",
    "eslint-plugin-react": "^2.5.2",
    "jest-cli": "^0.4.13",
    "react": "^0.14.0",
    "react-dom": "^0.14.0"
  },
  "jest": {
    "scriptPreprocessor": "<rootDir>/node_modules/babel-jest",
    "unmockedModulePathPatterns": [
      "<rootDir>/node_modules/react"
    ],
    "testPathDirs": [
      "<rootDir>"
    ]
  }
}