{
  "name": "devsonket.github.io",
  "version": "1.0.0",
  "private": true,
  "dependencies": {
    "@emotion/core": "^10.0.0",
    "@emotion/styled": "^10.0.0",
    "axios": "^0.18.0",
    "react": "^16.4.2",
    "react-dom": "^16.4.2",
    "react-ga": "^2.5.3",
    "react-router-dom": "^4.3.1",
    "react-scripts": "^2.1.1",
    "react-share": "^2.3.1",
    "react-spinners": "^0.4.5"
  },
  "scripts": {
    "start": "react-scripts start",
    "postbuild": "react-snap",
    "build": "react-scripts build",
    "test": "react-scripts test --env=jsdom",
    "eject": "react-scripts eject"
  },
  "browserslist": [
    ">0.2%",
    "not dead",
    "not ie <= 11",
    "not op_mini all"
  ],
  "devDependencies": {
    "chalk": "^2.4.1",
    "colors-cli": "^1.0.20",
    "mv": "^2.1.1",
    "promise-fs": "^2.0.1",
    "react-snap": "^1.22.1"
  }
}