{
  "name": "vue_template",
  "version": "0.1.0",
  "private": true,
  "scripts": {
    "serve": "vue-cli-service serve",
    "build": "vue-cli-service build",
    "analyz": "vue-cli-service build --report"
  },
  "dependencies": {
    "animate.css": "^3.7.0",
    "axios": "^0.18.0",
    "dayjs": "^1.7.7",
    "number-precision": "^1.2.1",
    "tween.js": "^16.6.0",
    "vconsole": "^3.2.0",
    "vue": "^2.5.17",
    "vue-i18n": "^8.3.2",
    "vue-router": "^3.0.1",
    "vuex": "^3.0.1"
  },
  "devDependencies": {
    "@vue/cli-plugin-babel": "^3.2.0",
    "@vue/cli-service": "^3.2.0",
    "node-sass": "^4.9.0",
    "sass-loader": "^7.0.1",
    "vue-template-compiler": "^2.5.17"
  },
  "postcss": {
    "plugins": {
      "autoprefixer": {}
    }
  },
  "browserslist": [
    "> 1%",
    "last 2 versions",
    "not ie <= 8"
  ]
}