{
  "name": "glitch-community-site",
  "version": "0.0.1",
  "description": "Find cool projects and people using Glitch",
  "scripts": {
    "prestart": "nodemon --watch server --watch shared --exec 'eslint --config server/.eslintrc.server.js server shared webpack.config.js' &",
    "start": "nodemon --watch server --watch shared --watch views ./server/server.js",
    "storybook": "build-storybook -c storybook-config -o build/storybook"
  },
  "dependencies": {
    "@babel/core": "^7.2.0",
    "@babel/plugin-proposal-class-properties": "^7.3.0",
    "@babel/plugin-syntax-dynamic-import": "^7.2.0",
    "@babel/polyfill": "^7.2.5",
    "@babel/preset-env": "^7.2.3",
    "@babel/preset-react": "^7.0.0",
    "@sentry/browser": "^4.5.3",
    "@sentry/node": "^4.4.1",
    "@storybook/react": "^4.1.1",
    "autoprefixer-stylus": "^0.14.0",
    "axios": "^0.18.0",
    "babel-eslint": "^10.0.1",
    "babel-loader": "^8.0.5",
    "babel-plugin-lodash": "^3.3.4",
    "babel-preset-modern-browsers": "^13.0.1",
    "body-parser": "^1.18.3",
    "c3": "^0.6.12",
    "classnames": "^2.2.6",
    "compression": "^1.7.3",
    "css-loader": "^2.1.0",
    "d3-array": "^2.0.3",
    "dayjs": "^1.8.6",
    "details-element-polyfill": "^2.2.0",
    "ejs": "^2.6.1",
    "email-addresses": "^3.0.3",
    "eslint": "^5.14.1",
    "eslint-config-airbnb": "^17.1.0",
    "eslint-loader": "^2.1.2",
    "eslint-plugin-import": "^2.16.0",
    "eslint-plugin-jsx-a11y": "^6.2.1",
    "eslint-plugin-react": "^7.12.2",
    "eslint-plugin-react-hooks": "^1.2.0",
    "eslint-scope": "^4.0.0",
    "express": "^4.16.4",
    "express-http-proxy": "^1.5.1",
    "group-by-time": "^1.0.0",
    "html-truncate": "^1.2.2",
    "lodash": "^4.17.11",
    "lodash-webpack-plugin": "^0.11.5",
    "markdown-it": "^8.4.2",
    "markdown-it-emoji": "^1.4.0",
    "markdown-it-sanitizer": "^0.4.3",
    "memory-cache": "^0.2.0",
    "mini-css-extract-plugin": "^0.5.0",
    "nodemon": "^1.18.10",
    "prop-types": "^15.6.2",
    "quantize": "^1.0.2",
    "randomcolor": "^0.5.4",
    "react": "^16.8.3",
    "react-dom": "^16.8.3",
    "react-helmet": "^5.2.0",
    "react-is": "^16.8.3",
    "react-konami": "^0.5.0",
    "react-onclickoutside": "^6.8.0",
    "react-pluralize": "^1.5.0",
    "react-router-dom": "^4.3.1",
    "react-select": "^2.4.0",
    "react-textarea-autosize": "^7.1.0",
    "stats-webpack-plugin": "^0.7.0",
    "stylus": "^0.54.5",
    "stylus-loader": "^3.0.2",
    "terser-webpack-plugin": "^1.2.2",
    "url-join": "^4.0.0",
    "webpack": "^4.29.3",
    "webpack-cli": "^3.2.2",
    "webpack-dev-middleware": "^3.5.2"
  },
  "engines": {
    "node": "10.x"
  },
  "repository": {
    "url": "https://github.com/FogCreek/Glitch-Community"
  },
  "keywords": [
    "node",
    "glitch",
    "express",
    "react"
  ],
  "sideEffects": [
    "./src/utils/progress-promise.js",
    "./src/polyfills.js"
  ],
  "license": "Apache License Version 2.0"
}