{
  "name": "ipfsbin",
  "version": "2.0.3",
  "description": "Store your code snippets in IPFS",
  "main": "index.js",
  "engines": {
    "node": "5.4.1",
    "npm": "3.3.12"
  },
  "scripts": {
    "ipfs:daemon": "./start-daemon.sh",
    "test": "./test.sh",
    "test:watch": "mocha --compilers js:babel-register --watch --growl",
    "compile:prod": "NODE_ENV=prod webpack",
    "compile:dev": "NODE_ENV=dev webpack --progress",
    "dev": "./start-daemon.sh&NODE_ENV=dev node server.js",
    "prod": "./start-daemon.sh&NODE_ENV=prod node server.js"
  },
  "author": "Victor Bjelkholm <victorbjelkholm@gmail.com>",
  "license": "MIT",
  "devDependencies": {
    "babel": "^6.5.2",
    "babel-core": "^6.5.2",
    "babel-loader": "^6.2.4",
    "babel-preset-es2015": "^6.5.0",
    "babel-preset-react": "^6.5.0",
    "babel-preset-stage-0": "^6.5.0",
    "babel-register": "^6.5.2",
    "connect": "^3.4.1",
    "css-loader": "^0.23.1",
    "html-webpack-plugin": "^2.9.0",
    "ipfs-api": "^2.13.1",
    "ipfsd-ctl": "^0.8.3",
    "json-loader": "^0.5.4",
    "mocha": "^2.4.5",
    "morgan": "^1.7.0",
    "offline-plugin": "^2.0.4",
    "react": "^0.14.7",
    "react-addons-test-utils": "^0.14.7",
    "react-codemirror": "^0.2.5",
    "react-dom": "^0.14.7",
    "react-redux": "^4.4.0",
    "redux": "^3.3.1",
    "response-time": "^2.3.1",
    "script-loader": "^0.6.1",
    "serve-static": "^1.10.2",
    "standard": "^6.0.7",
    "style-loader": "^0.13.0",
    "url-loader": "^0.5.7",
    "webpack": "^1.12.14",
    "webpack-dev-server": "^1.14.1"
  },
  "babel": {
    "presets": [
      "stage-0",
      "es2015",
      "react"
    ]
  }
}