{
  "name": "Angular-Express-Train-Seed",
  "version": "0.0.2",
  "directories": {},
  "engines": {
    "node": ">=0.6.6",
    "npm": ">=1.1"
  },
  "dependencies": {
    "express": "~3.2.4",
    "express-train": "~1.0.2",
    "connect-timeout": "0.0.1",
    "connect-mongo": "~0.3.2",
    "mongoose": "~3.6.11",
    "async": "~0.2.8",
    "express-hbs": "~0.2.0",
    "passport": "~0.1.17",
    "passport-local": "~0.1.6",
    "winston": "~0.7.1",
    "express-trace": "0.0.3"
  },
  "devDependencies": {
    "mocha": "latest"
  },
  "main": "./app/index.js",
  "scripts": {
    "start": "./app/index.js"
  },
  "constants": {
    "title": "structure app",
    "session_length": 1209600000,
    "request_timeout": 10000
  }
}