{
  "private": true,
  "workspaces": [
    "packages/*"
  ],
  "scripts": {
    "dev": "lerna run dev",
    "build": "lerna run build",
    "karma.test": "lerna run karma.test",
    "karma.cover": "lerna run karma.cover",
    "karma.tdd": "lerna run karma.tdd",
    "clean": "lerna clean",
    "lint": "eslint --fix --ext .js,.jsx packages/ol-echarts/src packages/ol3-echarts/src",
    "prettify": "prettier --write packages/ol-echarts/src/**/*.js packages/ol3-echarts/src/**/*.js",
    "bootstrap": "lerna bootstrap",
    "publish-packages": "lerna publish --force-publish",
    "precommit": "lint-staged",
    "website": "webpack-dev-server --inline --config build/webpack.preview.conf.js",
    "generate": "webpack --config build/webpack.generate.conf.js",
    "deploy": "gh-pages -d _site"
  },
  "lint-staged": {
    "*.{js}": [
      "prettier --write",
      "eslint --fix",
      "git add"
    ]
  },
  "dependencies": {
    "echarts": "^4.1.0",
    "echarts-gl": "^1.0.0",
    "ol": "^5.1.3"
  },
  "devDependencies": {
    "autoprefixer": "^9.0.1",
    "babel-core": "^6.26.0",
    "babel-eslint": "^7.2.3",
    "babel-loader": "^7.1.2",
    "babel-plugin-external-helpers": "^6.22.0",
    "babel-plugin-import": "^1.8.0",
    "babel-plugin-istanbul": "^4.1.5",
    "babel-plugin-syntax-dynamic-import": "^6.18.0",
    "babel-plugin-transform-class-properties": "^6.24.1",
    "babel-plugin-transform-object-assign": "^6.22.0",
    "babel-plugin-transform-object-rest-spread": "^6.26.0",
    "babel-plugin-transform-proto-to-assign": "^6.26.0",
    "babel-plugin-transform-react-remove-prop-types": "^0.4.13",
    "babel-plugin-transform-runtime": "^6.23.0",
    "babel-preset-env": "^1.7.0",
    "babel-preset-es2015": "^6.24.1",
    "babel-preset-react": "^6.24.1",
    "babel-preset-stage-2": "^6.24.1",
    "babel-runtime": "^6.26.0",
    "codecov": "^3.0.0",
    "copy-webpack-plugin": "^4.5.2",
    "cross-env": "^5.2.0",
    "css-loader": "^1.0.0",
    "eslint": "^4.16.0",
    "eslint-config-standard": "^11.0.0",
    "eslint-friendly-formatter": "^3.0.0",
    "eslint-loader": "^2.1.0",
    "eslint-plugin-import": "^2.8.0",
    "eslint-plugin-node": "^5.2.1",
    "eslint-plugin-promise": "^3.6.0",
    "eslint-plugin-standard": "^3.0.1",
    "eslint-tinker": "^0.5.0",
    "expect.js": "^0.3.1",
    "extract-text-webpack-plugin": "^4.0.0-beta.0",
    "file-loader": "^1.1.11",
    "friendly-errors-webpack-plugin": "^1.7.0",
    "happen": "^0.3.1",
    "history": "^4.7.2",
    "html-webpack-plugin": "^4.0.0-alpha",
    "karma": "^1.7.0",
    "karma-babel-preprocessor": "^6.0.1",
    "karma-chrome-launcher": "^2.2.0",
    "karma-coverage": "^1.1.1",
    "karma-expect": "^1.1.3",
    "karma-firefox-launcher": "^1.0.1",
    "karma-happen": "^0.1.0",
    "karma-ie-launcher": "^1.0.0",
    "karma-mocha": "^1.3.0",
    "karma-mocha-reporter": "^2.2.4",
    "karma-phantomjs-launcher": "^1.0.4",
    "karma-rollup-preprocessor": "^5.0.1",
    "karma-safari-launcher": "^1.0.0",
    "karma-sinon": "^1.0.5",
    "lerna": "^2.8.0",
    "lint-staged": "^7.0.0",
    "mini-css-extract-plugin": "^0.4.1",
    "mocha": "^3.5.0",
    "node-sass": "^4.9.1",
    "optimize-css-assets-webpack-plugin": "^4.0.3",
    "portfinder": "^1.0.13",
    "postcss": "^6.0.23",
    "postcss-import": "^11.0.0",
    "postcss-loader": "^2.0.8",
    "postcss-url": "^7.2.1",
    "prettier": "^1.13.7",
    "react": "^16.4.1",
    "react-dom": "^16.4.1",
    "react-hot-loader": "^4.3.0",
    "react-router-dom": "^4.3.1",
    "rimraf": "^2.6.2",
    "rollup": "^0.63.4",
    "rollup-plugin-babel": "^3.0.7",
    "rollup-plugin-buble": "^0.19.2",
    "rollup-plugin-commonjs": "^9.1.4",
    "rollup-plugin-eslint": "^5.0.0",
    "rollup-plugin-local-resolve": "^1.0.7",
    "rollup-plugin-node-resolve": "^3.0.2",
    "rollup-plugin-replace": "^2.0.0",
    "rollup-watch": "^4.3.1",
    "sass-loader": "^7.0.3",
    "shx": "^0.3.2",
    "sinon": "^3.2.1",
    "gh-pages": "^1.2.0",
    "style-loader": "^0.21.0",
    "uglify-js": "^3.4.6",
    "url-loader": "^1.0.1",
    "webpack": "^4.16.3",
    "webpack-cli": "^3.1.0",
    "webpack-dev-server": "^3.1.5",
    "webpack-merge": "^4.1.3"
  },
  "engines": {
    "node": ">= 4.0.0",
    "npm": ">= 3.0.0"
  },
  "browserslist": [
    "> 1%",
    "last 2 versions",
    "not ie <= 8"
  ],
  "license": "MIT"
}