{
  "name": "express-rest-api-boilerplate",
  "version": "0.0.0",
  "author": "Lukas Aichbauer <l.aichbauer@gmail.com>",
  "license": "MIT",
  "repository": {
    "type": "git",
    "url": "git+https://github.com/aichbauer/express-rest-api-boilerplate.git"
  },
  "homepage": "https://github.com/aichbauer/express-rest-api-boilerplate#readme",
  "bugs": {
    "url": "https://github.com/aichbauer/express-rest-api-boilerplate/issues"
  },
  "scripts": {
    "project": "node ./scripts/index.js",
    "dev": "cross-env NODE_ENV=development node ./api/api.js",
    "create-sqlite-db": "shx touch ./db/database.sqlite",
    "drop-sqlite-db": "shx rm ./db/database.sqlite",
    "lint": "eslint ./api/. ./config/. ./test/.",
    "prestart": "npm run create-sqlite-db",
    "start": "npm run nodemon",
    "nodemon": "nodemon --exec npm run dev",
    "prepush": "npm test; npm run drop-sqlite-db; npm run create-sqlite-db",
    "pretest": "npm run lint",
    "production": "cross-env NODE_ENV=production node ./api/api.js",
    "test": "cross-env NODE_ENV=testing jest --coverage",
    "test-ci": "jest --coverage --forceExit"
  },
  "jest": {
    "globals": {
      "__DEV__": true
    },
    "testEnvironment": "node",
    "testPathIgnorePatterns": [
      "/node_modules/"
    ]
  },
  "dependencies": {
    "apollo-server-express": "^2.2.2",
    "bcrypt-nodejs": "^0.0.3",
    "body-parser": "^1.18.2",
    "cors": "^2.8.5",
    "express": "^4.16.4",
    "express-routes-mapper": "^1.1.0",
    "graphql": "^14.0.2",
    "helmet": "^3.15.0",
    "jsonwebtoken": "^8.4.0",
    "lodash.merge": "^4.6.1",
    "sequelize": "^4.41.2",
    "sqlite3": "^4.0.4"
  },
  "devDependencies": {
    "cross-env": "^5.2.0",
    "eslint": "^5.9.0",
    "eslint-config-airbnb-base": "^13.1.0",
    "eslint-plugin-import": "^2.14.0",
    "fs-extra": "^7.0.1",
    "husky": "^1.2.0",
    "jest": "^23.6.0",
    "nodemon": "^1.18.6",
    "shx": "^0.3.2",
    "supertest": "^3.3.0",
    "yargs": "^12.0.5"
  }
}