{
  "name": "feline",
  "version": "0.0.1",
  "private": true,
  "scripts": {
    "start": "node node_modules/react-native/local-cli/cli.js start",
    "test": "jest"
  },
  "dependencies": {
    "babel-plugin-transform-decorators-legacy": "^1.3.4",
    "bugsnag-react-native": "^2.7.0",
    "mobx": "^3.1.11",
    "mobx-react": "^4.2.1",
    "moment": "^2.21.0",
    "react": "16.0.0-alpha.6",
    "react-native": "0.44.2",
    "react-native-fabric": "^0.5.1",
    "react-native-parsed-text": "^0.0.18",
    "react-native-select-multiple": "^1.0.4",
    "react-native-vector-icons": "^4.2.0",
    "react-navigation": "^1.0.0-beta.11"
  },
  "devDependencies": {
    "babel-jest": "20.0.3",
    "babel-preset-react-native": "1.9.2",
    "jest": "20.0.4",
    "react-test-renderer": "16.0.0-alpha.6"
  },
  "jest": {
    "preset": "react-native"
  },
  "rnpm": {
    "assets": [
      "./assets/fonts"
    ]
  }
}