{
  "name": "@mike-works/web-security-fundamentals",
  "version": "0.0.0-development",
  "private": true,
  "scripts": {
    "start": "./node_modules/.bin/nodemon -e js --watch server index.js",
    "test": "echo 'no tests'",
    "travis-deploy-once": "travis-deploy-once",
    "semantic-release": "semantic-release"
  },
  "dependencies": {
    "bcrypt": "3.0.4",
    "body-parser": "1.18.3",
    "chalk": "2.4.2",
    "commander": "2.19.0",
    "connect-flash": "0.1.1",
    "connect-sqlite3": "0.9.11",
    "cookie-parser": "1.4.4",
    "cookie-session": "2.0.0-beta.3",
    "cors": "2.8.5",
    "csurf": "1.9.0",
    "debug": "4.1.1",
    "dist-exiftool": "10.53.0",
    "ejs": "2.6.1",
    "ejs-mate": "3.0.0",
    "express": "4.16.4",
    "express-session": "1.15.6",
    "faker": "4.1.0",
    "helmet": "3.16.0",
    "helmet-csp": "2.7.1",
    "lodash": "4.17.11",
    "morgan": "1.9.1",
    "node-exiftool": "2.3.0",
    "nodemon": "1.18.10",
    "sequelize": "4.43.0",
    "serve-favicon": "2.5.0",
    "sqlite3": "4.0.6"
  },
  "description": "Mike Works Web Security course",
  "main": "index.js",
  "repository": {
    "type": "git",
    "url": "https://github.com/mike-works/web-security-fundamentals.git"
  },
  "keywords": [
    "web-security",
    "infosec",
    "xss",
    "cors",
    "pentest",
    "clickjack",
    "workshop",
    "javascript"
  ],
  "author": "Mike North <michael.l.north@gmail.com> (https://mike.works)",
  "license": "BSD-3-Clause",
  "bugs": {
    "url": "https://github.com/mike-works/web-security-fundamentals/issues"
  },
  "homepage": "https://github.com/mike-works/web-security-fundamentals#readme",
  "devDependencies": {
    "@mike-works/js-lib-renovate-config": "2.0.0",
    "@mike-works/workshop-semantic-release-config": "1.0.0",
    "@types/lodash": "4.14.123",
    "babel-core": "6.26.3",
    "babel-eslint": "10.0.1",
    "babel-preset-stage-3": "6.24.1",
    "semantic-release": "15.13.3",
    "travis-deploy-once": "5.0.11"
  },
  "release": {
    "extends": "@mike-works/workshop-semantic-release-config"
  }
}