{
  "name": "fontcdn",
  "version": "1.0.0",
  "description": "",
  "main": "app/main.js",
  "scripts": {
    "watch": "webpack --progress --colors --watch --optimize-minimize"
  },
  "repository": {
    "type": "git",
    "url": "git+https://github.com/thomaspark/fontcdn.git"
  },
  "author": "Thomas Park",
  "license": "ISC",
  "bugs": {
    "url": "https://github.com/thomaspark/fontcdn/issues"
  },
  "homepage": "http://fontcdn.org",
  "devDependencies": {
    "jsx-loader": "^0.13.2",
    "webpack": "^1.10.5"
  },
  "dependencies": {
    "font-awesome": "^4.4.0",
    "react": "^0.13.3",
    "react-infinite": "^0.4.1",
    "react-clipboard.js": "^1.1.2",
    "underscore": "^1.8.3"
  }
}