{
  "author": "Irene Ros <irene@bocoup.com> (http://bocoup.com)",
  "name": "StartupDataTrends",
  "description": "Startup Data Trends Visualization",
  "version": "0.0.0",
  "homepage": "https://github.com/bocoup/angellist-viz",
  "repository": {
    "type": "git",
    "url": "git://github.com/bocoup/angellist-viz.git"
  },
  "main": "application.js",
  "engines": {
    "node": "~0.6"
  },
  "dependencies": {
    "backbone": "0.5.3",
    "express": "2.5.1",
    "request": "2.9.100"
  },
  "devDependencies": {
    "jake": "*",
    "underscore": "*",
    "jshint": "*",
    "uglify-js": "*",
    "express": "*",
    "vows": "*",
    "colors": "*",
    "zlib": "*",
    "dateformat": "*",
    "stats": "*",
    "grunt": "~0.4.5",
    "grunt-contrib-jshint": "~0.10.0",
    "grunt-contrib-clean": "~0.6.0",
    "grunt-contrib-copy": "~0.5.0",
    "grunt-contrib-jst": "~0.6.0",
    "grunt-contrib-uglify": "~0.5.1",
    "grunt-contrib-concat": "~0.5.0",
    "grunt-contrib-watch": "~0.6.1",
    "grunt-contrib-connect": "~0.8.0",
    "grunt-aws": "~0.2.5"
  }
}