{
  "name": "seedux",
  "version": "0.1.0",
  "description": "",
  "main": "index.js",
  "scripts": {
    "build:extension": "webpack -w --config extension-webpack.config.js",
    "build:library": "webpack -w --config library-webpack.config.js",
    "build:both": "webpack --config extension-webpack.config.js && webpack --config library-webpack.config.js",
    "build:production:extension": "webpack --config extension-webpack.config.js",
    "build:production:library": "NODE_ENV=development webpack --config npm-webpack.config.js",
    "build:production:both": "webpack --config extension-webpack.config.js && NODE_ENV=development webpack --config npm-webpack.config.js",
    "dev": "webpack-dev-server --hot --inline -w",
    "test": "NODE_ENV=test mocha ./tests/*",
    "test:extractor": "mocha ./tests/seeduxActionExtractorTests.js ./tests/seeduxReducersExtractorTests.js ./tests/seeduxUIExtractorTests.js",
    "test:lookup": "mocha ./tests/seeduxLookUpTests.js",
    "test:react": "mocha ./tests/SettingsMenuTests.js"
  },
  "keywords": [],
  "author": "",
  "license": "MIT",
  "devDependencies": {
    "babel-core": "^6.18.2",
    "babel-loader": "^6.2.8",
    "babel-plugin-check-es2015-constants": "^6.3.13",
    "babel-plugin-syntax-jsx": "^6.3.13",
    "babel-plugin-transform-decorators-legacy": "^1.2.0",
    "babel-plugin-transform-es2015-arrow-functions": "^6.3.13",
    "babel-plugin-transform-es2015-block-scoped-functions": "^6.3.13",
    "babel-plugin-transform-es2015-block-scoping": "^6.3.13",
    "babel-plugin-transform-es2015-classes": "^6.3.13",
    "babel-plugin-transform-es2015-computed-properties": "^6.3.13",
    "babel-plugin-transform-es2015-destructuring": "^6.3.13",
    "babel-plugin-transform-es2015-for-of": "^6.3.13",
    "babel-plugin-transform-es2015-function-name": "^6.3.13",
    "babel-plugin-transform-es2015-literals": "^6.3.13",
    "babel-plugin-transform-es2015-modules-commonjs": "^6.3.13",
    "babel-plugin-transform-es2015-object-super": "^6.3.13",
    "babel-plugin-transform-es2015-parameters": "^6.3.13",
    "babel-plugin-transform-es2015-shorthand-properties": "^6.3.13",
    "babel-plugin-transform-es2015-spread": "^6.3.13",
    "babel-plugin-transform-es2015-sticky-regex": "^6.3.13",
    "babel-plugin-transform-es2015-template-literals": "^6.3.13",
    "babel-plugin-transform-es2015-unicode-regex": "^6.3.13",
    "babel-plugin-transform-es3-member-expression-literals": "^6.8.0",
    "babel-plugin-transform-es3-property-literals": "^6.8.0",
    "babel-plugin-transform-object-rest-spread": "^6.3.13",
    "babel-plugin-transform-react-display-name": "^6.4.0",
    "babel-plugin-transform-react-jsx": "^6.4.0",
    "babel-preset-es2015": "^6.18.0",
    "babel-preset-react": "^6.16.0",
    "babel-register": "^6.18.0",
    "chai": "^3.5.0",
    "css-loader": "^0.26.0",
    "deep-diff": "^0.3.4",
    "enzyme": "^2.6.0",
    "eslint": "^3.13.1",
    "eslint-config-airbnb": "^14.0.0",
    "eslint-plugin-import": "^2.2.0",
    "eslint-plugin-jsx-a11y": "^3.0.2",
    "eslint-plugin-react": "^6.9.0",
    "mocha": "^3.1.2",
    "node-sass": "^3.13.0",
    "react-hot-loader": "^3.0.0-beta.6",
    "sass-loader": "^4.0.2",
    "style-loader": "^0.13.1",
    "webpack": "^1.13.3",
    "webpack-dev-server": "^1.16.2"
  },
  "dependencies": {
    "babel-core": "^6.18.2",
    "babel-loader": "^6.2.8",
    "babel-plugin-transform-object-rest-spread": "^6.19.0",
    "babel-preset-es2015": "^6.18.0",
    "babel-preset-react": "^6.16.0",
    "babel-preset-stage-0": "^6.16.0",
    "d3": "^4.4.0",
    "deep-diff": "^0.3.4",
    "file-loader": "^0.9.0",
    "file-saver": "^1.3.3",
    "font-awesome": "^4.7.0",
    "font-awesome-webpack": "^0.0.4",
    "less": "^2.7.1",
    "react": "^15.4.0",
    "react-dom": "^15.4.0",
    "react-faux-dom": "^3.0.0",
    "react-json-tree": "^0.10.0",
    "url-loader": "^0.5.7",
    "webpack": "^1.13.3",
    "webpack-dev-server": "^1.16.2"
  }
}