{
  "name": "ru-yts",
  "version": "0.0.1",
  "private": true,
  "author": "lafin <kuvakin@gmail.com>",
  "scripts": {
    "start": "node server/app.js"
  },
  "license": "MIT",
  "dependencies": {
    "async": "^2.1.5",
    "bencode": "^0.11.0",
    "express": "^4.14.1",
    "iconv-lite": "^0.4.15",
    "later": "^1.2.0",
    "logme": "^0.4.0",
    "mongoose": "^4.8.4",
    "morgan": "^1.8.1",
    "parse-torrent": "^5.8.1",
    "pug": "^2.0.0-beta6",
    "request": "^2.79.0",
    "socks5-http-client": "^1.0.2"
  }
}