{
  "name": "LiveTranslator",
  "version": "0.0.1",
  "private": true,
  "scripts": {
    "start": "node node_modules/react-native/local-cli/cli.js start",
    "test": "jest",
    "lint": "eslint . --fix",
    "flow": "flow ."
  },
  "dependencies": {
    "axios": "^0.16.2",
    "react": "16.0.0-alpha.12",
    "react-native": "^0.46.1",
    "react-native-camera": "^0.9.4",
    "react-native-sensors": "^2.3.1",
    "react-native-timer": "^1.3.1"
  },
  "devDependencies": {
    "babel-eslint": "^7.2.3",
    "babel-jest": "20.0.3",
    "babel-preset-react-native": "^2.0.0",
    "eslint": "^3.19.0",
    "eslint-config-airbnb": "^15.0.1",
    "eslint-plugin-import": "^2.6.0",
    "eslint-plugin-jsx-a11y": "^5.1.0",
    "eslint-plugin-react": "^7.1.0",
    "flow-bin": "^0.45.0",
    "jest": "20.0.4",
    "react-test-renderer": "16.0.0-alpha.12"
  },
  "jest": {
    "preset": "react-native"
  },
  "cloudAPI": "INSERT_KEY_HERE"
}