{
  "name": "h264ify",
  "description": "Makes YouTube stream H.264 videos instead of VP8/VP9 videos",
  "version": "1.0.5",
  "author": "erkserkserks",
  "engines": {
    "firefox": ">= 38.0a1",
    "fennec": ">= 38.0a1"
  },
  "homepage": "https://github.com/erkserkserks/h264ify-firefox",
  "icon": "icon.png",
  "id": "jid1-TSgSxBhncsPBWQ@jetpack",
  "license": "MIT",
  "permissions": {
    "multiprocess": true,
    "private-browsing": true
  },
  "preferences": [
    {
      "name": "enable",
      "title": "Enable h264ify",
      "type": "bool",
      "value": true
    },
    {
      "name": "block_60fps",
      "title": "Block 60fps",
      "type": "bool",
      "value": false
    }
  ],
  "title": "h264ify"
}