{
  "name": "react-eleme",
  "version": "1.0.0",
  "description": "饿了么webapp",
  "main": "index.js",
  "scripts": {
    "start": "cross-env NODE_ENV=development webpack-dev-server --config build/webpack.config.js",
    "clear": "rimraf dist",
    "precommit": "eslint --ext .js --ext .jsx src/",
    "build": "npm run clear && webpack --config build/webpack.config.js"
  },
  "repository": {
    "type": "git",
    "url": "git+https://github.com/gaojingran/react-eleme.git"
  },
  "keywords": [
    "react",
    "redux",
    "betterscroll",
    "webpack"
  ],
  "author": "gaojingran",
  "license": "MIT",
  "bugs": {
    "url": "https://github.com/gaojingran/react-eleme/issues"
  },
  "homepage": "https://github.com/gaojingran/react-eleme#readme",
  "devDependencies": {
    "autoprefixer": "^8.2.0",
    "babel-core": "^6.26.0",
    "babel-eslint": "^8.2.3",
    "babel-loader": "^7.1.4",
    "babel-plugin-transform-decorators-legacy": "^1.3.4",
    "babel-plugin-transform-runtime": "^6.23.0",
    "babel-preset-env": "^1.6.1",
    "babel-preset-react": "^6.24.1",
    "babel-preset-stage-0": "^6.24.1",
    "babel-runtime": "^6.26.0",
    "copy-webpack-plugin": "^4.5.1",
    "cross-env": "^5.1.4",
    "css-loader": "^0.28.11",
    "eslint": "^4.19.1",
    "eslint-config-airbnb": "^16.1.0",
    "eslint-loader": "^2.0.0",
    "eslint-plugin-import": "^2.11.0",
    "eslint-plugin-jsx-a11y": "^6.0.3",
    "eslint-plugin-react": "^7.7.0",
    "file-loader": "^1.1.11",
    "happypack": "^5.0.0",
    "html-webpack-plugin": "^3.2.0",
    "husky": "^0.14.3",
    "less": "^3.0.1",
    "less-loader": "^4.1.0",
    "mini-css-extract-plugin": "^0.4.0",
    "postcss-loader": "^2.1.3",
    "postcss-px-to-viewport": "0.0.3",
    "postcss-viewport-units": "^0.1.4",
    "react-hot-loader": "^4.0.1",
    "rimraf": "^2.6.2",
    "style-loader": "^0.20.3",
    "svg-sprite-loader": "^3.7.3",
    "webpack": "^4.5.0",
    "webpack-cli": "^2.0.14",
    "webpack-dev-server": "^3.1.3",
    "webpack-merge": "^4.1.2"
  },
  "dependencies": {
    "axios": "^0.18.0",
    "better-scroll": "^1.10.2",
    "classnames": "^2.2.5",
    "lodash.omit": "^4.5.0",
    "numeral": "^2.0.6",
    "prop-types": "^15.6.1",
    "query-string": "^6.0.0",
    "rc-queue-anim": "^1.5.0",
    "react": "^16.3.1",
    "react-dom": "^16.3.1",
    "react-redux": "^5.0.7",
    "react-router-dom": "^4.2.2",
    "react-transition-group": "^2.3.1",
    "redux": "^3.7.2",
    "redux-thunk": "^2.2.0"
  }
}