{
  "name": "conway-multiplayer-game-of-life",
  "version": "0.0.1",
  "private": true,
  "scripts": {
    "start": "node app"
  },
  "dependencies": {
    "ejs": "~1.0.0",
    "express": "~4.4.3",
    "requirejs": "~2.1.14",
    "body-parser": "~1.3.1",
    "socket.io": "1.1.0",
    "MD5": "1.2.1"
  },
  "devDependencies": {
    "errorhandler": "~1.0.2",
    "grunt": "^0.4.5",
    "grunt-contrib-copy": "^0.5.0",
    "grunt-contrib-requirejs": "^0.4.4",
    "grunt-processhtml": "^0.3.3",
    "grunt-contrib-cssmin": "^0.10.0"
  }
}