{
  "name": "high-fidelity",
  "version": "3.0.0",
  "description": "Listen to your favourite podcasts on your HTML5-powered device or browser.",
  "private": true,
  "directories": {
    "doc": "doc",
    "test": "tests"
  },
  "scripts": {
    "start": "ember server",
    "build": "ember build",
    "test": "ember test"
  },
  "repository": "https://github.com/mozilla/high-fidelity",
  "engines": {
    "node": ">= 0.10.0"
  },
  "author": {
    "name": "Mozilla",
    "url": "https://mozilla.org/"
  },
  "license": "MIT",
  "devDependencies": {
    "broccoli-asset-rev": "^2.0.2",
    "ember-browserify": "^1.0.1",
    "ember-cli": "1.13.1",
    "ember-cli-app-version": "0.4.0",
    "ember-cli-babel": "^5.0.0",
    "ember-cli-content-security-policy": "0.4.0",
    "ember-cli-dependency-checker": "^1.0.0",
    "ember-cli-font-awesome": "0.1.0",
    "ember-cli-fxos": "0.1.4",
    "ember-cli-htmlbars": "0.7.9",
    "ember-cli-htmlbars-inline-precompile": "^0.1.1",
    "ember-cli-ic-ajax": "0.2.1",
    "ember-cli-inject-live-reload": "^1.3.0",
    "ember-cli-moment-shim": "0.6.2",
    "ember-cli-qunit": "0.3.15",
    "ember-cli-release": "0.2.3",
    "ember-cli-sass": "^4.1.0",
    "ember-cli-uglify": "^1.0.1",
    "ember-data": "1.13.5",
    "ember-disable-proxy-controllers": "^1.0.0",
    "ember-export-application-global": "^1.0.2",
    "ember-i18n": "4.1.1",
    "ember-localstorage-adapter": "0.5.4",
    "semantic-ui-ember": "0.0.1"
  }
}