{
  "name": "comcom",
  "version": "1.0.0",
  "description": "Github powered comments",
  "main": "Gruntfile.js",
  "dependencies": {},
  "devDependencies": {
    "bower": "^1.3.12",
    "grunt": "^0.4.5",
    "grunt-contrib-connect": "^0.8.0",
    "grunt-contrib-sass": "^0.8.1",
    "grunt-contrib-uglify": "^0.6.0",
    "grunt-contrib-watch": "^0.6.1",
    "grunt-exec": "^0.4.6",
    "load-grunt-tasks": "^0.6.0",
    "time-grunt": "^1.0.0"
  },
  "scripts": {
    "test": ""
  },
  "repository": {
    "type": "git",
    "url": "https://github.com/sirbrad/comcom.git"
  },
  "license": "MIT",
  "author": "sirbrad",
  "bugs": {
    "url": "https://github.com/sirbrad/comcom/issues"
  },
  "homepage": "https://github.com/sirbrad/comcom"
}