{
  "name": "tikzcd-editor",
  "version": "0.6.0",
  "description": "A simple editor for creating commutative diagrams.",
  "main": "index.js",
  "repository": {
    "type": "git",
    "url": "git+https://github.com/yishn/tikzcd-editor.git"
  },
  "keywords": [
    "math",
    "tikzcd",
    "tikz",
    "latex",
    "diagram",
    "editor",
    "mathematics"
  ],
  "author": "Yichuan Shen",
  "license": "MIT",
  "homepage": "https://github.com/yishn/tikzcd-editor",
  "bugs": {
    "url": "https://github.com/yishn/tikzcd-editor/issues"
  },
  "dependencies": {
    "classnames": "^2.2.6",
    "copy-text-to-clipboard": "^1.0.4",
    "jsx-tikzcd": "^0.5.0",
    "preact": "^8.3.1"
  },
  "devDependencies": {
    "@babel/core": "^7.3.4",
    "@babel/plugin-proposal-class-properties": "^7.3.4",
    "@babel/preset-env": "^7.3.4",
    "@babel/preset-react": "^7.0.0",
    "babel-loader": "^8.0.5",
    "http-server": "^0.11.1",
    "webpack": "^4.29.5",
    "webpack-cli": "^3.2.3"
  },
  "scripts": {
    "start": "http-server",
    "build": "webpack --progress --mode production",
    "watch": "webpack --progress --mode development --watch"
  }
}