{
  "name": "analyticsjs-boilerplate",
  "version": "0.2.0",
  "description": "Examples and best practices for using analytics.js",
  "main": "index.js",
  "scripts": {
    "build": "webpack -p",
    "start": "webpack-dev-server",
    "test": "eslint --fix src/**/*.js test/**/*.js"
  },
  "repository": {
    "type": "git",
    "url": "git+https://github.com/philipwalton/analyticsjs-boilerplate.git"
  },
  "author": {
    "name": "Philip Walton",
    "email": "philip@philipwalton.com",
    "url": "http://philipwalton.com"
  },
  "license": "ISC",
  "bugs": {
    "url": "https://github.com/philipwalton/analyticsjs-boilerplate/issues"
  },
  "homepage": "https://github.com/philipwalton/analyticsjs-boilerplate#readme",
  "devDependencies": {
    "autotrack": "^2.3.2",
    "babel-core": "^6.23.1",
    "babel-eslint": "^7.1.1",
    "babel-loader": "^6.3.2",
    "babel-plugin-dynamic-import-system-import": "^1.0.0",
    "babel-polyfill": "^6.23.0",
    "babel-preset-es2015": "^6.22.0",
    "eslint": "^3.16.1",
    "eslint-config-google": "^0.7.1",
    "glob": "^7.1.1",
    "mocha": "^3.2.0",
    "sinon": "^2.1.0",
    "source-map-support": "^0.4.11",
    "webpack": "^2.2.1",
    "webpack-dev-server": "^2.4.1"
  }
}