{
  "name": "victor-hugo",
  "version": "1.0.0",
  "description": "Victor Hugo is a Hugo boilerplate for creating truly epic websites!",
  "repository": "netlify/victor-hugo",
  "main": "index.js",
  "scripts": {
    "lint": "eslint src",
    "start": "run-p start:**",
    "start:hugo": "hugo -d ../dist -s site -vw",
    "start:webpack": "webpack-dev-server --config webpack.dev.js",
    "preview": "run-p preview:**",
    "preview:hugo": "npm run start:hugo -- -D -F",
    "preview:webpack": "npm run start:webpack",
    "prebuild": "rimraf dist",
    "build": "npm run build:webpack && npm run build:hugo",
    "build:preview": "npm run build:webpack && npm run build:hugo:preview",
    "build:hugo": "hugo -d ../dist -s site -v",
    "build:hugo:preview": "npm run build:hugo -- -D -F",
    "build:webpack": "cross-env NODE_ENV=production webpack --config webpack.prod.js --hot --inline"
  },
  "author": "",
  "license": "MIT",
  "devDependencies": {
    "@babel/core": "^7.1.2",
    "@babel/plugin-proposal-object-rest-spread": "^7.0.0",
    "@babel/plugin-syntax-object-rest-spread": "^7.0.0",
    "@babel/preset-env": "^7.1.0",
    "@babel/register": "^7.0.0",
    "assets-webpack-plugin": "^3.9.7",
    "babel-eslint": "^10.0.1",
    "babel-loader": "^8.0.4",
    "clean-webpack-plugin": "^1.0.0",
    "copy-webpack-plugin": "^5.0.0",
    "cross-env": "^5.2.0",
    "css-loader": "^2.0.0",
    "eslint": "^5.8.0",
    "eslint-plugin-import": "^2.14.0",
    "exports-loader": "^0.7.0",
    "fancy-log": "^1.3.2",
    "file-loader": "^3.0.0",
    "hugo-bin": "^0.37.0",
    "imports-loader": "^0.8.0",
    "mini-css-extract-plugin": "^0.5.0",
    "node-sass": "^4.10.0",
    "npm-run-all": "^4.1.5",
    "optimize-css-assets-webpack-plugin": "^5.0.1",
    "plugin-error": "^1.0.1",
    "postcss-import": "^12.0.1",
    "postcss-loader": "^3.0.0",
    "postcss-preset-env": "^6.3.0",
    "rimraf": "^2.6.2",
    "sass-loader": "^7.1.0",
    "style-loader": "^0.23.1",
    "uglifyjs-webpack-plugin": "^2.0.1",
    "url-loader": "^1.1.2",
    "webpack": "^4.25.1",
    "webpack-cli": "^3.1.2",
    "webpack-dev-server": "^3.1.10",
    "webpack-merge": "^4.1.4",
    "whatwg-fetch": "^3.0.0"
  },
  "resolutions": {
    "natives": "1.1.6"
  }
}