{
  "name": "generator-electrode",
  "version": "1.4.0",
  "description": "Generate Electrode React App",
  "homepage": "https://github.com/electrode-io/generator-electrode",
  "author": {
    "name": "Joel Chen",
    "email": "xchen@walmartlabs.com",
    "url": "https://github.com/jchip"
  },
  "files": [
    "generators"
  ],
  "main": "generators/index.js",
  "keywords": [
    "Electrode",
    "React",
    "yeoman-generator"
  ],
  "dependencies": {
    "chalk": "^1.0.0",
    "generator-license": "^4.0.0",
    "generator-travis": "^1.3.0",
    "git-remote-origin-url": "^2.0.0",
    "github-username": "^2.1.0",
    "lodash": "^4.16.1",
    "parse-author": "^1.0.0",
    "yeoman-generator": "^0.23.4",
    "yosay": "^1.0.0"
  },
  "devDependencies": {
    "eslint": "^3.1.1",
    "gulp": "^3.9.0",
    "gulp-eslint": "^2.0.0",
    "gulp-ignore": "^2.0.1",
    "gulp-istanbul": "^1.0.0",
    "gulp-line-ending-corrector": "^1.0.1",
    "gulp-mocha": "^2.0.0",
    "gulp-nsp": "^2.1.0",
    "gulp-plumber": "^1.0.0",
    "mocha": "^3.0.2",
    "mockery": "^1.7.0",
    "pinkie-promise": "^2.0.1",
    "yeoman-assert": "^2.2.1",
    "yeoman-test": "^1.4.0"
  },
  "eslintConfig": {
    "env": {
      "mocha": true
    }
  },
  "repository": {
    "type": "git",
    "url": "https://github.com/electrode-io/generator-electrode"
  },
  "scripts": {
    "prepublish": "gulp prepublish",
    "test": "gulp"
  },
  "license": "Apache-2.0",
  "engines": {
    "node": "^4.4.6 || ^6.2.1",
    "npm": "^3.5.3"
  }
}