{
  "name": "server",
  "version": "0.1.0",
  "description": "Conference App",
  "main": "server.js",
  "repository": {
    "type": "git",
    "url": "https://github.com/hollyschinsky/ConferenceTrackerBasic"
  },
  "author": "Holly Schinsky",
  "license": "MIT",
  "bugs": {
    "url": "https://github.com/hollyschinsky/ConferenceTrackerBasic/issues"
  },
  "homepage": "https://github.com/hollyschinsky/ConferenceTrackerBasic",
  "dependencies": {
    "express": "~4.4.1",
    "body-parser": "~1.3.0",
    "method-override": "~2.0.1"
  },
  "scripts": {
    "start": "node server.js"
  }
}