{
  "name": "Dropper",
  "id": "dropper",
  "codename": "jquery.fs.dropper",
  "version": "1.0.1",
  "description": "A jQuery plugin for simple drag and drop uploads. Part of the Formstone Library.",
  "keywords": [
    "upload",
    "form",
    "ajax",
    "javascript",
    "jquery",
    "formstone"
  ],
  "repository": {
    "type": "git",
    "url": "https://github.com/FormstoneClassic/Dropper"
  },
  "homepage": "http://classic.formstone.it/dropper/",
  "demo": "http://classic.formstone.it/components/Dropper/demo/index.html",
  "license": "MIT",
  "author": {
    "name": "Ben Plum",
    "email": "mr@benplum.com",
    "url": "http://www.benplum.com"
  },
  "devDependencies": {
    "grunt-autoprefixer": "^1.0.1",
    "grunt-banner": "^0.2.3",
    "grunt-contrib-copy": "^0.6.0",
    "grunt-contrib-jshint": "~0.7.2",
    "grunt-contrib-less": "^0.11.4",
    "grunt-contrib-uglify": "~0.2.7",
    "grunt-jquerymanifest": "~0.1.3",
    "grunt-npm2bower-sync": "~0.3.0"
  }
}