{
  "name": "aws-appsync-events",
  "version": "0.1.0",
  "private": true,
  "devDependencies": {
    "babel-preset-react-native-stage-0": "^1.0.1",
    "jest-expo": "23.0.0",
    "react-test-renderer": "16.0.0"
  },
  "scripts": {
    "start": "react-native start",
    "android": "react-native run-android",
    "ios": "react-native run-ios",
    "test": "node node_modules/jest/bin/jest.js --watch"
  },
  "jest": {
    "preset": "jest-expo"
  },
  "dependencies": {
    "aws-appsync": "^1.1.3",
    "aws-appsync-react": "^1.0.18",
    "aws-sdk": "^2.173.0",
    "graphql-tag": "^2.6.1",
    "moment": "^2.20.1",
    "react": "16.0.0",
    "react-apollo": "^2.0.4",
    "react-native": "0.50.3",
    "react-native-modal-datetime-picker": "^4.13.0",
    "react-native-swipeout": "^2.3.3",
    "react-navigation": "^1.0.0-beta.22",
    "uuid": "^3.2.1"
  }
}