{
  "name": "apollo-meteor-integration",
  "version": "1.0.0",
  "description": " 🚀 Add Apollo to your Meteor app",
  "directories": {
    "test": "tests"
  },
  "scripts": {
    "lint": "eslint --quiet --ext .js .",
    "prettier": "prettier --write \"src/*.js\" \"tests/*.js\"",
    "test": "TEST_WATCH=1 meteor test-packages ./ --driver-package meteortesting:mocha",
    "test-ci": "meteor test-packages ./ --once --driver-package meteortesting:mocha"
  },
  "repository": {
    "type": "git",
    "url": "git+https://github.com/apollostack/meteor-integration.git"
  },
  "author": "",
  "license": "MIT",
  "bugs": {
    "url": "https://github.com/apollostack/meteor-integration/issues"
  },
  "homepage": "https://github.com/apollostack/meteor-integration#readme",
  "devDependencies": {
    "babel-cli": "^6.24.1",
    "babel-eslint": "^7.2.3",
    "eslint": "^4.3.0",
    "eslint-import-resolver-meteor": "^0.3.3",
    "eslint-plugin-import": "^2.7.0",
    "eslint-plugin-meteor": "^4.1.0",
    "eslint-plugin-prettier": "^2.1.2",
    "isomorphic-fetch": "^2.2.1",
    "prettier": "^1.5.3",
    "spacejam": "^1.6.1"
  }
}