{
  "name": "update.electronjs.org",
  "scripts": {
    "start": "nodemon bin/update-server.js",
    "test": "prettier-standard '**/*.js' && standard && cross-env NODE_ENV=test nyc tap test/*.js"
  },
  "dependencies": {
    "dotenv-safe": "^5.0.1",
    "ms": "^2.1.1",
    "node-fetch": "^2.1.1",
    "pino": "^4.16.1",
    "redis": "^2.8.0",
    "redlock": "^3.1.2",
    "request-ip": "^2.0.2",
    "semver": "^5.5.0"
  },
  "devDependencies": {
    "cross-env": "^5.1.5",
    "nock": "^9.2.5",
    "nodemon": "^1.18.7",
    "nyc": "^13.0.1",
    "prettier-standard": "^8.0.0",
    "standard": "^11.0.0",
    "tap": "^12.0.1"
  }
}