{
  "name": "ghindex",
  "version": "0.0.1",
  "description": "Creates github index for similar repositories discovery",
  "main": "index.js",
  "scripts": {
    "test": "echo \"Error: no test specified\" && exit 1"
  },
  "keywords": [
    "github"
  ],
  "author": "Andrei Kashcha",
  "license": "MIT",
  "repository": {
    "type": "git",
    "url": "https://github.com/anvaka/ghindex"
  },
  "dependencies": {
    "bluebird": "^2.3.11",
    "csv-parse": "^1.0.1",
    "redis": "^2.4.2",
    "request-promise": "^2.0.0"
  }
}