{
  "name": "buefy-shop",
  "version": "0.0.1",
  "description": "Nuxt.js project",
  "author": "nRV <contact@styro.fr>",
  "private": true,
  "license": "MIT",
  "scripts": {
    "dev": "NODE_ENV=development nuxt",
    "build": "NODE_ENV=production nuxt build",
    "analyze": "ANALYZE=true nuxt build",
    "start": "NODE_ENV=production nuxt start",
    "lint": "eslint --ext .js,.vue --ignore-path .gitignore .",
    "lint-staged": "lint-staged",
    "test": "NODE_ENV=test jest",
    "test:tdd": "NODE_ENV=test jest --watchAll --coverage",
    "test:coverage": "NODE_ENV=test jest --coverage"
  },
  "pre-commit": "lint-staged, test",
  "lint-staged": {
    "*.js": "eslint --ext .js",
    "*.vue": "eslint --ext .vue"
  },
  "dependencies": {
    "@fortawesome/fontawesome-free": "^5.1.0-4",
    "@nuxtjs/dotenv": "^1.1.0",
    "@nuxtjs/google-analytics": "^2.0.2",
    "@nuxtjs/pwa": "^2.0.5",
    "axios": "^0.18.0",
    "bulma": "^0.7.1",
    "bulma-steps": "^2.2.1",
    "bulma-switch": "^2.0.0",
    "firebase": "^5.0.4",
    "lazysizes": "^4.0.2",
    "nuxt": "^1.4.1",
    "pug": "^2.0.0-rc.4",
    "slugify": "^1.3.0",
    "stylus": "^0.54.5",
    "vee-validate": "^2.0.5",
    "vue-server-renderer": "^2.5.15",
    "vue-stripe-elements-plus": "^0.2.8",
    "vue-template-compiler": "^2.5.15",
    "vuex-persistedstate": "^2.5.2",
    "vuexfire": "^2.3.0"
  },
  "devDependencies": {
    "@babel/polyfill": "^7.0.0-beta.40",
    "@types/jest": "^23.0.0",
    "@vue/test-utils": "1.0.0-beta.11",
    "babel-eslint": "^8.2.1",
    "babel-preset-es2015": "^6.24.1",
    "babel-preset-stage-0": "^6.24.1",
    "babel-preset-stage-2": "^6.24.1",
    "css-loader": "^0.28.9",
    "eslint": "^4.16.0",
    "eslint-config-standard": "^11.0.0-beta.0",
    "eslint-junit": "^1.0.1",
    "eslint-loader": "^1.6.1",
    "eslint-plugin-html": "^4.0.2",
    "eslint-plugin-import": "^2.8.0",
    "eslint-plugin-jest": "^21.13.0",
    "eslint-plugin-node": "^5.2.1",
    "eslint-plugin-promise": "^3.4.1",
    "eslint-plugin-standard": "^3.0.1",
    "eslint-plugin-vue": "^4.3.0",
    "identity-obj-proxy": "^3.0.0",
    "jest": "^23.1.0",
    "jest-junit": "^5.0.0",
    "lint-staged": "^6.1.0",
    "mwangaben-vthelpers": "^1.2.1",
    "pre-commit": "^1.2.2",
    "stylus-loader": "^3.0.1",
    "vue-jest": "^2.6.0"
  },
  "jest-junit": {
    "output": "coverage/junit/js-test-results.xml"
  },
  "eslint-junit": {
    "output": "coverage/junit/js-eslint-results.xml"
  },
  "engines": {
    "node": ">=8.3.0"
  }
}