{
  "name": "federalist",
  "private": true,
  "version": "0.0.0",
  "description": "",
  "keywords": [],
  "dependencies": {
    "@octokit/rest": "^15.18",
    "aws-sdk": "^2.173.0",
    "body-parser": "^1.16.1",
    "cfenv": "^1.0.0",
    "connect-flash": "^0.1.1",
    "connect-session-sequelize": "^4.1.0",
    "core-js": "^2.4.1",
    "csurf": "^1.9.0",
    "db-migrate": "^0.10.0-beta.20",
    "db-migrate-pg": "^0.2.5",
    "deep-extend": "^0.6",
    "express": "4.16.2",
    "express-rate-limit": "^2.9.0",
    "express-session": "^1.5.0",
    "express-winston": "^2.3.0",
    "file-saver": "^1.3.8",
    "js-file-download": "^0.4.1",
    "js-yaml": "^3.10.0",
    "json-to-csv": "^1.0.0",
    "jsonwebtoken": "^8.3.0",
    "method-override": "^2.3.10",
    "moment": "^2.19.3",
    "newrelic": "^4.0",
    "node-schedule": "^1.3.1",
    "nunjucks": "^3.0.1",
    "passport": "^0.4.0",
    "passport-github": "^1.0.0",
    "pg": "^4.5.7",
    "rc": "~0.5.0",
    "sequelize": "^3.30.0",
    "socket.io": "^2.1.1",
    "socket.io-redis": "^5.2.0",
    "underscore": "^1.8.3",
    "urlsafe-base64": "^1.0.0",
    "uswds": "^1.4.4",
    "validator": "^5.2.0",
    "whatwg-fetch": "^1.0.0",
    "winston": "^2.3.1",
    "yamljs": "^0.2.8"
  },
  "scripts": {
    "postinstall": "yarn migrate:up",
    "build": "webpack -p --config webpack.production.config.js",
    "start": "node index.js",
    "debug": "node --inspect index.js",
    "watch": "NODE_ENV=development concurrently --kill-others --raw \"nodemon index.js --config nodemon.json\"",
    "test": "yarn test:prepare && yarn test:server && yarn test:client",
    "test:prepare": "NODE_ENV=test yarn migrate:up && yarn build",
    "test:server": "NODE_ENV=test JWT_SECRET=shh USER_AUDITOR=user_auditor nyc --report-dir ./coverage/server mocha --timeout 2500 test/api/bootstrap.test.js test/api/unit/**/*.test.js test/api/requests/**/*.test.js",
    "test:client": "nyc --report-dir ./coverage/client mocha --compilers js:babel-register,jsx:babel-register test/frontend/support/_bootstrap.js --recursive ./test/frontend",
    "test:client:file": "mocha --compilers js:babel-register,jsx:babel-register test/frontend/support/_bootstrap.js",
    "test:server:file": "NODE_ENV=test JWT_SECRET=shh USER_AUDITOR=user_auditor mocha --timeout 2500 test/api/bootstrap.test.js",
    "test:server:watch": "watch 'yarn test:server' ./api ./test/api",
    "test:client:watch": "watch 'yarn test:client' ./frontend ./test/frontend",
    "lint": "eslint ./api/**/*.js ./config/**/*.js ./frontend/**/*.js ./migration/**/*.js ./script/**/*.js ./services/**/*.js",
    "lint:diff": "./scripts/lint-diff.sh",
    "migrate:create": "node migrate.js create",
    "migrate:up": "node migrate.js up || true",
    "migrate:down": "node migrate.js down",
    "migrate:test": "node migrate.js up --dry-run",
    "migrate:reset": "node migrate.js reset",
    "export:sites": "node ./scripts/exportSitesAsCsv.js",
    "analyze-webpack": "webpack-bundle-analyzer -h 0.0.0.0 public/stats.json",
    "serve-coverage": "http-server ./coverage",
    "update-local-config": "node ./scripts/update-local-config.js",
    "create-dev-data": "node ./scripts/create-dev-data.js"
  },
  "main": "index.js",
  "repository": {
    "type": "git",
    "url": "git://github.com/18f/federalist.git"
  },
  "author": "dhcole",
  "license": "CC0-1.0",
  "devDependencies": {
    "autoprefixer": "^6.5.1",
    "babel-core": "^6.26.0",
    "babel-eslint": "^7.2.3",
    "babel-loader": "^7.0.0",
    "babel-polyfill": "^6.16.0",
    "babel-preset-es2015": "^6.9.0",
    "babel-preset-react": "^6.5.0",
    "babel-preset-stage-2": "^6.16.0",
    "babel-register": "^6.9.0",
    "chai": "^3.5.0",
    "chai-fetch-mock": "^1.0.1",
    "concurrently": "^3.4.0",
    "cookie": "^0.3.1",
    "css-loader": "^0.28.4",
    "date-fns": "^1.29.0",
    "enzyme": "^2.4.1",
    "eslint": "^3.19.0",
    "eslint-config-airbnb": "^14.1.0",
    "eslint-plugin-import": "^2.2.0",
    "eslint-plugin-jsx-a11y": "^4.0.0",
    "eslint-plugin-no-unsanitized": "^2.0.1",
    "eslint-plugin-react": "^6.10.3",
    "eslint-plugin-scanjs-rules": "^0.2.1",
    "fetch-mock": "^5.12.2",
    "file-loader": "^3.0.1",
    "history": "^4.6.3",
    "http-server": "^0.10.0",
    "inquirer": "^5.0.1",
    "json-schema-deref-sync": "^0.3.3",
    "jsonschema": "^1.1.1",
    "mini-css-extract-plugin": "^0.5.0",
    "mocha": "2.3.4",
    "mock-fs": "^4.4.2",
    "nock": "^9.0.2",
    "node-sass": "^4.5.3",
    "nodemon": "^1.18.7",
    "nyc": "^11.1.0",
    "postcss-loader": "^2.0.5",
    "promise-props": "^1.0.0",
    "prop-types": "^15.5.10",
    "proxyquire": "^1.7.10",
    "react": "^15.1.0",
    "react-addons-test-utils": "^15.3.1",
    "react-autobind": "^1.0.6",
    "react-dom": "^15.1.0",
    "react-notification-system": "^0.2.14",
    "react-notification-system-redux": "^1.1.2",
    "react-redux": "^5.0.5",
    "react-router": "^3.0.5",
    "react-router-redux": "^4.0.8",
    "react-svg-loader": "^2.1.0",
    "react-test-renderer": "^15.5.4",
    "redux": "^3.5.2",
    "redux-devtools-extension": "^2.13.2",
    "redux-form": "^7.0.4",
    "redux-logger": "^3.0.6",
    "sass-loader": "^6.0.5",
    "shortid": "^2.2.8",
    "sinon": "1.17.2",
    "style-loader": "^0.23.1",
    "supertest": "^2.0.1",
    "watch": "^1.0.2",
    "webpack": "^4.29.0",
    "webpack-cli": "^3.2.1",
    "webpack-dev-middleware": "^3.5.1",
    "webpack-dev-server": "^3.1.14",
    "webpack-manifest-plugin": "^2.0.4"
  },
  "engines": {
    "node": "10.x.x",
    "npm": "6.x.x"
  }
}