{
  "name": "react-next-2017",
  "version": "0.1.0",
  "private": true,
  "dependencies": {
    "mimic": "^2.0.2",
    "normalizr": "^3.2.3",
    "react": "^15.6.1",
    "react-dom": "^15.6.1",
    "react-redux": "^5.0.5",
    "redux": "^3.7.2",
    "redux-actions": "^2.2.1",
    "redux-thunk": "^2.2.0",
    "seamless-immutable": "^7.1.2"
  },
  "devDependencies": {
    "react-scripts": "1.0.10"
  },
  "scripts": {
    "start": "react-scripts start",
    "build": "react-scripts build",
    "test": "react-scripts test --env=jsdom",
    "eject": "react-scripts eject"
  }
}