{
  "name": "xiaoduyu_api",
  "version": "1.0.0",
  "private": true,
  "scripts": {
    "dev": "NODE_ENV=development supervisor node server.js",
    "pro": "NODE_ENV=production node server.js",
    "mongodb": "/Users/wushijian/Documents/mongodb-osx-x86_64-3.6.3/bin/mongod --dbpath /Users/wushijian/Documents/mongodb-osx-x86_64-3.6.3/data/db"
  },
  "dependencies": {
    "@alicloud/sms-sdk": "^1.0.2",
    "@babel/core": "^7.1.2",
    "@babel/polyfill": "^7.0.0",
    "@babel/preset-env": "^7.1.0",
    "@babel/register": "^7.0.0",
    "apollo-errors": "^1.5.1",
    "apollo-server-express": "^2.1.0",
    "async": "^1.4.2",
    "bcryptjs": "^2.2.1",
    "body-parser": "^1.12.4",
    "captchapng": "^0.0.1",
    "compression": "^1.6.1",
    "connect-mongo": "^0.8.2",
    "cookie-parser": "^1.3.5",
    "crypto": "^0.0.3",
    "crypto-js": "^3.1.9-1",
    "debug": "^2.2.0",
    "express": "^4.12.4",
    "express-graphql": "^0.6.11",
    "formidable": "^1.0.17",
    "gm": "^1.21.1",
    "graphql": "^14.0.2",
    "graphql-tools": "^4.0.1",
    "helmet": "^1.3.0",
    "imageinfo": "^1.0.4",
    "ioredis": "^3.1.2",
    "is-json": "^2.0.1",
    "jpush-sdk": "^3.4.2",
    "jsonwebtoken": "^8.0.1",
    "log4js": "^0.6.33",
    "mongoose": "^5.0.3",
    "morgan": "^1.5.3",
    "node-uuid": "^1.4.7",
    "nodejieba": "^2.3.0",
    "nodemailer": "^0.7.1",
    "qiniu": "^6.1.13",
    "react": "^15.6.1",
    "redis": "^2.8.0",
    "redraft": "^0.8.0",
    "request": "^2.69.0",
    "sendcloud-client": "^0.1.1",
    "serve-favicon": "^2.2.1",
    "socket.io": "^2.1.1",
    "trek-captcha": "^0.3.0",
    "xss": "^0.2.6"
  },
  "devDependencies": {
    "minami": "^1.2.3"
  }
}