{
  "name": "jquery-handlebars",
  "version": "1.1.5",
  "description": "A templating engine for jQuery based on Handlebars.js",
  "keywords": [
    "template",
    "templating",
    "handlebars",
    "handlebars.js",
    "engine",
    "partial",
    "partials"
  ],
  "homepage": "http://71104.github.io/jquery-handlebars",
  "bugs": "https://github.com/71104/jquery-handlebars/issues",
  "license": "MIT",
  "author": "Alberto La Rocca <a71104@gmail.com> (https://github.com/71104)",
  "repository": {
    "type": "git",
    "url": "http://github.com/71104/jquery-handlebars.git"
  },
  "devDependencies": {
    "grunt": "~0.4.1",
    "grunt-contrib-clean": "~0.4.1",
    "grunt-contrib-jshint": "~0.6.0",
    "grunt-contrib-concat": "~0.3.0",
    "grunt-contrib-uglify": "~0.2.2"
  },
  "private": true
}