{
  "name": "bili",
  "version": "0.0.1",
  "private": true,
  "scripts": {
    "start": "node node_modules/react-native/local-cli/cli.js start",
    "test": "jest"
  },
  "dependencies": {
    "es6-symbol": "^3.1.1",
    "humps": "^1.1.0",
    "lodash": "^4.17.4",
    "normalizr": "^2.3.1",
    "prop-types": "^15.5.10",
    "react": "15.4.0",
    "react-native": "0.39.0",
    "react-native-scrollable-tab-view": "^0.5.5",
    "react-native-swiper": "^1.5.4",
    "react-native-webview-bridge": "^0.33.0",
    "react-redux": "^4.4.8",
    "redux": "^3.6.0",
    "redux-api-simple-middleware": "^1.0.2",
    "redux-thunk": "^2.2.0"
  },
  "devDependencies": {
    "babel-jest": "20.0.3",
    "babel-preset-react-native": "2.0.0",
    "babel-preset-react-native-stage-0": "^1.0.1",
    "jest": "20.0.4",
    "react-test-renderer": "16.0.0-alpha.12",
    "redux-logger": "^2.6.1"
  },
  "jest": {
    "preset": "react-native"
  }
}