{
  "name": "whale-cli",
  "version": "3.1.0",
  "description": "",
  "main": "./libs/api.js",
  "scripts": {
    "test": "echo \"Error: no test specified\" && exit 1"
  },
  "preferGlobal": "true",
  "bin": {
    "whale": "bin/cli.js",
    "whale-tmux": "bin/whale-tmux.js",
    "whale-tmux-sh": "bin/whale-tmux.sh"
  },
  "repository": {
    "type": "git",
    "url": "git+https://github.com/Aaaaaashu/Whale.git"
  },
  "keywords": [
    "eth",
    "ethereum",
    "btc",
    "bitcoin",
    "crypto-currency",
    "exchange",
    "price",
    "market",
    "command-line",
    "whale"
  ],
  "author": "Aaaaaashu",
  "license": "MIT",
  "bugs": {
    "url": "https://github.com/Aaaaaashu/Whale/issues"
  },
  "homepage": "https://github.com/Aaaaaashu/Whale#readme",
  "dependencies": {
    "blessed": "^0.1.81",
    "blessed-contrib": "^4.5.5",
    "cfonts": "^1.0.2",
    "colors": "^1.1.2",
    "commander": "^2.9.0",
    "inquirer": "^1.2.3",
    "superagent": "^2.3.0"
  }
}