{
  "name": "jsonfui",
  "version": "1.2.6",
  "description": "An interactive command-line JSON viewer that supports folding.",
  "author": {
    "name": "Adrian Schneider",
    "email": "siradrian@gmail.com"
  },
  "keywords": [
    "json",
    "blessed",
    "tui",
    "fold"
  ],
  "bin": {
    "jsonfui": "./bin/jsonfui"
  },
  "pkg": {
    "scripts": [
      "src/**/*.js",
      "bin/**/*",
      "node_modules/**/*.js"
    ],
    "assets": [
      "node_modules/**/*"
    ]
  },
  "dependencies": {
    "blessed": "^0.1.61",
    "commander": "^2.8.1",
    "ttys": "0.0.3"
  },
  "license": "MIT"
}