{
  "name": "vue-cli-plugin-apollo",
  "version": "0.19.1",
  "description": "vue-cli 3 plugin to add Apollo and GraphQL",
  "main": "index.js",
  "scripts": {
    "dev": "nodemon --exec 'npm run build' --watch graphql-client/src",
    "build": "yarn build:graphql-client && yarn build:client-addon",
    "build:graphql-client": "babel graphql-client/src --out-dir graphql-client/dist",
    "build:client-addon": "cd ./client-addon && yarn build && cd ../",
    "prepublishOnly": "npm run test && npm run build",
    "test": "npm run test:eslint && cd ./client-addon npm run lint",
    "test:eslint": "eslint --ext .js .",
    "docs:dev": "vuepress dev docs",
    "docs:build": "vuepress build docs"
  },
  "repository": {
    "type": "git",
    "url": "git+https://github.com/Akryum/vue-cli-plugin-apollo.git"
  },
  "keywords": [
    "vue",
    "vue-cli",
    "apollo",
    "graphql"
  ],
  "author": "Guillaume Chau <guillaume.b.chau@gmail.com>",
  "license": "ISC",
  "bugs": {
    "url": "https://github.com/Akryum/vue-cli-plugin-apollo/issues"
  },
  "homepage": "https://github.com/Akryum/vue-cli-plugin-apollo#readme",
  "dependencies": {
    "apollo-cache-inmemory": "^1.3.12",
    "apollo-client": "^2.4.8",
    "apollo-link": "^1.2.6",
    "apollo-link-context": "^1.0.12",
    "apollo-link-persisted-queries": "^0.2.2",
    "apollo-link-state": "^0.4.2",
    "apollo-link-ws": "^1.0.12",
    "apollo-server-express": "^2.3.1",
    "apollo-upload-client": "^10.0.0",
    "apollo-utilities": "^1.0.27",
    "chalk": "^2.4.1",
    "deepmerge": "^3.0.0",
    "esm": "^3.0.84",
    "execa": "^1.0.0",
    "express": "^4.16.4",
    "graphql": "^14.0.2",
    "graphql-subscriptions": "^1.0.0",
    "nodemon": "^1.18.9",
    "subscriptions-transport-ws": "^0.9.15",
    "ts-node": "^7.0.1"
  },
  "devDependencies": {
    "@babel/cli": "^7.0.0-beta.47",
    "@babel/core": "^7.0.0-beta.47",
    "@babel/preset-env": "^7.0.0-beta.47",
    "babel-eslint": "^10.0.1",
    "eslint": "^5.8.0",
    "eslint-config-standard": "^12.0.0",
    "eslint-plugin-import": "^2.8.0",
    "eslint-plugin-node": "^7.0.1",
    "eslint-plugin-promise": "^4.0.1",
    "eslint-plugin-standard": "^4.0.0",
    "eslint-plugin-vue": "^4.2.2",
    "vuepress": "^0.14.8"
  },
  "peerDependencies": {
    "@vue/cli-shared-utils": "^3.0.0"
  }
}