{
  "name": "@akryum/vue-cli-plugin-ssr",
  "version": "0.5.0",
  "description": "Turn your app into an isomorphic SSR app!",
  "author": "Guillaume Chau",
  "license": "MIT",
  "scripts": {
    "prepublishOnly": "yarn run test",
    "test": "yarn run lint",
    "lint": "eslint .",
    "docs:dev": "vuepress dev docs",
    "docs:build": "vuepress build docs"
  },
  "repository": {
    "type": "git",
    "url": "git+https://github.com/Akryum/vue-cli-plugin-ssr.git"
  },
  "publishConfig": {
    "access": "public"
  },
  "keywords": [
    "vue",
    "vue-cli",
    "ssr"
  ],
  "homepage": "https://github.com/Akryum/vue-cli-plugin-ssr",
  "bugs": {
    "url": "https://github.com/Akryum/vue-cli-plugin-ssr/issues"
  },
  "main": "index.js",
  "dependencies": {
    "chalk": "^2.4.1",
    "clipboardy": "^1.2.3",
    "compression": "^1.7.3",
    "cross-env": "^5.2.0",
    "express": "^4.16.4",
    "fs-extra": "^7.0.0",
    "hash-sum": "^1.0.2",
    "loader-utils": "^1.1.0",
    "lru-cache": "^4.1.3",
    "memory-fs": "^0.4.1",
    "portfinder": "^1.0.17",
    "querystring": "^0.2.0",
    "rimraf": "^2.6.2",
    "serve-favicon": "^2.5.0",
    "webpack-dev-middleware": "^3.4.0",
    "webpack-hot-middleware": "^2.24.3",
    "webpack-merge": "^4.1.4",
    "webpack-node-externals": "^1.7.2",
    "webpackbar": "^2.6.3"
  },
  "devDependencies": {
    "eslint": "^4.13.1",
    "eslint-config-standard": "^11.0.0",
    "eslint-plugin-import": "^2.13.0",
    "eslint-plugin-node": "^7.0.1",
    "eslint-plugin-promise": "^3.8.0",
    "eslint-plugin-standard": "^3.1.0",
    "vuepress": "^0.14.8"
  },
  "peerDependencies": {
    "@vue/cli-service": "^3.0.0",
    "@vue/cli-shared-utils": "^3.0.0",
    "vue": "^2.6.0",
    "vue-server-renderer": "^2.6.0",
    "webpack": "^4.0.0"
  }
}