{
  "name": "epiboard",
  "version": "1.6.5",
  "description": "A new tab page adding a touch of WOW whith an interface following the lines of material design, One card for each need",
  "author": "Alexis Rouillard <contact@arouillard.fr>",
  "private": true,
  "scripts": {
    "build": "vue-cli-service build",
    "build:chrome": "cross-env BUILD_TARGET=chrome vue-cli-service build",
    "build:firefox": "cross-env BUILD_TARGET=firefox vue-cli-service build",
    "lint": "vue-cli-service lint"
  },
  "dependencies": {
    "axios": "^0.18.0",
    "gantt": "^2.4.0",
    "hammerjs": "^2.0.8",
    "marked": "^0.6.1",
    "material-design-icons": "^3.0.1",
    "muuri": "github:Alexays/muuri#drag_placeholder",
    "resize-observer-polyfill": "^1.5.1",
    "vue": "^2.6.6",
    "vue-analytics": "^5.16.2",
    "vue-axios": "^2.1.4",
    "vue-i18n": "^8.8.2",
    "vue-lazyload": "^1.2.6",
    "vue-router": "^3.0.2",
    "vue-virtual-scroller": "^0.12.2",
    "vuetify": "1.5.2",
    "vuex": "^3.1.0",
    "vuex-persist": "^2.0.0",
    "webextension-polyfill": "^0.4.0"
  },
  "devDependencies": {
    "@babel/polyfill": "^7.2.5",
    "@vue/cli": "^3.4.1",
    "@vue/cli-plugin-babel": "^3.4.1",
    "@vue/cli-plugin-eslint": "^3.4.1",
    "@vue/cli-service": "^3.4.1",
    "@vue/eslint-config-airbnb": "^4.0.0",
    "babel-plugin-transform-imports": "^1.5.1",
    "copy-webpack-plugin": "^5.0.0",
    "cross-env": "^5.2.0",
    "glob": "^7.1.3",
    "node-sass": "^4.11.0",
    "prerender-spa-plugin": "^3.4.0",
    "sass-loader": "^7.1.0",
    "stylus": "^0.54.5",
    "stylus-loader": "^3.0.2",
    "vue-cli-plugin-vuetify": "^0.4.6",
    "vue-template-compiler": "^2.6.6",
    "vuetify-loader": "^1.2.1",
    "zip-a-folder": "0.0.7"
  },
  "browserslist": [
    "Firefox >= 54",
    "Chrome >= 54"
  ],
  "bundlesize": [
    {
      "path": "./dist/js/*.js",
      "maxSize": "90 kB"
    }
  ]
}