{
  "name": "unicornjs",
  "version": "1.0.0",
  "description": "Unicorn CPU emulator framework port for JavaScript",
  "author": "Alexandro Sanchez Bach <alexaltea123@gmail.com>",
  "repository": {
    "type": "git",
    "url": "https://github.com/AlexAltea/unicorn.js.git"
  },
  "dependencies": {},
  "devDependencies": {
    "bower": "^1.3.12",
    "grunt": "^0.4.5",
    "grunt-contrib-concat": "^1.0.1",
    "grunt-contrib-connect": "^0.9.0",
    "grunt-contrib-watch": "^0.6.1",
    "grunt-exec": "~0.4.6",
    "load-grunt-tasks": "^1.0.0",
    "time-grunt": "^1.0.0"
  },
  "bugs": {
    "url": "https://github.com/AlexAltea/unicorn.js/issues"
  },
  "private": true
}