{
  "name": "fb-messenger-cli",
  "version": "2.1.1",
  "description": "An interface for facebook communications through the cli",
  "author": "Alexandre Rose and Samuel Bergeron",
  "license": "MIT",
  "repository": "http://github.com/Alex-Rose/fb-messenger-cli",
  "dependencies": {
    "cheerio": "^0.20.0",
    "colors": "^1.3.2",
    "node-notifier": "^5.1.2",
    "opn": "^5.4.0",
    "puppeteer": "^1.9.0",
    "readline": "^1.3.0",
    "readline-sync": "^1.4.7",
    "request": "^2.88.0"
  },
  "devDependencies": {
    "chai": "3.5.x",
    "mocha": "^5.2.0"
  },
  "engines": {
    "node": ">=6.x"
  },
  "bin": {
    "fb-messenger-cli": "cli.js"
  }
}