{
  "name": "node",
  "version": "1.0.0",
  "description": "",
  "main": "index.js",
  "scripts": {
    "test": "echo \"Error: no test specified\" && exit 1",
    "build": "webpack",
    "server": "webpack-dev-server"
  },
  "author": "",
  "license": "ISC",
  "dependencies": {
    "express": "^4.16.1",
    "mongodb": "^2.2.33",
    "react": "^16.0.0",
    "react-dom": "^16.0.0"
  },
  "devDependencies": {
    "babel-core": "^6.26.0",
    "babel-loader": "^7.1.2",
    "babel-preset-es2015": "^6.24.1",
    "babel-preset-react": "^6.24.1",
    "babel-preset-react-hmre": "^1.1.1",
    "body-parser": "^1.18.2",
    "consolidate": "^0.14.5",
    "cookie-parser": "^1.4.3",
    "cookie-session": "^1.3.2",
    "css-loader": "^0.28.7",
    "ejs": "^2.5.7",
    "express": "^4.16.1",
    "express-route": "^0.1.4",
    "express-static": "^1.2.4",
    "html-webpack-plugin": "^2.30.1",
    "multer": "^1.3.0",
    "mysql": "^2.15.0",
    "node-sass": "^4.5.3",
    "react-bootstrap": "^0.31.3",
    "react-hot-loader": "^1.3.1",
    "react-redux": "^5.0.6",
    "react-router": "^4.2.0",
    "react-router-dom": "^4.2.2",
    "redux": "^3.7.2",
    "sass-loader": "^6.0.6",
    "scss-loader": "^0.0.1",
    "style-loader": "^0.18.2",
    "webpack": "^3.6.0",
    "webpack-dev-server": "^2.8.2"
  }
}