{
  "name": "ember-cli-redux",
  "version": "0.2.0",
  "description": "Ambitious state management for Ember",
  "directories": {
    "doc": "doc",
    "test": "tests"
  },
  "scripts": {
    "build": "ember build",
    "start": "ember server",
    "test": "ember try:testall"
  },
  "repository": {
    "type": "git",
    "url": "git+https://github.com/AltSchool/ember-cli-redux.git"
  },
  "engines": {
    "node": ">= 0.12.7"
  },
  "author": "Matthew Constantine <matthew@altschool.com>",
  "license": "MIT",
  "devDependencies": {
    "broccoli-asset-rev": "^2.2.0",
    "ember-ajax": "0.7.1",
    "ember-browserify": "^1.1.4",
    "ember-cli": "2.4.2",
    "ember-cli-app-version": "^1.0.0",
    "ember-cli-dependency-checker": "^1.2.0",
    "ember-cli-htmlbars": "^1.0.1",
    "ember-cli-htmlbars-inline-precompile": "^0.3.1",
    "ember-cli-inject-live-reload": "^1.3.1",
    "ember-cli-qunit": "^1.2.1",
    "ember-cli-release": "0.2.8",
    "ember-cli-sri": "^2.1.0",
    "ember-cli-uglify": "^1.2.0",
    "ember-data": "^2.4.0",
    "ember-disable-prototype-extensions": "^1.1.0",
    "ember-disable-proxy-controllers": "^1.0.1",
    "ember-export-application-global": "^1.0.4",
    "ember-load-initializers": "^0.5.0",
    "ember-resolver": "^2.0.3",
    "ember-try": "^0.1.2",
    "loader.js": "^4.0.0",
    "redux": "^3.0.4",
    "redux-logger": "^2.3.1",
    "redux-thunk": "^1.0.0"
  },
  "keywords": [
    "ember-addon",
    "redux",
    "flux"
  ],
  "dependencies": {
    "ember-cli-babel": "^5.1.5"
  },
  "ember-addon": {
    "configPath": "tests/dummy/config"
  },
  "main": "index.js",
  "bugs": {
    "url": "https://github.com/AltSchool/ember-cli-redux/issues"
  },
  "homepage": "https://github.com/AltSchool/ember-cli-redux#readme"
}