{
  "name": "another-rest-client",
  "version": "0.5.0",
  "description": "Simple REST API client that makes your code lesser and more beautiful than without it.",
  "main": "rest-client.js",
  "scripts": {
    "test": "mocha",
    "build": "webpack"
  },
  "repository": {
    "type": "git",
    "url": "git+https://github.com/Amareis/another-rest-client.git"
  },
  "keywords": [
    "rest"
  ],
  "author": "joe <terma95@gmail.com>",
  "license": "MIT",
  "bugs": {
    "url": "https://github.com/Amareis/another-rest-client/issues"
  },
  "homepage": "https://github.com/Amareis/another-rest-client#readme",
  "devDependencies": {
    "babel-core": "^6.26.0",
    "babel-loader": "^6.4.1",
    "babel-plugin-transform-object-assign": "^6.22.0",
    "babel-preset-es2015": "^6.24.1",
    "chai": "^3.5.0",
    "form-data": "^2.3.1",
    "minivents": "^2.2.0",
    "mocha": "^2.5.1",
    "sinon": "^1.17.4",
    "webpack": "^1.13.1"
  },
  "dependencies": {}
}