{
  "name": "nb_conda",
  "version": "2.2.0",
  "description": "Development tools for nb_conda",
  "main": "index.js",
  "scripts": {
    "test": "npm run lint && python -m nose nb_conda",
    "lint": "flake8 setup.py nb_conda"
  },
  "repository": {
    "type": "git",
    "url": "git+https://github.com/Anaconda-Platform/nb_conda.git"
  },
  "author": "Continuum Analytics",
  "license": "BSD-2-Clause",
  "bugs": {
    "url": "https://github.com/Anaconda-Platform/nb_conda/issues"
  },
  "homepage": "https://github.com/Anaconda-Platform/nb_conda",
  "devDependencies": {
    "casperjs": "^1.1.1",
    "eslint": "^1.10.3",
    "phantomjs-prebuilt": "^2.1.7",
    "watch": "^0.17.1"
  },
  "eslintConfig": {
    "strict": true,
    "env": {
      "browser": true,
      "node": true,
      "phantomjs": true
    }
  }
}