{
  "name": "r3r-sitepoint-demo",
  "private": true,
  "version": "1.0.0",
  "description": "React-Three-Renderer (R3R) SitePoint demo code",
  "scripts": {
    "start": "webpack-dev-server --content-base build"
  },
  "author": "Andrew Ray",
  "license": "ISC",
  "dependencies": {
    "autobind-decorator": "^1.3.3",
    "babel-core": "^6.7.6",
    "babel-loader": "^6.2.1",
    "babel-plugin-add-module-exports": "^0.1.2",
    "babel-plugin-transform-decorators-legacy": "^1.3.4",
    "babel-plugin-transform-runtime": "^6.9.0",
    "babel-preset-es2015": "^6.3.13",
    "babel-preset-react": "^6.3.13",
    "babel-preset-stage-0": "^6.3.13",
    "babel-register": "^6.3.13",
    "babel-runtime": "^6.3.19",
    "css-loader": "^0.23.1",
    "file-loader": "^0.8.5",
    "json-loader": "^0.5.4",
    "node-sass": "^3.7.0",
    "react": "^15.3.1",
    "react-dom": "^15.1.0",
    "react-three-renderer": "^2.3.1",
    "sass-loader": "^3.2.0",
    "style-loader": "^0.13.1",
    "three": "^0.79.0"
  },
  "devDependencies": {
    "babel-eslint": "^6.0.4",
    "babel-plugin-react-transform": "^2.0.0",
    "clean-webpack-plugin": "^0.1.6",
    "eslint": "^2.10.2",
    "eslint-loader": "^1.3.0",
    "eslint-plugin-import": "^1.8.0",
    "eslint-plugin-react": "^5.1.1",
    "webpack": "^1.12.9",
    "webpack-dev-server": "^1.14.1"
  }
}