{
  "name": "notes-app",
  "version": "0.1.0",
  "private": true,
  "dependencies": {
    "aws-amplify": "^1.1.6",
    "react": "^16.5.2",
    "react-bootstrap": "^0.32.4",
    "react-dom": "^16.5.2",
    "react-router-bootstrap": "^0.24.4",
    "react-router-dom": "^4.3.1",
    "react-scripts": "2.0.4",
    "react-stripe-elements": "^1.6.0"
  },
  "scripts": {
    "start": "react-scripts start",
    "build": "react-scripts build",
    "test": "react-scripts test --env=jsdom",
    "eject": "react-scripts eject"
  },
  "browserslist": [
    ">0.2%",
    "not dead",
    "not ie <= 11",
    "not op_mini all"
  ]
}