{
  "name": "electron-release-server",
  "private": true,
  "version": "1.4.3",
  "description": "A version server for hosting and serving the your electron desktop app releases.",
  "dependencies": {
    "async": "^2.5.0",
    "bluebird": "^3.4.6",
    "bower": "^1.8.0",
    "compare-versions": "^3.1.0",
    "express-useragent": "^1.0.4",
    "fs-extra": "^1.0.0",
    "grunt": "^1.0.1",
    "grunt-contrib-clean": "~1.0.0",
    "grunt-contrib-coffee": "~1.0.0",
    "grunt-contrib-concat": "~1.0.1",
    "grunt-contrib-copy": "~1.0.0",
    "grunt-contrib-cssmin": "~1.0.2",
    "grunt-contrib-jst": "~1.0.0",
    "grunt-contrib-less": "1.4.0",
    "grunt-contrib-pug": "^1.0.0",
    "grunt-contrib-uglify": "~2.0.0",
    "grunt-contrib-watch": "~1.0.0",
    "grunt-sails-linker": "~1.0.4",
    "grunt-sass": "^2.0.0",
    "grunt-sync": "~0.6.2",
    "grunt-wiredep": "^3.0.1",
    "include-all": "~2.0.0",
    "jsonwebtoken": "^7.2.1",
    "ldapauth-fork": "^2.5.4",
    "lodash": "^4.17.2",
    "mime": "^1.3.4",
    "passport": "^0.3.2",
    "passport-ldapauth": "^0.6.0",
    "pug": "^2.0.0-beta6",
    "rc": "~1.1.6",
    "sails": "^0.12.11",
    "sails-disk": "^0.10.10",
    "sails-pg-session": "^1.0.1",
    "sails-postgresql": "^0.12.1",
    "semver": "^5.3.0",
    "skipper-disk": "^0.5.7",
    "strip-bom": "^3.0.0",
    "url": "^0.11.0"
  },
  "scripts": {
    "debug": "node debug app.js",
    "start": "node app.js",
    "postinstall": "bower install"
  },
  "main": "app.js",
  "author": {
    "name": "Arek Sredzki",
    "email": "arek@sredzki.com",
    "url": "http://arek.io/"
  },
  "license": "MIT"
}