{
  "name": "songkick",
  "version": "0.0.1",
  "private": true,
  "scripts": {
    "start": "npm run xcode && node_modules/react-native/packager/packager.sh",
    "xcode": "open songkick.xcodeproj"
  },
  "dependencies": {
    "moment": "^2.10.5",
    "object-assign": "^3.0.0",
    "query-string": "^2.4.0",
    "react-native": "^0.8.0",
    "react-native-blur": "^0.5.4",
    "react-native-icons": "^0.2.0",
    "react-native-radio-buttons": "^0.1.5"
  },
  "devDependencies": {
    "babel-eslint": "^4.0.5",
    "eslint": "^0.24.1",
    "eslint-plugin-react": "^3.1.0"
  }
}