{
  "name": "linter-shellcheck",
  "main": "./lib/main.js",
  "version": "1.6.0",
  "private": true,
  "description": "Lint Bash on the fly, using shellcheck",
  "repository": "https://github.com/AtomLinter/linter-shellcheck",
  "license": "MIT",
  "engines": {
    "atom": ">=1.4.0 <2.0.0"
  },
  "activationHooks": [
    "language-shellscript:grammar-used"
  ],
  "scripts": {
    "test": "apm test",
    "lint": "eslint ."
  },
  "configSchema": {
    "shellcheckExecutablePath": {
      "type": "string",
      "title": "Shellcheck Executable Path",
      "default": "shellcheck"
    },
    "userParameters": {
      "type": "string",
      "title": "Additional Executable Parameters",
      "description": "Additional shellcheck parameters, for example `-x -e SC1090`.",
      "default": ""
    },
    "enableNotice": {
      "type": "boolean",
      "title": "Enable Notice Messages",
      "default": false
    },
    "useProjectCwd": {
      "type": "boolean",
      "title": "Run ShellCheck relative to Project Root",
      "description": "Enable to run ShellCheck using the project root as its working directory; causes ShellCheck to interpret `source=` paths relative to the project root.  Disable to keep `source=` paths relative to the file.",
      "default": false
    }
  },
  "dependencies": {
    "atom-linter": "10.0.0",
    "atom-package-deps": "5.0.0"
  },
  "devDependencies": {
    "eslint": "5.15.0",
    "eslint-config-airbnb-base": "13.1.0",
    "eslint-plugin-import": "2.16.0",
    "jasmine-fix": "1.3.1"
  },
  "eslintConfig": {
    "extends": "airbnb-base",
    "rules": {
      "global-require": "off",
      "import/no-unresolved": [
        "error",
        {
          "ignore": [
            "atom"
          ]
        }
      ]
    },
    "env": {
      "browser": true,
      "node": true
    },
    "globals": {
      "atom": true
    }
  },
  "renovate": {
    "extends": [
      "config:base"
    ],
    "semanticCommits": true,
    "rangeStrategy": "pin",
    "packageRules": [
      {
        "packagePatterns": [
          "^eslint"
        ],
        "groupName": "ESLint packages"
      }
    ]
  },
  "package-deps": [
    "linter:2.0.0"
  ],
  "providedServices": {
    "linter": {
      "versions": {
        "2.0.0": "provideLinter"
      }
    }
  }
}