{
  "name": "linter-stylelint",
  "version": "4.4.3",
  "private": true,
  "description": "A plugin for Atom Linter providing an interface to stylelint.",
  "main": "lib/index.js",
  "repository": {
    "type": "git",
    "url": "git+https://github.com/AtomLinter/linter-stylelint.git"
  },
  "engines": {
    "atom": ">=1.7.0 <2.0.0"
  },
  "scripts": {
    "test": "atom --test spec",
    "lint": "eslint ."
  },
  "keywords": [
    "css",
    "lint",
    "postcss",
    "stylelint"
  ],
  "author": {
    "name": "1000ch",
    "email": "shogo.sensui@gmail.com",
    "url": "http://github.com/1000ch"
  },
  "license": "MIT",
  "bugs": {
    "url": "https://github.com/AtomLinter/linter-stylelint/issues"
  },
  "configSchema": {
    "useStandard": {
      "title": "Use standard",
      "description": "Use the stylelint-config-standard lint configuration when no other configuration is found. Disables the \"Disable when no config\" option.",
      "type": "boolean",
      "default": false
    },
    "disableWhenNoConfig": {
      "title": "Disable when no config is found",
      "description": "You can find the list of supported formats in the [stylelint docs](https://stylelint.io/user-guide/configuration/#loading-the-configuration-object).",
      "type": "boolean",
      "default": true
    },
    "showIgnored": {
      "title": "Show message when a file is ignored",
      "type": "boolean",
      "default": false
    },
    "fixOnSave": {
      "description": "Automatically attempt to fix errors using stylelint --fix flag (experimental)",
      "title": "Attempt to fix styles on save",
      "type": "boolean",
      "default": false
    }
  },
  "homepage": "https://github.com/AtomLinter/linter-stylelint#readme",
  "dependencies": {
    "assign-deep": "0.4.7",
    "atom-linter": "10.0.0",
    "atom-package-deps": "5.0.0",
    "resolve": "1.10.0",
    "stylelint": "9.10.1",
    "stylelint-config-standard": "18.2.0"
  },
  "devDependencies": {
    "@commitlint/cli": "7.5.2",
    "@commitlint/config-conventional": "7.5.0",
    "@commitlint/travis-cli": "7.5.2",
    "@semantic-release/apm-config": "6.0.1",
    "eslint": "5.15.0",
    "eslint-config-airbnb-base": "13.1.0",
    "eslint-plugin-import": "2.16.0",
    "husky": "1.3.1",
    "jasmine-fix": "1.3.1",
    "rimraf": "2.6.3",
    "semantic-release": "15.13.3"
  },
  "eslintConfig": {
    "rules": {
      "comma-dangle": [
        "error",
        "never"
      ],
      "global-require": "off",
      "import/no-unresolved": [
        "error",
        {
          "ignore": [
            "atom"
          ]
        }
      ]
    },
    "extends": "airbnb-base",
    "globals": {
      "atom": true
    },
    "env": {
      "node": true,
      "browser": true
    }
  },
  "package-deps": [
    "linter:2.0.0"
  ],
  "providedServices": {
    "linter": {
      "versions": {
        "2.0.0": "provideLinter"
      }
    }
  },
  "release": {
    "extends": "@semantic-release/apm-config"
  },
  "commitlint": {
    "extends": [
      "@commitlint/config-conventional"
    ]
  },
  "renovate": {
    "extends": [
      "config:base"
    ]
  },
  "husky": {
    "hooks": {
      "commit-msg": "commitlint -E HUSKY_GIT_PARAMS"
    }
  }
}