{
  "name": "linter-rubocop",
  "main": "./src/index.js",
  "version": "2.2.4",
  "private": true,
  "description": "Lint Ruby on the fly, using rubocop",
  "repository": "https://github.com/AtomLinter/linter-rubocop",
  "license": "MIT",
  "engines": {
    "atom": ">=1.4.0 <2.0.0"
  },
  "configSchema": {
    "command": {
      "type": "string",
      "default": "rubocop",
      "description": "This is the absolute path to your `rubocop` command. You may need to run `which rubocop` or `rbenv which rubocop` to find this. Examples: `/usr/local/bin/rubocop` or `/usr/local/bin/bundle exec rubocop --config /my/rubocop.yml`."
    },
    "disableWhenNoConfigFile": {
      "type": "boolean",
      "title": "Disable when no .rubocop.yml config file is found",
      "default": false,
      "description": "Only run linter if a RuboCop config file is found somewhere in the path for the current file."
    }
  },
  "activationHooks": [
    "source.ruby:root-scope-used",
    "source.ruby.rails:root-scope-used",
    "source.chef.recipes:root-scope-used"
  ],
  "scripts": {
    "lint": "eslint .",
    "test": "apm test"
  },
  "dependencies": {
    "atom-linter": "10.0.0",
    "atom-package-deps": "5.0.0",
    "pluralize": "7.0.0",
    "request": "2.88.0",
    "request-promise": "4.2.4",
    "semver": "5.6.0"
  },
  "devDependencies": {
    "eslint": "5.15.0",
    "eslint-config-airbnb-base": "13.1.0",
    "eslint-plugin-import": "2.16.0",
    "jasmine-fix": "1.3.1",
    "tmp": "0.0.33"
  },
  "package-deps": [
    "linter:2.0.0"
  ],
  "providedServices": {
    "linter": {
      "versions": {
        "2.0.0": "provideLinter"
      }
    }
  },
  "renovate": {
    "extends": [
      "config:base"
    ],
    "semanticCommits": true,
    "rangeStrategy": "pin",
    "packageRules": [
      {
        "packagePatterns": [
          "^eslint"
        ],
        "groupName": "ESLint packages"
      }
    ]
  },
  "eslintConfig": {
    "extends": "airbnb-base",
    "rules": {
      "semi": [
        "error",
        "never"
      ],
      "global-require": "off",
      "import/no-unresolved": [
        "error",
        {
          "ignore": [
            "atom"
          ]
        }
      ]
    },
    "globals": {
      "atom": true
    },
    "env": {
      "node": true,
      "browser": true
    }
  }
}