{
  "name": "react-native-instagram-photo",
  "version": "0.1.0",
  "private": true,
  "devDependencies": {
    "babel-cli": "^6.24.1",
    "babel-eslint": "^7.2.3",
    "babel-jest": "^20.0.3",
    "eslint": "^4.4.1",
    "eslint-plugin-babel": "^4.1.2",
    "eslint-plugin-flowtype": "^2.35.0",
    "eslint-plugin-react": "^7.2.0",
    "flow-bin": "0.47.0",
    "jest-expo": "^19.0.5",
    "react-native-scripts": "1.1.0",
    "react-test-renderer": "16.0.0-alpha.12"
  },
  "main": "./node_modules/react-native-scripts/build/bin/crna-entry.js",
  "scripts": {
    "start": "react-native-scripts start",
    "eject": "react-native-scripts eject",
    "android": "react-native-scripts android",
    "ios": "react-native-scripts ios",
    "test": "node node_modules/jest/bin/jest.js --watch"
  },
  "jest": {
    "preset": "jest-expo"
  },
  "dependencies": {
    "class-autobind": "^0.1.4",
    "expo": "^19.0.0",
    "react": "16.0.0-alpha.12",
    "react-native": "^0.46.1",
    "react-native-elements": "^0.15.0",
    "react-native-flex-image": "^1.1.0"
  }
}