{
  "private": true,
  "name": "hig",
  "description": "Autodesk design system",
  "author": "Autodesk Inc.",
  "license": "Apache-2.0",
  "homepage": "https://hig.autodesk.com",
  "version": "1.0.1",
  "scripts": {
    "build": "lerna run build --stream",
    "create-dependency-hash": "cat yarn.lock > .dependency-hash && ls ./packages >> .dependency-hash",
    "lint": "lerna run lint --stream",
    "test": "jest --watch",
    "test-ci": "jest --coverage -w=2 --colors",
    "publish-canary": "lerna publish --canary --yes --exact",
    "release": "lerna run release --stream --concurrency 1",
    "release:dry-run": "RELEASE_DRY_RUN=1 yarn release",
    "post-release": "bash scripts/post-release.sh",
    "extract": "yarn run extract:dependencies && yarn run extract:builds",
    "extract:builds": "bash scripts/extract-builds.sh",
    "extract:dependencies": "bash scripts/extract-dependencies.sh",
    "archive:builds": "node scripts/archive-builds.js",
    "archive:dependencies": "node scripts/archive-dependencies.js",
    "docs": "doctoc --notitle DEVELOPING.md CONTRIBUTING.md"
  },
  "devDependencies": {
    "archiver": "^2.1.1",
    "doctoc": "^1.3.1",
    "lerna": "^2.11.0",
    "mkdirp": "^0.5.1",
    "node-fetch": "^2.2.0",
    "react": "^15.6.1",
    "react-dom": "^15.6.1",
    "react-test-renderer": "^15.6.1",
    "registry-url": "^4.0.0"
  },
  "workspaces": {
    "packages": [
      "packages/*"
    ],
    "nohoist": [
      "acceptance"
    ]
  },
  "jest": {
    "preset": "@hig/jest-preset"
  }
}