{
  "name": "cloud9-hub",
  "version": "0.0.1",
  "private": true,
  "scripts": {
    "start": "node server.js"
  },
  "dependencies": {
    "connect-flash": "^0.1.1",
    "consolidate": "^0.10.0",
    "express": "3.2.6",
    "forever": "~0.10.11",
    "grunt": "~0.4.4",
    "grunt-cli": "~0.1.13",
    "grunt-concurrent": "^0.5.0",
    "grunt-contrib-watch": "~0.6.1",
    "grunt-env": "~0.4.1",
    "grunt-nodemon": "~0.2.1",
    "grunt-sass": "^0.11.0",
    "jade": "*",
    "lodash": "^2.4.1",
    "passport": "0.1.17",
    "passport-github": "0.1.5",
    "rimraf": "2.1.4",
    "stylus": "*",
    "swig": "^1.3.2",
    "view-helpers": "^0.1.4"
  }
}