{
  "name": "@axa-fr/react-toolkit",
  "version": "0.0.0",
  "private": true,
  "repository": {
    "type": "git",
    "url": "https://github.com/AxaGuilDEv/react-toolkit.git"
  },
  "scripts": {
    "publish": "lerna publish",
    "bootstrap": "gulp clean && lerna bootstrap && gulp prepare",
    "storybook": "npm -C ./storybook/storybook run storybook",
    "storybook:build": "npm -C ./storybook/storybook run storybook:build",
    "start": "npm -C ./examples/demo run start",
    "demo:build": "npm -C ./examples/demo run build",
    "css": "npm -C ./storybook/styles run css",
    "css:build": "npm -C ./storybook/styles run css:build",
    "test": "jest --config jest.config.json",
    "lint": "npm run lint:js && npm run lint:ts **/*.ts",
    "lint:js": "cross-env NODE_ENV=production eslint packages --cache --cache-location=.cache/eslint --ext .js,.jsx,.json --report-unused-disable-directives",
    "lint:ts": "tslint -p . -c tslint.json -t stylish",
    "dev": "concurrently --kill-others \"npm run dev:ts\" \"npm run dev:js\"",
    "dev:js": "lerna exec --parallel -- cross-env-shell node \\$LERNA_ROOT_PATH/scripts/watch-js.js",
    "dev:ts": "lerna exec --parallel -- cross-env-shell node \\$LERNA_ROOT_PATH/scripts/watch-ts.js",
    "changelog": "auto-changelog --unreleased --commit-limit false --template changelog-template.hbs -p  --output ./CHANGELOG.md"
  },
  "husky": {
    "hooks": {
      "pre-commit": "npm run lint",
      "pre-push": "npm test"
    }
  },
  "devDependencies": {
    "@storybook/addon-actions": "^4.1.9",
    "@storybook/addon-info": "^4.1.9",
    "@storybook/addon-jest": "^4.1.9",
    "@storybook/addon-knobs": "^4.1.9",
    "@storybook/addon-links": "^4.1.9",
    "@storybook/addon-notes": "^4.1.9",
    "@storybook/addon-options": "^4.1.9",
    "@storybook/addon-storyshots": "^4.1.9",
    "@storybook/addons": "^4.1.9",
    "@storybook/react": "^4.1.9",
    "@types/classnames": "^2.2.6",
    "@types/enzyme": "^3.1.15",
    "@types/jest": "^23.3.11",
    "@types/prop-types": "^15.5.8",
    "@types/react": "^16.7.18",
    "@types/react-modal": "^3.6.0",
    "@types/react-test-renderer": "^16.0.3",
    "@types/recompose": "^0.26.5",
    "auto-changelog": "^1.10.2",
    "babel-cli": "^6.26.0",
    "babel-core": "^6.26.3",
    "babel-eslint": "^9.0.0",
    "babel-jest": "^23.6.0",
    "babel-loader": "^8.0.5",
    "babel-plugin-macros": "^2.4.4",
    "babel-plugin-require-context-hook": "^1.0.0",
    "babel-plugin-transform-runtime": "^6.23.0",
    "babel-polyfill": "6.23.0",
    "babel-preset-env": "^1.7.0",
    "babel-preset-es2015": "6.24.1",
    "babel-preset-react": "^6.24.1",
    "babel-preset-react-app": "3.1.1",
    "babel-preset-stage-0": "^6.24.1",
    "bootstrap": "^4.2.1",
    "browser-sync": "^2.26.3",
    "chalk": "^2.4.1",
    "classnames": "^2.2.6",
    "colors": "1.1.2",
    "commander": "^2.19.0",
    "concurrently": "^3.6.1",
    "config": "1.25.1",
    "copyfiles": "^2.1.0",
    "cpx": "^1.5.0",
    "cross-env": " 5.2.0",
    "css-loader": "^1.0.1",
    "del-cli": "1.1.0",
    "entities": "^1.1.2",
    "enzyme": "^3.8.0",
    "enzyme-adapter-react-16": "^1.7.1",
    "enzyme-to-json": "^3.3.5",
    "eslint": "^5.11.1",
    "eslint-config-airbnb": "^17.0.0",
    "eslint-config-prettier": "^3.3.0",
    "eslint-plugin-import": "^2.14.0",
    "eslint-plugin-jest": "^21.27.2",
    "eslint-plugin-json": "^1.3.2",
    "eslint-plugin-jsx-a11y": "^6.1.2",
    "eslint-plugin-prettier": "^2.7.0",
    "eslint-plugin-react": "^7.12.2",
    "extract-text-webpack-plugin": "^3.0.2",
    "file-loader": "0.11.1",
    "fs-extra": "^6.0.1",
    "getstorybook": "1.7.0",
    "github-markdown-css": "2.8.0",
    "gulp": "3.9.1",
    "gulp-autoprefixer": "4.0.0",
    "gulp-clean": "^0.3.2",
    "gulp-clean-css": "3.0.4",
    "gulp-iconfont": "9.0.0",
    "gulp-iconfont-template": "0.0.3",
    "gulp-pug": "3.3.0",
    "gulp-rename": "1.2.2",
    "gulp-replace": "0.5.4",
    "gulp-sass": "3.1.0",
    "gulp-shell": "^0.6.5",
    "gulp-sourcemaps": "^2.6.4",
    "gulp-svgmin": "1.2.3",
    "gulp-svgstore": "6.1.0",
    "gulp-wrap": "0.13.0",
    "gzip-size": "^4.0.0",
    "highlight-loader": "^0.7.3",
    "highlight.js": "^9.13.1",
    "highlightjs": "9.10.0",
    "html-entities": "^1.2.1",
    "html-loader": "^0.5.5",
    "html-webpack-plugin": "^2.30.1",
    "husky": "^1.3.1",
    "immutable": "^3.8.2",
    "inquirer": "^6.2.1",
    "jest-cli": "^23.6.0",
    "jest-enzyme": "^6.1.2",
    "jsx-to-string": "^1.4.0",
    "lerna": "^3.8.4",
    "lint-staged": "7.2.0",
    "markdown-loader": "^2.0.2",
    "marked": "^0.3.19",
    "mkdirp": "0.5.1",
    "moment": "~2.22.2",
    "node-sass-chokidar": "^1.3.4",
    "npmlog": "^4.1.2",
    "postcss-loader": "1.3.3",
    "pre-commit": "1.2.2",
    "prettier": "^1.15.3",
    "pretty": "1.0.0",
    "pug-lint": "2.4.0",
    "pug-loader": "2.4.0",
    "raw-loader": "0.5.1",
    "react": "^16.7.0",
    "react-addons-test-utils": "^15.5.1",
    "react-dom": "^16.7.0",
    "react-frame-component": "1.0.3",
    "react-router-dom": "4.1.0",
    "react-scripts": "^1.1.5",
    "react-syntax-highlighter": "^7.0.4",
    "react-test-renderer": "^16.7.0",
    "react-transition-group": "~2.3.1",
    "require-dir": "0.3.2",
    "run-sequence": "1.2.2",
    "sass-loader": "^7.1.0",
    "shelljs": "^0.8.3",
    "simple-git": "1.70.0",
    "storybook-readme": "^4.0.2",
    "style-loader": "0.21.0",
    "stylelint": "9.2.0",
    "stylelint-config-standard": "18.2.0",
    "svg-inline-loader": "^0.8.0",
    "svg-sprite": "1.4.0",
    "ts-jest": "^23.10.5",
    "ts-loader": "^4.4.2",
    "tslint": "~5.11.0",
    "tslint-config-prettier": "^1.17.0",
    "tslint-plugin-prettier": "^2.0.1",
    "twit": "^2.2.11",
    "typescript": "^3.2.2",
    "util-deprecate": "^1.0.2",
    "watch": "1.0.2",
    "webpack": "^4.28.3",
    "webpack-dev-server": "^3.1.14"
  },
  "dependencies": {
    "cuid": "^2.1.4",
    "glob-stream": "^6.1.0",
    "moment": "~2.22.2",
    "outy": "^0.1.2",
    "prop-types": "^15.5.10",
    "rc-slider": "^8.6.4",
    "react-datepicker": "^1.8.0",
    "react-dropzone": "^4.2.11",
    "react-modal": "^3.8.1",
    "react-popper": "^0.8.3",
    "react-select": "^2.2.0",
    "react-transition-group": "~2.3.1",
    "recompose": "^0.27.1"
  },
  "engines": {
    "node": ">=8.0.0",
    "yarn": ">=1.3.2"
  },
  "publishConfig": {
    "registry": "https://registry.npmjs.org/"
  }
}