{
  "name": "azure-rest-api-specs-tests",
  "private": true,
  "author": {
    "name": "Microsoft Corporation",
    "email": "azsdkteam@microsoft.com",
    "url": "https://github.com/azure/azure-rest-api-specs"
  },
  "version": "0.1.0",
  "description": "Tests for Azure REST API Specifications",
  "license": "MIT",
  "devDependencies": {
    "@microsoft.azure/async-io": "^1.0.21",
    "@microsoft.azure/literate": "^1.0.21",
    "@microsoft.azure/polyfill": "^1.0.17",
    "@ts-common/commonmark-to-markdown": "^1.1.9",
    "@ts-common/fs": "0.1.0",
    "@types/js-yaml": "^3.12.0",
    "fs-extra": "^3.0.1",
    "glob": "^5.0.14",
    "js-yaml": "^3.8.2",
    "json-schema-ref-parser": "^3.1.2",
    "mocha": "*",
    "oad": "0.1.12",
    "oav": "^0.13.4",
    "request": "^2.61.0",
    "request-promise-native": "^1.0.5",
    "typescript": "^3.2.4",
    "z-schema": "^3.25.0",
    "ts-node": "^8.0.1"
  },
  "dependencies": {
    "@octokit/rest": "^15.2.6"
  },
  "homepage": "https://github.com/azure/azure-rest-api-specs",
  "repository": {
    "type": "git",
    "url": "git@github.com:azure/azure-rest-api-specs.git"
  },
  "bugs": {
    "url": "http://github.com/azure/azure-rest-api-specs/issues"
  },
  "scripts": {
    "test": "mocha -t 500000 --reporter min",
    "oav": "oav",
    "tsc": "tsc",
    "multiapi": "ts-node ./scripts/multiapi.ts"
  }
}