{
  "name": "dropzone-redux-form-example",
  "version": "1.0.0",
  "private": true,
  "devDependencies": {
    "react-scripts": "0.4.1"
  },
  "dependencies": {
    "react": "^15.3.1",
    "react-dom": "^15.3.1",
    "react-dropzone": "^3.5.3",
    "react-redux": "^4.4.5",
    "redux": "^3.5.2",
    "redux-form": "^6.0.2"
  },
  "scripts": {
    "start": "react-scripts start",
    "build": "react-scripts build",
    "eject": "react-scripts eject"
  },
  "eslintConfig": {
    "extends": "./node_modules/react-scripts/config/eslint.js"
  },
  "author": "Ollie Relph <ollie@relph.me> (https://github.com/BBB)",
  "license": "MIT",
  "repository": {
    "type": "git",
    "url": "git+https://github.com/BBB/dropzone-redux-form-example.git"
  }
}