{
  "name": "Monitaure",
  "version": "0.16.0",
  "description": "A monitoring web app for SysAdmins",
  "keywords": [
    "System Administration",
    "Monitoring",
    "Uptime",
    "Application",
    "NodeJS",
    "Sails JS",
    "React",
    "Redux",
    "MongoDB",
    "Redis",
    "SASS",
    "Waterline",
    "Jade",
    "RequireJS",
    "ES2015",
    "ES2016",
    "Babel",
    "ESLint",
    "Webpack",
    "Service Worker",
    "Google Cloud Messaging",
    "Push API"
  ],
  "dependencies": {
    "babel-core": "^6.23.1",
    "babel-jest": "^19.0.0",
    "babel-loader": "^6.3.2",
    "babel-plugin-transform-react-constant-elements": "^6.23.0",
    "babel-plugin-transform-react-inline-elements": "^6.22.0",
    "babel-plugin-transform-react-remove-prop-types": "^0.3.2",
    "babel-polyfill": "^6.23.0",
    "babel-preset-latest": "^6.22.0",
    "babel-preset-react": "^6.23.0",
    "babel-preset-stage-2": "^6.22.0",
    "bcrypt": "^1.0.2",
    "chartist": "^0.10.1",
    "connect-redis": "^3.2.0",
    "css-loader": "^0.26.2",
    "jade": "^1.11.0",
    "jest": "^19.0.2",
    "jsreport": "^1.4.0",
    "lodash": "^4.17.4",
    "moment": "^2.17.1",
    "node-sass": "^4.5.0",
    "node-schedule": "^1.2.0",
    "nodemailer": "^3.1.4",
    "nodemailer-sendgrid-transport": "^0.2.0",
    "passport": "^0.3.2",
    "passport-local": "^1.0.0",
    "rc": "^1.1.7",
    "react": "^15.4.2",
    "react-addons-css-transition-group": "^15.4.2",
    "react-chartist": "^0.12.0",
    "react-dom": "^15.4.2",
    "react-fastclick": "^3.0.1",
    "react-redux": "^5.0.3",
    "react-router": "^2.8.1",
    "react-router-redux": "^4.0.8",
    "react-scroll": "^1.4.7",
    "react-swipeable": "^3.7.0",
    "redux": "^3.6.0",
    "sails": "^0.12.12",
    "sails-disk": "~0.10.10",
    "sails-mongo": "^0.12.2",
    "sass-loader": "^6.0.2",
    "style-loader": "^0.13.2",
    "url-loader": "^0.5.8",
    "uuid": "^3.0.1",
    "web-push": "^3.2.2",
    "webpack": "^2.2.1",
    "webpack-merge": "^1.1.0",
    "whatwg-fetch": "^2.0.3"
  },
  "scripts": {
    "start:dev": "NODE_ENV=development; nodemon app.js --ignore interface/ --ignore public/ --ignore webpack.config.js",
    "start:prod": "NODE_ENV=production sails lift",
    "webpack:dev": "webpack --watch --color --progress",
    "webpack:prod": "webpack --color --progress",
    "lint:back": "eslint . -c .eslintrcback.js --ext .js --cache --ignore-path .eslintignoreback; exit 0",
    "lint:front": "eslint interface/ -c .eslintrcfront.js --ext .js --ext .jsx --cache; exit 0",
    "test": "jest && codecov",
    "test:watch": "npm test -- --watch"
  },
  "jest": {
    "coverageDirectory": "./coverage/",
    "collectCoverage": true
  },
  "main": "app.js",
  "repository": {
    "type": "git",
    "url": "git@github.com:Bertrand31/Monitaure.git"
  },
  "author": "Bertrand Junqua <bertrandjun@gmail.com> (http://awebsiteabout.me)",
  "license": "GPL-3.0",
  "devDependencies": {
    "eslint": "^3.17.0",
    "eslint-config-airbnb": "^14.1.0",
    "eslint-plugin-import": "^2.2.0",
    "eslint-plugin-jsx-a11y": "^4.0.0",
    "eslint-plugin-react": "^6.10.0"
  }
}