{
  "name": "microglark",
  "version": "0.0.2",
  "private": true,
  "scripts": {
    "start": "./node_modules/.bin/grunt build && node app.js",
    "watch": "./node_modules/.bin/grunt build && (./node_modules/.bin/grunt watch &) && node app.js"
  },
  "dependencies": {
    "autoprefixer": "^6.1.2",
    "body-parser": "^1.14.1",
    "compression": "^1.6.0",
    "cssnano": "^3.4.0",
    "errorhandler": "^1.4.2",
    "express": "^4.13.3",
    "jade": "^1.11.0",
    "method-override": "^2.3.5",
    "serve-favicon": "^2.3.0",
    "share": "^0.6.0",
    "socket.io": "^1.3.7"
  },
  "devDependencies": {
    "grunt": "^0.4.1",
    "grunt-cli": "^1.2.0",
    "grunt-contrib-clean": "^0.7.0",
    "grunt-contrib-copy": "^0.8.2",
    "grunt-contrib-jshint": "~0.11.3",
    "grunt-contrib-watch": "^0.6.1",
    "grunt-jsbeautifier": "~0.2.10",
    "grunt-postcss": "^0.7.1"
  }
}