{
  "name": "boostnotemobile",
  "version": "0.0.1",
  "private": true,
  "scripts": {
    "start": "node node_modules/react-native/local-cli/cli.js start",
    "test": "jest",
    "lint": "node_modules/.bin/eslint app/",
    "fix": "node_modules/.bin/eslint --fix app/"
  },
  "dependencies": {
    "aws-sdk": "^2.100.0",
    "coffeescript": "^2.0.0",
    "debounce": "^1.0.2",
    "js2coffee": "^2.2.0",
    "markdown-it-checkbox": "^1.1.0",
    "moment": "^2.18.1",
    "native-base": "2.3.3",
    "react": "16.0.0-alpha.12",
    "react-native": "0.50.3",
    "react-native-aws-mobile-analytics": "git://github.com/kohei-takata/react-native-aws-mobile-analytics.git",
    "react-native-check-box": "^2.0.2",
    "react-native-code-push": "5.1.3-beta",
    "react-native-device-info": "^0.13.0",
    "react-native-fetch-blob": "^0.10.8",
    "react-native-markdown-renderer": "^2.0.5",
    "react-native-modalbox": "^1.4.2",
    "react-native-svg": "^5.5.1",
    "react-native-svg-uri": "^1.2.3",
    "remove-markdown-and-html": "^0.1.0",
    "rn-markdown": "^1.1.1"
  },
  "devDependencies": {
    "babel-jest": "20.0.3",
    "babel-preset-react-native": "1.9.2",
    "eslint": "^4.14.0",
    "eslint-config-standard": "^11.0.0-beta.0",
    "eslint-config-standard-jsx": "^4.0.2",
    "eslint-plugin-import": "^2.8.0",
    "eslint-plugin-node": "^5.2.1",
    "eslint-plugin-promise": "^3.6.0",
    "eslint-plugin-react": "^7.5.1",
    "eslint-plugin-standard": "^3.0.1",
    "jest": "20.0.3",
    "react-test-renderer": "16.0.0-alpha.12"
  },
  "jest": {
    "preset": "react-native"
  }
}