{
  "name": "myh5",
  "version": "0.3.0",
  "private": true,
  "scripts": {
    "dev": "vue-cli-service serve --open",
    "server": "node ./server/bin/www",
    "build": "vue-cli-service build",
    "start": "concurrently \"yarn dev\" \"yarn server\"",
    "lint": "vue-cli-service lint"
  },
  "dependencies": {
    "animate.css": "^3.6.1",
    "art-template": "^4.12.2",
    "clipboard": "^2.0.1",
    "cookie-parser": "^1.4.3",
    "cropper": "^4.0.0",
    "element-ui": "^2.4.1",
    "express-art-template": "^1.0.1",
    "express-session": "^1.15.6",
    "jade": "^1.11.0",
    "jquery": "^3.3.1",
    "jquery.cookie": "^1.4.1",
    "js-cookie": "^2.2.0",
    "lodash": "^4.17.10",
    "md5": "^2.2.1",
    "moment": "^2.22.1",
    "mongoose": "^5.0.14",
    "morgan": "^1.9.0",
    "particles.js": "^2.0.0",
    "qaep-push": "^1.0.3",
    "qrcode": "^1.2.0",
    "serve-favicon": "^2.5.0",
    "sha1": "^1.1.1",
    "superagent": "^3.8.2",
    "swiper": "^4.3.0",
    "uuid": "^3.2.1",
    "vue": "^2.5.13",
    "vue-resource": "^1.5.0",
    "vue-router": "^3.0.1",
    "vuedraggable": "^2.16.0",
    "vuex": "^3.0.1"
  },
  "devDependencies": {
    "@vue/cli-plugin-babel": "^3.0.0-beta.6",
    "@vue/cli-plugin-eslint": "^3.0.0-beta.6",
    "@vue/cli-service": "^3.0.0-beta.6",
    "art-template-loader": "^1.4.3",
    "babel-plugin-component": "^1.1.0",
    "babel-plugin-syntax-dynamic-import": "^6.18.0",
    "connect-history-api-fallback": "^1.5.0",
    "node-sass": "^4.8.3",
    "qiniu": "^7.1.3",
    "rimraf": "^2.6.2",
    "sass-loader": "^6.0.7",
    "vue-template-compiler": "^2.5.13"
  },
  "babel": {
    "presets": [
      "@vue/app"
    ],
    "plugins": [
      [
        "component",
        {
          "libraryName": "element-ui",
          "styleLibraryName": "theme-chalk"
        }
      ]
    ]
  },
  "eslintConfig": {
    "root": true,
    "env": {
      "node": true
    },
    "extends": [
      "plugin:vue/essential",
      "eslint:recommended"
    ],
    "rules": {
      "no-console": "off"
    },
    "parserOptions": {
      "parser": "babel-eslint"
    }
  },
  "postcss": {
    "plugins": {
      "autoprefixer": {}
    }
  },
  "browserslist": [
    "> 1%",
    "last 2 versions",
    "not ie <= 8"
  ]
}