{
  "private": true,
  "scripts": {
    "bootstrap": "lerna bootstrap --hoist",
    "build-all": "lerna run build-all"
  },
  "name": "browser-sync",
  "devDependencies": {
    "lerna": "^3.4.0"
  },
  "dependencies": {
    "@types/node": "^8",
    "chai": "^3",
    "compression": "^1",
    "connect-history-api-fallback": "^1",
    "crossbow": "^4",
    "cypress": "^3.1.0",
    "eazy-logger": "^3",
    "immutable": "^3",
    "mocha": "^5",
    "request": "^2",
    "sinon": "^1",
    "supertest": "^3",
    "typescript": "3.0.3",
    "webpack": "^3"
  }
}