{
  "name": "learnProject",
  "version": "0.0.1",
  "private": true,
  "scripts": {
    "start": "node node_modules/react-native/local-cli/cli.js start",
    "test": "jest"
  },
  "dependencies": {
    "lottie-react-native": "^1.0.6",
    "react": "15.4.2",
    "react-native": "0.41.2",
    "react-native-audio": "git+https://git@github.com/CarGuo/react-native-audio.git",
    "react-native-autolink": "^1.0.0",
    "react-native-easy-grid": "^0.1.8",
    "react-native-meteor": "^1.0.3",
    "react-native-modalbox": "^1.3.9",
    "react-native-photo-view": "^1.2.0",
    "react-native-router-flux": "^3.37.0",
    "react-native-spinkit": "^1.0.2",
    "react-native-swipe-list-view": "^0.3.3",
    "react-native-swiper": "^1.5.4",
    "react-native-vector-icons": "^4.0.0",
    "react-redux": "^4.4.6",
    "redux": "^3.6.0",
    "redux-thunk": "^2.2.0"
  },
  "devDependencies": {
    "babel-jest": "18.0.0",
    "babel-preset-react-native": "1.9.1",
    "jest": "18.1.0",
    "react-test-renderer": "15.4.2"
  },
  "jest": {
    "preset": "react-native"
  }
}