{
  "name": "cleverstack-cli",
  "description": "Command line interface for CleverStack",
  "version": "1.2.10",
  "license": "MIT",
  "author": {
    "name": "CleverStack",
    "email": "admin@cleverstack.io",
    "web": "http://cleverstack.io"
  },
  "collaborators": [
    "Daniel Durante <daniel.durante@clevertech.biz>",
    "Richard Gustin <richard.gustin86@gmail.com>"
  ],
  "repository": {
    "type": "git",
    "url": "git://github.com/cleverstack/cleverstack-cli.git"
  },
  "bugs": {
    "url": "https://github.com/cleverstack/cleverstack-cli/issues"
  },
  "scripts": {
    "test": "make tests"
  },
  "bin": {
    "clever": "./bin/clever"
  },
  "engines": {
    "node": ">=0.10 <=6.0",
    "npm": ">=1.4 <=3.8"
  },
  "dependencies": {
    "async": "~0.9.0",
    "bluebird": "~2.9.13",
    "cli-color": "~0.3.2",
    "commander": "~2.6.0",
    "debug": "~2.1.0",
    "deptree": "~0.1.0",
    "event-stream": "~3.3.0",
    "findit": "~2.0.0",
    "follow-redirects": "~0.0.3",
    "https-proxy-agent": "^1.0.0",
    "i": "^0.3.2",
    "lodash": "~3.4.0",
    "mkdirp": "~0.5.0",
    "ncp": "~2.0.0",
    "node-status": "~0.1.3",
    "rimraf": "~2.2.5",
    "semver": "~4.3.1",
    "shelljs": "^0.3.0",
    "t-case": "~0.1.0",
    "tab": "~0.1.0",
    "tar": "~1.0.2",
    "update-notifier": "^0.3.0",
    "configstore": "^0.3.1",
    "require-folder-tree": "~1.0.6",
    "clever-injector": "~1.0.3",
    "cli-table": "~0.3.1"
  },
  "devDependencies": {
    "mocha": "~2.0.1",
    "chai": "~1.10.0"
  },
  "keywords": [
    "koa",
    "auth",
    "security",
    "oracle",
    "mysql",
    "sql",
    "nosql",
    "mongo",
    "mongodb",
    "sqlserver",
    "mssql",
    "postgres",
    "postgresql",
    "soap",
    "StrongLoop",
    "mobile",
    "mBaaS",
    "framework",
    "sinatra",
    "cli",
    "command",
    "line",
    "interface",
    "angular",
    "fullstack",
    "js",
    "framework",
    "full",
    "stack",
    "javascript",
    "generator",
    "seed",
    "mean",
    "mean.io",
    "meanio",
    "mean-cli",
    "yeoman-generator",
    "mean-seed",
    "generator-mean-seed",
    "generator-angular-fullstack",
    "angular",
    "angularjs",
    "node",
    "nodejs",
    "node.js",
    "mongo",
    "mongodb",
    "mongoose",
    "grunt",
    "yo",
    "yeoman",
    "bower",
    "express",
    "seed",
    "mean-stack",
    "stack",
    "app",
    "api",
    "web",
    "website",
    "passport",
    "rest",
    "restful",
    "restify",
    "router",
    "scaffold",
    "components",
    "modules",
    "modular",
    "backend",
    "frontend",
    "service",
    "controller",
    "grunt",
    "mvc",
    "model",
    "view"
  ]
}