{
  "name": "design-system",
  "private": true,
  "description": "A shared set of design and code elements for creating accessible and consistent websites",
  "repository": "CMSgov/design-system",
  "scripts": {
    "build": "NODE_ENV=production gulp build --env=production",
    "build:theme": "yarn build --theme",
    "bump": "lerna publish --skip-git --skip-npm",
    "generate": "yo cmsgov",
    "g": "yarn generate",
    "precommit": "lint-staged",
    "postinstall": "lerna bootstrap",
    "posttest": "yarn lint",
    "start": "NODE_ENV=development gulp watch --env=development",
    "start:theme": "yarn start --theme",
    "test": "jest",
    "test:watch": "NODE_ENV=test jest --watch",
    "update-snapshots": "NODE_ENV=test jest -u",
    "lint": "eslint tools/ examples/**/src/ packages/**/src/ --ext .js --ext .jsx -f table && gulp lint --env=test --theme"
  },
  "devDependencies": {
    "@cmsgov/eslint-config-design-system": "file:./packages/eslint-config-design-system",
    "@cmsgov/stylelint-config-design-system": "file:./packages/stylelint-config-design-system",
    "autoprefixer": "^8.0.0",
    "babel-core": "^6.26.0",
    "babel-jest": "^22.4.1",
    "babel-loader": "^7.1.3",
    "babel-plugin-transform-object-assign": "^6.22.0",
    "babel-preset-es2015": "^6.24.1",
    "babel-preset-react": "^6.24.1",
    "babel-preset-stage-3": "^6.24.1",
    "babel-register": "^6.26.0",
    "browser-sync": "^2.20.0",
    "bytes": "^3.0.0",
    "cli-table": "^0.3.1",
    "colors": "^1.1.2",
    "core-js": "^2.5.3",
    "cssnano": "^3.10.0",
    "cssstats": "^3.1.0",
    "del": "^3.0.0",
    "ejs": "^2.5.7",
    "enzyme": "3.7.0",
    "enzyme-adapter-react-16": "^1.1.1",
    "enzyme-to-json": "^3.3.0",
    "eslint": "^4.18.1",
    "eslint-config-nava": "^2.1.0",
    "front-matter": "^2.3.0",
    "generator-cmsgov": "file:./packages/generator-cmsgov",
    "github": "^13.0.1",
    "glob": "^7.1.2",
    "gulp": "^3.9.1",
    "gulp-babel": "^7.0.0",
    "gulp-changed": "^3.1.1",
    "gulp-changed-in-place": "^2.3.0",
    "gulp-count": "^1.0.0",
    "gulp-if": "^2.0.2",
    "gulp-merge-json": "^1.2.0",
    "gulp-postcss": "^7.0.0",
    "gulp-sass": "^3.1.0",
    "gulp-sourcemaps": "^2.6.1",
    "gulp-stylelint": "^6.0.0",
    "gulp-util": "^3.0.8",
    "husky": "^0.14.3",
    "jest": "^22.4.2",
    "kss": "^3.0.0-beta.18",
    "lerna": "^2.5.1",
    "lint-staged": "^7.0.0",
    "lodash": "^4.17.5",
    "marked": "^0.3.17",
    "memory-fs": "^0.4.1",
    "mkdir-recursive": "^0.4.0",
    "mz": "^2.7.0",
    "node-notifier": "^5.1.2",
    "postcss-image-inliner": "^1.0.6",
    "postcss-import": "^11.1.0",
    "postcss-url": "^7.3.1",
    "prettier": "^1.11.0",
    "prismjs": "^1.11.0",
    "react": "^16.2.0",
    "react-docgen": "^2.20.1",
    "react-dom": "^16.2.0",
    "react-test-renderer": "^16.2.0",
    "recast": "^0.14.4",
    "run-sequence": "^2.2.0",
    "stylelint": "^9.1.1",
    "stylelint-config-prettier": "^2.1.0",
    "through2": "^2.0.3",
    "tota11y": "^0.1.6",
    "vinyl-source-stream": "^2.0.0",
    "webpack": "^4.16.1",
    "webpack-dev-middleware": "^2.0.6",
    "webpack-hot-middleware": "^2.21.1",
    "yargs": "^11.0.0",
    "yo": "^2.0.0"
  },
  "engines": {
    "node": ">=7.0.0"
  },
  "jest": {
    "testURL": "http://localhost",
    "setupFiles": [
      "<rootDir>/tools/jest/polyfills.js",
      "<rootDir>/tools/jest/setupEnzyme.js"
    ],
    "snapshotSerializers": [
      "enzyme-to-json/serializer"
    ],
    "testPathIgnorePatterns": [
      "<rootDir>/examples/",
      "<rootDir>/node_modules/",
      "<rootDir>/packages/*/node_modules/",
      "<rootDir>/packages/themes/*/node_modules/",
      "<rootDir>/packages/generator-cmsgov/generators/app/templates/"
    ]
  },
  "lint-staged": {
    "*.{js,jsx}": [
      "prettier --write",
      "eslint --fix",
      "git add"
    ]
  },
  "resolutions": {
    "gulp-sass/node-sass": ">=4.7.2"
  }
}