{
  "name": "codingmarks-api",
  "version": "2.3.0",
  "private": true,
  "scripts": {
    "start": "node ./bin/www",
    "debug": "nodemon --inspect ./bin/www",
    "integration-tests": "nyc mocha '**/*.integration-test.js' --exit"
  },
  "dependencies": {
    "body-parser": "^1.18.3",
    "cheerio": "latest",
    "cookie-parser": "~1.4.3",
    "debug": "^4.1.0",
    "express": "^4.16.4",
    "fs-extra": "^7.0.1",
    "http-status-codes": "^1.3.0",
    "keycloak-connect": "3.1.0",
    "mongoose": "~4.3.7",
    "morgan": "^1.9.1",
    "request": "latest",
    "rotating-file-stream": "^1.3.2",
    "serve-favicon": "^2.5.0",
    "showdown": "^1.6.4",
    "superagent": "^4.1.0",
    "swagger-ui-express": "^4.0.2",
    "yamljs": "^0.3.0"
  },
  "devDependencies": {
    "chai": "^4.2.0",
    "mocha": "^5.2.0",
    "nodemon": "^1.18.7",
    "nyc": "^13.1.0",
    "supertest": "^3.4.1"
  }
}