{
  "name": "commerceql-boilerplate",
  "private": true,
  "license": "MIT",
  "author": "Jamie Barton <hi@jamiebarton.co.uk>",
  "scripts": {
    "debug": "nodemon -e js,graphql -x node --inspect -r dotenv/config src/index.js",
    "dev": "npm-run-all --parallel start playground",
    "playground": "graphql playground",
    "precommit": "pretty-quick --staged",
    "start": "nodemon -e js,graphql -x node -r dotenv/config src/index.js"
  },
  "dependencies": {
    "graphql-yoga": "1.17.4",
    "prisma-binding": "2.3.3",
    "stripe": "6.25.1",
    "validator": "10.11.0"
  },
  "devDependencies": {
    "dotenv": "6.2.0",
    "graphql-cli": "2.17.0",
    "husky": "1.3.1",
    "nodemon": "1.18.10",
    "now": "latest",
    "npm-run-all": "4.1.5",
    "prettier": "1.16.4",
    "pretty-quick": "1.10.0",
    "prisma": "1.27.4"
  }
}