{
  "name": "@condenast/perf-timeline-cli",
  "version": "0.1.3",
  "description": "Generate Chrome Performance Timelines via a command line interface",
  "main": "src/index.js",
  "license": "Apache-2.0",
  "contributors": [
    {
      "name": "Zack Tollman",
      "url": "https://www.tollmanz.com"
    }
  ],
  "scripts": {
    "lint": "eslint ./bin ./src ./test",
    "test": "NODE_ENV=test jest",
    "test:coverage": "jest --coverage"
  },
  "dependencies": {
    "cli-logger": "^0.5.40",
    "puppeteer": "^1.2.0",
    "yargs": "^11.1.0"
  },
  "bin": {
    "perf-timeline": "./bin/index.js"
  },
  "engines": {
    "node": ">=8.0.0",
    "npm": ">=5.6.0"
  },
  "repository": {
    "type": "git",
    "url": "https://github.com/CondeNast/perf-timeline-cli.git"
  },
  "devDependencies": {
    "eslint": "^4.19.1",
    "eslint-config-airbnb-base": "^12.1.0",
    "eslint-plugin-import": "^2.9.0",
    "jest": "^22.4.3",
    "sinon": "^4.4.8"
  },
  "keywords": [
    "chrome devtools",
    "cli",
    "performance timeline"
  ]
}