{
  "name": "solidity-parser",
  "version": "0.4.0",
  "description": "PEG.js Solidity parser for Javascript",
  "main": "index.js",
  "scripts": {
    "prepublish": "npm run build",
    "build": "mkdirp ./build && pegjs -o ./build/parser.js ./solidity.pegjs && pegjs -o ./build/imports_parser.js ./imports.pegjs",
    "test": "mocha --timeout 5000 --reporter spec",
    "lint": "eslint ."
  },
  "bin": {
    "solidity-parser": "./cli.js"
  },
  "contributors": [
    {
      "name": "Tim Coulter",
      "email": "tim@timothyjcoulter.com",
      "url": "http://timothyjcoulter.com"
    },
    {
      "name": "Raghav Dua",
      "email": "duaraghav8@gmail.com",
      "url": "http://raghavdua.com"
    },
    {
      "name": "Federico Bond",
      "email": "federicobond@gmail.com"
    },
    {
      "name": "Christopher Gewecke",
      "email": "christophergewecke@gmail.com"
    }
  ],
  "license": "MIT",
  "dependencies": {
    "mocha": "^2.4.5",
    "pegjs": "^0.10.0",
    "yargs": "^4.6.0"
  },
  "devDependencies": {
    "mkdirp": "^0.5.1"
  }
}