{
  "name": "miraweb-repo",
  "description": "",
  "version": "1.2.5",
  "author": {
    "name": "Cycling '74",
    "url": "http://cycling74.com"
  },
  "contributors": [
    "Florian Demmer <florian@cycling74.com>",
    "Sam Tarakajian <sam@cycling74.com>",
    "Cassie Tarakajian <cassie@cycling74.com>",
    "Ben Bracken <ben@cycling74.com>",
    "Rohail Atlaf <rohail@cycling74.com>",
    "Emmanuel Jourdan <ej@cycling74.com>"
  ],
  "homepage": "http://cycling74.com",
  "bugs": "https://github.com/Cycling74/miraweb/issues",
  "license": "MIT",
  "repository": {
    "type": "git",
    "url": "https://github.com/Cycling74/miraweb.git"
  },
  "scripts": {
    "build": "cross-env MW_RELEASE=false node ./scripts/build.js",
    "build-release": "cross-env MW_RELEASE=true node ./scripts/build.js",
    "clean": "node ./scripts/clean.js",
    "lint": "eslint ./ -c ./.eslintrc.js",
    "lint-fix": "eslint ./ -c ./.eslintrc.js --fix",
    "postinstall": "node ./scripts/postinstall.js",
    "publish": "node ./scripts/publish.js",
    "postpublish": "node ./scripts/postpublish.js",
    "serve": "node ./scripts/serve.js",
    "setversion": "node ./scripts/setversion.js",
    "test": "node ./scripts/test.js"
  },
  "dependencies": {
    "babel-eslint": "^10.0.1"
  },
  "devDependencies": {
    "cross-env": "^3.2.4",
    "eslint": "^5.10.0",
    "eslint-config-c74": "^1.0.0",
    "gh-pages": "^2.0.1",
    "rimraf": "^2.6.2"
  },
  "private": true,
  "workspaces": [
    "packages/*",
    "src"
  ]
}