{
  "name": "letsencrypt-cli",
  "version": "2.2.0",
  "description": "CLI for node-letsencrypt modeled after the official client",
  "main": "index.js",
  "bin": {
    "letsencrypt": "bin/letsencrypt.js",
    "letsencrypt-node": "bin/letsencrypt.js"
  },
  "scripts": {
    "test": "echo \"Error: no test specified\" && exit 1"
  },
  "repository": {
    "type": "git",
    "url": "https://github.com/Daplie/node-letsencrypt-cli.git"
  },
  "keywords": [
    "node",
    "nodejs",
    "acme",
    "boulder",
    "letsencrypt",
    "le",
    "ssl",
    "https",
    "tls",
    "free"
  ],
  "author": "AJ ONeal <aj@daplie.com> (https://daplie.com)",
  "license": "(MIT OR Apache-2.0)",
  "bugs": {
    "url": "https://github.com/Daplie/node-letsencrypt-cli/issues"
  },
  "homepage": "https://github.com/Daplie/node-letsencrypt-cli",
  "dependencies": {
    "cli": "^0.11.1",
    "homedir": "^0.6.0",
    "le-acme-core": "^2.0.5",
    "le-challenge-hooks": "^2.0.0",
    "le-challenge-manual": "^2.0.0",
    "le-challenge-sni": "^2.0.0",
    "le-challenge-standalone": "^2.0.0",
    "le-store-certbot": "^2.0.2",
    "letsencrypt": "^2.1.8",
    "localhost.daplie.com-certificates": "^1.2.0",
    "mkdirp": "^0.5.1"
  }
}