{
  "name": "postCSS-tutorial",
  "version": "0.0.1",
  "private": true,
  "devDependencies": {
    "autoprefixer": "^6.3.7",
    "babel-core": "6.10.4",
    "babel-eslint": "6.1.2",
    "babel-loader": "6.2.4",
    "babel-plugin-syntax-trailing-function-commas": "6.8.0",
    "babel-plugin-transform-class-properties": "6.10.2",
    "babel-plugin-transform-object-rest-spread": "6.8.0",
    "babel-plugin-transform-react-constant-elements": "6.9.1",
    "babel-preset-es2015": "6.9.0",
    "babel-preset-es2016": "6.11.3",
    "babel-preset-react": "6.11.1",
    "chalk": "1.1.3",
    "cross-spawn": "4.0.0",
    "css-loader": "0.23.1",
    "eslint": "3.1.1",
    "eslint-loader": "1.4.1",
    "eslint-plugin-import": "1.10.3",
    "eslint-plugin-react": "5.2.2",
    "extract-text-webpack-plugin": "1.0.1",
    "file-loader": "0.9.0",
    "fs-extra": "^0.30.0",
    "html-webpack-plugin": "2.22.0",
    "json-loader": "0.5.4",
    "opn": "4.0.2",
    "postcss-color-function": "^2.0.1",
    "postcss-import": "^8.1.2",
    "postcss-initial": "^1.5.2",
    "postcss-loader": "0.9.1",
    "postcss-math": "0.0.1",
    "postcss-mixins": "^5.0.0",
    "postcss-nested": "^1.0.0",
    "postcss-simple-vars": "^3.0.0",
    "rimraf": "2.5.3",
    "style-loader": "^0.13.1",
    "url-loader": "0.5.7",
    "webpack": "1.13.1",
    "webpack-dev-server": "1.14.1"
  },
  "dependencies": {
    "react": "^15.2.1",
    "react-dom": "^15.2.1"
  },
  "scripts": {
    "start": "node ./scripts/start.js",
    "build": "node ./scripts/build.js"
  }
}