{
  "name": "ember-cli-i18n",
  "version": "0.0.6",
  "description": "Simple Internationalization support for ember-cli apps.",
  "directories": {
    "doc": "doc",
    "test": "tests"
  },
  "scripts": {
    "start": "ember server",
    "build": "ember build",
    "test": "ember test"
  },
  "repository": "https://github.com/dockyard/ember-cli-i18n",
  "engines": {
    "node": ">= 0.10.0"
  },
  "author": "Brian Cardarella",
  "license": "MIT",
  "devDependencies": {
    "broccoli-asset-rev": "^2.0.0",
    "ember-cli": "0.2.0-beta.1",
    "ember-cli-babel": "^4.0.0",
    "ember-cli-app-version": "0.3.1",
    "ember-cli-content-security-policy": "0.3.0",
    "ember-cli-dependency-checker": "0.0.7",
    "ember-cli-htmlbars": "0.7.4",
    "ember-cli-ic-ajax": "0.1.1",
    "ember-cli-inject-live-reload": "^1.3.0",
    "ember-cli-qunit": "0.3.8",
    "ember-cli-uglify": "1.0.1",
    "ember-data": "1.0.0-beta.15",
    "ember-export-application-global": "^1.0.2",
    "express": "^4.8.5",
    "glob": "^4.0.5"
  },
  "keywords": [
    "ember-addon"
  ],
  "ember-addon": {
    "configPath": "tests/dummy/config"
  }
}