{
  "name": "digag-pc-react",
  "version": "0.1.0",
  "private": true,
  "dependencies": {
    "classnames": "^2.2.5",
    "immutable": "^3.8.1",
    "moment": "^2.18.1",
    "react": "^15.6.1",
    "react-dom": "^15.6.1",
    "react-redux": "^5.0.5",
    "react-router-dom": "^4.1.1",
    "react-router-redux": "^4.0.8",
    "redux": "^3.7.1",
    "redux-saga": "^0.15.4",
    "antd": "^2.12.7",
    "prop-types": "^15.5.10"
  },
  "devDependencies": {
    "autoprefixer": "7.1.0",
    "babel-core": "6.24.1",
    "babel-eslint": "7.2.3",
    "babel-jest": "20.0.3",
    "babel-loader": "7.0.0",
    "babel-plugin-transform-decorators-legacy": "^1.3.4",
    "babel-preset-react-app": "^3.0.0",
    "babel-runtime": "6.23.0",
    "case-sensitive-paths-webpack-plugin": "1.1.4",
    "chalk": "1.1.3",
    "css-loader": "0.28.1",
    "dotenv": "4.0.0",
    "eslint": "3.19.0",
    "eslint-config-react-app": "^1.0.4",
    "eslint-loader": "1.7.1",
    "eslint-plugin-flowtype": "2.33.0",
    "eslint-plugin-import": "2.2.0",
    "eslint-plugin-jsx-a11y": "5.0.3",
    "eslint-plugin-react": "7.0.1",
    "extract-text-webpack-plugin": "2.1.0",
    "file-loader": "0.11.1",
    "fs-extra": "3.0.1",
    "gh-pages": "^1.0.0",
    "html-webpack-plugin": "2.28.0",
    "jest": "20.0.3",
    "object-assign": "4.1.1",
    "postcss-flexbugs-fixes": "3.0.0",
    "postcss-loader": "2.0.5",
    "promise": "7.1.1",
    "react-dev-utils": "^3.0.0",
    "react-error-overlay": "^1.0.7",
    "style-loader": "0.17.0",
    "sw-precache-webpack-plugin": "0.9.1",
    "url-loader": "0.5.8",
    "webpack": "2.6.1",
    "webpack-dev-server": "2.4.5",
    "webpack-manifest-plugin": "1.1.0",
    "whatwg-fetch": "^2.0.3"
  },
  "scripts": {
    "start": "node scripts/start.js",
    "build": "node scripts/build.js",
    "test": "node scripts/test.js --env=jsdom",
    "predeploy": "npm run build",
    "deploy": "gh-pages -d build"
  },
  "jest": {
    "collectCoverageFrom": [
      "src/**/*.{js,jsx}"
    ],
    "setupFiles": [
      "<rootDir>/config/polyfills.js"
    ],
    "testMatch": [
      "<rootDir>/src/**/__tests__/**/*.js?(x)",
      "<rootDir>/src/**/?(*.)(spec|test).js?(x)"
    ],
    "testEnvironment": "node",
    "testURL": "http://localhost",
    "transform": {
      "^.+\\.(js|jsx)$": "<rootDir>/node_modules/babel-jest",
      "^.+\\.css$": "<rootDir>/config/jest/cssTransform.js",
      "^(?!.*\\.(js|jsx|css|json)$)": "<rootDir>/config/jest/fileTransform.js"
    },
    "transformIgnorePatterns": [
      "[/\\\\]node_modules[/\\\\].+\\.(js|jsx)$"
    ],
    "moduleNameMapper": {
      "^react-native$": "react-native-web"
    }
  },
  "babel": {
    "presets": [
      "react-app"
    ],
    "plugins": [
      "babel-plugin-transform-decorators-legacy"
    ]
  },
  "eslintConfig": {
    "extends": "react-app"
  }
}