{
  "name": "twister",
  "version": "0.1.0",
  "devDependencies": {
    "grunt": "^0.4.5",
    "grunt-autoprefixer": "^1.0.1",
    "grunt-build-control": "^0.3.0",
    "grunt-contrib-copy": "^0.8.0",
    "grunt-contrib-imagemin": "^0.9.4",
    "grunt-contrib-jshint": "~0.10.0",
    "grunt-contrib-nodeunit": "~0.4.1",
    "grunt-contrib-sass": "^0.8.1",
    "grunt-contrib-uglify": "^0.6.0",
    "grunt-contrib-watch": "^0.6.1",
    "grunt-newer": "^1.1.0",
    "grunt-open": "^0.2.3",
    "grunt-responsive-images": "^0.1.6",
    "grunt-sass": "^0.14.2",
    "grunt-shell": "^1.1.1"
  }
}