{
  "name": "express-react-redux-starter",
  "version": "1.1.0",
  "description": "Starter for Express, React, Redux, SCSS applications",
  "scripts": {
    "dev": "webpack-dev-server --watch --colors",
    "build": "rimraf dist && NODE_ENV=production webpack --colors",
    "start": "NODE_ENV=production PORT=8080 pm2 start ./server.js",
    "test": "mocha --compilers js:babel-core/register --require ./test/test_helper.js --recursive ./test",
    "test:watch": "npm run test -- --watch",
    "lint": "eslint src test webpack"
  },
  "keywords": [
    "ExpressJS",
    "ReactJS",
    "Redux",
    "React hot loader",
    "React Router",
    "SCSS",
    "Webpack Devevelopment configuration",
    "Webpack Production configuration",
    "Airbnb Eslint",
    "pm2",
    "mocha",
    "chai"
  ],
  "repository": {
    "type": "git",
    "url": "git+https://github.com/DimitriMikadze/express-react-redux-starter"
  },
  "author": "Dimitri Mikadze",
  "license": "MIT",
  "devDependencies": {
    "babel-core": "^6.8.0",
    "babel-loader": "^6.2.4",
    "babel-preset-es2015": "^6.6.0",
    "babel-preset-react": "^6.5.0",
    "babel-preset-stage-1": "^6.5.0",
    "chai": "^3.5.0",
    "chai-jquery": "^2.0.0",
    "css-loader": "^0.23.1",
    "eslint": "^2.10.2",
    "eslint-config-airbnb": "^9.0.1",
    "eslint-plugin-import": "^1.8.0",
    "eslint-plugin-jsx-a11y": "^1.2.0",
    "eslint-plugin-react": "^5.1.1",
    "extract-text-webpack-plugin": "^1.0.1",
    "html-webpack-plugin": "^2.16.1",
    "jquery": "^2.2.3",
    "jsdom": "^9.0.0",
    "mocha": "^2.4.5",
    "node-sass": "^4.9.2",
    "react-addons-test-utils": "^15.0.2",
    "react-hot-loader": "^1.3.0",
    "rimraf": "^2.6.1",
    "sass-loader": "^3.2.0",
    "style-loader": "^0.13.1",
    "url-loader": "^0.5.7",
    "webpack": "^1.13.0",
    "webpack-dev-server": "^1.14.1"
  },
  "dependencies": {
    "express": "^4.13.4",
    "react": "^15.0.2",
    "react-dom": "^15.0.2",
    "react-redux": "^5.0.2",
    "react-router": "^3.0.2",
    "redux": "^3.5.2"
  }
}