{
  "name": "facebook-client",
  "version": "1.6.1",
  "engines": {
    "node": ">= 0.4.0"
  },
  "homepage": "http://dracoblue.net/c/node-facebook-client/",
  "description": "A javascript (nodejs) implementation of facebook's client for oauth and rest+graph api.",
  "author": "DracoBlue <JanS@DracoBlue.de>",
  "contributors": [
    {
      "name": "DracoBlue",
      "email": "JanS@DracoBlue.de"
    },
    {
      "name": "jharlap"
    },
    {
      "name": "liuliu"
    },
    {
      "name": "kaareal"
    },
    {
      "name": "leoasis"
    }
  ],
  "keywords": [
    "facebook",
    "oauth",
    "client"
  ],
  "directories": {},
  "main": "lib/facebook-client/index.js",
  "bin": {},
  "repository": {
    "type": "git",
    "web": "http://github.com/DracoBlue/node-facebook-client.git"
  },
  "bugs": {
    "url": "http://github.com/DracoBlue/node-facebook-client/issues"
  },
  "licenses": [
    {
      "type": "MIT",
      "url": "http://github.com/DracoBlue/node-facebook-client/blob/master/LICENSE"
    }
  ]
}