{
  "name": "collagr",
  "version": "0.1.0",
  "description": "Functional Crap",
  "main": "index.js",
  "scripts": {
    "server": "babel-node src/backend/app.js",
    "dev": "npm install && webpack-dev-server --devtool eval --progress --colors --content-base public --port 5431 --hot --inline"
  },
  "repository": {
    "type": "git"
  },
  "author": "blonsdorf",
  "license": "CC-BY-ND-4.0",
  "bugs": {},
  "homepage": "",
  "dependencies": {
    "babel-eslint": "^4.1.3",
    "babel-preset-es2015": "^6.0.14",
    "babel-preset-react": "^6.1.18",
    "body-parser": "^1.14.1",
    "bootstrap": "^3.3.5",
    "classnames": "^2.1.3",
    "daggy": "0.0.1",
    "data.maybe": "^1.2.1",
    "data.task": "^3.0.0",
    "ejs": "^2.3.4",
    "eslint": "^1.8.0",
    "eslint-loader": "^1.1.0",
    "eslint-plugin-react": "^3.6.3",
    "express": "^4.13.3",
    "fantasy-options": "0.0.1",
    "fantasy-validations": "0.0.2",
    "glob": "^5.0.15",
    "history": "^1.13.0",
    "jquery": "^2.1.4",
    "pg": "^4.4.3",
    "pg-hstore": "^2.3.2",
    "pointfree-fantasy": "^0.1.1",
    "ramda": "^0.18.0",
    "react": "*",
    "react-dom": "^0.14.2",
    "react-hot-loader": "*",
    "sanctuary": "^0.7.1",
    "sequelize": "^3.13.0",
    "superagent": "^1.4.0"
  },
  "devDependencies": {
    "async": "^1.4.2",
    "babel-core": "^6.2.1",
    "babel-loader": "^6.2.0",
    "css-loader": "^0.15.6",
    "jsverify": "^0.7.1",
    "mocha": "^2.3.3",
    "rimraf": "^2.4.2",
    "style-loader": "^0.12.3",
    "webpack": "^1.12.9",
    "webpack-dev-server": "^1.10.1"
  }
}