{
  "name": "donut",
  "private": true,
  "scripts": {
    "setup": "bower install && cd src && npm install && cd .. && gulp setup && install-app-deps ",
    "start": "electron ./app",
    "pack": "build --dir",
    "dist": "build",
    "postinstall": "npm run setup",
    "test": "standard"
  },
  "author": {
    "name": "Harsh Vakharia",
    "email": "harsh@etherbit.in",
    "url": "https://hv.pizza"
  },
  "engines": {
    "node": "^6.12.3"
  },
  "license": "MIT",
  "devDependencies": {
    "babel-plugin-transform-class-properties": "^6.16.0",
    "babel-preset-es2015": "^6.16.0",
    "babel-preset-react": "^6.16.0",
    "babelify": "^7.3.0",
    "bower": "^1.7.9",
    "browserify": "^13.3.0",
    "bufferutil": "^1.3.0",
    "check-for-update": "^1.0.3",
    "classnames": "^2.2.5",
    "electron": "^1.4.1",
    "electron-builder": "^10.17.3",
    "envify": "^4.0.0",
    "flux": "^3.0.0",
    "gulp": "^3.9.1",
    "gulp-cssnano": "^2.1.2",
    "gulp-rename": "^1.2.2",
    "gulp-sass": "^3.0.0",
    "halogen": "^0.2.0",
    "js-beautify": "^1.6.11",
    "keymirror": "^0.1.1",
    "nodent": "^3.0.14",
    "numeral": "^2.0.4",
    "photon": "github:connors/photon",
    "react": "^15.3.2",
    "react-dom": "^15.3.2",
    "react-search-input": "^0.10.3",
    "regenerator": "^0.9.7",
    "request": "^2.75.0",
    "socket.io-client": "^1.5.0",
    "standard": "^9.0.1",
    "uglifyify": "^3.0.3",
    "utf-8-validate": "^2.0.0",
    "vinyl-source-stream": "^1.1.0"
  },
  "build": {
    "appId": "in.etherbit.donut",
    "productName": "Donut",
    "mac": {
      "category": "public.app-category.productivity"
    },
    "linux": {
      "category": "Utility",
      "target": [
        "AppImage",
        "deb",
        "rpm",
        "freebsd",
        "zip"
      ]
    }
  },
  "standard": {
    "ignore": [
      "/app"
    ]
  }
}