{
  "name": "Crossy-Road",
  "version": "0.0.0",
  "description": "The endless arcade hopper you'll never want to put down",
  "author": null,
  "private": true,
  "main": "node_modules/expo/AppEntry.js",
  "dependencies": {
    "expo": "^30.0.0",
    "expo-three": "^1.0.4",
    "expo-three-orbit-controls": "^1.0.1",
    "gsap": "^1.19.1",
    "ndarray": "^1.0.18",
    "react": "16.6.0",
    "react-native": "https://github.com/expo/react-native/archive/sdk-30.0.0.tar.gz",
    "react-native-swipe-gestures": "^1.0.2",
    "react-navigation": "^1.0.0-beta.9",
    "react-redux": "^5.0.7",
    "redux": "^4.0.1",
    "redux-logger": "^3.0.6",
    "redux-persist": "^4.8.0",
    "redux-thunk": "^2.3.0",
    "three": "^0.85.2"
  }
}