{
  "name": "es6-angular",
  "author": "Tushara Fernando",
  "version": "0.0.1-pre",
  "description": "ES6 + AngularJS",
  "scripts": {
    "test": "./node_modules/.bin/karma start ./config/karma.config.js --single-run --browsers Firefox",
    "start": "sh script/start"
  },
  "repository": {
    "type": "git"
  },
  "devDependencies": {
    "fb-flo": "^0.4.0",
    "jasmine-core": "^2.3.4",
    "karma": "^0.12.35",
    "karma-chrome-launcher": "^0.1.12",
    "karma-cli": "0.0.4",
    "karma-coverage": "^0.3.1",
    "karma-firefox-launcher": "^0.1.6",
    "karma-jasmine": "*",
    "karma-safari-launcher": "*",
    "karma-sauce-launcher": "^0.2.11",
    "karma-traceur-preprocessor": "^0.4.0",
    "phantomjs": "^1.9.17",
    "protractor": "^2.1.0",
    "traceur": "0.0.89"
  },
  "dependencies": {
    "autoprefixer": "^5.2.0",
    "autoprefixer-core": "^5.2.0",
    "connect": "^3.3.5",
    "glob": "^5.0.10",
    "graceful-fs": "^3.0.8",
    "jshint": "^2.8.0",
    "lodash": "^3.9.3",
    "mime": "^1.3.4",
    "minimist": "^1.1.1",
    "mkdirp": "^0.5.1",
    "morgan": "^1.5.3",
    "opn": "^1.0.2",
    "read-file-stdin": "^0.2.0",
    "rework": "^1.0.1",
    "rework-import": "*",
    "rework-vars": "^3.1.1",
    "send": "^0.12.3",
    "serve-static": "^1.9.3",
    "systemjs": "^0.16.11",
    "write-file-stdout": "0.0.2"
  }
}