{
  "name": "c3vis",
  "version": "0.3.2",
  "private": true,
  "scripts": {
    "prestart": "npm install",
    "start": "node ./bin/www",
    "test": "mocha test/"
  },
  "dependencies": {
    "aws-sdk": "2.77.0",
    "aws-sdk-promise": "0.0.2",
    "batch-promises": "0.0.3",
    "body-parser": "1.18.3",
    "cookie-parser": "1.3.5",
    "debug": "3.1.0",
    "ejs": "2.5.5",
    "express": "4.16.3",
    "lodash": "4.17.11",
    "memory-cache": "0.2.0",
    "moment": "2.22.1",
    "morgan": "1.9.0",
    "serve-favicon": "2.5.0",
    "sleep": "3.0.1"
  },
  "devDependencies": {
    "chai": "4.1.2",
    "mocha": "5.1.1",
    "nodemon": "1.17.4"
  }
}