{
  "name": "blocks",
  "version": "1.0.0",
  "description": "A Vue.js project",
  "author": "xiaorenhui, xuxincheng",
  "private": true,
  "scripts": {
    "dev": "node build/dev-server.js",
    "start": "node build/dev-server.js",
    "build": "node build/build.js",
    "buildEngine": "node build/engineBuild.js"
  },
  "dependencies": {
    "axios": "^0.16.2",
    "html-webpack-plugin": "^2.24.0",
    "less": "^2.7.1",
    "less-loader": "^2.2.3",
    "ljson": "^2.0.0",
    "lodash": "^4.16.4",
    "lodash.clonedeep": "^4.5.0",
    "postcss-pxtorem": "^3.3.1",
    "sortablejs": "^1.4.2",
    "url": "^0.11.0",
    "vue": "^2.0.0",
    "vue-loader": "^12.0.0",
    "vue-router": "^2.3.1",
    "vuedraggable": "^2.14.1",
    "vuex": "^2.0.0"
  },
  "devDependencies": {
    "autoprefixer": "^6.7.2",
    "babel-core": "^6.0.0",
    "babel-helper-vue-jsx-merge-props": "^2.0.1",
    "babel-loader": "^6.0.0",
    "babel-plugin-component": "^0.7.0",
    "babel-plugin-syntax-jsx": "^6.13.0",
    "babel-plugin-transform-runtime": "^6.0.0",
    "babel-plugin-transform-vue-jsx": "^3.1.0",
    "babel-preset-es2015": "^6.0.0",
    "babel-preset-stage-2": "^6.0.0",
    "babel-register": "^6.0.0",
    "element-ui": "^1.3.5",
    "chalk": "^1.1.3",
    "connect-history-api-fallback": "^1.3.0",
    "copy-webpack-plugin": "^4.0.1",
    "css-loader": "^0.28.0",
    "eventsource-polyfill": "^0.9.6",
    "express": "^4.14.1",
    "extract-text-webpack-plugin": "^2.0.0",
    "file-loader": "^0.11.1",
    "friendly-errors-webpack-plugin": "^1.1.3",
    "html-webpack-plugin": "^2.28.0",
    "http-proxy-middleware": "^0.17.3",
    "webpack-bundle-analyzer": "^2.2.1",
    "semver": "^5.3.0",
    "shelljs": "^0.7.6",
    "opn": "^4.0.2",
    "optimize-css-assets-webpack-plugin": "^1.3.0",
    "ora": "^1.2.0",
    "rimraf": "^2.6.0",
    "url-loader": "^0.5.8",
    "vue-loader": "^12.1.0",
    "vue-style-loader": "^2.0.5",
    "vue-template-compiler": "^2.2.6",
    "webpack": "^2.3.3",
    "webpack-dev-middleware": "^1.10.0",
    "webpack-hot-middleware": "^2.18.0",
    "webpack-merge": "^4.1.0"
  },
  "engines": {
    "node": ">= 4.0.0",
    "npm": ">= 3.0.0"
  },
  "browserslist": [
    "> 1%",
    "last 2 versions",
    "not ie <= 8"
  ]
}