{
  "name": "ternion",
  "version": "5.0.0",
  "description": "Ternion, a simple starter kit to prototype quickly your ideas with Three.js",
  "main": "src/index.js",
  "private": true,
  "scripts": {
    "start": "concurrently -k -r \"node server.js\" \"npm run css:dev\"",
    "build": "NODE_ENV='production' node build.js | uglifyjs -c > public/build/bundle.js",
    "css:dev": "stylus -u autoprefixer-stylus -w ./src/stylesheets/main.styl -o public/build --sourcemap",
    "css:prod": "stylus -u autoprefixer-stylus ./src/stylesheets/main.styl -o public/build --compress",
    "test": "echo \"Error: no test specified\" && exit 1"
  },
  "keywords": [
    "budo",
    "glsl",
    "webgl",
    "three.js",
    "glslify",
    "starter",
    "boilerplate",
    "prototyping"
  ],
  "author": "Fabien Motte <contact@fabienmotte.com>",
  "license": "MIT",
  "repository": {
    "type": "git",
    "url": "https://github.com/FabienMotte/Ternion.git"
  },
  "bugs": {
    "url": "https://github.com/FabienMotte/Ternion/issues"
  },
  "homepage": "https://github.com/FabienMotte/Ternion",
  "dependencies": {
    "color-shader-functions": "0.0.2",
    "glslify-bare": "FabienMotte/glslify-bare",
    "lodash.debounce": "^4.0.8",
    "quark-raf": "^1.0.4",
    "quark-signal": "^1.1.2",
    "raf": "^3.4.0",
    "three": "^0.91.0",
    "three-orbitcontrols": "^2.0.0"
  },
  "devDependencies": {
    "autoprefixer-stylus": "^0.14.0",
    "babel-core": "^6.26.0",
    "babel-plugin-transform-object-rest-spread": "^6.26.0",
    "babel-preset-env": "^1.6.1",
    "babelify": "^8.0.0",
    "browserify": "^16.1.1",
    "budo": "^11.2.0",
    "concurrently": "^3.5.1",
    "dat-gui": "^0.5.0",
    "glslify": "^6.1.1",
    "stylus": "^0.54.5",
    "uglify-js": "^3.3.15"
  },
  "browserify": {
    "transform": [
      "babelify",
      "glslify-bare"
    ]
  },
  "standard": {
    "globals": [
      "THREE",
      "TweenMax",
      "TimelineMax",
      "Back",
      "Bounce",
      "Circ",
      "Cubic",
      "Ease",
      "Elastic",
      "Expo",
      "Linear",
      "Power0",
      "Power1",
      "Power2",
      "Power3",
      "Power4",
      "Quad",
      "RoughEase",
      "Sine",
      "SplitText"
    ]
  }
}