{
  "name": "polyfill-service",
  "description": "A polyfill combinator",
  "private": true,
  "contributors": [
    {
      "name": "Jonathan Neal",
      "email": "jonathantneal+github@gmail.com",
      "url": "http://jonathantneal.com/"
    },
    {
      "name": "FT Origami",
      "email": "origami.support@ft.com",
      "url": "https://origami.ft.com"
    }
  ],
  "repository": {
    "type": "git",
    "url": "https://github.com/financial-times/polyfill-service.git"
  },
  "bugs": {
    "url": "https://github.com/financial-times/polyfill-service/issues"
  },
  "scripts": {
    "build": "parcel build --out-dir public/static --out-file main --no-source-maps ./client/main.js ./client/main.scss",
    "fmt": "terraform fmt fastly/terraform/ && eslint . --fix",
    "lint": "eslint .",
    "heroku-postbuild": "yarn build",
    "start": "node server/index.js",
    "test": "yarn test-unit",
    "test-unit": "nyc --reporter=lcov --reporter=text mocha test/unit/**/*.test.js --recursive",
    "test-integration": "nyc --reporter=html --reporter=text mocha test/integration/*.test.js test/integration/**/*.test.js --recursive --bail"
  },
  "license": "MIT",
  "engines": {
    "node": ">=8.10"
  },
  "dependencies": {
    "@financial-times/o-buttons": "^5.15.1",
    "@financial-times/o-fonts": "^3.0.4",
    "@financial-times/o-footer-services": "^2.1.1",
    "@financial-times/o-forms": "^6.0.0",
    "@financial-times/o-header-services": "^3.0.3",
    "@financial-times/o-layout": "3.1.0",
    "@financial-times/o-normalise": "^1.6.2",
    "@financial-times/o-syntax-highlight": "^1.1.1",
    "@financial-times/o-table": "^7.0.8",
    "@financial-times/o-tabs": "^4.3.1",
    "@financial-times/o-tooltip": "^3.1.2",
    "@financial-times/origami-service": "^4.0.0",
    "@financial-times/polyfill-useragent-normaliser": "^1.0.6",
    "axios": "^0.18.0",
    "bluebird": "^3.5.1",
    "decompress": "^4.2.0",
    "denodeify": "^1.2.1",
    "dotenv": "^6.1.0",
    "handlebars": "^4.0.6",
    "iltorb": "^2.3.2",
    "moment": "^2.22.2",
    "polyfill-library": "^3.28.1",
    "polyfill-library-3.25.1": "npm:polyfill-library@3.25.1",
    "polyfill-library-3.25.3": "npm:polyfill-service@3.25.3",
    "polyfill-library-3.27.4": "npm:polyfill-library@3.27.4",
    "require-all": "^3.0.0",
    "throng": "^4.0.0",
    "sass": "^1.17.0",
    "parcel-bundler": "^1.11.0",
    "dart-sass": "^1.17.0"
  },
  "devDependencies": {
    "eslint": "^4.19.1",
    "eslint-plugin-node": "^6.0.1",
    "eslint-plugin-prettier": "^2.6.0",
    "fs-extra": "^6.0.1",
    "mocha": "^3.5.3",
    "mockery": "^2.1.0",
    "nyc": "^12.0.2",
    "prettier": "^1.13.7",
    "proclaim": "^3.5.0",
    "sinon": "^4.5.0",
    "supertest": "^3.0.0",
    "utf8": "^3.0.0",
    "yamlparser": "0.0.2"
  },
  "version": "4.1.0"
}