{
  "name": "flowcrypt-browser",
  "version": "6.6.7",
  "description": "Simple end-to-end encryption to secure email and attachments on Google.",
  "resolutions": {
    "graceful-fs": "4.1.13"
  },
  "devDependencies": {
    "@types/chai": "4.1.4",
    "@types/chrome": "0.0.65",
    "@types/dompurify": "0.0.31",
    "@types/jquery": "3.3.5",
    "@types/puppeteer": "1.11.1",
    "@types/request": "2.47.1",
    "ava": "1.0.0-beta.4",
    "chai": "4.1.2",
    "del": "3.0.0",
    "fc-node-requests": "git+https://git@github.com/FlowCrypt/node-requests.git",
    "gulp": "4.0.0",
    "gulp-json-editor": "2.4.1",
    "gulp-replace": "1.0.0",
    "inquirer": "5.2.0",
    "json-stable-stringify": "1.0.1",
    "puppeteer": "1.11.0",
    "sweetalert2": "8.0.7",
    "tslint": "5.11.0",
    "typescript": "3.2.2"
  },
  "scripts": {
    "test_ci_initialize": "node build/test/test/source/ci-initialize.js",
    "test_tslint": "./node_modules/.bin/tslint --project ./tsconfig.json --config ./conf/tslint.yaml && ./node_modules/.bin/tslint --project ./conf/tsconfig.content_scripts.json --config ./conf/tslint.yaml",
    "test_patterns": "node build/test/test/source/patterns.js",
    "test_async_stack": "node build/test/test/source/async-stack.js",
    "test_buf": "node ./node_modules/ava/cli --verbose --concurrency=1 build/test/test/source/buf.js",
    "test_chrome_consumer": "node ./node_modules/ava/cli --verbose --concurrency=1 build/test/test/source/test.js -- CONSUMER",
    "test_chrome_enterprise": "node ./node_modules/ava/cli --verbose --concurrency=1 build/test/test/source/test.js -- ENTERPRISE",
    "prebuild": "rm -rf ./build && ./node_modules/.bin/tsc --project conf/tsconfig.tooling.json",
    "build": "gulp --gulpfile ./conf/gulpfile.js",
    "pretest": "npm run-script build --silent && cd conf && node ../build/tooling/tsc-compiler --project tsconfig.test.json",
    "test": "npm run-script test_buf && npm run-script test_tslint && npm run-script test_patterns && npm run-script test_async_stack && npm run-script test_chrome_consumer -- -- --pool-size=1 && npm run-script test_chrome_enterprise -- -- --pool-size=1",
    "release": "npm run-script prebuild && gulp --gulpfile ./conf/gulpfile.js release",
    "run_firefox": "npm run-script build && web-ext run --source-dir ./build/firefox-consumer/ --firefox-profile ~/.mozilla/firefox/flowcrypt-dev --keep-profile-changes",
    "internal_tslint_dev_run": "npm run-script prebuild && npm run-script test_tslint",
    "internal_run_rebuilt_puppeteer": "npm run-script pretest && npm run-script test_chrome_consumer -- --pool-size=1"
  },
  "repository": {
    "type": "git",
    "url": "git+https://github.com/FlowCrypt/flowcrypt-browser.git"
  },
  "author": "FlowCrypt Limited",
  "license": "SEE LICENSE IN <LICENSE>",
  "bugs": {
    "url": "https://github.com/FlowCrypt/flowcrypt-browser/issues"
  },
  "homepage": "https://flowcrypt.com"
}