{
  "name": "Node-FSAPI",
  "version": "0.1.2",
  "private": true,
  "description": "A RESTful FileSystem API for NodeJS ",
  "dependencies": {
    "fs-extra": "~0.6.X",
    "md5-file": "^3.1.1",
    "restify": "~2.X.X"
  },
  "repository": {
    "type": "git",
    "url": "git://github.com/Fluidbyte/Node-FSAPI.git"
  },
  "bugs": {
    "url": "https://github.com/Fluidbyte/Node-FSAPI/issues"
  },
  "author": "Kent Safranski <kent@fluidbyte.net> (http://fluidbyte.net)",
  "license": "MIT",
  "readmeFilename": "README.md"
}