{
  "name": "lumber-cli",
  "version": "1.14.1",
  "description": "Generate the back office of your web application",
  "main": "lumber.js",
  "scripts": {
    "test": "ava",
    "lint": "./node_modules/eslint/bin/eslint.js ./*.js ./assets ./deserializers ./serializers ./services ./test"
  },
  "bin": {
    "lumber": "lumber.js"
  },
  "author": "Sandro Munda",
  "license": "GPL-3.0",
  "dependencies": {
    "bluebird": "^3.4.6",
    "chalk": "^1.1.3",
    "commander": "^2.9.0",
    "dotenv": "^6.0.0",
    "expand-home-dir": "0.0.3",
    "inquirer": "^6.2.0",
    "jsonapi-serializer": "^3.4.1",
    "jsonwebtoken": "^8.3.0",
    "lodash": "^4.16.4",
    "mkdirp": "^0.5.1",
    "mongodb": "^3.1.8",
    "mysql": "^2.11.1",
    "mysql2": "1.4.2",
    "pg": "^6.1.0",
    "sequelize": "git://github.com/ForestAdmin/sequelize.git#feature/support-schema",
    "superagent": "^3.8.3",
    "superagent-promise": "^1.1.0",
    "tedious": "^1.14.0",
    "winston": "^2.2.0"
  },
  "devDependencies": {
    "ajv": "6.0.1",
    "ava": "0.25.0",
    "chai": "4.1.2",
    "eslint": "4.9.0",
    "eslint-config-airbnb-base": "12.1.0",
    "eslint-plugin-import": "2.12.0"
  },
  "ava": {
    "files": [
      "test/**/*.js",
      "!test/sample-project/**/*.js"
    ]
  }
}