{
  "name": "enzyme-assertions",
  "description": "Testing Helpers for Enzyme",
  "author": "Blaine Kasten<blainekasten@gmail.com>",
  "license": "MIT",
  "scripts": {
    "typecheck": "flow check",
    "pretest": "node ./scripts/jest.js",
    "test": "npm run test-matchers && npm run test-jasmine && npm run test-jest",
    "test-matchers": "cd ./packages/enzyme-matchers && npm run jest -- --maxWorkers=4",
    "test-jasmine": "cd ./packages/jasmine-enzyme && npm run jest && npm run jasmine",
    "test-jest": "cd ./packages/jest-enzyme && npm run test -- --maxWorkers=4",
    "test-jestw": "cd ./packages/jest-enzyme && npm run test -- --watch",
    "lint": "eslint ./packages",
    "precommit": "lint-staged"
  },
  "lint-staged": {
    "packages/**/*.js": [
      "prettier --single-quote --trailing-comma es5 --write",
      "git add"
    ]
  },
  "repository": {
    "type": "git",
    "url": "git+https://github.com/FormidableLabs/enzyme-matchers.git"
  },
  "keywords": [
    "javascript",
    "shallow rendering",
    "shallowRender",
    "test",
    "reactjs",
    "react",
    "flux",
    "testing",
    "test utils",
    "assertion helpers",
    "tdd",
    "jasmine",
    "jest",
    "enzyme"
  ],
  "devDependencies": {
    "babel-cli": "^6.24.1",
    "babel-eslint": "^8.2.1",
    "babel-jest": "^10.0.1",
    "babel-plugin-add-module-exports": "^0.2.1",
    "babel-plugin-transform-object-rest-spread": "^6.23.0",
    "babel-plugin-transform-replace-object-assign": "^0.2.1",
    "babel-preset-airbnb": "^2.4.0",
    "babel-preset-env": "^1.5.2",
    "babel-preset-flow": "^6.23.0",
    "babel-preset-react": "^6.24.1",
    "enzyme": "^3.4.0",
    "enzyme-adapter-react-16": "^1.5.0",
    "eslint": "^4.9.0",
    "eslint-config-airbnb": "^16.1.0",
    "eslint-config-prettier": "^2.9.0",
    "eslint-plugin-import": "^2.8.0",
    "eslint-plugin-jsx-a11y": "^6.0.2",
    "eslint-plugin-react": "^7.4.0",
    "flow-bin": "^0.49.1",
    "flow-copy-source": "^1.2.0",
    "husky": "^0.14.3",
    "jest": "^22.4.4",
    "lerna": "^3.4.0",
    "lint-staged": "^4.0.2",
    "prettier": "^1.5.3",
    "prop-types": "^15.6.0",
    "react": "^16.5.1",
    "react-dom": "^16.5.1",
    "react-test-renderer": "^16.0.0",
    "readline-sync": "^1.4.1",
    "rimraf": "^2.5.0"
  },
  "babel": {
    "presets": [
      "./babel.config.js"
    ]
  },
  "jest": {
    "testEnvironment": "<rootDir>/packages/jest-environment-enzyme/lib/index.js",
    "testEnvironmentOptions": {
      "enzymeAdapter": "react16"
    },
    "setupTestFrameworkScriptFile": "<rootDir>/packages/jest-enzyme/src/index.js",
    "roots": [
      "<rootDir>/packages/jasmine-enzyme/src",
      "<rootDir>/packages/jest-enzyme/src",
      "<rootDir>/packages/enzyme-matchers/src"
    ],
    "verbose": true
  },
  "private": true,
  "workspaces": [
    "packages/*"
  ]
}