{
  "name": "Selecter",
  "id": "selecter",
  "codename": "jquery.fs.selecter",
  "version": "3.2.4",
  "description": "A jQuery plugin for replacing default select elements. Part of the Formstone Library.",
  "keywords": [
    "select",
    "input",
    "form",
    "ui",
    "javascript",
    "jquery",
    "formstone"
  ],
  "repository": {
    "type": "git",
    "url": "https://github.com/FormstoneClassic/Selecter"
  },
  "homepage": "http://classic.formstone.it/selecter/",
  "demo": "http://classic.formstone.it/components/Selecter/demo/index.html",
  "license": "MIT",
  "author": {
    "name": "Ben Plum",
    "email": "mr@benplum.com",
    "url": "http://www.benplum.com"
  },
  "devDependencies": {
    "grunt": "~0.4.2",
    "grunt-autoprefixer": "^1.0.1",
    "grunt-banner": "^0.2.3",
    "grunt-contrib-copy": "^0.6.0",
    "grunt-contrib-jshint": "~0.7.2",
    "grunt-contrib-less": "^0.11.4",
    "grunt-contrib-uglify": "~0.2.7",
    "grunt-contrib-watch": "^0.6.1",
    "grunt-jquerymanifest": "~0.1.3",
    "grunt-npm2bower-sync": "~0.3.0"
  }
}