{
  "name": "angularJwt",
  "private": true,
  "version": "0.0.0",
  "description": "a Sails application",
  "keywords": [],
  "dependencies": {
    "sails": "~0.10.0-rc7",
    "sails-disk": "~0.10.0",
    "rc": "~0.3.3",
    "include-all": "~0.1.3",
    "ejs": "~0.8.4",
    "grunt": "0.4.2",
    "grunt-sync": "~0.0.4",
    "grunt-contrib-copy": "~0.5.0",
    "grunt-contrib-clean": "~0.5.0",
    "grunt-contrib-concat": "~0.3.0",
    "grunt-sails-linker": "~0.9.5",
    "grunt-contrib-jst": "~0.6.0",
    "grunt-contrib-watch": "~0.5.3",
    "grunt-contrib-uglify": "~0.4.0",
    "grunt-contrib-cssmin": "~0.9.0",
    "grunt-contrib-less": "~0.10.0",
    "grunt-contrib-coffee": "~0.10.1",
    "jsonwebtoken": "~0.4.0",
    "bcrypt": "~0.8.3",
    "grunt-html2js": "~0.2.6"
  },
  "scripts": {
    "start": "node app.js",
    "debug": "node debug app.js"
  },
  "main": "app.js",
  "repository": {
    "type": "git",
    "url": "git://github.com/jesus/angularJwt.git"
  },
  "author": "jesus",
  "license": ""
}