{
  "private": true,
  "description": "Command-line tool to visually diff JavaScript components",
  "scripts": {
    "bootstrap": "lerna bootstrap",
    "jest": "jest",
    "lint": "eslint --ext .js,.jsx .",
    "build": "lerna run build",
    "watch": "lerna run watch --no-sort --stream --concurrency=20",
    "pretest": "npm run lint",
    "test": "npm run jest"
  },
  "repository": {
    "type": "git",
    "url": "git+https://github.com/Galooshi/happo.git"
  },
  "author": "",
  "license": "MIT",
  "bugs": {
    "url": "https://github.com/Galooshi/happo/issues"
  },
  "homepage": "https://github.com/Galooshi/happo#readme",
  "devDependencies": {
    "babel-cli": "^6.18.0",
    "babel-core": "^6.14.0",
    "babel-jest": "^21.2.0",
    "babel-loader": "^6.2.5",
    "babel-plugin-transform-object-rest-spread": "^6.20.2",
    "babel-polyfill": "^6.13.0",
    "babel-preset-airbnb": "^2.1.1",
    "concurrently": "^3.1.0",
    "eslint": "^3.10.0",
    "eslint-config-airbnb": "^13.0.0",
    "eslint-plugin-import": "^2.1.0",
    "eslint-plugin-jsx-a11y": "^2.2.3",
    "eslint-plugin-react": "^6.7.1",
    "jest": "^21.2.1",
    "lerna": "^2.4.0",
    "rimraf": "^2.5.4",
    "webpack": "^1.13.2"
  },
  "jest": {
    "testRegex": "/__tests__/.*-test.(js|jsx)$"
  }
}