{
  "name": "drawer-example",
  "version": "0.1.0",
  "private": true,
  "devDependencies": {
    "jest-expo": "~20.0.0",
    "react-native-scripts": "1.2.1",
    "react-test-renderer": "16.0.0-alpha.12"
  },
  "main": "./node_modules/react-native-scripts/build/bin/crna-entry.js",
  "scripts": {
    "start": "react-native-scripts start",
    "eject": "react-native-scripts eject",
    "android": "react-native-scripts android",
    "ios": "react-native-scripts ios",
    "test": "node node_modules/jest/bin/jest.js --watch"
  },
  "jest": {
    "preset": "jest-expo"
  },
  "dependencies": {
    "expo": "^20.0.0",
    "react": "16.0.0-alpha.12",
    "react-native": "^0.47.0",
    "react-navigation": "^1.0.0-beta.11",
    "react-redux": "^5.0.6",
    "redux": "^3.7.2"
  }
}