{
  "name": "ember-beats",
  "version": "0.0.0",
  "description": "Small description for ember-beats goes here",
  "private": true,
  "directories": {
    "doc": "doc",
    "test": "tests"
  },
  "scripts": {
    "build": "ember build",
    "start": "ember server",
    "test": "ember test"
  },
  "repository": "",
  "engines": {
    "node": ">= 0.10.0"
  },
  "author": "",
  "license": "MIT",
  "devDependencies": {
    "broccoli-asset-rev": "^2.4.2",
    "ember-ajax": "^2.0.1",
    "ember-cli": "2.7.0",
    "ember-cli-app-version": "^1.0.0",
    "ember-cli-babel": "^5.1.6",
    "ember-cli-dependency-checker": "^1.2.0",
    "ember-cli-htmlbars": "^1.0.3",
    "ember-cli-htmlbars-inline-precompile": "^0.3.1",
    "ember-cli-inject-live-reload": "^1.4.0",
    "ember-cli-jshint": "^1.0.0",
    "ember-cli-qunit": "^2.0.0",
    "ember-cli-release": "^0.2.9",
    "ember-cli-sri": "^2.1.0",
    "ember-cli-test-loader": "^1.1.0",
    "ember-cli-uglify": "^1.2.0",
    "ember-data": "^2.7.0",
    "ember-export-application-global": "^1.0.5",
    "ember-load-initializers": "^0.5.1",
    "ember-resolver": "^2.0.3",
    "ember-sinon": "0.5.1",
    "ember-sinon-qunit": "1.3.4",
    "ember-welcome-page": "^1.0.1",
    "loader.js": "^4.0.1"
  }
}