{
  "name": "crx-transit",
  "devDependencies": {
    "babel-preset-es2015": "^6.9.0",
    "babelify": "latest",
    "grunt": "^0.4.5",
    "grunt-browserify": "^5.0.0",
    "grunt-contrib-clean": "^1.1.0",
    "grunt-contrib-compress": "^1.1.1",
    "grunt-contrib-copy": "^1.0.0",
    "grunt-contrib-jshint": "^1.0.0",
    "grunt-contrib-sass": "^1.0.0",
    "grunt-contrib-uglify": "^1.0.1",
    "grunt-contrib-watch": "^1.0.0"
  },
  "dependencies": {
    "angular": "^1.4.1",
    "angular-elastic": "^2.3.5",
    "cuid": "^2.0.2",
    "jquery": "~> 3.0.0",
    "lodash": "^4.17.4",
    "md5": "^2.2.1",
    "sugar": "^1.4.1",
    "vinyl-source-stream": "^1.1.0"
  },
  "browserify": {
    "transform": [
      [
        "babelify",
        {
          "presets": [
            "es2015"
          ]
        }
      ]
    ]
  }
}