{
  "name": "ReactNativeNativeBaseSeed",
  "version": "5.3.0",
  "private": true,
  "scripts": {
    "postinstall": "remotedev-debugger && sh .add-pre-commit-hook",
    "start": "node_modules/react-native/packager/packager.sh",
    "eslint": "eslint"
  },
  "dependencies": {
    "color": "^0.11.3",
    "lodash": "^4.13.1",
    "moment": "^2.13.0",
    "native-base": "0.5.22",
    "react": "15.4.2",
    "react-native": "0.41.2",
    "react-native-code-push": "1.17.0-beta",
    "react-native-easy-grid": "0.1.8",
    "react-native-modalbox": "^1.3.4",
    "react-native-navigation-redux-helpers": "^0.5.0",
    "react-native-vector-icons": "^4.0.0",
    "react-redux": "^5.0.2",
    "redux": "^3.6.0",
    "redux-persist": "^4.0.0",
    "redux-thunk": "^2.2.0",
    "remote-redux-devtools": "^0.5.0",
    "remote-redux-devtools-on-debugger": "^0.7.0"
  },
  "devDependencies": {
    "chai": "^3.5.0",
    "babel-eslint": "^6.1.2",
    "eslint": "^3.5.0",
    "eslint-config-airbnb": "^11.1.0",
    "eslint-plugin-import": "^1.14.0",
    "eslint-plugin-jsx-a11y": "^2.2.1",
    "eslint-plugin-react": "^6.2.0",
    "eslint-plugin-react-native": "^2.0.0",
    "mocha": "^2.5.3"
  },
  "keywords": [
    "android",
    "ios",
    "react",
    "native",
    "react-native",
    "native-base",
    "native-modules",
    "react-component",
    "navbar",
    "packager",
    "rnpm",
    "es6",
    "redux",
    "react-native-code-push",
    "react-native boilerplate",
    "react-native with redux",
    "react-native with redux boilerplate",
    "native-base boilerplate",
    "react-native with native-base"
  ]
}