{
  "name": "AwesomeApp",
  "version": "0.1.0",
  "private": true,
  "devDependencies": {
    "react-native-scripts": "1.9.0",
    "jest-expo": "23.0.0",
    "react-test-renderer": "16.0.0"
  },
  "main": "./node_modules/react-native-scripts/build/bin/crna-entry.js",
  "scripts": {
    "start": "react-native-scripts start",
    "eject": "react-native-scripts eject",
    "android": "react-native-scripts android",
    "ios": "react-native-scripts ios",
    "test": "node node_modules/jest/bin/jest.js --watch"
  },
  "jest": {
    "preset": "jest-expo"
  },
  "dependencies": {
    "expo": "^23.0.4",
    "native-base": "^2.3.5",
    "react": "16.0.0",
    "react-native": "0.50.3",
    "react-navigation": "^1.0.0-beta.22"
  }
}