{
  "private": true,
  "engines": {
    "node": ">=8.12.0"
  },
  "author": {
    "name": "Stefan Aichholzer",
    "email": "theaichholzer@gmail.com",
    "url": "https://github.com/aichholzer"
  },
  "repository": {
    "type": "git",
    "url": "https://github.com/GetRayo/rayo.js.git"
  },
  "homepage": "https://github.com/GetRayo/rayo.js",
  "scripts": {
    "eslint:fix": "eslint --quiet --fix .",
    "pretest": "lerna bootstrap",
    "test": "eslint --quiet . && nyc --reporter=lcov _mocha -R progress --timeout 20000 test/index.js",
    "unit": "_mocha -R spec --timeout 20000 test/index.js",
    "posttest": "nyc report --reporter=text",
    "report": "codecov && cat ./coverage/lcov.info | coveralls && rm -rf ./coverage ./.nyc_output",
    "copies": "cp readme.md ./packages/rayo/. && echo rayo/ benchmarks/ compress/ send/ storm/ | xargs -n 1 -I file cp LICENSE ./packages/file",
    "prerelease": "npm test && npm run copies",
    "release": "lerna publish",
    "update": "npm-check -u"
  },
  "devDependencies": {
    "codecov": "^3.2.0",
    "coveralls": "^3.0.2",
    "eslint": "^5.14.0",
    "eslint-config-airbnb-base": "^13.1.0",
    "eslint-config-prettier": "^4.0.0",
    "eslint-plugin-import": "^2.16.0",
    "eslint-plugin-prettier": "^3.0.1",
    "lerna": "^3.13.0",
    "mocha": "^5.2.0",
    "npm-check": "^5.8.0",
    "nyc": "^13.3.0",
    "prettier": "^1.16.4",
    "should": "^13.2.3",
    "sinon": "^7.2.3",
    "supertest": "^3.4.2"
  }
}