{
  "name": "giveth-dapp",
  "version": "0.1.0",
  "private": true,
  "dependencies": {
    "bignumber.js": "^7.2.1",
    "ethereumjs-abi": "^0.6.5",
    "feathers": "^2.2.3",
    "feathers-authentication-client": "^0.3.3",
    "feathers-client": "^2.3.0",
    "feathers-commons": "^0.8.7",
    "feathers-hooks": "^2.1.2",
    "feathers-hooks-common": "^3.7.2",
    "feathers-reactive": "^0.5.2",
    "feathers-rest": "^1.8.1",
    "feathers-socketio": "^2.0.1",
    "formsy-react": "^1.1.4",
    "formsy-react-components": "^1.0.0",
    "giveth-bridge": "1.0.4",
    "giveth-liquidpledging": "1.0.1",
    "history": "^4.7.2",
    "lerna": "^2.11.0",
    "localforage": "^1.5.0",
    "lpp-campaign": "1.0.0",
    "lpp-capped-milestone": "1.0.2",
    "lpp-milestones": "^1.0.0-beta.1",
    "minimetoken": "^0.2.0",
    "moment": "^2.19.2",
    "node-fetch": "^2.1.1",
    "node-sass-chokidar": "^0.0.3",
    "prop-types": "^15.5.10",
    "query-string": "^6.2.0",
    "react": "16.4.1",
    "react-addons-shallow-compare": "^15.6.0",
    "react-avatar": "^2.3.0",
    "react-cropper": "^1.0.1",
    "react-datepicker": "1.4.1",
    "react-dom": "16.4.1",
    "react-ga": "^2.5.3",
    "react-helmet": "^5.2.0",
    "react-html-parser": "^2.0.2",
    "react-input-token": "^1.1.2",
    "react-js-pagination": "^3.0.1",
    "react-modal": "^3.5.1",
    "react-quill": "^1.1.0",
    "react-rangeslider": "^2.2.0",
    "react-responsive-masonry": "^1.5.0",
    "react-router": "^4.1.2",
    "react-router-dom": "^4.1.2",
    "react-share": "^2.4.0",
    "react-toastify": "2.1.7",
    "react-toggle": "^4.0.2",
    "request": "^2.85.0",
    "socket.io-client": "^2.0.4",
    "sweetalert": "^2.0",
    "web3": "1.0.0-beta.35",
    "web3-eth-accounts": "1.0.0-beta.34",
    "web3-provider-engine": "^14.0.5",
    "whatwg-fetch": "^2.0.3"
  },
  "devDependencies": {
    "eslint": "^4.19.1",
    "eslint-config-airbnb": "^17.0.0",
    "eslint-config-prettier": "^2.9.0",
    "eslint-plugin-import": "^2.13.0",
    "eslint-plugin-jsx-a11y": "^6.1.0",
    "eslint-plugin-prettier": "^2.6.2",
    "eslint-plugin-react": "^7.9.1",
    "giveth-react-scripts": "1.1.4",
    "husky": "^1.0.0-rc.12",
    "jsdoc": "^3.5.5",
    "lint-staged": "^7.2.0",
    "npm-run-all": "^4.1.3",
    "prettier": "^1.13.7"
  },
  "scripts": {
    "precommit": "lint-staged",
    "build-css": "node-sass-chokidar --include-path ./src --include-path ./node_modules src/ -o src/",
    "watch-css": "npm run build-css && node-sass-chokidar --include-path ./src --include-path ./node_modules src/ -o src/ --watch --recursive",
    "start-js": "react-scripts start",
    "start": "npm-run-all -p watch-css start-js",
    "build": "npm run build-css && react-scripts build",
    "serve": "npm run build && pm2 serve -s build",
    "test": "react-scripts test --env=jsdom",
    "eslint": "eslint 'src/**/*.js*'",
    "eslint:fix": "npm run eslint --fix",
    "eject": "react-scripts eject",
    "prettify": "prettier --write 'src/**/*.js*'",
    "doc": "jsdoc src -r -d docs"
  },
  "lint-staged": {
    "src/**/*.{js,jsx,json}": [
      "prettier --single-quote --write",
      "eslint --fix",
      "git add"
    ]
  },
  "repository": {
    "type": "git",
    "url": "https://github.com/Giveth/giveth-dapp.git"
  },
  "author": {
    "name": "Giveth",
    "email": "info@giveth.io",
    "url": "http://giveth.io"
  },
  "license": "GPL-3.0"
}