{
  "name": "pieshop",
  "version": "0.0.0",
  "private": true,
  "dependencies": {
    "algoliasearch": "^3.30.0",
    "cookie-parser": "^1.4.3",
    "express": "^4.16.3",
    "express-handlebars": "^3.0.0",
    "express-session": "^1.15.6",
    "firebase-admin": "5.12.1",
    "firestore-export-import": "0.1.3",
    "morgan": "^1.9.0"
  },
  "scripts": {
    "clean": "rm -rf dist",
    "lint:eslint": "eslint src",
    "lint:stylelint": "stylelint 'src/**/*.css'",
    "lint": "npm-run-all --continue-on-error lint:eslint lint:stylelint",
    "build:frontend": "./tasks/build-static.sh",
    "build:backend": "./tasks/build-node-scripts.sh",
    "build": "npm-run-all clean build:backend build:frontend",
    "build:prod": "NODE_ENV=production npm run build",
    "nodemon:frontend": "nodemon --watch src/client --exec 'npm run build:frontend'",
    "nodemon:backend:serve": "nodemon --watch src/data --watch src/server --watch src/services --watch src/templates --exec 'npm-run-all build:backend start'",
    "start:dev": "NODE_ENV=development npm-run-all --parallel nodemon:frontend nodemon:backend:serve",
    "start": "node dist/server/server.js"
  },
  "nodemonConfig": {
    "ext": "css,hbs,js,json,png,svg"
  },
  "devDependencies": {
    "babel-cli": "^6.26.0",
    "babel-core": "^6.26.3",
    "babel-eslint": "^8.2.6",
    "babel-loader": "^7.1.5",
    "babel-minify-webpack-plugin": "^0.3.1",
    "babel-plugin-dynamic-import-node": "^2.0.0",
    "babel-plugin-syntax-dynamic-import": "^6.18.0",
    "babel-preset-env": "^1.7.0",
    "babel-register": "^6.26.0",
    "copy-webpack-plugin": "4.5.2",
    "css-loader": "^1.0.0",
    "csv-parse": "^2.5.0",
    "eslint": "^5.1.0",
    "eslint-config-google": "^0.9.1",
    "extract-text-webpack-plugin": "^4.0.0-beta.0",
    "nodemon": "^1.18.1",
    "npm-run-all": "^4.1.3",
    "stylelint": "^9.3.0",
    "stylelint-config-standard": "^18.2.0",
    "webpack": "^4.16.0",
    "webpack-cli": "^3.0.8",
    "webpack-merge": "^4.1.3",
    "workbox-webpack-plugin": "^3.4.1"
  }
}