{
  "name": "pptraas",
  "version": "0.0.2",
  "private": true,
  "description": "Puppeteer as a service",
  "main": "server.js",
  "scripts": {
    "start": "node server.js",
    "deploy": "gcloud app deploy . --project puppeteerexamples",
    "lint": "eslint .",
    "test": "npm run lint"
  },
  "dependencies": {
    "caniuse-db": "^1.0.30000899",
    "express": "^4.16.4",
    "marked": "^0.5.1",
    "puppeteer": "^1.9.0",
    "random-uuid": "*",
    "universal-analytics": "^0.4.20"
  },
  "engines": {
    "node": ">=8"
  },
  "repository": {
    "url": "https://github.com/GoogleChromeLabs/pptraas.com"
  },
  "license": "Apache-2.0",
  "keywords": [
    "node",
    "glitch",
    "express",
    "puppeteer",
    "service"
  ],
  "devDependencies": {
    "eslint": "^5.7.0",
    "eslint-config-google": "^0.11.0"
  }
}