{
  "name": "nodejs-docs-samples",
  "description": "Node.js samples found on https://cloud.google.com",
  "version": "0.0.1",
  "license": "Apache-2.0",
  "author": "Google Inc.",
  "engines": {
    "node": ">=4.0.0"
  },
  "repository": {
    "type": "git",
    "url": "https://github.com/GoogleCloudPlatform/nodejs-docs-samples.git"
  },
  "main": "src/index.js",
  "private": true,
  "scripts": {
    "lint": "eslint '**/*.js'",
    "pretest": "npm run lint",
    "unit-cover": "nyc --cache npm test && nyc report --reporter=html",
    "system-cover": "nyc --cache npm run system-test && nyc report --reporter=html",
    "test": "npm run unit-test && npm run system-test",
    "cover": "nyc --cache npm run test && nyc report --reporter=html"
  },
  "devDependencies": {
    "@google-cloud/nodejs-repo-tools": "^3.2.0",
    "@google-cloud/storage": "2.4.2",
    "ava": "0.25.0",
    "eslint": "^5.9.0",
    "eslint-config-prettier": "^4.0.0",
    "eslint-plugin-node": "^8.0.0",
    "eslint-plugin-prettier": "^3.0.0",
    "nyc": "^13.3.0",
    "prettier": "^1.15.2"
  }
}