{
  "name": "workbox",
  "engines": {
    "node": ">=6.0.0"
  },
  "scripts": {
    "bot": "pr-bot",
    "coverage-report": "nyc report --reporter lcov --reporter text",
    "coveralls": "cat ./coverage/lcov.info | coveralls",
    "demos-deploy": "firebase deploy --project workbox-demos",
    "demos-serve": "firebase serve --only hosting,functions --project workbox-demos",
    "lint": "eslint \"**/*.{js,mjs}\" --ignore-path .gitignore",
    "local-jsdoc": "jsdoc",
    "local-lerna": "lerna",
    "test": "nyc --clean false --require @std/esm --require ./infra/testing/sw-env --silent mocha --timeout 60000 ./infra/testing/auto-stub-logger.mjs"
  },
  "@std/esm": {
    "cjs": true
  },
  "nyc": {
    "include": [
      "packages/**/*"
    ],
    "extension": [
      ".mjs",
      ".js"
    ],
    "exclude": [
      "packages/workbox-core/models/messages/messages.mjs"
    ]
  },
  "pre-push": [
    "lint"
  ],
  "version": "0.0.0",
  "description": "Top-level scripts and dependencies for the workbox monorepo. Not meant to be published to npm.",
  "private": true,
  "repository": {
    "type": "git",
    "url": "git+https://github.com/GoogleChrome/workbox.git"
  },
  "author": "Google's Web DevRel Team",
  "license": "MIT",
  "bugs": {
    "url": "https://github.com/GoogleChrome/workbox/issues"
  },
  "homepage": "https://github.com/GoogleChrome/workbox#readme",
  "devDependencies": {
    "@babel/core": "^7.1.0",
    "@babel/plugin-transform-runtime": "^7.1.0",
    "@babel/preset-env": "^7.1.0",
    "@google-cloud/storage": "^2.0.3",
    "@octokit/rest": "^15.12.0",
    "@std/esm": "^0.26.0",
    "archiver": "^3.0.0",
    "babel-eslint": "^9.0.0",
    "babel-plugin-transform-async-to-promises": "^0.8.4",
    "babylon": "^6.18.0",
    "body-parser": "^1.18.3",
    "bytes": "^3.0.0",
    "camelcase": "^5.0.0",
    "chai": "^4.1.2",
    "chalk": "^2.4.1",
    "chromedriver": "^2.42.0",
    "clear-require": "^2.0.0",
    "comlinkjs": "^3.0.3",
    "common-tags": "^1.8.0",
    "copy-webpack-plugin": "^4.5.2",
    "coveralls": "^3.0.2",
    "depcheck": "^0.6.11",
    "eslint": "^5.6.0",
    "eslint-config-google": "^0.10.0",
    "eslint-plugin-header": "^2.0.0",
    "eslint-plugin-jsdoc": "^3.8.0",
    "express": "^4.16.3",
    "firebase-tools": "^4.2.1",
    "fs-extra": "^7.0.0",
    "geckodriver": "^1.12.2",
    "glob": "^7.1.3",
    "gulp": "^4.0.0",
    "gulp-babel": "^8.0.0",
    "gzip-size": "^5.0.0",
    "html-webpack-plugin": "^3.2.0",
    "jsdoc": "^3.5.5",
    "jsdoc-baseline": "https://github.com/hegemonic/baseline/tarball/master",
    "lerna": "^3.4.0",
    "minimist": "^1.2.0",
    "mocha": "^5.2.0",
    "nunjucks": "^3.1.6",
    "nyc": "^13.0.1",
    "pr-bot": "0.2.0",
    "pre-push": "^0.1.1",
    "proxyquire": "^2.1.0",
    "require-dir": "^1.0.0",
    "rollup": "^1.1.2",
    "rollup-plugin-babel": "^4.0.3",
    "rollup-plugin-node-resolve": "^4.0.0",
    "rollup-plugin-replace": "^2.0.0",
    "rollup-plugin-terser": "^4.0.4",
    "selenium-assistant": "^5.4.0",
    "semver": "^5.5.1",
    "serve-index": "^1.9.1",
    "service-worker-mock": "^1.9.3",
    "shelving-mock-indexeddb": "github:philipwalton/shelving-mock-indexeddb#2379a818f8a45873903166d1bdb4ff3dbfbc550d",
    "sinon": "^6.3.4",
    "tempy": "^0.2.1",
    "url-search-params": "^1.1.0",
    "webpack": "^4.19.1"
  }
}