{
  "name": "autotag",
  "version": "1.0.0",
  "description": "Autotagging for AWS resources",
  "main": "autotag.js",
  "private": true,
  "dependencies": {
    "aws-sdk": "^2.1.50",
    "babel": "^6.5.2",
    "babel-polyfill": "^6.7.4",
    "co": "^4.6.0",
    "underscore": "^1.8.3"
  },
  "devDependencies": {
    "babel": "^6.23.0",
    "babel-cli": "^6.26.0",
    "babel-preset-es2015": "^6.1.2",
    "grunt": "^1.0.1",
    "grunt-run": "^0.5.3",
    "jasmine-es6": "^0.1.8",
    "mock-require": "^1.2.1"
  },
  "scripts": {
    "test": "grunt run:tests"
  },
  "repository": {
    "type": "git",
    "url": "git@github.com:GorillaStack/autotag.git"
  },
  "author": "Elliott Spira",
  "license": "ISC",
  "homepage": "https://bitbucket.org/gorillastack/autotag#readme"
}