{
  "devDependencies": {
    "apache-server-configs": "^2.7.1",
    "browser-sync": "^1.3.0",
    "del": "^0.1.2",
    "gulp": "^3.8.5",
    "gulp-autoprefixer": "^0.0.8",
    "gulp-cache": "^0.2.2",
    "gulp-changed": "^1.0.0",
    "gulp-coffee": "^2.2.0",
    "gulp-concat": "^2.4.2",
    "gulp-csso": "^0.2.9",
    "gulp-flatten": "^0.0.2",
    "gulp-if": "^1.2.1",
    "gulp-jshint": "^1.6.3",
    "gulp-load-plugins": "^0.5.3",
    "gulp-minify-html": "^0.1.4",
    "gulp-rename": "^1.2.0",
    "gulp-replace": "^0.4.0",
    "gulp-ruby-sass": "^0.7.1",
    "gulp-size": "^1.0.0",
    "gulp-sourcemaps": "^1.2.8",
    "gulp-uglify": "^0.3.1",
    "gulp-uncss": "^0.4.5",
    "gulp-useref": "^0.6.0",
    "gutil": "^1.5.5",
    "jshint-stylish": "^0.4.0",
    "opn": "^1.0.0",
    "psi": "^0.1.2",
    "require-dir": "^0.1.0",
    "run-sequence": "^0.3.6"
  },
  "engines": {
    "node": ">=0.10.0"
  },
  "private": true,
  "scripts": {
    "test": "gulp && git status | grep 'working directory clean' >/dev/null || (echo 'Please commit all changes generated by building'; exit 1)"
  }
}