{
  "name": "habitrpg-mobile",
  "version": "0.0.19",
  "description": "",
  "private": true,
  "dependencies": {
    "babel-core": "^6.2.1",
    "babel-preset-es2015": "^6.1.18",
    "gulp": "~3.6.2",
    "gulp-concat": "^2.2.0",
    "gulp-connect": "~2.0.5",
    "gulp-imagemin": "^2.2.1",
    "gulp-jade": "~0.5.0",
    "gulp-minify-css": "^0.3.0",
    "gulp-rename": "^1.2.0",
    "gulp-rimraf": "~0.1.0",
    "gulp-sass": "^0.7.1",
    "gulp-stylus": "~1.0.0",
    "gulp-uglify": "~0.2.1",
    "habitrpg": "HabitRPG/habitrpg#develop",
    "imagemin-pngquant": "^4.1.0",
    "lodash": "^3.8.0"
  },
  "scripts": {
    "start": "gulp"
  },
  "devDependencies": {
    "xml2js": "~0.4.4"
  },
  "cordovaPlugins": [],
  "cordovaPlatforms": [
    "ios"
  ]
}