{
  "name": "weex-vue-examples",
  "description": "A group of examples for using Weex and Vue 2.0",
  "private": true,
  "version": "0.1.0",
  "scripts": {
    "build": "webpack",
    "dev": "webpack --watch",
    "build:website": "webpack --config webpack.website.config.js",
    "dev:website": "webpack --watch --config webpack.website.config.js",
    "screenshot": "node screenshot.js",
    "serve": "serve -l 8080"
  },
  "main": "src/entry.js",
  "keywords": [
    "weex",
    "vue",
    "demo"
  ],
  "author": "Hanks <zhanghan.me@gmail.com>",
  "contributors": [],
  "repository": {
    "type": "git",
    "url": "git@github.com/Hanks10100/weex-vue-examples.git"
  },
  "license": "MIT",
  "devDependencies": {
    "autoprefixer": "9.3.1",
    "babel-core": "6.26.3",
    "babel-loader": "7.1.5",
    "babel-plugin-transform-runtime": "6.23.0",
    "babel-preset-es2015": "6.24.1",
    "babel-runtime": "6.26.0",
    "css-loader": "0.28.11",
    "node-sass": "4.9.3",
    "postcss-plugin-px2rem": "0.8.1",
    "postcss-plugin-weex": "0.1.7",
    "puppeteer": "1.11.0",
    "sass-loader": "7.1.0",
    "serve": "10.1.1",
    "uglifyjs-webpack-plugin": "1.2.5",
    "vue-loader": "14.2.3",
    "webpack": "3.12.0",
    "weex-loader": "0.7.12",
    "weex-vue-precompiler": "0.1.25",
    "xhr": "2.5.0"
  },
  "dependencies": {
    "vue": "2.5.17",
    "weex-vue-render": "1.0.33"
  }
}