{
  "name": "mern-cli",
  "version": "2.5.0",
  "description": "A cli for generating MERN boilerplate",
  "main": "index.js",
  "watch": {
    "compile": "src/**/*.js"
  },
  "scripts": {
    "compile": "babel --presets env,stage-0 -d lib/ src/",
    "lint": "eslint . --ignore-path .gitignore",
    "lint:staged": "eslint-staged",
    "prepublish": "npm run compile",
    "pretest": "npm run lint",
    "test": "ava tests/*.js",
    "watch": "npm-watch"
  },
  "pre-commit": "lint:staged && npm run test",
  "eslintConfig": {
    "parser": "babel-eslint",
    "extends": "airbnb-base",
    "env": {
      "node": true,
      "es6": true,
      "shelljs": true
    },
    "parserOptions": {
      "ecmaVersion": 6,
      "sourceType": "module"
    },
    "rules": {
      "import/no-unresolved": 2,
      "global-require": 0,
      "comma-dangle": [
        2,
        "always-multiline"
      ],
      "indent": [
        2,
        4,
        {
          "SwitchCase": 1
        }
      ],
      "max-len": 0,
      "no-console": 0,
      "prefer-template": 2,
      "no-use-before-define": 0,
      "newline-per-chained-call": 0,
      "import/no-dynamic-require": 0,
      "prefer-destructuring": [
        "error",
        {
          "array": false,
          "object": true
        },
        {
          "enforceForRenamedProperties": false
        }
      ],
      "arrow-body-style": [
        2,
        "as-needed"
      ]
    }
  },
  "engines": {
    "node": ">=8"
  },
  "repository": {
    "type": "git",
    "url": "git+https://github.com/Hashnode/mern-cli.git"
  },
  "keywords": [
    "cli",
    "mern",
    "isomorphic",
    "boilerplate",
    "react",
    "redux",
    "react-router",
    "express",
    "mongo"
  ],
  "author": "Mayank Chandola <imayankchd@gmail.com>, Prashant Abhishek <prashant.abhishek7g@gmail.com>",
  "license": "MIT",
  "bugs": {
    "url": "https://github.com/Hashnode/mern-cli/issues"
  },
  "homepage": "https://github.com/Hashnode/mern-cli#readme",
  "bin": {
    "mern": "./bin/mern.js",
    "merng": "./bin/merng.js"
  },
  "dependencies": {
    "chalk": "^2.4.1",
    "cli-table": "^0.3.1",
    "commander": "^2.15.1",
    "ejs": "^2.6.1",
    "elegant-spinner": "^1.0.1",
    "log-update": "^2.3.0",
    "shelljs": "^0.8.2",
    "writefile": "^0.2.8"
  },
  "devDependencies": {
    "ava": "^0.25.0",
    "babel-cli": "^6.26.0",
    "babel-eslint": "^8.2.3",
    "babel-preset-env": "^1.7.0",
    "babel-preset-stage-0": "^6.24.1",
    "eslint": "^4.19.1",
    "eslint-config-airbnb-base": "^12.1.0",
    "eslint-plugin-import": "^2.12.0",
    "lint-staged": "^7.1.3",
    "npm-watch": "^0.3.0",
    "pify": "^3.0.0"
  }
}