{
  "name": "daisy-pattern-lab",
  "version": "0.1.0",
  "description": "Daisy pattern-lab",
  "main": "Gruntfile.js",
  "repository": {
    "type": "git",
    "url": "https://github.com/HBRGTech/daisy"
  },
  "author": "HBR Tech",
  "devDependencies": {
    "grunt": "~0.4.5",
    "grunt-contrib-concat": "~0.5.0",
    "grunt-contrib-copy": "~0.7.0",
    "grunt-contrib-csslint": "~0.3.1",
    "grunt-contrib-cssmin": "~0.10.0",
    "grunt-contrib-jshint": "~0.10.0",
    "grunt-contrib-uglify": "~0.6.0",
    "grunt-contrib-watch": "~0.6.1",
    "grunt-jscs-checker": "~0.8.1",
    "grunt-sass": "^0.17.0",
    "grunt-shell": "~0.7.0"
  },
  "scripts": {
    "test": "grunt"
  }
}