{
  "name": "hubtags",
  "version": "1.32.0",
  "author": "Henrik Joreteg <henrik@andyet.net>",
  "dependencies": {
    "ampersand-app": "^1.0.4",
    "ampersand-model": "^6.0.1",
    "ampersand-react-mixin": "^0.1.4",
    "ampersand-rest-collection": "^5.0.0",
    "ampersand-router": "^3.0.2",
    "autoprefixer": "^6.0.2",
    "autoprefixer-stylus": "^0.7.1",
    "babel": "^5.8.23",
    "babel-core": "^5.8.24",
    "babel-loader": "^5.3.2",
    "css-loader": "^0.18.0",
    "file-loader": "^0.8.4",
    "hjs-webpack": "^2.13.1",
    "json-loader": "^0.5.3",
    "local-links": "^1.4.0",
    "lodash.assign": "^3.2.0",
    "lodash.has": "^3.2.1",
    "lodash.merge": "^3.3.2",
    "lodash.pick": "^3.1.0",
    "lodash.result": "^3.1.2",
    "milliseconds": "^1.0.3",
    "octicons": "^2.4.1",
    "postcss-loader": "^0.6.0",
    "qs": "^5.1.0",
    "react": "^0.13.3",
    "react-hot-loader": "^1.3.0",
    "slugger": "^1.0.0",
    "standard": "^5.3.0",
    "style-loader": "^0.12.4",
    "stylus-loader": "^1.3.0",
    "surge": "^0.14.4",
    "url-loader": "^0.5.6",
    "webpack": "^1.12.2",
    "webpack-dev-server": "^1.11.0",
    "xhr": "^2.1.0",
    "yeticss": "^7.0.5"
  },
  "license": "MIT",
  "main": "index.js",
  "private": true,
  "scripts": {
    "build": "webpack",
    "deploy": "surge -p public -d hubtags.com",
    "start": "webpack-dev-server",
    "test": "standard",
    "yolo": "npm run test && npm version minor && git push origin master --tags && npm run build && npm run deploy"
  },
  "standard": {
    "ignore": [
      "public/*"
    ]
  }
}