{
  "name": "httparchive.org",
  "version": "0.0.1",
  "description": "Track how the web is built.",
  "main": "index.html",
  "repository": {
    "type": "git",
    "url": "git+https://github.com/HTTPArchive/httparchive.org.git"
  },
  "author": "Rick Viscomi",
  "license": "Apache-2.0",
  "bugs": {
    "url": "https://github.com/HTTPArchive/httparchive.org/issues"
  },
  "homepage": "https://github.com/HTTPArchive/httparchive.org#readme",
  "scripts": {
    "build": "webpack --config webpack.config.js",
    "watch": "webpack --config webpack.config.js --watch",
    "start": "npm run watch & python main.py",
    "stage": "npm run build && echo \"Y\" | gcloud app deploy --project httparchive-staging --stop-previous-version",
    "deploy": "npm run build && echo \"Y\" | gcloud app deploy --project httparchive --stop-previous-version"
  },
  "devDependencies": {
    "babel-cli": "^6.24.1",
    "babel-core": "^6.25.0",
    "babel-loader": "^7.1.0",
    "babel-plugin-transform-object-rest-spread": "^6.26.0",
    "babel-preset-env": "^1.5.2",
    "webpack": "^3.12.0"
  }
}