{
  "name": "gulp-website",
  "version": "1.0.0",
  "description": "Gulpish Website",
  "main": "index.js",
  "author": "Harry Manchanda",
  "license": "MIT",
  "scripts": {
    "start": "gulp",
    "dev": "gulp dev",
    "export": "gulp export"
  },
  "devDependencies": {
    "autoprefixer": "^9.1.3",
    "babel-core": "^6.26.3",
    "babel-preset-env": "^1.7.0",
    "browser-sync": "^2.24.6",
    "del": "^3.0.0",
    "eslint": "^5.2.0",
    "eslint-config-airbnb-base": "^13.0.0",
    "eslint-plugin-import": "^2.13.0",
    "gulp": "^4.0.0",
    "gulp-babel": "^7.0.1",
    "gulp-htmlmin": "^4.0.0",
    "gulp-imagemin": "^4.1.0",
    "gulp-postcss": "^8.0.0",
    "gulp-sass": "^4.0.1",
    "gulp-sourcemaps": "^2.6.4",
    "gulp-uglify": "^3.0.1",
    "gulp-zip": "^4.2.0",
    "imagemin-gifsicle": "^5.2.0",
    "imagemin-jpeg-recompress": "^5.1.0",
    "imagemin-jpegtran": "^5.0.2",
    "imagemin-optipng": "^5.2.1",
    "imagemin-pngquant": "^6.0.0",
    "imagemin-svgo": "^7.0.0",
    "postcss-uncss": "^0.16.1",
    "pump": "^3.0.0",
    "through2": "^2.0.3",
    "uncss": "^0.16.2",
    "vinyl-named": "^1.1.0",
    "webpack": "^4.16.5",
    "webpack-cli": "^3.1.0",
    "webpack-stream": "^5.1.1"
  },
  "dependencies": {}
}