{
  "name": "watson-banking-chatbot",
  "version": "0.0.1",
  "private": true,
  "scripts": {
    "start": "node server.js",
    "test": "npm run unit && npm run eslint && npm run jshint",
    "jshint": "jshint public",
    "eslint": "eslint *.js lib test",
    "unit": "istanbul cover _mocha test/unit -- -R spec"
  },
  "dependencies": {
    "body-parser": "^1.18.3",
    "cfenv": "^1.1.0",
    "dotenv": "^6.2.0",
    "express": "^4.16.4",
    "http": "0.0.0",
    "https": "^1.0.0",
    "numeral": "^2.0.6",
    "watson-developer-cloud": "^3.7.1"
  },
  "repository": "github:IBM/watson-banking-chatbot",
  "engines": {
    "node": ">=6"
  },
  "devDependencies": {
    "chai": "^4.2.0",
    "eslint": "^5.9.0",
    "eslint-config-google": "^0.11.0",
    "eslint-config-prettier": "^3.3.0",
    "eslint-plugin-node": "^8.0.0",
    "eslint-plugin-prettier": "^3.0.0",
    "istanbul": "^0.4.5",
    "jshint": "^2.9.6",
    "jsondiffpatch": "^0.3.11",
    "mocha": "^5.2.0",
    "prettier": "^1.15.3",
    "sinon": "^7.1.1",
    "sinon-test": "^2.4.0"
  }
}