{
  "name": "oidc-client",
  "version": "1.7.0-beta.1",
  "description": "OpenID Connect (OIDC) & OAuth2 client library",
  "main": "lib/oidc-client.min.js",
  "scripts": {
    "build": "gulp build",
    "start": "node samples/VanillaJS/server.js",
    "test": "mocha --compilers js:babel-register test/unit/*.spec.js",
    "all": "gulp build & mocha --compilers js:babel-register test/unit/*.spec.js"
  },
  "repository": {
    "type": "git",
    "url": "https://github.com/IdentityModel/oidc-client-js.git"
  },
  "author": "Brock Allen & Dominick Baier",
  "contributors": [
    {
      "name": "Brock Allen",
      "email": "brockallen@gmail.com"
    },
    {
      "name": "Dominick Baier",
      "email": "dbaier@leastprivilege.com"
    }
  ],
  "license": "Apache-2.0",
  "bugs": {
    "url": "https://github.com/IdentityModel/oidc-client-js/issues"
  },
  "homepage": "https://github.com/IdentityModel/oidc-client-js",
  "devDependencies": {
    "babel-core": "^6.7.2",
    "babel-loader": "^7.1.5",
    "babel-plugin-add-module-exports": "^0.2.1",
    "babel-plugin-transform-es2015-classes": "^6.7.7",
    "babel-polyfill": "^6.9.1",
    "babel-preset-es2015": "^6.6.0",
    "babel-register": "^6.7.2",
    "chai": "^4.2.0",
    "express": "^4.16.4",
    "gulp": "^3.9.1",
    "gulp-concat": "^2.6.1",
    "mocha": "^5.2.0",
    "natives": "^1.1.6",
    "open": "0.0.5",
    "uglifyjs-webpack-plugin": "^1.3.0",
    "webpack": "^4.29.3",
    "webpack-stream": "^4.0.3"
  },
  "dependencies": {
    "jsrsasign": "^8.0.12"
  },
  "typings": "index.d.ts"
}