{
  "name": "flow-mono-cli",
  "version": "0.0.0-development",
  "private": false,
  "author": "Immonet dev team <aegaeon@immonet.de> (https://immonet.de)",
  "license": "MIT",
  "description": "A command line interface that aims to solve a few issues while working with flow typed codebases in a mono-repo.",
  "bin": {
    "flow-mono": "./bin/flow-mono"
  },
  "engines": {
    "node": ">=8.11.4",
    "yarn": ">=1.6.0"
  },
  "files": [
    "dist",
    "bin"
  ],
  "keywords": [
    "flow",
    "mono",
    "mono-repo",
    "cli",
    "stub",
    "typing",
    "lerna",
    "workspaces",
    "workspace",
    "yarn"
  ],
  "scripts": {
    "test": "jest",
    "clean": "rimraf dist",
    "build": "babel src --out-dir dist --ignore spec.js && flow-copy-source -v src dist --ignore='*.spec.js'",
    "dev": "nodemon --quiet --watch src --exec 'yarn build'",
    "flow": "flow",
    "flow-typed": "flow-typed",
    "flow-typed-install": "flow-typed install --ignoreDeps=peer --overwrite",
    "prepare": "yarn flow-typed-install || true",
    "lint": "eslint src",
    "prettier": "prettier --write src/**/*.js",
    "prepublishOnly": "yarn build",
    "release": "semantic-release"
  },
  "dependencies": {
    "cosmiconfig": "5.1.0",
    "debug-logger": "0.4.1",
    "execa": "1.0.0",
    "find-up": "3.0.0",
    "glob": "7.1.3",
    "inquirer": "6.2.2",
    "lodash.merge": "4.6.1",
    "micromatch": "3.1.10",
    "ora": "^3.0.0",
    "yargs": "12.0.5"
  },
  "devDependencies": {
    "@immowelt/babel-preset-immowelt-node": "1.1.1",
    "@immowelt/eslint-config-immowelt-react": "2.1.1",
    "@immowelt/jest-preset-node": "1.1.1",
    "babel-cli": "6.26.0",
    "eslint": "5.15.0",
    "flow-bin": "0.94.0",
    "flow-copy-source": "2.0.3",
    "flow-typed": "2.5.1",
    "jest": "23.6.0",
    "prettier": "1.16.4",
    "rimraf": "2.6.3",
    "semantic-release": "13.4.1"
  },
  "jest": {
    "preset": "@immowelt/jest-preset-node"
  },
  "publishConfig": {
    "access": "public"
  },
  "release": {
    "analyzeCommits": {
      "releaseRules": [
        {
          "type": "BREAKING",
          "release": "major"
        },
        {
          "type": "FEATURE",
          "release": "minor"
        },
        {
          "type": "BUGFIX",
          "release": "patch"
        }
      ]
    },
    "branch": "master"
  },
  "repository": {
    "type": "git",
    "url": "https://github.com/ImmoweltGroup/flow-mono-cli.git"
  }
}