{
  "name": "PWATutorial",
  "description": "PWA Tutorial",
  "author": {
    "name": "Kevin Farrugia",
    "email": "kevin.farrugia@incredible-web.com",
    "url": "https://www.incredible-web.com"
  },
  "devDependencies": {
    "express": "^4.14.0",
    "grunt": "~0.4.5",
    "grunt-cli": "~0.1.13",
    "grunt-contrib-clean": "^0.7.0",
    "grunt-contrib-uglify": "~0.5.1",
    "grunt-contrib-watch": "~0.6.1",
    "load-grunt-config": "~0.13.1"
  },
  "scripts": {
    "start": "grunt && node app.js"
  }
}