{
  "name": "vue-innersearch",
  "version": "0.0.12",
  "description": "Vue.js components for ElasticSearch",
  "main": "innersearch.js",
  "author": "InnerSearch Organization",
  "scripts": {
    "dev": "node build/dev-server.js",
    "start": "npm run dev",
    "build": "node build/build.js",
    "lint": "eslint --ext .js,.vue src",
    "serve": "node server/server.js",
    "cypress:open": "cypress open",
    "cypress:run": "cypress run",
    "test": "npm run cypress:open",
    "build:lib": "node build/build-lib.js"
  },
  "dependencies": {
    "babel-polyfill": "^6.26.0",
    "bodybuilder": "^2.2.10",
    "debounce": "^1.1.0",
    "elasticsearch": "^13.3.1",
    "elasticsearch-browser": "^13.3.1",
    "vue-router": "^3.0.1",
    "vuex": "^3.0.1",
    "vue": "^2.5.2"
  },
  "devDependencies": {
    "autoprefixer": "^7.2.6",
    "babel-core": "^6.26.3",
    "babel-eslint": "^7.1.1",
    "babel-loader": "^7.1.4",
    "babel-plugin-transform-runtime": "^6.22.0",
    "babel-preset-env": "^1.3.2",
    "babel-preset-stage-2": "^6.22.0",
    "babel-register": "^6.22.0",
    "chalk": "^2.4.1",
    "connect-history-api-fallback": "^1.5.0",
    "copy-webpack-plugin": "^4.5.1",
    "css-loader": "^0.28.11",
    "cypress": "^2.1.0",
    "eventsource-polyfill": "^0.9.6",
    "express": "^4.16.3",
    "extract-text-webpack-plugin": "^3.0.2",
    "file-loader": "^1.1.11",
    "friendly-errors-webpack-plugin": "^1.7.0",
    "html-webpack-plugin": "^2.30.1",
    "http-proxy-middleware": "^0.17.3",
    "node-sass": "^4.9.0",
    "opn": "^5.3.0",
    "optimize-css-assets-webpack-plugin": "^3.2.0",
    "ora": "^1.4.0",
    "portfinder": "^1.0.13",
    "rimraf": "^2.6.0",
    "sass-loader": "^6.0.7",
    "semver": "^5.5.0",
    "shelljs": "^0.7.6",
    "style-loader": "^0.20.3",
    "uglifyjs-webpack-plugin": "^1.2.5",
    "url-loader": "^0.5.8",
    "vue-loader": "^13.7.1",
    "vue-style-loader": "^3.1.2",
    "vue-template-compiler": "^2.5.16",
    "webpack": "^3.11.0",
    "webpack-bundle-analyzer": "^2.11.1",
    "webpack-dev-middleware": "^1.12.2",
    "webpack-hot-middleware": "^2.22.1",
    "webpack-merge": "^4.1.2"
  },
  "engines": {
    "node": ">= 8.0.0",
    "npm": ">= 5.0.0"
  },
  "license": "MIT",
  "browserslist": [
    "> 1%",
    "last 2 versions",
    "not ie <= 8"
  ]
}