{
  "name": "mynuxt",
  "version": "1.0.0",
  "description": "Nuxt.js project",
  "author": "zhouhaipeng <zhouhaipeng@imzhiliao.com>",
  "private": true,
  "scripts": {
    "dev": "nuxt",
    "build": "nuxt build",
    "start": "nuxt start",
    "generate": "nuxt generate",
    "lint": "eslint --ext .js,.vue --ignore-path .gitignore .",
    "precommit": "npm run lint"
  },
  "config": {
    "nuxt": {
      "host": "0.0.0.0",
      "port": 3389
    }
  },
  "dependencies": {
    "axios": "^0.16.2",
    "cookie-parser": "^1.4.3",
    "element-ui": "^2.2.1",
    "express": "^4.15.5",
    "express-session": "^1.15.6",
    "gt3-sdk": "^2.0.0",
    "js-cookie": "^2.2.0",
    "mongoose": "^4.11.13",
    "multer": "^1.3.0",
    "nuxt": "^1.4.0",
    "request": "^2.88.0",
    "vue-notification": "^1.3.7",
    "vue-quill-editor": "^3.0.5"
  },
  "devDependencies": {
    "@nuxtjs/axios": "^5.1.1",
    "@nuxtjs/proxy": "^1.1.4",
    "babel-eslint": "^8.2.1",
    "eslint": "^4.15.0",
    "eslint-friendly-formatter": "^3.0.0",
    "eslint-loader": "^1.7.1",
    "eslint-plugin-vue": "^4.0.0",
    "moment": "^2.18.1",
    "node-sass": "^4.10.0",
    "sass-loader": "^6.0.7",
    "style-loader": "^0.20.3",
    "vue-style-loader": "^4.1.0"
  }
}