{
  "name": "Blockbench",
  "description": "Minecraft Block Model Editor",
  "version": "2.4.0",
  "license": "MIT",
  "author": {
    "name": "JannisX11",
    "email": "info@blockbench.net"
  },
  "repository": {
    "type": "git",
    "url": "https://github.com/JannisX11/blockbench"
  },
  "main": "main.js",
  "build": {
    "appId": "blockbench",
    "productName": "Blockbench",
    "artifactName": "${productName}_${arch}_${version}.${ext}",
    "mac": {
      "category": "macOS.application",
      "target": "dmg"
    },
    "files": [
      "assets/",
      "build/",
      "css/",
      "font/",
      "js",
      "lib",
      "lang",
      "main.js",
      "index.html",
      "package.json",
      "favicon.png",
      "icon.icns",
      "icon.ico",
      "icon.png"
    ],
    "dmg": {
      "artifactName": "${productName}_${version}.${ext}",
      "backgroundColor": "#282c34",
      "window": {
        "x": 200,
        "y": 100,
        "width": 440,
        "height": 220
      },
      "contents": [
        {
          "x": 130,
          "y": 120
        },
        {
          "x": 360,
          "y": 120,
          "type": "link",
          "path": "/Applications"
        }
      ]
    },
    "win": {
      "artifactName": "${productName}_${arch}_${version}.${ext}",
      "target": "nsis"
    },
    "linux": {
      "artifactName": "${productName}_${version}.${ext}",
      "target": [
        "deb"
      ],
      "category": "3DGraphics"
    }
  },
  "scripts": {
    "dist": "build --publish=always",
    "win64": "build -w --ia32 --publish=always",
    "win32": "build -w --x64 --publish=always"
  },
  "devDependencies": {
    "async": "^2.4.1",
    "electron": "4.0.1",
    "electron-builder": "^20.38.4"
  }
}