{
  "name": "styleurl-extension",
  "version": "1.1.15",
  "description": "StyleURL Chrome extension",
  "private": true,
  "scripts": {
    "dev": "node scripts/dev",
    "build": "node scripts/build",
    "compress": "node scripts/compress",
    "update-readme": "node scripts/update-readme",
    "compress-keygen": "crx keygen",
    "clean": "rimraf build/ dev/ *.zip *.crx",
    "lint": "eslint app chrome test scripts webpack/*.js",
    "test-e2e": "cross-env NODE_ENV=test mocha -r ./test/setup-app test/e2e",
    "test": "cross-env NODE_ENV=test mocha -r ./test/setup-app test/app",
    "release": "yarn && yarn build && yarn compress --release && yarn update-readme"
  },
  "repository": {
    "type": "git",
    "url": "https://github.com/jarred-sumner/styleurl-extension"
  },
  "keywords": [
    "chrome",
    "extension",
    "react",
    "redux",
    "hot reload",
    "webpack",
    "boilerplate"
  ],
  "author": "Jarred Sumner <jarred@jarredsumner.com>",
  "license": "AGPL",
  "devDependencies": {
    "@babel/plugin-proposal-class-properties": "^7.0.0-beta.53",
    "babel-loader": "^8.0.0-beta",
    "babel-plugin-lodash": "^3.3.4",
    "babel-plugin-module-resolver": "^3.1.1",
    "babel-plugin-transform-remove-console": "^6.9.4",
    "chai": "^3.2.0",
    "chrome-webstore-upload": "^0.2.2",
    "chromedriver": "^2.33.2",
    "cross-env": "^3.1.3",
    "crx": "^3.0.3",
    "css-loader": "^0.25.0",
    "css-modules-require-hook": "^4.0.5",
    "css-to-string-loader": "^0.1.3",
    "eslint": "^3.9.1",
    "eslint-config-airbnb": "^12.0.0",
    "eslint-plugin-import": "^1.16.0",
    "eslint-plugin-jsx-a11y": "^2.2.3",
    "eslint-plugin-react": "^6.5.0",
    "extract-text-webpack-plugin": "^3.0.2",
    "file-loader": "^1.1.11",
    "gh-release": "^3.2.1",
    "jsdom": "^9.2.1",
    "memfs": "^2.9.4",
    "mini-css-extract-plugin": "^0.4.1",
    "minimist": "^1.2.0",
    "mocha": "^3.1.2",
    "postcss-loader": "^2.1.5",
    "pug-cli": "^1.0.0-alpha6",
    "raw-loader": "^0.5.1",
    "rimraf": "^2.4.3",
    "selenium-webdriver": "^2.47.0",
    "shelljs": "^0.7.0",
    "sinon": "^1.17.1",
    "style-loader": "^0.13.1",
    "uglifyjs-webpack-plugin": "^1.2.7",
    "url-loader": "^1.0.1",
    "webpack": "^4.15.0",
    "webpack-bundle-analyzer": "^2.13.1",
    "webpack-cli": "^3.0.8",
    "webpack-hot-middleware": "^2.10.0",
    "webpack-httpolyglot-server": "^0.3.0",
    "write-assets-webpack-plugin": "^1.0.4"
  },
  "dependencies": {
    "@babel/core": "^7.0.0-beta.52",
    "@babel/plugin-transform-runtime": "^7.0.0-beta.52",
    "@babel/preset-env": "^7.0.0-beta.52",
    "@babel/preset-react": "^7.0.0-beta.52",
    "@babel/runtime": "^7.0.0-beta.52",
    "autoprefixer": "^7.2.5",
    "bluebird": "^3.5.1",
    "chrome-ext-messenger": "^2.0.12",
    "classnames": "^2.2.6",
    "core-js": "^2.5.7",
    "cssobj-converter": "^2.3.3",
    "data-uri-to-blob": "^0.0.4",
    "diff-match-patch": "^1.0.1",
    "filenamify": "^2.1.0",
    "js-yaml": "^3.12.0",
    "jshashes": "^1.0.7",
    "lodash": "^4.17.10",
    "memoizee": "^0.4.12",
    "optimal-select": "^4.0.1",
    "postcss-cssnext": "^3.1.0",
    "postcss-import": "^11.1.0",
    "raven-js": "^3.26.3",
    "react": "^16.4.1",
    "react-copy-to-clipboard": "^5.0.1",
    "react-dock": "^0.2.4",
    "react-dom": "^16.4.1",
    "react-onclickoutside": "^6.7.1",
    "react-s3-uploader": "^4.8.0",
    "react-shadow": "^16.3.0",
    "react-syntax-highlighter": "^8.0.1",
    "redux": "^3.2.1",
    "redux-thunk": "^2.0.1",
    "reset-css": "^4.0.1",
    "sticky-js": "^1.2.0",
    "stylesheet-differ": "^0.0.21",
    "url-parse": "^1.4.1",
    "url-pattern": "^1.0.3"
  }
}