{
  "name": "op",
  "version": "10.0.0",
  "description": "",
  "author": "JasonBai",
  "private": true,
  "scripts": {
    "dev": "node build/dev-server.js",
    "build": "node build/build.js",
    "analysis": "npm run build --report",
    "copy": "cp -r ./dist/* docs"
  },
  "dependencies": {
    "axios": "^0.16.2",
    "babel-polyfill": "^6.26.0",
    "echarts": "^3.7.2",
    "element-ui": "^2.4.11",
    "font-awesome": "^4.7.0",
    "jsonp": "^0.2.1",
    "mockjs": "^1.0.1-beta3",
    "rythm.js": "^2.2.1",
    "vue": "2.5.9",
    "vue-i18n": "^7.4.0",
    "vue-particles": "^1.0.9",
    "vue-router": "2.5.3",
    "vuex": "^3.0.1"
  },
  "devDependencies": {
    "address": "^1.0.3",
    "autoprefixer": "^6.7.2",
    "babel-core": "^6.22.1",
    "babel-loader": "^6.2.10",
    "babel-plugin-transform-runtime": "^6.22.0",
    "babel-preset-env": "^1.2.1",
    "babel-preset-stage-2": "^6.22.0",
    "babel-register": "^6.22.0",
    "chalk": "^1.1.3",
    "connect-history-api-fallback": "^1.3.0",
    "copy-webpack-plugin": "^4.0.1",
    "css-loader": "^0.26.1",
    "eventsource-polyfill": "^0.9.6",
    "express": "^4.14.1",
    "extract-text-webpack-plugin": "^2.0.0",
    "file-loader": "^0.10.0",
    "friendly-errors-webpack-plugin": "^1.1.3",
    "function-bind": "^1.1.0",
    "html-webpack-plugin": "^2.28.0",
    "http-proxy-middleware": "^0.17.3",
    "node-sass": "^4.10.0",
    "opn": "^4.0.2",
    "optimize-css-assets-webpack-plugin": "^1.3.0",
    "ora": "^1.1.0",
    "rimraf": "^2.6.0",
    "sass-loader": "^7.1.0",
    "semver": "^5.3.0",
    "url-loader": "^0.5.7",
    "vue-loader": "^11.1.4",
    "vue-style-loader": "^2.0.0",
    "vue-template-compiler": "2.5.9",
    "webpack": "2.5.1",
    "webpack-bundle-analyzer": "2.8.1",
    "webpack-dev-middleware": "1.10.2",
    "webpack-hot-middleware": "2.18.0",
    "webpack-merge": "2.6.1"
  },
  "engines": {
    "node": ">= 4.0.0",
    "npm": ">= 3.0.0"
  },
  "browserslist": [
    "> 1%",
    "last 2 versions",
    "not ie <= 8"
  ]
}