{
  "name": "raddish",
  "description": "Another MVC framework.",
  "version": "2.4.23",
  "license": "MIT",
  "author": {
    "name": "Jasper van Rijbroek",
    "email": "jasper@jvar.nl",
    "url": "http://jvar.nl"
  },
  "homepage": "http://getraddish.com",
  "main": "./index.js",
  "repository": {
    "type": "git",
    "url": "https://github.com/JaspervRijbroek/raddish.git"
  },
  "scripts": {
    "test": "mocha tests/* -R spec -t 15000",
    "test-travis": "istanbul cover node_modules/mocha/bin/_mocha --report lcovonly -- --reporter spec --check-leaks -t 15000 tests/"
  },
  "dependencies": {
    "mysql": "2.10.0",
    "formidable": "1.0.17",
    "bluebird": "3.1.1",
    "mime": "1.3.4",
    "usage": "0.7.1",
    "update-notifier": "0.6.0",
    "socket.io": "1.3.7",
    "clone": "1.0.2",
    "mongodb": "2.0.52",
    "sqlite3": "3.1.1",
    "universal-query": "*"
  },
  "devDependencies": {
    "mocha": "2.3.4",
    "should": "8.0.2",
    "istanbul": "0.4.1",
    "mock-req": "0.2.0",
    "mock-res": "0.3.0"
  },
  "keywords": [
    "RAD",
    "framework",
    "promises",
    "MVC",
    "DCI",
    "fallback",
    "multidatabase",
    "streams"
  ]
}