{
  "name": "seed",
  "version": "1.0.7",
  "private": true,
  "scripts": {
    "dev": "DEBUG=seed:* browser-refresh ./bin/www",
    "start": "node ./bin/www",
    "test": "./node_modules/marko-cli/dist/bin.js test"
  },
  "dependencies": {
    "@babel/core": "^7.0.0",
    "@babel/preset-env": "^7.0.0",
    "@lasso/marko-taglib": "^1.0.10",
    "body-parser": "~1.18.2",
    "cookie-parser": "~1.4.3",
    "debug": "~2.6.9",
    "dotenv": "^6.0.0",
    "express": "~4.15.5",
    "fancy-log": "^1.3.2",
    "fetchival": "^0.3.3",
    "lasso": "^3.2.3",
    "lasso-babel-transform": "^1.0.2",
    "lasso-marko": "^2.4.4",
    "lasso-sass": "^3.0.0",
    "marko": "^4.12.4",
    "morgan": "~1.9.0",
    "node-sass-middleware": "0.9.8",
    "path": "^0.12.7",
    "reduce-reducers": "^0.4.3",
    "redux": "^4.0.0",
    "redux-thunk": "^2.3.0",
    "serve-favicon": "~2.4.5",
    "whatwg-fetch": "^2.0.4"
  },
  "devDependencies": {
    "browser-refresh-client": "^1.1.4",
    "browser-refresh-taglib": "^1.1.0",
    "chai": "^4.1.2",
    "marko-cli": "^4.0.1"
  }
}