{
  "name": "fixme",
  "description": "Scan for NOTE, OPTIMIZE, TODO, HACK, XXX, FIXME, and BUG comments within your source, and print them to stdout so you can deal with them.",
  "version": "0.5.0",
  "author": "John Postlethwait <john.postlethwait@gmail.com>",
  "website": "http://johnpostlethwait.github.io/fixme",
  "contributors": [],
  "keywords": [
    "notes",
    "hack",
    "todo",
    "fixme",
    "annotate",
    "optimize"
  ],
  "repository": {
    "type": "git",
    "url": "git://github.com/JohnPostlethwait/fixme.git"
  },
  "main": "./index.js",
  "scripts": {
    "test": "node test/annotation_test.js"
  },
  "bin": {
    "fixme": "bin/cli"
  },
  "engines": {
    "node": ">= v0.10.26"
  },
  "licenses": [
    {
      "name": "MIT",
      "url": "http://opensource.org/licenses/mit-license.php"
    }
  ],
  "dependencies": {
    "byline": "5.0.0",
    "chalk": "2.4.0",
    "event-stream": "3.3.4",
    "isbinaryfile": "3.0.2",
    "minimatch": "3.0.4",
    "minimist": "1.2.0",
    "readdirp": "2.1.0"
  },
  "devDependencies": {}
}