{
  "name": "vue-mobile-scaffold",
  "version": "1.3.0",
  "description": "this is a vue scaffold",
  "author": "Johnsen",
  "private": true,
  "scripts": {
    "dev": "node build/dev-server.js",
    "start": "node build/dev-server.js",
    "build": "node build/build.js",
    "lint": "eslint --ext .js,.vue src"
  },
  "dependencies": {
    "axios": "^0.16.2",
    "compression": "^1.7.0",
    "es6-promise": "^4.1.1",
    "express": "^4.15.3",
    "express-winston": "^2.4.0",
    "helmet": "^3.8.1",
    "http-proxy-middleware": "^0.17.4",
    "muse-ui": "^2.1.0",
    "vue": "^2.3.3",
    "vue-lazyload": "^1.1.3",
    "vue-router": "^2.6.0",
    "vue-spinner": "^1.0.2",
    "vuex": "^2.3.1",
    "winston": "^2.3.1"
  },
  "devDependencies": {
    "autoprefixer": "^7.1.2",
    "babel-core": "^6.22.1",
    "babel-eslint": "^7.1.1",
    "babel-loader": "^7.1.1",
    "babel-plugin-transform-runtime": "^6.22.0",
    "babel-preset-env": "^1.3.2",
    "babel-preset-stage-2": "^6.22.0",
    "babel-register": "^6.22.0",
    "chalk": "^2.0.1",
    "connect-history-api-fallback": "^1.3.0",
    "copy-webpack-plugin": "^4.0.1",
    "css-loader": "^0.28.0",
    "cssnano": "^3.10.0",
    "eventsource-polyfill": "^0.9.6",
    "extract-text-webpack-plugin": "^2.0.0",
    "file-loader": "^0.11.1",
    "friendly-errors-webpack-plugin": "^1.1.3",
    "html-webpack-plugin": "^2.28.0",
    "webpack-bundle-analyzer": "^2.2.1",
    "semver": "^5.3.0",
    "shelljs": "^0.7.6",
    "opn": "^5.1.0",
    "optimize-css-assets-webpack-plugin": "^2.0.0",
    "ora": "^1.2.0",
    "rimraf": "^2.6.0",
    "url-loader": "^0.5.8",
    "vue-loader": "^12.1.0",
    "vue-style-loader": "^3.0.1",
    "vue-template-compiler": "^2.3.3",
    "webpack": "^2.6.1",
    "webpack-dev-middleware": "^1.10.0",
    "webpack-hot-middleware": "^2.18.0",
    "webpack-merge": "^4.1.0"
  },
  "engines": {
    "node": ">= 4.0.0",
    "npm": ">= 3.0.0"
  },
  "browserslist": [
    "> 1%",
    "last 2 versions",
    "not ie <= 8"
  ]
}