{
  "name": "Simple-Static-React-Router",
  "version": "1.0.2",
  "description": "Minimal boilerplate and configuration for the development of static react & es6 sites with a hash based router",
  "repository": "https://github.com/Jon-Biz/simple-static-react-router",
  "scripts": {
    "webpack": "node ./node_modules/webpack/bin/webpack.js",
    "webpack-dev-server": "node ./node_modules/webpack-dev-server/bin/webpack-dev-server.js",
    "build": "npm run webpack",
    "dev": "npm run webpack-dev-server -s -- --progress --colors --port 4000 --content-base public"
  },
  "babel": {
    "presets": [
      "es2015",
      "react"
    ]
  },
  "author": "jon-biz",
  "license": "MIT",
  "dependencies": {
    "react": "^15.1.0",
    "react-dom": "^15.1.0"
  },
  "devDependencies": {
    "babel-core": "^6.7.7",
    "babel-loader": "^6.2.4",
    "babel-polyfill": "^6.7.4",
    "babel-preset-es2015": "^6.6.0",
    "babel-preset-react": "^6.5.0",
    "css-loader": "^0.23.1",
    "extract-text-webpack-plugin": "^1.0.1",
    "style-loader": "^0.13.1",
    "webpack": "^1.13.0",
    "webpack-dev-server": "^1.14.1"
  }
}