{
  "name": "semantic-git-commit-cli",
  "version": "3.1.1",
  "description": "A CLI for semantic git commits",
  "main": "dest",
  "bin": {
    "semantic-git-commit": "./dest",
    "sgc": "dest"
  },
  "scripts": {
    "pretest": "npm run lint & npm run babel",
    "test": "nyc ava -s",
    "lint": "eslint lib test",
    "babel": "babel lib -d dest",
    "prepublish": "npm run babel",
    "coveralls": "nyc report --reporter=text-lcov | coveralls",
    "prepush": "npm test"
  },
  "engines": {
    "node": ">=6.0.0"
  },
  "ava": {
    "require": [
      "@babel/register",
      "@babel/polyfill"
    ]
  },
  "repository": {
    "type": "git",
    "url": "git+https://github.com/JPeer264/node-semantic-git-commit-cli.git"
  },
  "author": "Jan Peer Stöcklmair <janpeer264@gmail.com>",
  "license": "MIT",
  "bugs": {
    "url": "https://github.com/JPeer264/node-semantic-git-commit-cli/issues"
  },
  "keywords": [
    "semantic",
    "git",
    "commits",
    "cli",
    "fast",
    "enhance",
    "workflow"
  ],
  "homepage": "https://github.com/JPeer264/node-semantic-git-commit-cli#readme",
  "devDependencies": {
    "@babel/cli": "^7.1.2",
    "@babel/core": "^7.1.2",
    "@babel/plugin-proposal-object-rest-spread": "^7.0.0",
    "@babel/polyfill": "^7.0.0",
    "@babel/preset-env": "^7.1.0",
    "@babel/register": "^7.0.0",
    "ava": "^1.0.1",
    "coveralls": "^2.12.0",
    "eslint": "^3.17.1",
    "eslint-config-airbnb-base": "^11.1.1",
    "eslint-plugin-import": "^2.2.0",
    "husky": "^0.13.2",
    "nyc": "^13.1.0",
    "proxyquire": "^2.1.0",
    "randomstring": "^1.1.5",
    "sinon": "^7.1.1"
  },
  "dependencies": {
    "chalk": "^1.1.3",
    "execa": "^0.6.1",
    "fs-extra": "^7.0.0",
    "git-commit-count": "^1.1.2",
    "inquirer": "^6.2.1",
    "is-git-added": "^1.0.1",
    "is-git-repository": "^1.0.1",
    "json-extra": "^0.5.0",
    "lodash.merge": "^4.6.0",
    "object.entries": "^1.0.4",
    "path-is-absolute": "^2.0.0",
    "temp-dir": "^1.0.0",
    "update-notifier": "^2.1.0",
    "yargs": "^7.0.2"
  }
}