{
  "name": "github-hovercard",
  "version": "1.7.3",
  "description": "Neat hovercards for GitHub.",
  "repository": {
    "type": "git",
    "url": "https://github.com/Justineo/github-hovercard.git"
  },
  "keywords": [
    "GitHub",
    "hovercard",
    "WebExtension"
  ],
  "devDependencies": {
    "cheerio": "^1.0.0-rc.2",
    "datauri": "^1.0.5",
    "del": "^2.2.2",
    "eslint": "^5.14.1",
    "gulp": "^4.0.0",
    "gulp-buble": "^0.8.0",
    "gulp-concat": "^2.6.1",
    "gulp-cssnano": "^2.1.2",
    "gulp-rename": "^1.2.2",
    "gulp-replace": "^0.5.4",
    "gulp-stylus": "^2.6.0",
    "gulp-uglify": "^1.5.4",
    "marked": "^0.3.9",
    "merge-stream": "^1.0.1",
    "octicons": "^8.4.1",
    "plist": "^2.1.0",
    "rename": "^1.0.4"
  },
  "author": "Justineo",
  "license": "MIT",
  "bugs": {
    "url": "https://github.com/Justineo/github-hovercard/issues"
  },
  "homepage": "https://justineo.github.io/github-hovercard/",
  "browserslist": "last 2 versions"
}