{
  "name": "MathFacts",
  "version": "0.0.1",
  "private": true,
  "scripts": {
    "start": "node_modules/react-native/packager/packager.sh"
  },
  "dependencies": {
    "art": "^0.10.0",
    "es6-promise": "^2.1.1",
    "events": "^1.0.2",
    "fbjs": "^0.6.1",
    "firebase": "^2.3.0",
    "flux": "^2.0.1",
    "keymirror": "~0.1.0",
    "moment": "^2.10.6",
    "object-assign": "^1.0.0",
    "promise": "^7.1.1",
    "react": "^0.14.6",
    "react-art": "^0.14.0",
    "react-dom": "^0.14.2",
    "react-native": "^0.18.0-rc",
    "react-native-code-push": "^1.5.3-beta",
    "underscore": "^1.8.3",
    "uuid": "^2.0.1"
  },
  "devDependencies": {
    "babel-core": "^6.4.0",
    "babel-eslint": "^5.0.0-beta6",
    "babel-loader": "^6.2.1",
    "babel-preset-react-native": "^1.0.0",
    "eslint": "^1.1.0",
    "http-server": "^0.8.0",
    "react-native-cli": "^0.1.4",
    "webpack": "^1.8.4",
    "webpack-dev-server": "^1.8.0"
  }
}