{
  "name": "homebridge-camera-ffmpeg",
  "version": "0.1.11",
  "description": "ffmpeg plugin for homebridge: https://github.com/nfarina/homebridge",
  "license": "ISC",
  "keywords": [
    "homebridge-plugin"
  ],
  "repository": {
    "type": "git",
    "url": "git://github.com/KhaosT/homebridge-camera-ffmpeg.git"
  },
  "bugs": {
    "url": "http://github.com/KhaosT/homebridge-camera-ffmpeg/issues"
  },
  "engines": {
    "node": ">=5.0.0",
    "homebridge": ">=0.4.5"
  },
  "dependencies": {
    "google-auth-library": "^0.10.0",
    "googleapis": "^18.0.0",
    "ip": "^1.1.3",
    "debug": "^2.2.0"
  }
}