{
  "name": "browserless",
  "description": "A puppeter-like Node.js library for interacting with Headless production scenarios.",
  "homepage": "https://browserless.js.org",
  "version": "",
  "author": {
    "email": "josefrancisco.verdu@gmail.com",
    "name": "Kiko Beats",
    "url": "https://kikobeats.com"
  },
  "contributors": [
    {
      "name": "Markus Staab",
      "email": "maggus.staab@googlemail.com"
    }
  ],
  "repository": {
    "type": "git",
    "url": "git+https://github.com/kikobeats/browserless.git"
  },
  "bugs": {
    "url": "https://github.com/Kikobeats/browserless/issues"
  },
  "keywords": [
    "browser",
    "browserless",
    "chrome",
    "chromeless",
    "headless",
    "html",
    "pdf",
    "puppeteer",
    "screenshot",
    "text"
  ],
  "devDependencies": {
    "@commitlint/cli": "latest",
    "@commitlint/config-conventional": "latest",
    "browser-sync": "latest",
    "ci-publish": "latest",
    "concurrently": "latest",
    "eachdir": "latest",
    "finepack": "latest",
    "git-authors-cli": "latest",
    "gulp": "latest",
    "gulp-autoprefixer": "latest",
    "gulp-concat": "latest",
    "gulp-cssnano": "latest",
    "gulp-strip-css-comments": "latest",
    "gulp-uglify": "latest",
    "husky": "latest",
    "lerna": "latest",
    "lint-staged": "latest",
    "npm-check-updates": "latest",
    "prettier-standard": "latest",
    "standard": "latest",
    "standard-markdown": "latest"
  },
  "engines": {
    "node": ">= 8"
  },
  "scripts": {
    "build": "gulp build",
    "clean": "rm -rf node_modules && cd packages && eachdir rm -rf node_modules",
    "coverage": "lerna exec npm run coverage",
    "dev": "concurrently \"gulp\" \"npm run dev:server\"",
    "dev:server": "browser-sync start --server --files \"index.html, README.md, static/**/*.(css|js)\"",
    "lint": "standard-markdown README.md && standard",
    "postinstall": "lerna bootstrap && lerna link --force-local",
    "postrelease": "cd packages && eachdir \"npx ci-publish\"",
    "prerelease": "npm run update:check",
    "pretest": "npm run lint",
    "preversion": "lerna exec npx finepack && git-authors-cli && finepack",
    "release": "lerna publish --sort --conventional-commits --yes -m \"chore(release): %s\"",
    "test": "lerna exec npm run test",
    "update": "ncu -a",
    "update:check": "ncu -- --error-level 2"
  },
  "private": true,
  "license": "MIT",
  "commitlint": {
    "extends": [
      "@commitlint/config-conventional"
    ]
  },
  "husky": {
    "hooks": {
      "commit-msg": "commitlint -E HUSKY_GIT_PARAMS",
      "pre-commit": "lint-staged"
    }
  },
  "lint-staged": {
    "linters": {
      "*.js": [
        "prettier-standard",
        "git add"
      ],
      "package.json": [
        "finepack",
        "git add"
      ]
    },
    "ignore": [
      "static/*.{js, css}"
    ]
  }
}