{
  "name": "BadSanta",
  "version": "1.0.0",
  "private": true,
  "description": "HTML5 Multiplayer game",
  "main": "server/server.js",
  "scripts": {
    "start": "cd server && node server.js"
  },
  "author": "Magnus Persson",
  "license": "MIT",
  "dependencies": {
    "engine.io": "^1.7.2",
    "eureca": "^0.1.423",
    "express": "^4.14.0",
    "mysql": "^2.12.0",
    "object-hash": "^1.1.4",
    "pngjs2": "^2.0.0",
    "primus": "6.0.0",
    "project-name-generator": "^2.1.3",
    "public-ip": "^2.0.1",
    "timesync": "^0.2.1"
  },
  "devDependencies": {
    "bower": "^1.7.9",
    "browserify": "^13.1.1",
    "grunt": "^1.0.1",
    "grunt-bower-concat": "^1.0.0",
    "grunt-bower-task": "^0.4.0",
    "grunt-browserify": "^5.0.0",
    "grunt-concurrent": "^2.3.1",
    "grunt-contrib-copy": "^1.0.0",
    "grunt-contrib-jshint": "^1.0.0",
    "grunt-contrib-uglify": "^2.0.0",
    "grunt-contrib-watch": "^1.0.0",
    "grunt-nodemon": "^0.4.2",
    "grunt-replace": "^1.0.1",
    "grunt-shell": "^2.1.0",
    "grunt-wiredep": "^3.0.1",
    "open": "0.0.5"
  }
}