{
  "name": "react-apollo-instagram-example",
  "version": "0.0.1",
  "private": true,
  "devDependencies": {
    "prettier-eslint-cli": "4.7.0",
    "react-scripts": "1.1.0"
  },
  "dependencies": {
    "apollo-cache-inmemory": "1.1.5",
    "apollo-client": "2.2.0",
    "apollo-link": "^1.0.7",
    "apollo-link-context": "^1.0.3",
    "apollo-link-http": "1.3.2",
    "auth0-lock": "^11.1.0",
    "graphql": "0.12.3",
    "graphql-tag": "2.6.1",
    "react": "16.2.0",
    "react-apollo": "2.0.4",
    "react-dom": "16.2.0",
    "react-modal": "3.1.11",
    "react-router-dom": "4.2.2",
    "tachyons": "4.9.1"
  },
  "scripts": {
    "start": "PORT=8000 react-scripts start",
    "build": "react-scripts build",
    "test": "react-scripts test --env=jsdom",
    "eject": "react-scripts eject",
    "prettier": "prettier-eslint --write \"src/**/*.+(js|jsx)\"",
    "prettier-dry-run": "prettier-eslint \"src/**/*.+(js|jsx)\" -l debug"
  }
}