{
  "name": "Atlas2",
  "version": "3.0.0-gamma1",
  "private": true,
  "scripts": {
    "start": "node src-server/app.js",
    "test": "echo \"tests are very outdated and has been disabled\"",
    "test-e2e": "wdio wdio.conf.js",
    "test-server": "mocha --exit tests/server/**"
  },
  "dependencies": {
    "async": "2.6.0",
    "atob": "^2.0.3",
    "auth0-lock": "11.6.1",
    "babel-polyfill": "^6.26.0",
    "blob": "0.0.4",
    "body-parser": "^1.15.2",
    "bootstrap": "^4.0.0",
    "cfenv": "~1.1.0",
    "cookie-parser": "^1.4.3",
    "express": "^4.14.0",
    "express-jwt": "^5.1.0",
    "express-jwt-authz": "^1.0.0",
    "express-session": "^1.15.1",
    "flux": "*",
    "globals": "11.4.0",
    "history": "^4.4.0",
    "jquery": "^3.3.0",
    "jsplumb": "2.6.8",
    "jwks-rsa": "^1.1.1",
    "jwt-decode": "^2.2.0",
    "key-mirror-nested": "^1.2.4",
    "keymirror": "*",
    "log4js": "2.5.3",
    "mongoose": "5.0.17",
    "morgan": "^1.7.0",
    "passport": "^0.4.0",
    "passport-google-oauth20": "^1.0.0",
    "passport-ldapauth": "^2.0.0",
    "passport-local": "^1.0.0",
    "path": "*",
    "phantom": "^4.0.0",
    "phantom-pool": "^1.2.2",
    "prop-types": "^15.6.0",
    "q": "*",
    "query-string": "^6.0.0",
    "react": "^16.2.0",
    "react-autosuggest": "^9.3.2",
    "react-bootstrap": "^0.32.1",
    "react-bootstrap-slider": "^2.0.0",
    "react-document-title": "2.0.3",
    "react-dom": "^16.2.0",
    "react-resize-detector": "^2.2.0",
    "react-router": "4.2.0",
    "react-router-bootstrap": "0.24.4",
    "react-router-dom": "4.3.0-rc.1",
    "react-stepzilla": "^4.6.3",
    "react-twitter-widgets": "^1.2.0",
    "sanitize-filename": "^1.6.1",
    "sendgrid": "5.2.3",
    "socket.io": "2.1.0",
    "socket.io-client": "2.1.4",
    "underscore": "*",
    "woopra": "1.0.2"
  },
  "devDependencies": {
    "babel-core": "^6.23.1",
    "babel-loader": "7.1.4",
    "babel-plugin-react-transform": "^3.0.0",
    "babel-preset-es2015": "^6.9.0",
    "babel-preset-react": "^6.11.1",
    "babel-preset-stage-0": "^6.5.0",
    "babel-register": "^6.26.0",
    "babel-runtime": "^6.9.2",
    "imports-loader": "^0.8.0",
    "mocha": ">=4.1.0",
    "script-loader": "^0.7.0",
    "selenium-standalone": "6.14.0",
    "should": "13.2.1",
    "supertest": "*",
    "wdio-concise-reporter": "^0.1.2",
    "wdio-dot-reporter": "0.0.9",
    "wdio-mocha-framework": "^0.5.12",
    "wdio-selenium-standalone-service": "0.0.10",
    "wdio-spec-reporter": "^0.1.2",
    "wdio-webpack-service": "^1.0.1",
    "webdriverio": "^4.10.2",
    "webpack": "4.7.0",
    "webpack-cli": "^2.0.12",
    "webpack-dev-middleware": "3.1.3"
  },
  "repository": {},
  "engines": {
    "node": "8.x",
    "npm": "3.x"
  }
}