{
  "name": "ledger-wallet",
  "version": "0.0.1",
  "private": true,
  "dependencies": {
    "node-watch": "0.3.4",
    "eco": "1.1.0-rc-3",
    "less": "1.6.*",
    "gulp": "latest",
    "gulp-less": "1.3.0",
    "gulp-eco": "0.0.2",
    "gulp-coffee": "2.2.0",
    "gulp-yaml": "0.2.2",
    "gulp-minify": "0.0.3",
    "gulp-minify-css": "0.3.11",
    "gulp-uglify": "1.0.1",
    "gulp-sourcemaps": "1.2.4",
    "gulp-changed": "1.0.0",
    "gulp-ext-replace": "0.2.0",
    "gulp-git": "2.0.0",
    "coffee-script": "1.8.0",
    "del": "0.1.3",
    "gulp-plumber": "0.6.6",
    "through2": "1.1.1",
    "codo": "2.0.9",
    "glob": "4.3.1",
    "q": "1.1.2",
    "archiver": "1.0.0",
    "yargs": "4.2.0",
    "gulp-rename": "1.2.0",
    "crx": "3.0.3",
    "node-rsa": "0.2.13",
    "gulp-concat": "^2.5.2",
    "gulp-tap": "^0.1.3",
    "underscore": "^1.8.2",
    "underscore.string": "^3.0.3",
    "rimraf": "2.5.2",
    "gulp-util": "3.0.7",
    "gulp-cached": "1.1.0",
    "gulp-slash": "1.1.3",
    "js-yaml": "3.6.1"
  }
}