{
  "name": "ledgerlivemobile",
  "version": "1.1.11",
  "private": true,
  "rnpm": {
    "assets": [
      "./assets/fonts/"
    ]
  },
  "scripts": {
    "postinstall": "./scripts/post.sh",
    "start": "react-native start",
    "android": "react-native run-android",
    "android:staging": "cd android && ./gradlew assembleStagingRelease",
    "android:release": "./scripts/android-release.sh",
    "ios": "react-native run-ios",
    "ios:staging": "ENVFILE=.env.staging react-native run-ios --configuration Release",
    "staging-android": "yarn android:staging && ADB=$ANDROID_HOME/platform-tools/adb && $ADB install -r android/app/build/outputs/apk/stagingRelease/app-stagingRelease.apk && $ADB shell monkey -p com.ledger.live.staging 1",
    "prettier": "prettier --write \"src/**/*.js\"",
    "lint": "eslint src",
    "flow": "flow",
    "test": "yarn check --integrity && ./scripts/check-no-dups.sh && yarn lint && yarn flow && prettier -l src/**/*.js",
    "sync-flowtyped": "flow-typed install -s -o && rm flow-typed/npm/axios_*",
    "sync-locales": "./scripts/sync-locales.sh",
    "debugSVG": "sh scripts/debugsvg.sh | node_modules/.bin/prettier --parser flow > src/screens/DebugSVG.js"
  },
  "jest": {
    "preset": "react-native",
    "transformIgnorePatterns": [
      "node_modules/(?!react-navigation)/"
    ],
    "transform": {
      "^.+\\.js$": "<rootDir>/node_modules/react-native/jest/preprocessor.js"
    }
  },
  "dependencies": {
    "@ledgerhq/errors": "4.41.1",
    "@ledgerhq/hw-app-btc": "4.41.1",
    "@ledgerhq/hw-app-eth": "4.41.1",
    "@ledgerhq/hw-app-xrp": "4.41.1",
    "@ledgerhq/hw-transport": "4.41.1",
    "@ledgerhq/hw-transport-http": "4.41.1",
    "@ledgerhq/live-common": "4.21.0",
    "@ledgerhq/react-native-hid": "4.42.0",
    "@ledgerhq/react-native-hw-transport-ble": "4.42.1",
    "@ledgerhq/react-native-ledger-core": "^0.3.45",
    "@ledgerhq/react-native-passcode-auth": "^2.0.0",
    "@segment/analytics-ios": "github:LedgerHQ/analytics-ios#efb4cd1771dab568422473fd680ffb748b102f07",
    "@segment/analytics-react-native": "^0.0.1-beta.2",
    "@tradle/react-native-http": "^2.0.0",
    "assert": "^1.4.1",
    "async": "^2.6.1",
    "axios": "^0.18.0",
    "bignumber.js": "^7.2.1",
    "browserify-zlib": "~0.1.4",
    "buffer": "5.2.0",
    "color": "^3.0.0",
    "console-browserify": "^1.1.0",
    "constants-browserify": "^1.0.0",
    "d3-array": "^1.2.4",
    "d3-scale": "^2.1.2",
    "d3-shape": "^1.2.2",
    "date-fns": "^1.29.0",
    "dns.js": "^1.0.1",
    "domain-browser": "^1.1.1",
    "eip55": "^1.0.3",
    "events": "^1.0.0",
    "fuse.js": "^3.2.1",
    "hoist-non-react-statics": "3.0.1",
    "https-browserify": "~0.0.0",
    "i18next": "11.5.0",
    "invariant": "2.2.4",
    "jsc-android": "^236355.1.1",
    "lodash": "4.17.10",
    "lottie-react-native": "^2.5.11",
    "lru-cache": "^4.1.3",
    "numeral": "2.0.6",
    "path-browserify": "0.0.0",
    "prando": "^3.0.3",
    "process": "^0.11.0",
    "qrloop": "^0.8.1",
    "querystring": "^0.2.0",
    "querystring-es3": "~0.2.0",
    "re-reselect": "^2.1.0",
    "react": "16.6.3",
    "react-i18next": "8",
    "react-native": "0.57.8",
    "react-native-android-location-services-dialog-box": "^2.7.0",
    "react-native-ble-plx": "^1.0.2",
    "react-native-camera": "1.9.2",
    "react-native-config": "0.11.5",
    "react-native-crypto": "^2.1.2",
    "react-native-easy-markdown": "^1.2.0",
    "react-native-extra-dimensions-android": "^1.2.1",
    "react-native-gesture-handler": "^1.0.15",
    "react-native-keychain": "^3.0.0",
    "react-native-level-fs": "^3.0.0",
    "react-native-locale": "0.0.19",
    "react-native-modal": "^7.0.1",
    "react-native-open-settings": "^1.0.1",
    "react-native-os": "^1.0.1",
    "react-native-progress": "^3.5.0",
    "react-native-qrcode-svg": "5.1.0",
    "react-native-randombytes": "^3.5.1",
    "react-native-screens": "^1.0.0-alpha.17",
    "react-native-sentry": "0.39.0",
    "react-native-simple-store": "1.3.0",
    "react-native-splash-screen": "3.1.1",
    "react-native-svg": "^9.2.3",
    "react-native-tcp": "^3.2.1",
    "react-native-touch-id": "4.0.4",
    "react-native-udp": "^2.1.0",
    "react-native-vector-icons": "^5.0.0",
    "react-native-version-number": "^0.3.4",
    "react-navigation": "^3.1.2",
    "react-navigation-tabs": "0.8.4",
    "react-redux": "5.0.7",
    "readable-stream": "1.0.33",
    "redux": "4.0.0",
    "redux-actions": "2.6.1",
    "redux-thunk": "2.3.0",
    "reselect": "3.0.1",
    "rn-snoopy": "^2.0.2",
    "rxjs": "6.2.2",
    "rxjs-compat": "^6.3.1",
    "stream-browserify": "^1.0.0",
    "string_decoder": "~0.10.25",
    "timers-browserify": "^1.0.1",
    "tty-browserify": "0.0.0",
    "url": "^0.11.0",
    "uuid": "^3.3.2",
    "vm-browserify": "0.0.4"
  },
  "devDependencies": {
    "babel-eslint": "^8.2.2",
    "eslint": "^5.5.0",
    "eslint-config-airbnb": "^17.1.0",
    "eslint-config-prettier": "^3.0.1",
    "eslint-plugin-flowtype": "^2.50.0",
    "eslint-plugin-import": "^2.10.0",
    "eslint-plugin-jsx-a11y": "^6.1.1",
    "eslint-plugin-react": "^7.11.1",
    "flow-bin": "0.78.0",
    "flow-typed": "^2.5.1",
    "jest": "^22.4.3",
    "jest-react-native": "^18.0.0",
    "metro-react-native-babel-preset": "^0.45.1",
    "prettier": "^1.11.1",
    "react-native-debugger-open": "^0.3.17",
    "react-test-renderer": "16.6.3",
    "rn-nodeify": "tradle/rn-nodeify",
    "yarn-deduplicate": "^1.1.0"
  },
  "react-native": {
    "zlib": "browserify-zlib",
    "console": "console-browserify",
    "constants": "constants-browserify",
    "crypto": "react-native-crypto",
    "dns": "dns.js",
    "net": "react-native-tcp",
    "domain": "domain-browser",
    "http": "@tradle/react-native-http",
    "https": "https-browserify",
    "os": "react-native-os",
    "path": "path-browserify",
    "querystring": "querystring-es3",
    "fs": "react-native-level-fs",
    "_stream_transform": "readable-stream/transform",
    "_stream_readable": "readable-stream/readable",
    "_stream_writable": "readable-stream/writable",
    "_stream_duplex": "readable-stream/duplex",
    "_stream_passthrough": "readable-stream/passthrough",
    "dgram": "react-native-udp",
    "stream": "stream-browserify",
    "timers": "timers-browserify",
    "tty": "tty-browserify",
    "vm": "vm-browserify",
    "tls": false
  },
  "browser": {
    "zlib": "browserify-zlib",
    "console": "console-browserify",
    "constants": "constants-browserify",
    "crypto": "react-native-crypto",
    "dns": "dns.js",
    "net": "react-native-tcp",
    "domain": "domain-browser",
    "http": "@tradle/react-native-http",
    "https": "https-browserify",
    "os": "react-native-os",
    "path": "path-browserify",
    "querystring": "querystring-es3",
    "fs": "react-native-level-fs",
    "_stream_transform": "readable-stream/transform",
    "_stream_readable": "readable-stream/readable",
    "_stream_writable": "readable-stream/writable",
    "_stream_duplex": "readable-stream/duplex",
    "_stream_passthrough": "readable-stream/passthrough",
    "dgram": "react-native-udp",
    "stream": "stream-browserify",
    "timers": "timers-browserify",
    "tty": "tty-browserify",
    "vm": "vm-browserify",
    "tls": false
  }
}