{
  "private": true,
  "name": "ledger-libs",
  "version": "0.0.0",
  "workspaces": [
    "packages/*"
  ],
  "scripts": {
    "preinstall": "node -e \"if (process.env.npm_execpath.indexOf('yarn') === -1) { console.log('\u001b[31mPlease use yarn\u001b[0m'); process.exit(1); }\"",
    "postinstall": "flow-mono create-symlinks packages/hw-transport/.flowconfig && flow-mono install-types --overwrite --ignoreDeps=peer || echo 'failed to setup flow-typed'",
    "test": "yarn run build && lerna run test && yarn run lint && yarn run prettier-diff && yarn run doc",
    "test-no-git-diff": "git diff --exit-code || exit 1",
    "test-node": "cd packages/test && yarn run test-node",
    "test-browser": "cd packages/test && yarn run test-browser",
    "prettier": "prettier --write 'packages/*/src/**/*.js'",
    "prettier-diff": "prettier --list-different 'packages/*/src/**/*.js'",
    "doc": "lerna run doc",
    "lint": "eslint packages/**/src",
    "flow": "lerna --ignore @ledgerhq/test --concurrency 1 run flow",
    "build": "BABEL_ENV=production && lerna run build",
    "watch": "lerna run --parallel watch",
    "clean": "rm -rf node_modules packages/*/node_modules/ packages/*/flow-typed/ packages/*/lib flow-typed",
    "rebuild": "lerna run clean && lerna run build",
    "publish": "yarn && lerna run clean && lerna run build && lerna publish --registry=https://registry.npmjs.org/"
  },
  "devDependencies": {
    "babel-cli": "^6.26.0",
    "babel-eslint": "^8.0.2",
    "babel-preset-env": "^1.7.0",
    "babel-preset-flow": "^6.23.0",
    "babel-preset-react": "^6.24.1",
    "babel-preset-stage-0": "^6.24.1",
    "browserify": "^16.2.3",
    "create-hash": "^1.1.3",
    "documentation": "^9.1.1",
    "eslint": "^5.13.0",
    "eslint-config-prettier": "^4.0.0",
    "eslint-plugin-flowtype": "^3.2.1",
    "eslint-plugin-react": "^7.12.4",
    "flow-bin": "^0.92.1",
    "flow-copy-source": "^2.0.2",
    "flow-mono-cli": "^1.4.3",
    "flow-typed": "^2.5.1",
    "lerna": "3.11.0",
    "prettier": "^1.16.4",
    "uglify-js": "^3.4.9"
  }
}