{
  "name": "ledger-live-desktop",
  "productName": "Ledger Live",
  "description": "Ledger Live - Desktop",
  "repository": "https://github.com/LedgerHQ/ledger-live-desktop",
  "version": "1.5.0",
  "author": "Ledger",
  "license": "MIT",
  "scripts": {
    "postinstall": "bash ./scripts/postinstall.sh",
    "start": "bash ./scripts/start.sh",
    "release": "bash ./scripts/release.sh",
    "dist": "bash ./scripts/dist.sh",
    "dist:dir": "bash ./scripts/dist-dir.sh",
    "compile": "bash ./scripts/compile.sh",
    "cli": "bash ./scripts/cli/cli.sh",
    "lint": "eslint src webpack .storybook test-e2e",
    "flow": "flow",
    "test": "jest src",
    "test-e2e": "jest test-e2e",
    "test-sync": "bash test-e2e/sync/launch.sh",
    "prettier": "prettier --write \"{src,webpack,.storybook,test-e2e}/**/*.{js,json}\"",
    "ci": "yarn check --integrity && ./scripts/check-no-dups.sh && yarn lint && yarn flow && yarn prettier && yarn test",
    "storybook": "NODE_ENV=development STORYBOOK_ENV=1 start-storybook -s ./static -p 4444",
    "publish-storybook": "bash ./scripts/legacy/publish-storybook.sh",
    "reset-files": "bash ./scripts/legacy/reset-files.sh"
  },
  "electronWebpack": {
    "title": true,
    "renderer": {
      "webpackConfig": "./webpack/renderer.config.js"
    },
    "main": {
      "webpackConfig": "./webpack/main.config.js"
    }
  },
  "dependencies": {
    "@ledgerhq/devices": "^4.39.0",
    "@ledgerhq/errors": "^4.39.0",
    "@ledgerhq/hw-app-btc": "^4.39.0",
    "@ledgerhq/hw-app-eth": "^4.39.0",
    "@ledgerhq/hw-app-xrp": "^4.39.0",
    "@ledgerhq/hw-transport": "^4.39.0",
    "@ledgerhq/hw-transport-node-hid": "^4.40.0",
    "@ledgerhq/ledger-core": "2.1.0",
    "@ledgerhq/live-common": "4.21.0",
    "animated": "^0.2.2",
    "async": "^2.6.1",
    "axios": "^0.18.0",
    "babel-runtime": "^6.26.0",
    "bignumber.js": "^7.2.1",
    "bitcoinjs-lib": "^3.3.2",
    "bs58": "^4.0.1",
    "color": "^3.0.0",
    "cross-env": "^5.2.0",
    "d3": "^5.1.0",
    "debug": "^3.1.0",
    "downshift": "^1.31.16",
    "eip55": "^1.0.3",
    "electron-context-menu": "^0.10.0",
    "electron-store": "^1.3.0",
    "electron-updater": "^2.21.8",
    "ethereumjs-tx": "^1.3.4",
    "fuse.js": "^3.2.1",
    "history": "^4.7.2",
    "i18next": "^11.2.2",
    "i18next-node-fs-backend": "^1.0.0",
    "invariant": "^2.2.4",
    "ip": "^1.1.5",
    "jsqr": "^1.1.1",
    "lodash": "^4.17.5",
    "lru-cache": "^4.1.3",
    "measure-scrollbar": "^1.1.0",
    "moment": "^2.22.2",
    "openpgp": "^4.2.1",
    "qrcode": "^1.2.0",
    "qrloop": "0.8.1",
    "qs": "^6.5.1",
    "raven": "^2.5.0",
    "raven-js": "^3.24.2",
    "react": "^16.6.3",
    "react-dom": "^16.6.3",
    "react-i18next": "^7.7.0",
    "react-key-handler": "^1.0.1",
    "react-markdown": "^3.3.2",
    "react-mortal": "^3.2.0",
    "react-motion": "^0.5.2",
    "react-redux": "^5.0.7",
    "react-router": "^4.3.1",
    "react-router-dom": "^4.3.1",
    "react-router-redux": "5.0.0-alpha.9",
    "react-select": "2.0.0-beta.6",
    "react-spring": "^5.3.15",
    "redux": "^4.0.0",
    "redux-actions": "^2.4.0",
    "redux-thunk": "^2.3.0",
    "reselect": "^3.0.1",
    "rimraf": "^2.6.2",
    "ripple-binary-codec": "^0.1.13",
    "ripple-bs58check": "^2.0.2",
    "ripple-hashes": "^0.3.1",
    "ripple-lib": "^1.0.0-beta.0",
    "rxjs": "^6.2.1",
    "rxjs-compat": "^6.2.1",
    "secp256k1": "3.3.1",
    "semver": "^5.5.0",
    "smoothscroll-polyfill": "^0.4.3",
    "source-map": "0.7.3",
    "source-map-support": "^0.5.4",
    "styled-components": "^3.3.2",
    "styled-system": "^2.2.9",
    "tippy.js": "^2.5.2",
    "uncontrollable": "^6.0.0",
    "uuid": "^3.2.1",
    "winston": "^3.0.0",
    "winston-transport": "^4.2.0",
    "write-file-atomic": "^2.3.0",
    "ws": "^6.1.3",
    "zxcvbn": "^4.4.2"
  },
  "devDependencies": {
    "@babel/core": "7.1.2",
    "@babel/plugin-proposal-class-properties": "7.1.0",
    "@babel/plugin-proposal-decorators": "7.1.2",
    "@babel/plugin-proposal-do-expressions": "7.0.0",
    "@babel/plugin-proposal-export-default-from": "7.0.0",
    "@babel/plugin-proposal-export-namespace-from": "7.0.0",
    "@babel/plugin-proposal-function-bind": "7.0.0",
    "@babel/plugin-proposal-function-sent": "7.1.0",
    "@babel/plugin-proposal-json-strings": "7.0.0",
    "@babel/plugin-proposal-logical-assignment-operators": "7.0.0",
    "@babel/plugin-proposal-nullish-coalescing-operator": "7.0.0",
    "@babel/plugin-proposal-numeric-separator": "7.0.0",
    "@babel/plugin-proposal-optional-chaining": "7.0.0",
    "@babel/plugin-proposal-pipeline-operator": "7.0.0",
    "@babel/plugin-proposal-throw-expressions": "7.0.0",
    "@babel/plugin-syntax-dynamic-import": "7.0.0",
    "@babel/plugin-syntax-import-meta": "7.0.0",
    "@babel/polyfill": "7.0.0",
    "@babel/preset-env": "7.1.0",
    "@babel/preset-flow": "7.0.0",
    "@babel/preset-react": "7.0.0",
    "@babel/register": "7.0.0",
    "@octokit/rest": "^15.10.0",
    "@storybook/addon-actions": "^3.4.7",
    "@storybook/addon-knobs": "^3.4.7",
    "@storybook/addon-links": "^3.4.7",
    "@storybook/addon-options": "^3.4.7",
    "@storybook/addons": "^3.4.7",
    "@storybook/react": "^3.4.7",
    "babel-core": "7.0.0-bridge.0",
    "babel-eslint": "^8.2.3",
    "babel-jest": "^22.4.3",
    "babel-loader": "^8.0.0-beta.2",
    "babel-plugin-module-resolver": "^3.1.1",
    "babel-plugin-styled-components": "^1.5.0",
    "chalk": "^2.4.0",
    "chance": "^1.0.13",
    "concurrently": "3.5.1",
    "dotenv": "^5.0.1",
    "electron": "1.8.8",
    "electron-builder": "20.14.7",
    "electron-devtools-installer": "^2.2.3",
    "electron-rebuild": "^1.7.3",
    "electron-webpack": "^2.1.0",
    "eslint": "^4.19.1",
    "eslint-config-airbnb": "^16.1.0",
    "eslint-config-prettier": "^2.9.0",
    "eslint-import-resolver-babel-module": "^5.0.0-beta.0",
    "eslint-plugin-flowtype": "^2.46.2",
    "eslint-plugin-import": "^2.11.0",
    "eslint-plugin-jsx-a11y": "^6.0.3",
    "eslint-plugin-react": "^7.7.0",
    "flow-bin": "^0.74.0",
    "flow-typed": "^2.4.0",
    "hard-source-webpack-plugin": "^0.6.0",
    "husky": "^0.14.3",
    "inquirer": "^6.0.0",
    "jest": "^22.4.3",
    "js-yaml": "^3.10.0",
    "node-loader": "^0.6.0",
    "prettier": "^1.13.5",
    "react-hot-loader": "^4.3.2",
    "react-test-renderer": "^16.4.1",
    "spectron": "^3.8.0",
    "webpack": "^4.6.0",
    "webpack-bundle-analyzer": "^2.11.1",
    "webpack-cli": "^2.0.14",
    "yaml-loader": "^0.5.0",
    "yarn-deduplicate": "^1.1.1"
  },
  "engines": {
    "node": ">=8.9.0 <=8.15.0",
    "yarn": "^1.10.1"
  },
  "private": true
}