{
  "name": "gatsby-starter-portfolio-emma",
  "description": "Full-width grid-layout with large images and a light theme. Animations & Page transitions. MDX.",
  "version": "3.0.0",
  "private": true,
  "author": "LekoArts <hello@lekoarts.de> (https://www.lekoarts.de)",
  "scripts": {
    "develop": "gatsby develop",
    "dev": "gatsby develop -o",
    "build": "gatsby build",
    "serve": "gatsby serve",
    "lint": "eslint . --ext .js,.jsx --ignore-path .gitignore",
    "lint:fix": "eslint . --ext .js,.jsx --fix --ignore-path .gitignore",
    "format": "prettier \"**/*.{md,mdx} \" --write",
    "lint:ci": "yarn lint --format junit -o results/eslint/result.xml",
    "cy:open": "cypress open",
    "cy:run": "cypress run --browser chrome",
    "cy:run:ci": "cypress run --browser chrome --reporter junit --reporter-options 'mochaFile=results/cypress/result.xml'",
    "test:e2e:dev": "start-server-and-test dev http://localhost:8000 cy:open",
    "test:e2e:run": "start-server-and-test develop http://localhost:8000 cy:run",
    "test:e2e:ci": "start-server-and-test develop http://localhost:8000 cy:run:ci"
  },
  "dependencies": {
    "@mdx-js/mdx": "^0.17.5",
    "@mdx-js/tag": "^0.17.5",
    "babel-plugin-styled-components": "^1.10.0",
    "gatsby": "^2.1.18",
    "gatsby-image": "^2.0.30",
    "gatsby-mdx": "^0.4.0",
    "gatsby-plugin-catch-links": "^2.0.11",
    "gatsby-plugin-google-analytics": "^2.0.14",
    "gatsby-plugin-lodash": "^3.0.4",
    "gatsby-plugin-manifest": "^2.0.19",
    "gatsby-plugin-netlify": "^2.0.11",
    "gatsby-plugin-offline": "^2.0.24",
    "gatsby-plugin-react-helmet": "^3.0.7",
    "gatsby-plugin-sharp": "^2.0.22",
    "gatsby-plugin-sitemap": "^2.0.6",
    "gatsby-plugin-styled-components": "^3.0.6",
    "gatsby-remark-external-links": "^0.0.4",
    "gatsby-remark-images": "^3.0.5",
    "gatsby-remark-responsive-iframe": "^2.0.9",
    "gatsby-source-filesystem": "^2.0.23",
    "gatsby-transformer-sharp": "^2.1.14",
    "lodash": "^4.17.11",
    "polished": "^3.0.0",
    "prop-types": "^15.7.2",
    "react": "^16.8.3",
    "react-dom": "^16.8.3",
    "react-helmet": "^5.2.0",
    "react-icons": "^3.4.0",
    "react-spring": "^8.0.7",
    "styled-components": "^4.1.3",
    "styled-theming": "^2.2.0",
    "typeface-merriweather": "^0.0.54",
    "typeface-roboto": "^0.0.54"
  },
  "keywords": [
    "gatsby",
    "gatsby-starter",
    "gatsby-starter-portfolio",
    "lekoarts"
  ],
  "repository": {
    "url": "https://github.com/LekoArts/gatsby-starter-portfolio-emma",
    "type": "git"
  },
  "bugs": {
    "url": "https://github.com/LekoArts/gatsby-starter-portfolio-emma/issues"
  },
  "homepage": "https://emma.lekoarts.de",
  "license": "MIT",
  "main": "n/a",
  "devDependencies": {
    "babel-eslint": "^10.0.1",
    "cypress": "^3.1.5",
    "cypress-testing-library": "^2.3.6",
    "eslint": "^5.14.1",
    "eslint-config-airbnb": "^17.1.0",
    "eslint-config-prettier": "^4.1.0",
    "eslint-plugin-import": "^2.16.0",
    "eslint-plugin-jsx-a11y": "^6.2.1",
    "eslint-plugin-prettier": "^3.0.1",
    "eslint-plugin-react": "^7.12.4",
    "prettier": "^1.16.4",
    "start-server-and-test": "^1.7.11"
  }
}