{
  "name": "react-iTunes-search",
  "version": "2.2.2",
  "description": "simple web app for iTunes Search implemented by React",
  "keywords": [
    "react",
    "iTunes",
    "search",
    "apple",
    "babel",
    "ES6"
  ],
  "repository": {
    "type": "git",
    "url": "git@github.com:LeoAJ/react-facebook-friends.git"
  },
  "author": "Leo Hsieh <leo0924@gmail.com> (http://leoj.js.org)",
  "license": "MIT",
  "scripts": {
    "coverage": "jest --coverage",
    "jest:watch": "jest --watch",
    "test": "yarn lint && yarn flow && yarn jest",
    "jest:update": "jest --u test/unit",
    "jest": "jest test/unit",
    "flow": "flow",
    "clean": "rimraf dist/",
    "build": "webpack --config ./webpack/webpack.config.babel.js --progress --colors --define process.env.NODE_ENV='\"production\"'",
    "dev": "webpack-dev-server --config ./webpack/webpack.config.dev.js",
    "deploy": "yarn clean && yarn build",
    "lint": "eslint src/** webpack/** test/**",
    "start": "yarn dev"
  },
  "dependencies": {
    "autoprefixer": "^7.1.6",
    "babel-polyfill": "^6.26.0",
    "classnames": "^2.2.3",
    "fecha": "^2.2.0",
    "react": "^16.0.0",
    "react-dom": "^16.0.0",
    "react-hot-loader": "^3.0.0-beta.6"
  },
  "devDependencies": {
    "babel-core": "^6.7.2",
    "babel-eslint": "^8.0.1",
    "babel-jest": "^21.2.0",
    "babel-loader": "^7.0.0",
    "babel-preset-env": "^1.6.0",
    "babel-preset-react": "^6.5.0",
    "babel-preset-stage-0": "^6.5.0",
    "css-loader": "^0.28.1",
    "enzyme": "^3.1.0",
    "enzyme-adapter-react-16": "^1.0.2",
    "enzyme-to-json": "^3.1.4",
    "eslint": "^4.8.0",
    "eslint-config-airbnb": "^16.0.0",
    "eslint-plugin-import": "^2.7.0",
    "eslint-plugin-jsx-a11y": "^6.0.2",
    "eslint-plugin-react": "^7.4.0",
    "file-loader": "^1.1.4",
    "flow-bin": "^0.59.0",
    "identity-obj-proxy": "^3.0.0",
    "imports-loader": "^0.7.0",
    "jest": "^21.2.1",
    "postcss-loader": "^2.0.3",
    "prettier": "^1.3.1",
    "raf": "^3.4.0",
    "rimraf": "^2.5.0",
    "style-loader": "^0.19.0",
    "url-loader": "^0.6.2",
    "webpack": "^3.6.0",
    "webpack-dev-server": "^2.4.2"
  },
  "jest": {
    "setupFiles": [
      "raf/polyfill",
      "./test/unit/jest-setup.js"
    ],
    "collectCoverageFrom": [
      "src/**.js",
      "!src/index.js",
      "!src/type.js"
    ],
    "snapshotSerializers": [
      "enzyme-to-json/serializer"
    ],
    "moduleNameMapper": {
      "\\.(css)$": "identity-obj-proxy"
    },
    "testPathIgnorePatterns": [
      "<rootDir>/node_modules/"
    ]
  }
}