{
  "name": "level-awesome",
  "version": "0.0.1",
  "description": "Tooling to update the README for level/awesome",
  "private": true,
  "license": "MIT",
  "scripts": {
    "test": "standard && npm run dependency-check",
    "awesome": "node src README.md modules/* && hallmark --fix CONTRIBUTORS.md LICENSE.md",
    "dependency-check": "dependency-check . src/*.js"
  },
  "dependencies": {},
  "devDependencies": {
    "dependency-check": "^3.3.0",
    "glob": "^7.1.2",
    "hallmark": "~0.1.0",
    "intersperse": "^1.0.0",
    "level-community": "^3.0.0",
    "map-limit": "0.0.1",
    "mdast-util-heading-range": "^2.1.0",
    "packument": "^1.0.0",
    "packument-package": "^1.0.0",
    "remark": "^10.0.1",
    "remark-collapse": "~0.1.2",
    "remark-github": "^7.0.3",
    "remark-stringify": "^6.0.4",
    "remark-toc": "^5.1.1",
    "semver": "^5.6.0",
    "sentence-case": "^2.1.1",
    "standard": "^12.0.1",
    "thunky-with-args": "^1.0.0",
    "to-vfile": "^5.0.2",
    "unist-builder": "^1.0.2",
    "unist-util-visit": "^1.4.0",
    "vfile-reporter": "^5.1.1"
  },
  "hallmark": {
    "community": "level-community"
  },
  "repository": {
    "type": "git",
    "url": "https://github.com/Level/awesome.git"
  },
  "homepage": "https://github.com/Level/awesome",
  "keywords": [
    "awesome",
    "level"
  ],
  "engines": {
    "node": ">=8"
  }
}