{
  "author": "Brandon Paton <brandon@localizejs.com>",
  "name": "google-translate",
  "description": "Google Translate API for Node.js",
  "version": "2.2.0",
  "homepage": "https://github.com/Localize/node-google-translate",
  "repository": {
    "type": "git",
    "url": "git://github.com/Localize/node-google-translate"
  },
  "contributors": [
    {
      "name": "Brandon Paton",
      "email": "brandon@localizejs.com"
    }
  ],
  "keywords": [
    "translate",
    "google translate",
    "translations"
  ],
  "main": "lib/main.js",
  "dependencies": {
    "async": "2.6.1",
    "he": "1.1.1",
    "request": "2.87.0",
    "underscore": "1.9.1"
  },
  "devDependencies": {},
  "license": "MIT",
  "engines": {
    "node": ">=0.6"
  }
}