{
  "name": "Isomorphism-react-todomvc",
  "version": "0.0.1",
  "private": true,
  "main": "app.js",
  "scripts": {
    "start": "./node_modules/.bin/babel-node ./bin/www",
    "build": "./node_modules/.bin/webpack"
  },
  "dependencies": {
    "babel": "^5.6.14",
    "babel-core": "^5.5.8",
    "babel-loader": "^5.1.4",
    "babel-runtime": "^5.5.8",
    "body-parser": "~1.12.0",
    "classnames": "^2.1.3",
    "cookie-parser": "~1.3.4",
    "debug": "~2.1.1",
    "express": "^4.12.3",
    "hbs": "~2.9.0",
    "morgan": "~1.5.1",
    "node-libs-browser": "^0.5.2",
    "react": "^0.14.2",
    "react-addons-shallow-compare": "^0.14.3",
    "react-dom": "^0.14.2",
    "react-props": "0.0.3",
    "redux": "^1.0.1",
    "redux-logger": "^1.0.3",
    "serve-favicon": "~2.2.0",
    "socket.io": "^1.3.5",
    "webpack": "^1.9.11",
    "whatwg-fetch": "^0.9.0"
  }
}