{
  "name": "flappy-bird",
  "version": "1.0.0",
  "private": true,
  "homepage": "/flappy-bird",
  "devDependencies": {
    "gulp": "^3.9.1",
    "gulp-gh-pages": "^0.5.4",
    "react-scripts": "0.2.1"
  },
  "dependencies": {
    "classnames": "^2.2.5",
    "fastclick": "^1.0.6",
    "react": "^15.2.1",
    "react-dom": "^15.2.1",
    "relite": "^1.0.0"
  },
  "scripts": {
    "start": "react-scripts start",
    "build": "react-scripts build",
    "eject": "react-scripts eject",
    "deploy": "npm run build && gulp deploy"
  },
  "eslintConfig": {
    "extends": "./node_modules/react-scripts/config/eslint.js"
  }
}