{
  "name": "kov-blog",
  "version": "1.2.0",
  "description": "a blog with vue.js koa mongo",
  "author": "liucan",
  "private": true,
  "scripts": {
    "dev-client": "node client/build/dev-server.js",
    "build-client": "node client/build/build.js",
    "dev-admin": "node admin/build/dev-server.js",
    "build-admin": "node admin/build/build.js",
    "test": "",
    "dev-server": "cross-env NODE_ENV=development DEBUG=kov-blog supervisor --harmony server/index.js"
  },
  "dependencies": {
    "assert": "^1.4.1",
    "babel-runtime": "^6.0.0",
    "co": "^4.6.0",
    "cross-env": "^4.0.0",
    "debug": "^2.2.0",
    "font-awesome": "^4.6.3",
    "highlight.js": "^9.6.0",
    "jsonwebtoken": "^7.1.9",
    "koa": "^1.2.1",
    "koa-bodyparser": "^2.2.0",
    "koa-cors": "0.0.16",
    "koa-favicon": "^1.2.1",
    "koa-onerror": "^2.0.0",
    "koa-router": "^5.4.0",
    "koa-static": "^2.0.0",
    "lodash": "^4.14.1",
    "marked": "^0.3.6",
    "md5": "^2.2.1",
    "mini-logger": "^1.1.1",
    "mongoose": "^4.5.8",
    "path": "^0.12.7",
    "simplemde": "^1.11.2",
    "stylus": "^0.54.5",
    "stylus-loader": "^2.3.1",
    "validator": "^5.5.0",
    "vue": "^1.0.21",
    "vue-msgbox": "^0.2.11",
    "vue-router": "^0.7.13",
    "vuex": "^1.0.0-rc.2",
    "whatwg-fetch": "^1.0.0"
  },
  "devDependencies": {
    "babel-core": "^6.0.0",
    "babel-loader": "^6.0.0",
    "babel-plugin-transform-runtime": "^6.0.0",
    "babel-preset-es2015": "^6.0.0",
    "babel-preset-stage-2": "^6.0.0",
    "babel-register": "^6.9.0",
    "connect-history-api-fallback": "^1.1.0",
    "css-loader": "^0.23.0",
    "eventsource-polyfill": "^0.9.6",
    "exports-loader": "^0.6.3",
    "express": "^4.13.3",
    "extract-text-webpack-plugin": "^1.0.1",
    "file-loader": "^0.8.4",
    "function-bind": "^1.0.2",
    "html-webpack-plugin": "^2.8.1",
    "http-proxy-middleware": "^0.12.0",
    "imports-loader": "^0.6.5",
    "json-loader": "^0.5.4",
    "ora": "^0.2.0",
    "pm2": "^2.0.15",
    "shelljs": "^0.6.0",
    "supervisor": "^0.11.0",
    "url-loader": "^0.5.7",
    "vue-hot-reload-api": "^1.2.0",
    "vue-html-loader": "^1.0.0",
    "vue-loader": "^8.3.0",
    "vue-style-loader": "^1.0.0",
    "webpack": "^1.12.2",
    "webpack-dev-middleware": "^1.4.0",
    "webpack-hot-middleware": "^2.6.0",
    "webpack-merge": "^0.8.3"
  }
}