{
  "name": "onyx",
  "version": "0.5.2",
  "description": "Decentralized messaging application based on PSS",
  "main": "index.js",
  "repository": "git@github.com:MainframeHQ/onyx.git",
  "author": "Mainframe",
  "private": true,
  "scripts": {
    "start": "node scripts/start.js",
    "build": "node scripts/build.js",
    "builder": "electron-builder",
    "build:binaries": "./scripts/build_binaries.sh",
    "build:binaries:mwl": "./scripts/build_binaries.sh -mwl",
    "clean": "del app/build",
    "dist": "yarn clean && yarn build && yarn builder",
    "electron": "electron app",
    "flow": "flow check",
    "postinstall": "electron-builder install-app-deps"
  },
  "dependencies": {
    "babel-runtime": "^6.26.0",
    "buffer": "^5.1.0",
    "bytes": "^3.0.0",
    "draft-js": "^0.10.5",
    "graphql": "^0.10.5",
    "gsap": "^1.20.4",
    "lodash": "^4.17.5",
    "mkdirp": "^0.5.1",
    "moment": "^2.22.0",
    "object-assign": "4.1.1",
    "onyx-contracts": "^0.1.0",
    "promise": "^8.0.1",
    "prop-types": "^15.6.1",
    "qrcode.react": "^0.8.0",
    "query-string": "^6.0.0",
    "raf": "^3.4.0",
    "react": "^16.3.1",
    "react-apollo": "^1.4.16",
    "react-blockies": "^1.2.2",
    "react-dev-utils": "^4.2.1",
    "react-dom": "^16.3.1",
    "react-modal": "^3.3.2",
    "react-native-web": "^0.5.4",
    "react-redux": "^5.0.7",
    "react-virtualized": "^9.18.5",
    "redux": "^3.7.2",
    "redux-logger": "^3.0.6",
    "rxjs": "^5.5.8",
    "subscriptions-transport-ws": "^0.8.3",
    "web3-eth-abi": "^1.0.0-beta.33",
    "web3-eth-contract": "^1.0.0-beta.34",
    "web3-utils": "^1.0.0-beta.34",
    "whatwg-fetch": "^2.0.4",
    "ws": "^5.1.1"
  },
  "devDependencies": {
    "autoprefixer": "7.2.2",
    "babel-core": "6.26.0",
    "babel-eslint": "8.2.2",
    "babel-jest": "22.4.3",
    "babel-loader": "7.1.4",
    "babel-plugin-transform-class-properties": "^6.24.1",
    "babel-plugin-transform-object-rest-spread": "^6.26.0",
    "babel-plugin-transform-runtime": "^6.23.0",
    "babel-preset-env": "^1.6.1",
    "babel-preset-react": "^6.24.1",
    "case-sensitive-paths-webpack-plugin": "2.1.2",
    "chalk": "1.1.3",
    "css-loader": "0.28.11",
    "del-cli": "^1.1.0",
    "dotenv": "4.0.0",
    "electron": "~1.8.4",
    "electron-builder": "^19.56.2",
    "eslint": "4.19.1",
    "eslint-config-mainframe": "^1.4.0",
    "eslint-config-react-app": "^2.1.0",
    "eslint-loader": "2.0.0",
    "eslint-plugin-flowtype": "2.46.1",
    "eslint-plugin-import": "2.10.0",
    "eslint-plugin-jsx-a11y": "5.1.1",
    "eslint-plugin-react": "7.7.0",
    "extract-text-webpack-plugin": "3.0.2",
    "file-loader": "1.1.11",
    "flow-bin": "^0.69.0",
    "fs-extra": "3.0.1",
    "html-webpack-plugin": "^3.2.0",
    "jest": "22.4.3",
    "postcss-flexbugs-fixes": "3.3.0",
    "postcss-loader": "^2.1.3",
    "prettier": "^1.11.1",
    "style-loader": "^0.20.3",
    "sw-precache-webpack-plugin": "^0.11.5",
    "url-loader": "^1.0.1",
    "webpack": "^3.11.0",
    "webpack-dev-server": "^2.11.2",
    "webpack-manifest-plugin": "1.3.2"
  },
  "jest": {
    "collectCoverageFrom": [
      "src/**/*.{js,jsx,mjs}"
    ],
    "setupFiles": [
      "<rootDir>/config/polyfills.js"
    ],
    "testMatch": [
      "<rootDir>/src/**/__tests__/**/*.{js,jsx,mjs}",
      "<rootDir>/src/**/?(*.)(spec|test).{js,jsx,mjs}"
    ],
    "testEnvironment": "node",
    "testURL": "http://localhost",
    "transform": {
      "^.+\\.(js|jsx|mjs)$": "<rootDir>/node_modules/babel-jest",
      "^.+\\.css$": "<rootDir>/config/jest/cssTransform.js",
      "^(?!.*\\.(js|jsx|mjs|css|json)$)": "<rootDir>/config/jest/fileTransform.js"
    },
    "transformIgnorePatterns": [
      "[/\\\\]node_modules[/\\\\].+\\.(js|jsx|mjs)$"
    ],
    "moduleNameMapper": {
      "^react-native$": "react-native-web"
    },
    "moduleFileExtensions": [
      "web.js",
      "mjs",
      "js",
      "json",
      "web.jsx",
      "jsx",
      "node"
    ]
  },
  "babel": {
    "presets": [
      [
        "env",
        {
          "targets": {
            "electron": "1.7"
          }
        }
      ],
      "react"
    ],
    "plugins": [
      "transform-class-properties",
      "transform-object-rest-spread",
      "transform-runtime"
    ]
  },
  "eslintConfig": {
    "extends": "react-app"
  }
}