{
  "name": "HelloWorld",
  "version": "0.0.1",
  "private": true,
  "scripts": {
    "start": "node node_modules/react-native/local-cli/cli.js start",
    "test": "jest",
    "eject-native-base": "node node_modules/native-base/ejectTheme.js"
  },
  "dependencies": {
    "native-base": "^2.0.0",
    "react": "15.4.1",
    "react-native": "^0.40.0",
    "react-native-banner": "^0.1.0",
    "react-native-easy-toast": "^1.0.5",
    "react-native-parallax-scroll-view": "^0.19.0",
    "react-native-scrollable-tab-view": "^0.7.0",
    "react-native-storage": "^0.1.4",
    "react-native-swiper": "^1.5.4",
    "react-native-tab-navigator": "^0.3.3",
    "react-native-tab-view": "0.0.48",
    "react-native-tabbar-navigator": "^0.4.2",
    "react-native-vector-icons": "^4.0.0",
    "react-native-video": "^1.0.0",
    "react-native-xtabbar": "^0.2.1"
  },
  "jest": {
    "preset": "react-native"
  },
  "devDependencies": {
    "babel-jest": "17.0.2",
    "babel-preset-react-native": "1.9.0",
    "jest": "17.0.3",
    "react-test-renderer": "15.4.1"
  }
}