{
  "name": "RNofo",
  "version": "0.0.1",
  "private": true,
  "scripts": {
    "start": "node node_modules/react-native/local-cli/cli.js start",
    "test": "jest"
  },
  "dependencies": {
    "native-base": "^2.1.1",
    "react": "16.0.0-alpha.6",
    "react-native": "0.43.1",
    "react-native-camera": "^0.6.0",
    "react-native-simple-toast": "0.0.5",
    "react-navigation": "^1.0.0-beta.7"
  },
  "devDependencies": {
    "babel-jest": "19.0.0",
    "babel-preset-react-native": "1.9.1",
    "jest": "19.0.2",
    "react-native-qrcode": "^0.2.3",
    "react-test-renderer": "16.0.0-alpha.6"
  },
  "jest": {
    "preset": "react-native"
  }
}