{
  "name": "Eyepetizer",
  "version": "0.0.1",
  "private": true,
  "scripts": {
    "start": "node node_modules/react-native/local-cli/cli.js start",
    "test": "jest"
  },
  "dependencies": {
    "native-base": "^2.0.5",
    "react": "^15.4.1",
    "react-native": "0.41.2",
    "react-native-banner": "^0.1.0",
    "react-native-easy-toast": "^1.0.5",
    "react-native-parallax-scroll-view": "^0.19.0",
    "react-native-storage": "^0.1.5",
    "react-native-swiper": "^1.5.4",
    "react-native-tab-navigator": "^0.3.3",
    "react-native-vector-icons": "^4.0.0",
    "react-native-video": "^1.0.0"
  },
  "devDependencies": {
    "babel-jest": "18.0.0",
    "babel-preset-react-native": "1.9.1",
    "jest": "18.1.0",
    "react-test-renderer": "~15.4.0"
  },
  "jest": {
    "preset": "react-native"
  }
}