{
  "name": "bootstrapcdn",
  "version": "0.0.1",
  "repository": {
    "type": "git",
    "url": "git+https://github.com/MaxCDN/bootstrapcdn.git"
  },
  "private": true,
  "scripts": {
    "clean": "rm -rf ./node_modules/",
    "coveralls": "nyc report --reporter=text-lcov | coveralls",
    "eslint": "eslint .",
    "puglint": "pug-lint views/",
    "pug-lint": "npm run puglint",
    "lint": "npm run eslint && npm run puglint",
    "mocha": "mocha",
    "mocha:only-functional": "npm run mocha -- --reporter progress ./test/functional_test.js",
    "mocha:only-functional:dev": "cross-env BCDN_HEADERS=debug npm run mocha:only-functional",
    "mocha:only-functional:prod": "cross-env BCDN_HEADERS=production npm run mocha:only-functional",
    "mocha:no-functional": "npm run mocha -- --invert --grep \"functional\"",
    "dev": "nodemon --ext css,js,pug,svg,png,yml --ignore test --ignore cdn --exec \"npm run server\"",
    "watch": "npm run dev",
    "server": "node bin/www.js",
    "start": "cross-env NODE_ENV=production npm run server",
    "all": "npm run lint && npm run mocha:no-functional && npm run mocha:only-functional:dev && npm run mocha:only-functional:prod",
    "all-with-coverage": "npm run lint && nyc npm run mocha:no-functional && npm run mocha:only-functional:dev && npm run mocha:only-functional:prod",
    "test": "npm run lint && npm run mocha:no-functional",
    "test-with-coverage": "npm run lint && nyc npm run mocha:no-functional",
    "purge-latest": "bash ./scripts/purge.sh",
    "bootlint": "node ./scripts/update_bootlint.js",
    "bootstrap": "node ./scripts/update_bootstrap.js",
    "bootswatch": "node ./scripts/update_bootswatch.js",
    "integrity": "node ./scripts/integrity.js",
    "sri": "node ./scripts/sri.js",
    "wp-plugin": "node ./scripts/wp-plugin.js"
  },
  "dependencies": {
    "compression": "^1.7.3",
    "cross-env": "^5.2.0",
    "errorhandler": "^1.5.0",
    "express": "^4.16.4",
    "express-sitemap": "^1.8.0",
    "express-sslify": "^1.2.0",
    "helmet": "^3.15.1",
    "js-yaml": "^3.12.2",
    "jstransformer-clean-css": "^2.1.0",
    "mime": "^2.4.0",
    "morgan": "^1.9.1",
    "pug": "^2.0.3",
    "rollbar": "^2.5.2",
    "semver": "^5.6.0",
    "serve-favicon": "^2.5.0",
    "sri-toolbox": "^0.2.0",
    "staticify": "^3.3.0",
    "uuid": "^3.3.2"
  },
  "devDependencies": {
    "bootlint": "0.16.4",
    "bootstrap": "4.3.1",
    "bootswatch": "4.3.1",
    "coveralls": "^3.0.3",
    "eslint": "^5.14.1",
    "fs-extra": "^7.0.1",
    "fs-walk": "0.0.2",
    "html-validator": "^3.1.3",
    "htmlencode": "0.0.4",
    "mocha": "^5.2.0",
    "mockdate": "^2.0.2",
    "nodemon": "^1.18.10",
    "nyc": "^13.3.0",
    "pug-lint": "^2.5.0",
    "pug-lint-config-clock": "^2.0.0",
    "request": "^2.88.0"
  },
  "engines": {
    "node": "10.x"
  },
  "nyc": {
    "include": [
      "**/*.js"
    ],
    "reporter": [
      "html",
      "text-summary"
    ]
  }
}