{
  "private": true,
  "scripts": {
    "postinstall": "lerna link && ./tasks/build.sh",
    "clean": "rm -rf node_modules && rm -rf ./packages/*/node_modules && rm -rf ./packages/*/.DS_Store && rm -rf ./packages/*/*.log",
    "eslint": "eslint ./",
    "eslint-check": "eslint --print-config .eslintrc | eslint-config-prettier-check",
    "flow": "flow check",
    "release": "lerna publish",
    "prerelease": "./tasks/build.sh",
    "danger": "danger ci",
    "format": "prettier --trailing-comma all --single-quote --write '*.{js,json,md}' '{docs,.github}/*.md' 'packages/*/*.{js,json}' 'packages/!(mcs-lite-introduction)/*.md' 'packages/*/.storybook/*.js' 'packages/*/!(build|lib|storybook-static|coverage|.next|_book)/**/*.{js,json}'",
    "license": "license-checker --csv --out docs/licenses.csv",
    "changelog": "lerna-changelog",
    "precommit": "lint-staged"
  },
  "workspaces": [
    "packages/*"
  ],
  "devDependencies": {
    "babel-eslint": "8.2.3",
    "codecov": "3.0.2",
    "danger": "3.7.0",
    "eslint": "4.19.1",
    "eslint-config-airbnb": "16.1.0",
    "eslint-config-prettier": "2.9.0",
    "eslint-plugin-flowtype": "2.46.3",
    "eslint-plugin-import": "2.11.0",
    "eslint-plugin-jest": "21.15.1",
    "eslint-plugin-jsx-a11y": "6.0.3",
    "eslint-plugin-prettier": "2.6.0",
    "eslint-plugin-react": "7.7.0",
    "flow-bin": "0.72.0",
    "husky": "0.14.3",
    "lerna": "2.10.2",
    "lerna-changelog": "0.7.0",
    "license-checker": "20.0.0",
    "lint-staged": "7.1.0",
    "prettier": "1.12.1"
  },
  "lint-staged": {
    "*/!(mcs-lite-introduction)/*.{js,json,md}": [
      "prettier --trailing-comma all --single-quote --write",
      "git add"
    ]
  }
}