{
  "name": "md.bootstrappersiandatetimepicker",
  "version": "3.3.7",
  "description": "Persian Date Time Picker with jQuery 3+ & Bootstrap 4+",
  "license": "MIT",
  "moduleResolution": "node",
  "author": {
    "name": "Mohammad Dayyan",
    "email": "mds_soft@yahoo.com",
    "social": "@mdssoft",
    "url": "https://github.com/Mds92/MD.BootstrapPersianDateTimePicker"
  },
  "repository": {
    "type": "public",
    "url": "https://github.com/Mds92/MD.BootstrapPersianDateTimePicker"
  },
  "homepage": "https://github.com/Mds92/MD.BootstrapPersianDateTimePicker",
  "dependencies": {
    "bootstrap": "^4.3.1",
    "jquery": "^3.3.1",
    "popper.js": "^1.14.7"
  },
  "devDependencies": {
    "@types/jquery": "^3.3.29",
    "css-loader": "^1.0.1",
    "extract-text-webpack-plugin": "^4.0.0-beta.0",
    "jshint": "^2.10.1",
    "jshint-loader": "^0.8.4",
    "mini-css-extract-plugin": "^0.4.5",
    "style-loader": "^0.23.1",
    "uglifyjs-webpack-plugin": "^1.3.0",
    "webpack": "^4.29.4",
    "webpack-cli": "^3.2.3",
    "webpack-dev-server": "^3.1.14",
    "webpack-fix-style-only-entries": "0.0.4",
    "webpack-merge": "^4.2.1"
  },
  "scripts": {
    "compile": "tsc",
    "webpack": "webpack",
    "webpackserver": "webpack-dev-server"
  }
}