{
  "name": "resume",
  "version": "0.1.0",
  "private": true,
  "dependencies": {
    "antd": "^2.9.3",
    "babel-polyfill": "^6.23.0",
    "lodash": "^4.17.4",
    "react": "^15.4.2",
    "react-dom": "^15.4.2",
    "react-event-listener": "^0.4.5",
    "redux": "^3.6.0"
  },
  "devDependencies": {
    "babel-core": "^6.14.0",
    "babel-eslint": "^6.1.2",
    "babel-loader": "^6.2.5",
    "babel-plugin-import": "^1.1.1",
    "babel-plugin-transform-class-properties": "^6.24.1",
    "babel-plugin-transform-es2015-modules-commonjs": "^6.24.1",
    "babel-plugin-transform-react-jsx-source": "^6.9.0",
    "babel-preset-es2015": "^6.14.0",
    "babel-preset-react": "^6.11.1",
    "babel-preset-react-optimize": "^1.0.1",
    "babel-preset-stage-0": "^6.5.0",
    "babel-preset-stage-1": "^6.24.1",
    "babel-runtime": "^6.23.0",
    "copy-webpack-plugin": "^4.0.1",
    "cross-env": "^2.0.1",
    "css-loader": "^0.27.3",
    "eslint": "^3.19.0",
    "eslint-config-airbnb": "^14.1.0",
    "eslint-plugin-react": "^6.10.3",
    "html-webpack-plugin": "^2.22.0",
    "jest-cli": "^19.0.2",
    "less": "^2.7.2",
    "less-loader": "^4.0.3",
    "lodash": "^4.17.4",
    "material-ui": "^0.17.4",
    "open-browser-webpack-plugin": "0.0.5",
    "prop-types": "^15.5.8",
    "react-hot-loader": "^3.0.0-beta.6",
    "react-redux": "^5.0.4",
    "react-tap-event-plugin": "^2.0.1",
    "redux-devtools-extension": "^2.13.0",
    "redux-form": "^6.6.3",
    "rimraf": "^2.5.4",
    "style-loader": "^0.14.1",
    "url-loader": "^0.5.8",
    "webpack": "^2.2.0",
    "webpack-dev-server": "^1.16.1"
  },
  "scripts": {
    "start": "node devServer.js",
    "clean": "rimraf dist",
    "eslint": "eslint --ext *.js src",
    "test": "jest"
  },
  "jest": {
    "transform": {
      "^.+\\.jsx?$": "babel-jest"
    },
    "modulePathIgnorePatterns": [
      "<rootDir>/node_modules/"
    ]
  },
  "description": "This project was bootstrapped with [Create React App](https://github.com/facebookincubator/create-react-app).",
  "main": "devServer.js",
  "repository": {
    "type": "git",
    "url": "git+https://github.com/Me-Momo/resume.git"
  },
  "keywords": [
    "resume"
  ],
  "author": "kasmine <momo736929286@gmail.com>",
  "license": "MIT",
  "bugs": {
    "url": "https://github.com/Me-Momo/resume/issues"
  },
  "homepage": "https://github.com/Me-Momo/resume#readme"
}