{
  "name": "gatsby-starter-default",
  "description": "Gatsby default starter",
  "version": "1.0.0",
  "author": "Kyle Mathews <mathews.kyle@gmail.com>",
  "dependencies": {
    "gatsby": "^1.9.247",
    "gatsby-link": "^1.6.40",
    "gatsby-plugin-react-helmet": "^2.0.10",
    "gatsby-source-contentful": "^1.3.54",
    "react-helmet": "^5.2.0",
    "react-stripe-checkout": "^2.6.3",
    "stripe": "^6.3.0",
    "styled-components": "^3.3.3"
  },
  "keywords": [
    "gatsby"
  ],
  "license": "MIT",
  "scripts": {
    "build": "gatsby build",
    "develop": "gatsby develop",
    "format": "prettier --write 'src/**/*.js'",
    "test": "echo \"Error: no test specified\" && exit 1"
  },
  "devDependencies": {
    "prettier": "^1.12.0"
  },
  "repository": {
    "type": "git",
    "url": "https://github.com/gatsbyjs/gatsby-starter-default"
  }
}