{
  "name": "Streamus",
  "version": "0.180.0",
  "private": true,
  "description": "Streamus - The most popular Chrome extension YouTube video player",
  "devDependencies": {
    "grunt": "^0.4.5",
    "grunt-babel": "^5.0.1",
    "grunt-contrib-clean": "^0.6.0",
    "grunt-contrib-compress": "^0.13.0",
    "grunt-contrib-connect": "^0.11.2",
    "grunt-contrib-copy": "https://github.com/MeoMix/grunt-contrib-copy/tarball/master",
    "grunt-contrib-htmlmin": "^0.4.0",
    "grunt-contrib-imagemin": "^0.9.3",
    "grunt-contrib-jshint": "^0.11.0",
    "grunt-contrib-less": "^1.0.0",
    "grunt-contrib-watch": "^0.6.1",
    "grunt-file-creator": "^0.1.3",
    "grunt-jscs": "^1.8.0",
    "grunt-mocha": "^0.4.13",
    "grunt-newer": "^1.1.1",
    "grunt-recess": "https://github.com/MeoMix/grunt-recess/tarball/master",
    "grunt-text-replace": "^0.4.0",
    "grunt-version": "^1.0.0",
    "grunt-webstore-upload": "https://github.com/MeoMix/grunt-webstore-upload/tarball/master",
    "jit-grunt": "^0.9.1",
    "jspm": "^0.16.2",
    "lodash": "^3.3.0",
    "rsvp": "^3.1.0",
    "systemjs-builder": "^0.13.5"
  },
  "main": "Gruntfile.js",
  "scripts": {
    "test": "grunt test --verbose"
  },
  "repository": {
    "type": "git",
    "url": "https://github.com/MeoMix/StreamusChromeExtension.git"
  },
  "author": "Sean Anderson",
  "license": "Apache License v2.0",
  "bugs": {
    "url": "https://github.com/MeoMix/StreamusChromeExtension/issues"
  },
  "homepage": "https://github.com/MeoMix/StreamusChromeExtension",
  "jspm": {
    "directories": {
      "baseURL": "src",
      "packages": "src/js/lib/jspm_packages"
    },
    "configFile": "src/js/lib/jspm.config.js",
    "dependencies": {
      "babel-runtime": "npm:babel-runtime@^5.8.20",
      "backbone": "npm:backbone@1.1.2",
      "backbone.babysitter": "github:marionettejs/backbone.babysitter@^0.1.10",
      "backbone.cocktail": "npm:backbone.cocktail@^0.5.10",
      "backbone.wreqr": "github:marionettejs/backbone.wreqr@^1.3.5",
      "chai": "npm:chai@^3.2.0",
      "handlebars": "github:components/handlebars.js@^4.0.2",
      "hbs": "github:davis/plugin-hbs@^1.1.0",
      "jquery": "github:components/jquery@^2.1.4",
      "lodash": "npm:lodash@^3.10.1",
      "marionette": "github:marionettejs/backbone.marionette@^2.4.2",
      "mocha": "npm:mocha@^2.2.5",
      "process": "npm:process@^0.11.1",
      "sinon": "npm:sinon@^1.16.1"
    },
    "devDependencies": {
      "babel": "npm:babel-core@^5.8.22",
      "core-js": "npm:core-js@^1.1.0"
    },
    "overrides": {
      "npm:backbone.cocktail@0.5.10": {
        "map": {
          "underscore": "common/shim/lodash.reference.shim"
        },
        "format": "cjs"
      },
      "github:marionettejs/backbone.marionette@2.4.3": {
        "map": {
          "underscore": "common/shim/lodash.reference.shim"
        },
        "format": "cjs"
      },
      "github:marionettejs/backbone.wreqr@1.3.5": {
        "map": {
          "underscore": "common/shim/lodash.reference.shim"
        },
        "format": "cjs"
      },
      "github:marionettejs/backbone.babysitter@0.1.10": {
        "map": {
          "underscore": "common/shim/lodash.reference.shim"
        },
        "format": "cjs"
      },
      "npm:backbone@1.1.2": {
        "map": {
          "underscore": "common/shim/lodash.reference.shim"
        },
        "shim": {
          "backbone": {
            "deps": [
              "jquery",
              "common/shim/lodash.reference.shim"
            ]
          }
        },
        "format": "cjs"
      }
    }
  }
}