{
  "name": "pushnotifications-demo",
  "version": "1.0.0",
  "description": "Cross-browser push notifications demo",
  "main": "index.js",
  "scripts": {
    "test": "test",
    "build": "gulp"
  },
  "repository": {
    "type": "git",
    "url": "git+https://github.com/MicrosoftEdge/pushnotifications-demo.git"
  },
  "author": "",
  "license": "Apache-2.0",
  "bugs": {
    "url": "https://github.com/MicrosoftEdge/pushnotifications-demo/issues"
  },
  "homepage": "https://github.com/MicrosoftEdge/pushnotifications-demo#readme",
  "dependencies": {
    "express": "^4.16.3",
    "mongoose": "^5.0.12",
    "web-push": "^3.3.0"
  },
  "devDependencies": {
    "del": "^3.0.0",
    "eslint": "^4.19.1",
    "gulp": "^4.0.0",
    "gulp-brotli": "^1.2.1",
    "gulp-clean-css": "^3.9.3",
    "gulp-htmlmin": "^4.0.0",
    "gulp-imagemin": "^4.1.0",
    "gulp-load-plugins": "^1.5.0",
    "gulp-rev": "^8.1.1",
    "gulp-rev-delete-original": "^0.2.3",
    "gulp-rev-replace": "^0.4.4",
    "gulp-sri-hash": "^1.5.0",
    "gulp-uglify": "^3.0.0",
    "gulp-zopfli": "^1.0.0"
  },
  "private": true
}