{
  "name": "opensource-portal",
  "author": "Microsoft Corporation",
  "contributors": [
    "Jeff Wilcox <jwilcox@microsoft.com>"
  ],
  "version": "5.0.2",
  "license": "MIT",
  "private": true,
  "keywords": [
    "github",
    "management",
    "organization"
  ],
  "tags": [
    "github",
    "node",
    "management",
    "organization"
  ],
  "continuousDeployment": {
    "build": "",
    "release": "",
    "commitId": ""
  },
  "scripts": {
    "start": "node ./bin/www",
    "test": "mocha && npm run lint",
    "build": "grunt",
    "lint": "eslint ."
  },
  "engines": {
    "node": "~6.9.0"
  },
  "dependencies": {
    "adal-node": "0.1.28",
    "ajv": "6.4.0",
    "applicationinsights": "0.21.0",
    "async": "2.6.0",
    "azure-keyvault": "1.0.0",
    "azure-sb": "0.10.6",
    "azure-storage": "2.8.2",
    "basic-auth": "2.0.0",
    "body-parser": "1.18.2",
    "child-process-promise": "2.2.1",
    "compression": "1.7.2",
    "connect-redis": "3.3.3",
    "debug": "3.1.0",
    "express": "4.16.3",
    "express-session": "1.15.6",
    "express-sslify": "1.2.0",
    "file-size": "1.0.0",
    "github": "9.3.1",
    "hsts": "2.1.0",
    "lodash": "4.17.10",
    "memory-cache": "0.1.6",
    "moment": "2.22.1",
    "moment-timezone": "0.5.16",
    "morgan": "1.9.0",
    "mssql": "3.3.0",
    "mz": "2.7.0",
    "node-jose": "0.11.0",
    "node-uuid": "1.4.8",
    "npm-registry-client": "8.5.1",
    "oauth": "0.9.x",
    "ospo-pug-view-services": "0.5.2",
    "painless-config-resolver": "1.0.2",
    "passport": "0.4.0",
    "passport-azure-ad": "3.0.12",
    "passport-strategy": "1.x.x",
    "pug": "=2.0.0-beta4",
    "q": "1.5.1",
    "qlimit": "0.1.1",
    "recursive-readdir": "2.2.2",
    "redis": "2.8.0",
    "request": "2.85.0",
    "requestretry": "1.13.0",
    "secure-compare": "3.0.1",
    "semver": "5.5.0",
    "serve-favicon": "2.5.0",
    "tmp": "0.0.33",
    "uid2": "0.0.x",
    "validator": "9.4.1"
  },
  "devDependencies": {
    "bootstrap": "^3.3.7",
    "bootswatch": "^3.3.7",
    "c3": "0.5.4",
    "chai": "4.1.2",
    "eslint": "^4.19.1",
    "grunt": "1.0.2",
    "grunt-contrib-clean": "^1.0.0",
    "grunt-contrib-concat": "^1.0.1",
    "grunt-contrib-copy": "^1.0.0",
    "grunt-contrib-less": "^1.4.0",
    "grunt-exec": "3.0.0",
    "jquery": "^3.3.1",
    "load-grunt-tasks": "^3.5.2",
    "mocha": "^3.0.1",
    "timeago": "^1.6.3",
    "typeahead.js": "^0.11.1",
    "typeahead.js-bootstrap3.less": "git+https://github.com/hyspace/typeahead.js-bootstrap3.less.git"
  },
  "painlessConfigObjectPackages": [
    "./config"
  ]
}