{
  "name": "vscode",
  "version": "1.1.30",
  "typings": "vscode.d.ts",
  "scripts": {
    "prepare": "tsc -p ./",
    "compile": "tsc -p ./",
    "watch": "tsc -watch -p ./"
  },
  "bin": {
    "vscode-install": "./bin/install"
  },
  "engines": {
    "node": ">=8.9.3"
  },
  "dependencies": {
    "glob": "^7.1.2",
    "gulp-chmod": "^2.0.0",
    "gulp-filter": "^5.0.1",
    "gulp-gunzip": "1.0.0",
    "gulp-remote-src-vscode": "^0.5.1",
    "gulp-untar": "^0.0.7",
    "gulp-vinyl-zip": "^2.1.2",
    "mocha": "^4.0.1",
    "request": "^2.88.0",
    "semver": "^5.4.1",
    "source-map-support": "^0.5.0",
    "url-parse": "^1.4.3",
    "vinyl-fs": "^3.0.3",
    "vinyl-source-stream": "^1.1.0"
  },
  "devDependencies": {
    "@types/node": "^10.12.21",
    "@types/mocha": "^2.2.43",
    "@types/glob": "^5.0.33"
  },
  "license": "MIT",
  "author": "Visual Studio Code Team",
  "repository": {
    "type": "git",
    "url": "https://github.com/Microsoft/vscode-extension-vscode.git"
  },
  "bugs": {
    "url": "https://github.com/Microsoft/vscode-extension-vscode/issues"
  }
}