{
  "name": "OneLess",
  "version": "0.0.1",
  "private": true,
  "scripts": {
    "start": "react-native start",
    "test": "jest"
  },
  "dependencies": {
    "react": "15.3.2",
    "react-native": "0.41.2",
    "react-redux": "^4.4.6",
    "redux": "^3.6.0",
    "redux-logger": "^2.7.4"
  },
  "devDependencies": {
    "babel-jest": "18.0.0",
    "babel-preset-react-native": "1.9.1",
    "jest": "18.0.0",
    "react-test-renderer": "15.4.1",
    "redux-devtools": "^3.3.2"
  },
  "jest": {
    "preset": "react-native"
  }
}