{
  "name": "vue-bloom-menu",
  "version": "1.0.0",
  "description": "this is a vue menu",
  "author": "<wanghongjieUESTC@outlook.com>",
  "private": true,
  "scripts": {
    "dev": "node build/dev-server.js",
    "build": "node build/build.js",
    "lint": "eslint --ext .js,.vue src"
  },
  "dependencies": {
    "babel-runtime": "^6.9.0",
    "eslint-config-standard": "^6.2.1",
    "fastclick": "^1.0.6",
    "moment": "^2.17.1",
    "stylus": "^0.54.5",
    "vue": "^2.1.0",
    "vue-router": "^2.1.1",
    "vuex": "^2.1.1",
    "watchpack": "^1.2.0",
    "webpack": "^1.14.0"
  },
  "devDependencies": {
    "autoprefixer": "^6.4.0",
    "babel-core": "^6.0.0",
    "babel-eslint": "^7.0.0",
    "babel-loader": "^6.0.0",
    "babel-plugin-transform-runtime": "^6.0.0",
    "babel-preset-es2015": "^6.0.0",
    "babel-preset-stage-2": "^6.0.0",
    "babel-register": "^6.0.0",
    "better-scroll": "^0.1.10",
    "chalk": "^1.1.3",
    "connect-history-api-fallback": "^1.1.0",
    "css-loader": "^0.25.0",
    "eslint": "^3.7.1",
    "eslint-config-standard": "^6.1.0",
    "eslint-friendly-formatter": "^2.0.5",
    "eslint-loader": "^1.5.0",
    "eslint-plugin-html": "^1.3.0",
    "eslint-plugin-promise": "^3.5.0",
    "eslint-plugin-standard": "^2.0.1",
    "eventsource-polyfill": "^0.9.6",
    "express": "^4.13.3",
    "extract-text-webpack-plugin": "^1.0.1",
    "file-loader": "^0.9.0",
    "function-bind": "^1.0.2",
    "html-webpack-plugin": "^2.8.1",
    "http-proxy-middleware": "^0.17.2",
    "json-loader": "^0.5.4",
    "opn": "^4.0.2",
    "ora": "^0.3.0",
    "semver": "^5.3.0",
    "shelljs": "^0.7.4",
    "stylus-loader": "^2.1.1",
    "url-loader": "^0.5.7",
    "vue-loader": "^10.0.0",
    "vue-style-loader": "^1.0.0",
    "vue-template-compiler": "^2.1.0",
    "webpack": "^1.13.2",
    "webpack-dev-middleware": "^1.8.3",
    "webpack-hot-middleware": "^2.12.2",
    "webpack-merge": "^0.14.1"
  },
  "engines": {
    "node": ">= 4.0.0",
    "npm": ">= 3.0.0"
  }
}