{
  "name": "real-time-charts",
  "version": "1.1.0",
  "description": "",
  "private": true,
  "main": "start.js",
  "scripts": {
    "start": "node --use_strict start.js",
    "packit": "webpack --progress --colors --bail && node --use_strict start.js"
  },
  "author": "Peter Halloran",
  "license": "ISC",
  "dependencies": {
    "babel-cli": "^6.24.1",
    "babel-core": "^6.24.1",
    "babel-loader": "^6.3.2",
    "babel-plugin-transform-object-rest-spread": "^6.23.0",
    "babel-preset-es2015": "^6.24.1",
    "babel-preset-react": "^6.24.1",
    "babel-preset-stage-2": "^6.24.1",
    "babel-runtime": "^6.23.0",
    "bluebird": "^3.5.0",
    "body-parser": "^1.15.2",
    "bootstrap-grid": "^2.0.1",
    "canvasjs": "^1.8.1",
    "chai": "^3.5.0",
    "chai-enzyme": "^0.5.0",
    "cheerio": "^0.20.0",
    "cookie-parser": "^1.4.3",
    "csurf": "^1.9.0",
    "d3fc-random-data": "^1.1.0",
    "dotenv": "^4.0.0",
    "ejs": "^2.4.2",
    "expect": "^1.20.2",
    "express": "^4.14.0",
    "express-session": "^1.14.0",
    "gulp": "^3.9.1",
    "gulp-clean-css": "^2.0.11",
    "gulp-concat": "^2.6.0",
    "gulp-rename": "^1.2.2",
    "gulp-sourcemaps": "^1.6.0",
    "gulp-strip-css-comments": "^1.2.0",
    "gulp-uglify": "^1.5.4",
    "gulp-util": "^3.0.7",
    "htmlparser2": "^3.9.1",
    "moment": "^2.14.1",
    "node-rest-client": "^2.0.1",
    "node-sass": "^4.7.2",
    "react": "16.2.0",
    "react-dom": "16.2.0",
    "react-highcharts": "15.0.0",
    "react-highstock": "^1.0.2",
    "redis": "^2.8.0",
    "react-redux": "5.0.6",
    "redux": "^3.7.2",
    "redux-logger": "^2.10.2",
    "redux-promise-middleware": "^3.3.2",
    "redux-thunk": "^2.1.0",
    "request": "^2.73.0",
    "run-sequence": "^1.2.2",
    "socket.io": "^1.7.3",
    "socket.io-client": "^1.7.3",
    "socket.io-redis": "^1.1.1",
    "webpack": "^3.1.0",
    "xhr": "^2.4.0"
  },
  "devDependencies": {
    "babel-cli": "^6.24.1",
    "babel-core": "^6.24.1",
    "babel-loader": "^7.0.0",
    "babel-plugin-transform-decorators-legacy": "^1.3.4",
    "babel-preset-env": "^1.4.0",
    "enzyme": "^2.4.1",
    "expect": "^1.20.2",
    "mocha": "^3.0.2",
    "react-addons-test-utils": "^15.3.1"
  }
}