{
  "name": "react-router-dynamic-routes-webpack2",
  "version": "1.0.0",
  "private": true,
  "description": "React Router Dynamic Chunk Loading",
  "author": "Grgur Grisogono",
  "main": "index.js",
  "scripts": {
    "start": "webpack-dev-server --config webpack.config.js",
    "prod": "node build.js production server",
    "build": "node build.js production filesystem"
  },
  "license": "MIT",
  "devDependencies": {
    "babel-core": "6.16.0",
    "babel-loader": "6.2.7",
    "babel-plugin-transform-runtime": "6.15.0",
    "babel-preset-es2015": "6.18.0",
    "babel-preset-react": "6.22.0",
    "css-loader": "0.14.5",
    "extract-text-webpack-plugin": "2.0.0-beta.5",
    "file-loader": "0.8.5",
    "html-webpack-plugin": "2.26.0",
    "node-sass": "3.12.2",
    "sass-loader": "3.2.3",
    "style-loader": "0.13.1",
    "webpack": "2.2.0",
    "webpack-dev-server": "2.2.0"
  },
  "dependencies": {
    "babel-runtime": "6.22.0",
    "react": "15.4.2",
    "react-dom": "15.4.2",
    "react-router": "2.8.0"
  }
}