{
  "name": "NCAPRNRedux",
  "version": "0.0.1",
  "private": true,
  "scripts": {
    "start": "node node_modules/react-native/local-cli/cli.js start",
    "test": "jest"
  },
  "dependencies": {
    "react": "~15.4.1",
    "react-native": "0.42.0",
    "react-native-vector-icons": "^4.0.0",
    "react-redux": "^5.0.3",
    "redux": "^3.6.0",
    "redux-thunk": "^2.2.0",
    "react-navigation": "^1.0.0-beta.6"
  },
  "devDependencies": {
    "babel-jest": "19.0.0",
    "babel-preset-react-native": "1.9.1",
    "jest": "19.0.2",
    "react-test-renderer": "~15.4.1",
    "babel-plugin-transform-decorators-legacy": "^1.3.4"
  },
  "jest": {
    "preset": "react-native"
  }
}