{
  "name": "react-dplayer",
  "version": "0.2.3",
  "description": "dplayer",
  "main": "lib/index.js",
  "scripts": {
    "dev-server": "webpack-dev-server --config ./example/example.config",
    "start": "npm run compile; npm run dev-server",
    "prepublish": "babel ./src --out-dir ./lib",
    "compile": "rimraf lib/* && npm run prepublish",
    "dist": "rimraf dist/* && webpack"
  },
  "repository": {
    "type": "git",
    "url": "git+https://github.com/hnsylitao/react-dplayer.git"
  },
  "keywords": [
    "dplayer",
    "react-dplayer"
  ],
  "author": "hnsylitao@gmail.com",
  "license": "ISC",
  "bugs": {
    "url": "https://github.com/hnsylitao/react-dplayer/issues"
  },
  "homepage": "https://github.com/hnsylitao/react-dplayer#readme",
  "dependencies": {
    "classnames": "^2.2.6",
    "dplayer": "^1.24.0",
    "prop-types": "^15.6.2"
  },
  "devDependencies": {
    "babel-cli": "^6.26.0",
    "babel-loader": "^7.1.4",
    "babel-plugin-add-module-exports": "^0.2.1",
    "babel-plugin-transform-decorators-legacy": "^1.3.4",
    "babel-polyfill": "^6.26.0",
    "babel-preset-es2015-ie": "^6.7.0",
    "babel-preset-react": "^6.24.1",
    "babel-preset-stage-0": "^6.24.1",
    "create-react-class": "^15.6.3",
    "css-loader": "^0.28.10",
    "extract-text-webpack-plugin": "^4.0.0-beta.0",
    "html-webpack-plugin": "^3.0.6",
    "lodash": "^4.17.5",
    "react": "^16.2.0",
    "react-dom": "^16.2.0",
    "rimraf": "^2.6.2",
    "style-loader": "^0.20.3",
    "uglifyjs-webpack-plugin": "^1.2.3",
    "webpack": "^4.1.1",
    "webpack-cli": "^2.0.12",
    "webpack-dev-server": "^3.1.1"
  }
}