{
  "name": "node-github-profile-summary",
  "version": "1.0.0",
  "description": "The node version of github-profile-summary",
  "author": "Molunerfinn <marksz@teamsz.xyz>",
  "private": true,
  "scripts": {
    "dev": "webpack-dev-server --inline --progress --config build/webpack.dev.conf.js",
    "dev:server": "nodemon -w app.js -w server",
    "lint": "eslint --ext .js,.vue src",
    "build": "node build/build.js",
    "start": "node app.js",
    "start:pm2": "cross-env NODE_ENV=production pm2 start pm2.json",
    "deploy": "now --public && now alias && now remove node-github-profile-summary --safe -f"
  },
  "dependencies": {
    "@octokit/rest": "^14.0.5",
    "axios": "^0.17.1",
    "chart.js": "^2.7.1",
    "cheerio": "^1.0.0-rc.2",
    "cross-env": "^5.1.3",
    "html2canvas": "^1.0.0-alpha.9",
    "jsonwebtoken": "^8.1.1",
    "koa": "^2.4.1",
    "koa-bodyparser": "^4.2.0",
    "koa-json": "^2.0.2",
    "koa-logger": "^3.1.0",
    "koa-router": "^7.3.0",
    "koa-socket": "^4.4.0",
    "koa-static": "^4.0.2",
    "koa2-history-api-fallback": "^0.0.5",
    "melody.css": "^1.0.2",
    "moment": "^2.20.1",
    "pm2": "^2.9.3",
    "pug": "^2.0.0-rc.4",
    "pug-loader": "^2.3.0",
    "socket.io": "^2.0.4",
    "stylus": "^0.54.5",
    "stylus-loader": "^3.0.1",
    "vue": "^2.5.2",
    "vue-chartjs": "^3.1.1",
    "vue-router": "^3.0.1"
  },
  "devDependencies": {
    "autoprefixer": "^7.1.2",
    "babel-core": "^6.22.1",
    "babel-eslint": "^8.2.1",
    "babel-helper-vue-jsx-merge-props": "^2.0.3",
    "babel-loader": "^7.1.1",
    "babel-plugin-syntax-dynamic-import": "^6.18.0",
    "babel-plugin-syntax-jsx": "^6.18.0",
    "babel-plugin-transform-runtime": "^6.22.0",
    "babel-plugin-transform-vue-jsx": "^3.5.0",
    "babel-preset-env": "^1.3.2",
    "babel-preset-stage-2": "^6.22.0",
    "chalk": "^2.0.1",
    "copy-webpack-plugin": "^4.0.1",
    "css-loader": "^0.28.0",
    "dotenv": "^5.0.1",
    "eslint": "^4.15.0",
    "eslint-config-standard": "^10.2.1",
    "eslint-friendly-formatter": "^3.0.0",
    "eslint-loader": "^1.7.1",
    "eslint-plugin-import": "^2.7.0",
    "eslint-plugin-node": "^5.2.0",
    "eslint-plugin-promise": "^3.4.0",
    "eslint-plugin-standard": "^3.0.1",
    "eslint-plugin-vue": "^4.0.0",
    "extract-text-webpack-plugin": "^3.0.0",
    "file-loader": "^1.1.4",
    "friendly-errors-webpack-plugin": "^1.6.1",
    "html-webpack-plugin": "^2.30.1",
    "node-notifier": "^5.1.2",
    "optimize-css-assets-webpack-plugin": "^3.2.0",
    "ora": "^1.2.0",
    "portfinder": "^1.0.13",
    "postcss-import": "^11.0.0",
    "postcss-loader": "^2.0.8",
    "postcss-url": "^7.2.1",
    "rimraf": "^2.6.0",
    "semver": "^5.3.0",
    "shelljs": "^0.7.6",
    "uglifyjs-webpack-plugin": "^1.1.1",
    "url-loader": "^0.5.8",
    "vue-loader": "^13.3.0",
    "vue-style-loader": "^3.0.1",
    "vue-template-compiler": "^2.5.2",
    "webpack": "^3.6.0",
    "webpack-bundle-analyzer": "^2.9.0",
    "webpack-dev-server": "^2.9.1",
    "webpack-merge": "^4.1.0"
  },
  "engines": {
    "node": ">= 7.6.0",
    "npm": ">= 3.0.0"
  },
  "browserslist": [
    "> 1%",
    "last 2 versions",
    "not ie <= 8"
  ]
}