{
  "name": "ReactNativeStarter",
  "version": "0.0.1",
  "private": true,
  "scripts": {
    "start": "node node_modules/react-native/local-cli/cli.js start",
    "test": "jest"
  },
  "dependencies": {
    "react": "15.4.1",
    "react-native": "0.39.2",
    "react-native-elements": "^0.7.1",
    "react-native-loading-spinner-overlay": "^0.4.1",
    "react-native-side-menu": "^0.20.1",
    "react-native-tab-navigator": "^0.3.3",
    "react-native-vector-icons": "^3.0.0",
    "react-redux": "^4.4.6",
    "redux": "^3.6.0"
  },
  "devDependencies": {
    "babel-jest": "17.0.2",
    "babel-preset-react-native": "1.9.0",
    "jest": "17.0.3",
    "react-test-renderer": "15.4.1"
  },
  "jest": {
    "preset": "react-native"
  }
}