{
  "name": "mpvue-weui",
  "version": "1.0.4",
  "description": "mpvue-weui, 基于 mpvue 的 weui 框架",
  "main": "src/",
  "author": "KuangPF <1633397286@qq.com>",
  "private": false,
  "repository": {
    "type": "git",
    "url": "https://github.com/MPComponent/mpvue-weui"
  },
  "files": [
    "src"
  ],
  "license": "MIT",
  "scripts": {
    "dev": "node build/dev-server.js",
    "start": "node build/dev-server.js",
    "build": "node build/build.js",
    "docs": "vuepress dev docs",
    "docs:build": "vuepress build docs",
    "lint": "eslint --ext .js,.vue src"
  },
  "dependencies": {
    "mpvue": "^1.0.16"
  },
  "devDependencies": {
    "babel-core": "^6.22.1",
    "babel-eslint": "^8.2.3",
    "babel-loader": "^7.1.1",
    "babel-plugin-transform-runtime": "^6.22.0",
    "babel-preset-env": "^1.3.2",
    "babel-preset-stage-2": "^6.22.0",
    "babel-register": "^6.22.0",
    "chalk": "^2.4.0",
    "connect-history-api-fallback": "^1.3.0",
    "copy-webpack-plugin": "^4.5.1",
    "css-loader": "^0.28.11",
    "cssnano": "^3.10.0",
    "eslint": "^4.19.1",
    "eslint-config-standard": "^11.0.0",
    "eslint-friendly-formatter": "^4.0.1",
    "eslint-loader": "^2.0.0",
    "eslint-plugin-html": "^4.0.3",
    "eslint-plugin-import": "^2.11.0",
    "eslint-plugin-node": "^6.0.1",
    "eslint-plugin-promise": "^3.4.0",
    "eslint-plugin-standard": "^3.0.1",
    "eventsource-polyfill": "^0.9.6",
    "express": "^4.16.3",
    "extract-text-webpack-plugin": "^3.0.2",
    "file-loader": "^1.1.11",
    "friendly-errors-webpack-plugin": "^1.7.0",
    "glob": "^7.1.2",
    "html-webpack-plugin": "^3.2.0",
    "http-proxy-middleware": "^0.18.0",
    "mpvue-loader": "^1.1.2",
    "mpvue-template-compiler": "^1.0.16",
    "mpvue-webpack-target": "^1.0.0",
    "optimize-css-assets-webpack-plugin": "^3.2.0",
    "ora": "^2.0.0",
    "portfinder": "^1.0.13",
    "postcss-loader": "^2.1.4",
    "postcss-mpvue-wxss": "^1.0.0",
    "prettier": "~1.12.1",
    "px2rpx-loader": "^0.1.10",
    "relative": "^3.0.2",
    "rimraf": "^2.6.0",
    "semver": "^5.3.0",
    "shelljs": "^0.8.1",
    "uglifyjs-webpack-plugin": "^1.2.5",
    "url-loader": "^1.0.1",
    "vue-style-loader": "^4.1.0",
    "vuepress": "^0.14.4",
    "webpack": "^3.11.0",
    "webpack-bundle-analyzer": "^2.2.1",
    "webpack-dev-middleware-hard-disk": "^1.12.0",
    "webpack-merge": "^4.1.0",
    "webpack-mpvue-asset-plugin": "^0.1.1"
  },
  "engines": {
    "node": ">= 4.0.0",
    "npm": ">= 3.0.0"
  },
  "browserslist": [
    "> 1%",
    "last 2 versions",
    "not ie <= 8"
  ]
}