{
  "name": "001-sign-up",
  "version": "0.0.1",
  "private": true,
  "devDependencies": {
    "react-scripts": "0.4.1"
  },
  "dependencies": {
    "prop-types": "^15.5.10",
    "react": "^15.3.1",
    "react-addons-css-transition-group": "^15.3.2",
    "react-dom": "^15.3.1",
    "react-icons": "^2.2.5",
    "react-motion": "^0.5.0"
  },
  "scripts": {
    "start": "react-scripts start",
    "build": "react-scripts build",
    "test": "react-scripts test --env=jsdom",
    "eject": "react-scripts eject"
  },
  "eslintConfig": {
    "extends": "./node_modules/react-scripts/config/eslint.js"
  }
}