{
  "name": "demo",
  "version": "1.0.0",
  "private": true,
  "description": "taro ui demo",
  "main": "index.js",
  "scripts": {
    "build:alipay": "taro build --type alipay",
    "build:weapp": "taro build --type weapp",
    "build:h5": "taro build --type h5",
    "dev:alipay": "npm run build:alipay -- --watch",
    "dev:weapp": "npm run build:weapp -- --watch",
    "dev:h5": "npm run build:h5 -- --watch",
    "test": "echo \"Error: no test specified\" && exit 1"
  },
  "author": "",
  "license": "MIT",
  "dependencies": {
    "@tarojs/components": "1.2.8",
    "@tarojs/router": "1.2.8",
    "@tarojs/taro": "1.2.8",
    "@tarojs/taro-h5": "1.2.8",
    "@tarojs/taro-weapp": "1.2.8",
    "nervjs": "^1.3.0",
    "taro-ui": "^2.0.0"
  },
  "devDependencies": {
    "@tarojs/cli": "1.2.8",
    "@tarojs/plugin-babel": "1.2.8",
    "@tarojs/plugin-csso": "1.2.8",
    "@tarojs/plugin-sass": "1.2.8",
    "@tarojs/plugin-uglifyjs": "1.2.8",
    "@tarojs/webpack-runner": "1.2.8",
    "@types/react": "16.4.6",
    "@types/webpack-env": "^1.13.6",
    "babel-eslint": "^8.2.3",
    "babel-plugin-transform-class-properties": "^6.24.1",
    "babel-plugin-transform-decorators-legacy": "^1.3.4",
    "babel-plugin-transform-jsx-stylesheet": "^0.6.5",
    "babel-plugin-transform-object-rest-spread": "^6.26.0",
    "babel-preset-env": "^1.6.1",
    "eslint": "^4.19.1",
    "eslint-config-o2team": "^0.1.6",
    "eslint-config-taro": "1.2.8",
    "eslint-plugin-import": "^2.12.0",
    "eslint-plugin-react": "^7.8.2",
    "eslint-plugin-taro": "1.2.8",
    "stylelint": "^9.5.0",
    "stylelint-config-standard": "^18.2.0",
    "stylelint-scss": "^3.3.0"
  }
}