{
  "name": "vizceral",
  "version": "4.7.3",
  "description": "Intuitive animated traffic graph visualization using webgl. If a graph of nodes and edges with data about traffic volume is provided, it will render a traffic graph animating the connection volume between nodes.",
  "main": "dist/vizceral.js",
  "repository": {
    "type": "git",
    "url": "git@github.com:Netflix/vizceral.git"
  },
  "scripts": {
    "dev": "npm run watch",
    "doc": "documentation build ./src/vizceral.js --shallow -f md > USAGE.md",
    "lint": "eslint src --fix",
    "build": "npm run doc && npm run build:js",
    "build:js": "webpack --bail && webpack --bail -p",
    "watch": "webpack --watch -d",
    "release": "release",
    "validate": "npm ls"
  },
  "devDependencies": {
    "babel-core": "^6.18.0",
    "babel-eslint": "^9.0.0",
    "babel-loader": "^7.1.5",
    "babel-plugin-lodash": "^3.3.4",
    "babel-preset-env": "^1.7.0",
    "css-loader": "^1.0.0",
    "documentation": "^4.0.0-beta2",
    "eslint": "^5.4.0",
    "eslint-config-airbnb-base": "^13.1.0",
    "eslint-plugin-import": "^2.0.1",
    "file-loader": "^2.0.0",
    "precommit-hook": "^3.0.0",
    "raw-loader": "^0.5.1",
    "release-script": "^1.0.2",
    "style-loader": "^0.23.0",
    "url-loader": "^1.1.1",
    "webpack": "^3.12.0",
    "webpack-command": "^0.4.1",
    "worker-loader": "^2.0.0",
    "yargs": "^12.0.1"
  },
  "dependencies": {
    "chroma-js": "^1.1.1",
    "hammerjs": "^2.0.8",
    "lodash": "^4.12.0",
    "numeral": "^1.5.3",
    "three": "^0.96.0",
    "tween.js": "16.6.0"
  },
  "keywords": [
    "webgl",
    "traffic",
    "graph",
    "particles",
    "flow",
    "intuition",
    "visceral",
    "visualization"
  ],
  "pre-commit": [
    "lint"
  ],
  "author": "Justin Reynolds <jreynolds@netflix.com>",
  "license": "Apache-2.0"
}