{
  "name": "hexo-site",
  "version": "1.0.0",
  "description": "NeverYu Blog",
  "private": true,
  "repository": {
    "type": "git",
    "url": "git+https://github.com/Neveryu/Neveryu.github.io.git"
  },
  "keywords": [
    "NexT",
    "Hexo",
    "Neveryu",
    "Blog"
  ],
  "author": "Neveryu <react.dong.yu@gmail.com>",
  "license": "MIT",
  "bugs": {
    "url": "https://github.com/Neveryu/Neveryu.github.io/issues"
  },
  "homepage": "https://neveryu.github.io/",
  "hexo": {
    "version": "3.2.2"
  },
  "dependencies": {
    "hexo": "^3.2.2",
    "hexo-deployer-git": "^0.2.0",
    "hexo-generator-archive": "^0.1.4",
    "hexo-generator-baidu-sitemap": "^0.1.2",
    "hexo-generator-category": "^0.1.3",
    "hexo-generator-feed": "^1.2.0",
    "hexo-generator-index": "^0.2.0",
    "hexo-generator-search": "^1.0.2",
    "hexo-generator-sitemap": "^1.1.2",
    "hexo-generator-tag": "^0.2.0",
    "hexo-renderer-ejs": "^0.2.0",
    "hexo-renderer-marked": "^0.2.10",
    "hexo-renderer-stylus": "^0.3.1",
    "hexo-server": "^0.2.0",
    "hexo-symbols-count-time": "^0.2.0"
  },
  "devDependencies": {
    "browser-sync": "^2.18.13",
    "gulp": "^3.9.1",
    "gulp-htmlmin": "^3.0.0",
    "gulp-minify-css": "^1.2.4",
    "gulp-uglify": "^3.0.0",
    "hexo-deployer-git": "^0.2.0",
    "hexo-generator-sitemap": "^1.1.2"
  },
  "scripts": {
    "dev-proxy": "gulp",
    "dev": "hexo clean && hexo generate && hexo server --debug",
    "predeploy": "echo 'Start deploy'",
    "deploy": "hexo clean && hexo generate && gulp min && hexo deploy",
    "postdeploy": "echo 'Finished deploy'"
  }
}