{
  "name": "remtail",
  "version": "0.0.16",
  "description": "tail out log files from multiple remote hosts",
  "main": "remtail.js",
  "scripts": {
    "test": "node test/test.js",
    "jshint": "jshint *.js lib/*.js"
  },
  "keywords": [
    "tail"
  ],
  "author": "Nick Carneiro",
  "contributors": [
    "Jeremy Pitzeruse"
  ],
  "license": "MIT",
  "dependencies": {
    "colors": "^1.0.3",
    "commander": "^2.6.0",
    "osenv": "^0.1.0",
    "readline-sync": "^0.5.6",
    "ssh-config": "^0.1.0",
    "ssh2": "^0.4.4",
    "winston": "^1.0.0"
  },
  "devDependencies": {
    "jshint": "^2.6.3",
    "tape": "^3.5.0"
  },
  "bin": {
    "remtail": "remtail.js"
  }
}