{
  "name": "burnside-root",
  "version": "0.3.2",
  "private": true,
  "repository": {
    "type": "github",
    "url": "https://github.com/Nike-Inc/burnside.git"
  },
  "scripts": {
    "tutorial": "cd packages && cd burnside-cli && npm install && npm run tutorial",
    "custom-install": "lerna bootstrap",
    "test": "lerna run test --concurrency 1",
    "test:dev": "lerna run test",
    "lint": "lerna run lint",
    "precustom-publish": "npm run custom-install",
    "custom-publish": "node publish.js",
    "copy-readme": "lerna exec \"cp ../../readme.md readme.md\""
  },
  "devDependencies": {
    "lerna": "~2.2.0"
  }
}