{
  "private": true,
  "name": "chrome-store-foxified",
  "version": "0.0.0",
  "description": "Point and click to install extensions into your browser from the AMO, Chrome Web Store, Microsoft Store, or Opera Addons websites.",
  "main": "dist/electron/background.bundle.js",
  "scripts": {
    "test": "echo \"Error: no test specified\" && exit 1",
    "build:webext": "webpack --env=webext -p",
    "build:webext:dev": "webpack --env=webext-dev",
    "build:web": "webpack --env=web -p",
    "build:web:dev": "webpack --env=web-dev",
    "build:electron": "webpack --env=electron -p && electron .",
    "build:electron:dev": "webpack --env=electron-dev && electron ."
  },
  "author": "Noitidart <noitidart@gmail.com>",
  "license": "ISC",
  "devDependencies": {
    "babel-core": "^6.26.0",
    "babel-eslint": "^7.2.3",
    "babel-loader": "^7.1.2",
    "babel-plugin-transform-class-properties": "^6.23.0",
    "babel-plugin-transform-object-rest-spread": "^6.26.0",
    "babel-plugin-transform-runtime": "^6.23.0",
    "babel-preset-es2015": "^6.22.0",
    "babel-preset-es2016": "^6.22.0",
    "babel-preset-es2017": "^6.22.0",
    "babel-preset-flow": "^6.23.0",
    "babel-preset-react": "^6.23.0",
    "copy-webpack-plugin": "^4.1.1",
    "css-loader": "^0.28.7",
    "eslint": "^4.8.0",
    "eslint-loader": "^1.6.3",
    "eslint-plugin-react": "^7.4.0",
    "file-loader": "^0.11.2",
    "flow-bin": "^0.56.0",
    "postcss-loader": "^2.0.7",
    "string-replace-loader": "^1.0.5",
    "style-loader": "^0.16.1",
    "webpack": "^2.2.1"
  },
  "dependencies": {
    "autoprefixer": "^7.1.5",
    "babel-runtime": "^6.26.0",
    "bootstrap": "^4.0.0-beta",
    "classnames": "^2.2.5",
    "cmn": "^1.0.23",
    "crypto-js": "^3.1.9-1",
    "eslint-plugin-flowtype": "^2.39.1",
    "jszip": "^3.1.4",
    "moment": "^2.19.0",
    "node-sass": "^4.5.3",
    "normalizr": "^3.2.4",
    "qs": "^6.5.1",
    "react": "^16.0.0",
    "react-dom": "^16.0.0",
    "react-redux": "^5.0.6",
    "react-router-dom": "^4.2.2",
    "recompose": "^0.24.0",
    "redux": "^3.7.2",
    "redux-form": "^7.1.1",
    "redux-persist": "^5.0.0-rc.6",
    "redux-saga": "^0.15.6",
    "uuid": "^3.1.0"
  }
}