{
  "name": "whatsthis",
  "version": "0.0.1",
  "private": true,
  "scripts": {
    "start": "react-native start"
  },
  "dependencies": {
    "atob": "^2.0.0",
    "base-64": "^0.1.0",
    "btoa-lite": "^1.0.0",
    "buffer": "^3.6.0",
    "fs": "0.0.2",
    "react-native": "^0.17.0",
    "react-native-audioplayer": "^0.2.0",
    "react-native-barcodescanner": "^0.1.3",
    "react-native-camera": "^0.3.8",
    "react-native-fileupload": "^1.2.0",
    "react-native-fs": "^1.1.0",
    "react-native-webview-android": "^1.0.12",
    "uint8": "^1.0.0"
  }
}