{
  "private": true,
  "devDependencies": {
    "autoprefixer-core": "^5.2.1",
    "git-rev-sync": "1.8.0",
    "grunt": "^0.4.5",
    "grunt-babel": "^5.0.0",
    "grunt-compile-handlebars": "2.0.0",
    "grunt-concurrent": "^1.0.0",
    "grunt-contrib-clean": "^0.6.0",
    "grunt-contrib-concat": "^0.5.1",
    "grunt-contrib-connect": "^0.5.0",
    "grunt-contrib-copy": "^0.8.0",
    "grunt-contrib-cssmin": "^0.12.2",
    "grunt-contrib-handlebars": "^1.0.0",
    "grunt-contrib-htmlmin": "^0.4.0",
    "grunt-contrib-imagemin": "^2.0.1",
    "grunt-contrib-uglify": "^0.8.0",
    "grunt-contrib-watch": "^0.6.1",
    "grunt-eslint": "^16.0.0",
    "grunt-filerev": "^2.2.0",
    "grunt-mocha": "^0.4.12",
    "grunt-newer": "^1.1.0",
    "grunt-postcss": "^0.5.3",
    "grunt-processhtml": "^0.3.8",
    "grunt-sass": "^1.0.0",
    "grunt-svgmin": "^2.0.1",
    "grunt-usemin": "^3.0.0",
    "grunt-wiredep": "^2.0.0",
    "jit-grunt": "^0.9.1",
    "time-grunt": "^1.1.0"
  },
  "engines": {
    "node": ">=0.10.0"
  },
  "scripts": {
    "test": "grunt test"
  },
  "eslintConfig": {
    "env": {
      "node": true,
      "browser": true,
      "jquery": true,
      "mocha": true
    },
    "rules": {
      "quotes": [
        2,
        "single"
      ]
    }
  },
  "dependencies": {
    "sw-offline-google-analytics": "0.0.25"
  }
}