{
  "name": "Gravit",
  "description": "Gravit, the versatile Design Tool",
  "author": "Quasado",
  "version": "0.0.3.1",
  "private": true,
  "devDependencies": {
    "grunt": "~0.4.1",
    "grunt-contrib-copy": "~0.5.0",
    "grunt-contrib-concat": "~0.3.0",
    "grunt-contrib-uglify": "~0.2.0",
    "grunt-contrib-compass": "~0.5.0",
    "grunt-contrib-jshint": "~0.6.3",
    "grunt-contrib-cssmin": "~0.6.0",
    "grunt-contrib-connect": "~0.5.0",
    "grunt-contrib-clean": "~0.5.0",
    "grunt-contrib-htmlmin": "~0.1.3",
    "grunt-bower-install": "~0.5.0",
    "grunt-contrib-imagemin": "~0.2.0",
    "grunt-contrib-watch": "~0.5.2",
    "grunt-rev": "~0.1.0",
    "grunt-autoprefixer": "~0.2.0",
    "grunt-usemin": "~0.1.10",
    "grunt-mocha": "~0.4.0",
    "grunt-svgmin": "~0.2.0",
    "grunt-concurrent": "~0.3.0",
    "grunt-text-replace": "~0.3.12",
    "grunt-node-webkit-builder": "0.2.0",
    "load-grunt-tasks": "~0.1.0",
    "time-grunt": "~0.1.1",
    "appdmg": "^0.2.0"
  }
}