{
  "name": "opentrons",
  "private": true,
  "workspaces": [
    "api/src/opentrons",
    "app",
    "app-shell",
    "components",
    "discovery-client",
    "labware-designer",
    "protocol-designer",
    "protocol-library-kludge",
    "shared-data",
    "update-server/otupdate",
    "webpack-config"
  ],
  "config": {
    "commitizen": {
      "path": "cz-conventional-changelog"
    }
  },
  "devDependencies": {
    "@babel/cli": "^7.2.0",
    "@babel/core": "^7.2.0",
    "@babel/plugin-proposal-class-properties": "^7.2.1",
    "@babel/plugin-proposal-object-rest-spread": "^7.2.0",
    "@babel/plugin-transform-modules-commonjs": "^7.2.0",
    "@babel/preset-env": "^7.2.0",
    "@babel/preset-flow": "^7.0.0",
    "@babel/preset-react": "^7.0.0",
    "ajv": "^6.2.1",
    "babel-core": "7.0.0-bridge.0",
    "babel-eslint": "^10.0.1",
    "babel-jest": "^23.6.0",
    "babel-loader": "^8.0.4",
    "babel-plugin-unassert": "^2.1.2",
    "circular-dependency-plugin": "^5.0.2",
    "codecov": "^3.1.0",
    "concurrently": "^4.0.1",
    "css-loader": "^1.0.0",
    "cz-conventional-changelog": "2.1.0",
    "electron": "3.0.2",
    "electron-builder": "^20.28.4",
    "electron-publisher-s3": "^20.17.2",
    "eslint": "4.19.1",
    "eslint-config-standard": "^10.2.1",
    "eslint-plugin-flowtype": "^3.0.0",
    "eslint-plugin-import": "^2.8.0",
    "eslint-plugin-json": "^1.3.2",
    "eslint-plugin-node": "^6.0.0",
    "eslint-plugin-promise": "^3.6.0",
    "eslint-plugin-react": "^7.11.1",
    "eslint-plugin-standard": "^3.0.1",
    "file-loader": "^2.0.0",
    "flow-bin": "^0.82.0",
    "flow-copy-source": "^2.0.2",
    "flow-mono-cli": "^1.3.4",
    "flow-typed": "^2.5.1",
    "glob": "^7.1.2",
    "handlebars": "^4.0.11",
    "handlebars-loader": "^1.7.0",
    "html-webpack-plugin": "^3.2.0",
    "identity-obj-proxy": "^3.0.0",
    "jest": "^23.6.0",
    "lerna": "^3.0.0-beta.21",
    "lost": "^8.2.0",
    "mini-css-extract-plugin": "^0.4.4",
    "optimize-css-assets-webpack-plugin": "^5.0.1",
    "portfinder": "^1.0.13",
    "postcss": "^6.0.16",
    "postcss-cssnext": "^3.0.2",
    "postcss-import": "^11.0.0",
    "postcss-loader": "^3.0.0",
    "react": "^16.6.3",
    "react-dom": "^16.6.3",
    "react-styleguidist": "^8.0.1",
    "react-test-renderer": "^16.2.0",
    "redux-mock-store": "^1.5.1",
    "script-ext-html-webpack-plugin": "^2.0.1",
    "shx": "^0.2.2",
    "style-loader": "^0.23.1",
    "stylelint": "^8.4.0",
    "stylelint-config-standard": "^18.0.0",
    "terser-webpack-plugin": "^1.1.0",
    "url-loader": "^1.1.2",
    "wait-on": "^2.1.0",
    "webpack": "^4.23.0",
    "webpack-bundle-analyzer": "^3.0.3",
    "webpack-cli": "^3.1.2",
    "webpack-dev-server": "^3.1.10",
    "webpack-merge": "^4.1.4",
    "worker-loader": "^2.0.0",
    "ws": "3.1.0"
  }
}