{
  "name": "advanced-open-file",
  "version": "0.16.8",
  "main": "./lib/advanced-open-file",
  "description": "Open and create files and directories easily. Type in a path (with autocomplete) and view directory contents.",
  "scripts": {
    "shell": "babel-node -r 0"
  },
  "activationCommands": {
    "atom-workspace": [
      "advanced-open-file:toggle"
    ]
  },
  "consumedServices": {
    "file-icons.element-icons": {
      "versions": {
        "1.0.0": "consumeElementIcons"
      }
    }
  },
  "providedServices": {
    "advanced-open-file-events": {
      "description": "Listen to events triggered when users open or create paths using advanced-open-file.",
      "versions": {
        "0.1.0": "provideEventService"
      }
    }
  },
  "keywords": [
    "atom",
    "open",
    "file",
    "create",
    "new"
  ],
  "repository": "https://github.com/Osmose/advanced-open-file",
  "license": "MIT",
  "engines": {
    "atom": ">=1.0.8"
  },
  "dependencies": {
    "event-kit": "^1.3.0",
    "fuzzaldrin-plus": "^0.3.1",
    "mkdirp": "^0.5.1",
    "minimatch": "^3.0.4",
    "osenv": "^0.1.3",
    "touch": "^1.0.0",
    "stringmap": "~0.2.2"
  },
  "devDependencies": {
    "babel": "^5.8.35",
    "babel-eslint": "^5.0.0",
    "eslint": "^1.10.3",
    "jquery": "^3.3.1",
    "temp": "^0.8.3"
  }
}