{
  "name": "react-starter",
  "version": "0.1.0",
  "main": "backend/server.js",
  "engines": {
    "node": "4.2.2",
    "npm": "2.14.7"
  },
  "license": "MIT",
  "scripts": {
    "postinstall": "bash ./bin/postinstall ; cp sample.env dev.env",
    "eslint": "eslint .",
    "webpack": "webpack --progress --profile",
    "webpack-server": "webpack-dev-server --config webpack.server.js --progress --port 2992 --inline",
    "node": "node backend/server.js",
    "start": "nodemon",
    "mocha": "mocha --opts tests/mocha.opts tests"
  },
  "dependencies": {
    "autoprefixer-loader": "^3.1.0",
    "axios": "^0.7.0",
    "babel-core": "^6.24.0",
    "babel-loader": "^6.4.1",
    "babel-plugin-transform-class-properties": "^6.23.0",
    "babel-plugin-transform-decorators-legacy": "^1.3.4",
    "babel-plugin-transform-object-assign": "^6.22.0",
    "babel-plugin-transform-object-rest-spread": "^6.23.0",
    "babel-polyfill": "^6.23.0",
    "babel-preset-react": "^6.23.0",
    "babel-preset-latest": "^6.24.0",
    "babel-preset-stage-0": "^6.22.0",
    "babel-preset-stage-1": "^6.22.0",
    "babel-preset-stage-2": "^6.22.0",
    "babel-preset-stage-3": "^6.22.0",
    "baobab": "^2.0.0",
    "baobab-react": "^1.0.0",
    "body-parser": "^1.12.4",
    "bootstrap": "^3.3.4",
    "bootstrap-ext": "^0.2.0",
    "classnames": "^2.1.5",
    "compression": "^1.6.0",
    "cookie-parser": "^1.3.4",
    "css-loader": "^0.28.0",
    "deep-merge": "^1.0.0",
    "emailjs": "^1.0.0",
    "event-stream": "^3.3.1",
    "express": "^4.12.3",
    "extract-text-webpack-plugin": "^2.1.0",
    "faker": "^3.0.1",
    "file-loader": "^0.11.1",
    "flat": "^1.5.1",
    "font-awesome": "^4.3.0",
    "glob": "^5.0.9",
    "html-loader": "^0.4.5",
    "js-base64": "^2.1.8",
    "json-loader": "^0.5.2",
    "json5": "^0.5.1",
    "json5-loader": "^1.0.1",
    "less": "^2.5.1",
    "less-loader": "^4.0.3",
    "lodash.debounce": "^3.1.0",
    "lodash.throttle": "^3.0.3",
    "marked": "^0.3.3",
    "mkdirp": "^0.5.0",
    "moment": "^2.10.3",
    "morgan": "^1.5.3",
    "node-uuid": "^1.4.3",
    "nunjucks": "^2.1.0",
    "paqmind.data-lens": "^0.6.0",
    "paqmind.tcomb-lens": "^0.2.0",
    "ramda": "^0.23.0",
    "raw-loader": "^0.5.1",
    "react": "^0.13.3",
    "react-document-title": "^2.0.1",
    "react-hot-loader": "^1.2.7",
    "react-proxy-loader": "^0.3.4",
    "react-router": "^0.13.2",
    "readable-stream": "^1.1.13",
    "style-loader": "^0.16.1",
    "tcomb": "^2.5.0",
    "tcomb-validation": "^2.2.0",
    "url-loader": "^0.5.6",
    "util": "^0.10.3",
    "webpack": "^1.12.11",
    "webpack-dev-server": "^1.14.1",
    "winston": "^1.0.0",
    "winston-mail": "^0.5.0",
    "yargs": "^3.9.1"
  },
  "devDependencies": {
    "babel-eslint": "^4.1.3",
    "chai": "^3.3.0",
    "eslint": "^1.5.1",
    "mocha": "^2.2.5",
    "nodemon": "^1.3.7"
  },
  "babel": {
    "plugins": [
      "transform-class-properties",
      "transform-decorators-legacy",
      "transform-object-assign",
      "transform-object-rest-spread"
    ],
    "presets": [
      "stage-3",
      "stage-2",
      "stage-1",
      "stage-0",
      "react",
      "latest"
    ]
  }
}