{
  "private": true,
  "scripts": {
    "dev": "webpack-dev-server --inline --hot",
    "build": "cross-env NODE_ENV=production webpack --progress --hide-modules",
    "watch-css": "gulp watchsass",
    "watch-js": "webpack --watch"
  },
  "devDependencies": {
    "babel-core": "^6.13.2",
    "babel-loader": "^6.2.5",
    "babel-plugin-transform-runtime": "^6.12.0",
    "babel-preset-es2015": "^6.13.2",
    "babel-preset-stage-2": "^6.13.0",
    "bower": "^1.7.9",
    "cross-env": "^2.0.0",
    "css-loader": "^0.23.1",
    "file-loader": "^0.9.0",
    "gulp": "^3.9.1",
    "gulp-minify-css": "^1.2.4",
    "gulp-sass": "^2.3.2",
    "gulp-sourcemaps": "^2.2.0",
    "json-loader": "^0.5.4",
    "less": "^2.7.1",
    "less-loader": "^2.2.3",
    "stylus-loader": "^2.3.1",
    "url-loader": "^0.5.7",
    "vue-hot-reload-api": "^2.0.6",
    "vue-html-loader": "^1.2.3",
    "vue-loader": "^8.5.3",
    "vue-style-loader": "^1.0.0",
    "webpack": "^1.13.2",
    "webpack-server": "^0.1.2"
  },
  "dependencies": {
    "axios": "^0.15.2",
    "babel-runtime": "^6.11.6",
    "mint-ui": "^1.0.2",
    "stylus": "^0.54.5",
    "vue": "^1.0.26",
    "vue-router": "^0.7.13"
  }
}