{
  "name": "angular-websocket",
  "version": "2.0.1",
  "main": "./dist/angular-websocket.js",
  "description": "An Angular WebSocket service for connecting client applications to servers.",
  "homepage": "https://github.com/angular-class/angular-websocket",
  "bugs": "https://github.com/angular-class/angular-websocket/issues",
  "keywords": [
    "angular",
    "angularjs",
    "javascript",
    "realtime",
    "websockets",
    "websocket",
    "angular-websocket",
    "angular-websockets",
    "angular-socket",
    "ngWebSocket",
    "ngWebSockets",
    "angular-class",
    "AngularClass",
    "gdi2290",
    "PatrickJS"
  ],
  "scripts": {
    "pretest": "npm run dist",
    "test": "karma start karma.conf.js",
    "predist": "rimraf dist/ && mkdirp dist/",
    "dist": "babel src/ --out-dir dist/",
    "postdist": "uglifyjs dist/angular-websocket.js > dist/angular-websocket.min.js --source-map dist/angular-websocket.min.js.map --source-map-url angular-websocket.min.js.map --mangle --compress --stats",
    "example": "browserify --debug -t browserify-ngannotate ./example/browserify-example/app/app.js --outfile ./example/browserify-example/bundle.js"
  },
  "author": {
    "name": "Patrick Stapleton",
    "email": "github@gdi2290.com",
    "url": "www.gdi2290.com"
  },
  "repository": {
    "type": "git",
    "url": "git@github.com:angular-class/angular-websocket.git"
  },
  "license": "MIT",
  "dependencies": {
    "angular": "*",
    "ws": "^1.1.0"
  },
  "devDependencies": {
    "angular-animate": "^1.3.13",
    "babel-cli": "^6.7.5",
    "babel-plugin-add-module-exports": "^0.1.2",
    "babel-plugin-transform-es2015-modules-umd": "^6.6.5",
    "babel-preset-es2015": "^6.6.0",
    "browserify": "^13.0.0",
    "browserify-ngannotate": "^2.0.0",
    "bufferutil": "^1.2.1",
    "jasmine-core": "^2.3.4",
    "karma": "^0.13.22",
    "karma-chrome-launcher": "^0.2.3",
    "karma-firefox-launcher": "^0.1.4",
    "karma-jasmine": "^0.3.5",
    "karma-phantomjs-launcher": "^1.0.0",
    "karma-requirejs": "~0.2.1",
    "karma-safari-launcher": "^0.1.1",
    "karma-script-launcher": "^0.2.0",
    "karma-slimerjs-launcher": "^0.2.0",
    "mkdirp": "^0.5.1",
    "ng-annotate": "^1.0.0",
    "phantomjs": "^2.1.3",
    "phantomjs-prebuilt": "^2.1.7",
    "requirejs": "^2.1.16",
    "rimraf": "^2.5.2",
    "uglify-js": "^2.4.16",
    "utf-8-validate": "^1.2.1"
  }
}