{
  "name": "spotify",
  "version": "0.1.0",
  "private": true,
  "dependencies": {
    "lodash": "^4.17.4",
    "react": "^16.1.1",
    "react-dom": "^16.1.1",
    "react-redux": "^5.0.6",
    "redux": "^3.7.2",
    "redux-thunk": "^2.2.0"
  },
  "devDependencies": {
    "autoprefixer": "7.1.6",
    "babel-core": "6.26.0",
    "babel-eslint": "7.2.3",
    "babel-jest": "20.0.3",
    "babel-loader": "7.1.2",
    "babel-preset-react-app": "^3.1.0",
    "babel-runtime": "6.26.0",
    "case-sensitive-paths-webpack-plugin": "2.1.1",
    "chai": "^4.1.2",
    "chalk": "1.1.3",
    "css-loader": "0.28.7",
    "dotenv": "4.0.0",
    "enzyme": "^3.3.0",
    "enzyme-adapter-react-16": "^1.1.1",
    "eslint": "^4.10.0",
    "eslint-config-prettier": "2.2.0",
    "eslint-config-react-app": "^2.0.1",
    "eslint-loader": "1.9.0",
    "eslint-plugin-flowtype": "2.39.1",
    "eslint-plugin-import": "2.8.0",
    "eslint-plugin-jsx-a11y": "5.1.1",
    "eslint-plugin-prettier": "^2.3.1",
    "eslint-plugin-react": "7.4.0",
    "extract-text-webpack-plugin": "3.0.2",
    "file-loader": "1.1.5",
    "fs-extra": "3.0.1",
    "html-webpack-plugin": "2.29.0",
    "jest": "20.0.4",
    "moment": "^2.19.2",
    "object-assign": "4.1.1",
    "postcss-flexbugs-fixes": "3.2.0",
    "postcss-loader": "2.0.8",
    "prettier": "^1.8.2",
    "promise": "8.0.1",
    "prop-types": "^15.6.0",
    "raf": "3.4.0",
    "react-dev-utils": "^4.2.1",
    "style-loader": "0.19.0",
    "sw-precache-webpack-plugin": "0.11.4",
    "url-loader": "0.6.2",
    "webpack": "3.8.1",
    "webpack-dev-server": "2.9.4",
    "webpack-manifest-plugin": "1.3.2",
    "whatwg-fetch": "2.0.3"
  },
  "scripts": {
    "start": "node scripts/start.js",
    "build": "node scripts/build.js",
    "test": "node scripts/test.js --env=jsdom"
  },
  "jest": {
    "collectCoverageFrom": [
      "src/**/*.{js,jsx,mjs}"
    ],
    "setupFiles": [
      "<rootDir>/config/polyfills.js"
    ],
    "setupTestFrameworkScriptFile": "<rootDir>/src/setupTests.js",
    "testMatch": [
      "<rootDir>/src/**/__tests__/**/*.{js,jsx,mjs}",
      "<rootDir>/src/**/?(*.)(spec|test).{js,jsx,mjs}"
    ],
    "testEnvironment": "node",
    "testURL": "http://localhost",
    "transform": {
      "^.+\\.(js|jsx|mjs)$": "<rootDir>/node_modules/babel-jest",
      "^.+\\.css$": "<rootDir>/config/jest/cssTransform.js",
      "^(?!.*\\.(js|jsx|mjs|css|json)$)": "<rootDir>/config/jest/fileTransform.js"
    },
    "transformIgnorePatterns": [
      "[/\\\\]node_modules[/\\\\].+\\.(js|jsx|mjs)$"
    ],
    "moduleNameMapper": {
      "^react-native$": "react-native-web"
    },
    "moduleFileExtensions": [
      "web.js",
      "mjs",
      "js",
      "json",
      "web.jsx",
      "jsx",
      "node"
    ]
  },
  "babel": {
    "presets": [
      "react-app"
    ]
  },
  "eslintConfig": {
    "extends": "react-app"
  }
}