{
  "devDependencies": {
    "@babel/core": "^7.2.2",
    "@babel/preset-env": "^7.2.3",
    "del": "^3.0.0",
    "gulp": "^4.0.0",
    "gulp-autoprefixer": "^6.0.0",
    "gulp-babel": "^8.0.0",
    "gulp-better-rollup": "^3.4.0",
    "gulp-cache": "^1.1.0",
    "gulp-concat": "^2.5.2",
    "gulp-cssnano": "^2.0.0",
    "gulp-htmlmin": "^5.0.1",
    "gulp-if": "^2.0.0",
    "gulp-imagemin": "^5.0.3",
    "gulp-load-plugins": "^1.0.0",
    "gulp-newer": "^1.0.0",
    "gulp-size": "^3.0.0",
    "gulp-useref": "^3.1.6",
    "rollup-plugin-babel": "^4.3.0"
  },
  "private": true,
  "scripts": {
    "now-build": "gulp",
    "build": "gulp",
    "serve": "serve -l tcp:0.0.0.0:8080 dist",
    "clean": "rm dist/*"
  },
  "dependencies": {
    "@babel/register": "^7.0.0",
    "comlink": "^3.1.1",
    "gulp-rollup": "^2.16.2",
    "now": "^13.1.2",
    "rollup": "^1.1.0",
    "rollup-plugin-terser": "^4.0.2",
    "serve": "^10.1.1"
  },
  "babel": {
    "presets": [
      "@babel/env"
    ]
  }
}