{
  "name": "peerio-client",
  "author": "Technologies Peerio Inc.",
  "description": "A simple and secure way to share private messages and files and store them in the cloud. End-to-end encrypted, open source, free.",
  "license": "GPL-3.0",
  "repository": {
    "type": "git",
    "url": "git://github.com/PeerioTechnologies/peerio-client.git"
  },
  "version": "1.6.5",
  "keywords": [
    "peerio",
    "encrypted messages",
    "encrypted email",
    "file sharing"
  ],
  "dependencies": {
    "gulp": "latest",
    "gulp-shell": "latest",
    "minimist": "latest",
    "nw": "latest"
  },
  "devDependencies": {
    "babel-plugin-transform-react-jsx": "^6.8.0",
    "del": "^1.2.0",
    "gulp-bump": "latest",
    "gulp-ignore": "latest",
    "gulp-rename": "latest",
    "gulp-replace": "latest",
    "gulp-zip": "latest",
    "lodash": "latest",
    "nw-builder": "flohdot/nw-builder#master",
    "run-sequence": "latest",
    "uglify-js": "latest"
  },
  "optionalDependencies": {
    "appdmg": "latest",
    "node-slackr": "latest",
    "virustotal.js": "latest"
  }
}