{
  "name": "vue-onsenui-base",
  "version": "1.0.0",
  "description": "A Vue.js project based on onsenui",
  "author": "Mingzhe Yang <yangmingzhe@benmu-health.com>",
  "private": true,
  "scripts": {
    "dev": "node build/dev-server.js",
    "start": "node build/dev-server.js",
    "build": "node build/build.js",
    "mock": "json-server --watch mock/db.json",
    "analyz": "NODE_ENV=production npm_config_report=true npm run build"
  },
  "dependencies": {
    "axios": "^0.16.0",
    "es6-promise": "^4.0.5",
    "highlight.js": "^9.11.0",
    "lodash": "^4.17.4",
    "vue": "^2.5.16",
    "vue-router": "^3.0.1",
    "vuex": "^3.0.1",
    "vue-onsenui": "^2.4.2"
  },
  "devDependencies": {
    "autoprefixer": "^7.1.2",
    "babel-core": "^6.22.1",
    "babel-loader": "^7.1.1",
    "babel-plugin-syntax-dynamic-import": "^6.18.0",
    "babel-plugin-transform-runtime": "^6.22.0",
    "babel-preset-env": "^1.3.2",
    "babel-preset-stage-2": "^6.22.0",
    "babel-register": "^6.22.0",
    "chalk": "^2.0.1",
    "clean-webpack-plugin": "^0.1.16",
    "connect-history-api-fallback": "^1.3.0",
    "copy-webpack-plugin": "^4.0.1",
    "css-loader": "^0.28.0",
    "cssnano": "^3.10.0",
    "eventsource-polyfill": "^0.9.6",
    "express": "^4.14.1",
    "extract-text-webpack-plugin": "^2.0.0",
    "file-loader": "^0.11.1",
    "friendly-errors-webpack-plugin": "^1.1.3",
    "html-webpack-plugin": "^2.28.0",
    "http-proxy-middleware": "^0.17.3",
    "json-server": "^0.14.0",
    "less": "^2.7.2",
    "less-loader": "^4.0.5",
    "node-sass": "^4.5.3",
    "onsenui": "^2.8.2",
    "opn": "^5.1.0",
    "optimize-css-assets-webpack-plugin": "^2.0.0",
    "ora": "^1.2.0",
    "rimraf": "^2.6.0",
    "sass-loader": "^6.0.6",
    "semver": "^5.3.0",
    "shelljs": "^0.7.6",
    "url-loader": "^0.5.8",
    "vue-loader": "^12.1.0",
    "vue-style-loader": "^3.0.1",
    "vue-template-compiler": "^2.3.3",
    "webpack": "^2.6.1",
    "webpack-bundle-analyzer": "^2.2.1",
    "webpack-dev-middleware": "^1.10.0",
    "webpack-hot-middleware": "^2.18.0",
    "webpack-merge": "^4.1.0"
  },
  "engines": {
    "node": ">= 4.0.0",
    "npm": ">= 3.0.0"
  },
  "browserslist": [
    "> 1%",
    "last 2 versions",
    "not ie <= 8"
  ]
}