{
  "name": "apollo-vuex-example",
  "description": "A Vue.js project",
  "version": "1.0.0",
  "author": "Pier Bover <yo@pierbover.com>",
  "private": true,
  "scripts": {
    "dev": "cross-env NODE_ENV=development webpack-dev-server --open --hot",
    "build": "cross-env NODE_ENV=production webpack --progress --hide-modules"
  },
  "dependencies": {
    "apollo-client": "^1.4.2",
    "subscriptions-transport-ws": "^0.7.3",
    "vue": "^2.3.3",
    "vuex": "^2.3.1"
  },
  "devDependencies": {
    "babel-core": "^6.0.0",
    "babel-loader": "^6.0.0",
    "babel-preset-env": "^1.5.1",
    "cross-env": "^3.0.0",
    "css-loader": "^0.25.0",
    "file-loader": "^0.9.0",
    "vue-loader": "^12.1.0",
    "vue-template-compiler": "^2.3.3",
    "webpack": "^2.6.1",
    "webpack-dev-server": "^2.4.5"
  }
}