{
  "private": true,
  "name": "popmotion-packages",
  "author": "Matt Perry",
  "homepage": "https://popmotion.io",
  "scripts": {
    "bootstrap": "lerna bootstrap",
    "build": "cd packages/easing && yarn build && cd ../style-value-types && yarn build && cd ../framesync && yarn build && cd ../popcorn && yarn build && cd ../stylefire && yarn build && cd ../popmotion && yarn build && cd ../pose-core && yarn build && cd ../animated-pose && yarn build && cd ../react-pose-core && yarn build && cd ../react-native-pose && yarn build && cd ../popmotion-pose && yarn build && cd ../react-pose && yarn build && yarn build && cd ../react-pose-text && yarn build",
    "playground": "start-storybook -p 6006",
    "build-playground": "build-storybook",
    "clean": "lerna clean --yes && rm -rf node_modules",
    "clear": "yarn clean && rm yarn.lock",
    "test": "lerna run test"
  },
  "devDependencies": {
    "@storybook/react": "^3.2.13",
    "@types/jest": "^23.1.1",
    "babel-cli": "^6.26.0",
    "babel-core": "^6.26.3",
    "babel-eslint": "^5.0.4",
    "babel-loader": "^6.0.1",
    "babel-plugin-annotate-pure-calls": "^0.2.2",
    "babel-plugin-root-import": "^5.1.0",
    "babel-plugin-transform-export-extensions": "^6.4.0",
    "babel-plugin-transform-react-constant-elements": "^6.9.1",
    "babel-plugin-transform-react-jsx": "^6.24.1",
    "babel-plugin-transform-react-remove-prop-types": "^0.2.6",
    "babel-plugin-transform-runtime": "^6.23.0",
    "babel-preset-env": "^1.6.1",
    "babel-preset-react": "^6.16.0",
    "babel-preset-stage-0": "^6.24.1",
    "babel-preset-stage-2": "^6.17.0",
    "babel-register": "^6.3.13",
    "eslint": "^3.19.0",
    "eslint-plugin-flowtype": "^2.30.0",
    "eslint-plugin-import": "^2.2.0",
    "eslint-plugin-jasmine": "2.2.0",
    "eslint-plugin-jsx-a11y": "^4.0.0",
    "eslint-plugin-react": "^6.10.0",
    "estraverse-fb": "^1.3.1",
    "husky": "^1.1.2",
    "jest": "^23.1.0",
    "jest-cli": "^23.1.0",
    "lerna": "^3.0.6",
    "lint-staged": "^7.3.0",
    "prettier": "^1.14.3",
    "react": "^16.4.2",
    "react-dom": "^16.4.2",
    "string-replace-loader": "^1.3.0",
    "styled-components": "^4.1.1",
    "ts-jest": "^22.4.6",
    "tslint": "^5.11.0",
    "typescript": "^2.9.2",
    "webpack": "^3.0.0"
  },
  "workspaces": {
    "packages": [
      "packages/*"
    ],
    "nohoist": [
      "gatsby"
    ]
  },
  "resolutions": {
    "jest": "^23.1.0",
    "babel-jest": "^22.4.3"
  },
  "prettier": {
    "parser": "typescript",
    "singleQuote": true
  },
  "husky": {
    "hooks": {
      "pre-commit": "lint-staged"
    }
  },
  "lint-staged": {
    "*.{ts,tsx}": [
      "prettier --write",
      "git add"
    ]
  },
  "dependencies": {
    "tslint-config-prettier": "^1.15.0",
    "tslint-react": "^3.6.0"
  }
}