{
  "name": "react-native-charts",
  "version": "3.0.0",
  "description": "Delightfully-animated data visualization.",
  "main": "src/index.js",
  "scripts": {
    "test": "echo \"Error: no test specified\" && exit 1"
  },
  "author": "PrazAs Learning Inc",
  "license": "ISC",
  "repository": {
    "type": "git",
    "url": "git+https://github.com/PrazAs/react-native-charts.git"
  },
  "keywords": [
    "react",
    "native",
    "bar",
    "chart",
    "react-native",
    "react-component"
  ],
  "bugs": {
    "url": "https://github.com/PrazAs/react-native-charts/issues"
  },
  "homepage": "https://github.com/PrazAs/react-native-charts#readme",
  "dependencies": {
    "memoizee": "^0.3.9",
    "underscore": "^1.8.3"
  },
  "devDependencies": {
    "babel-eslint": "^5.0.0",
    "eslint": "^2.2.0",
    "eslint-config-airbnb": "^6.0.1",
    "eslint-plugin-react": "^4.0.0"
  }
}