{
  "name": "prettyhtml-repo",
  "private": true,
  "version": "0.0.0",
  "description": "",
  "scripts": {
    "publish": "lerna publish --registry=https://registry.npmjs.org/",
    "clean": "lerna clean",
    "prettify": "prettier --write \"./**/*.js\" --write \"./**/*.ts\"",
    "test": "lerna exec --parallel -- yarn test",
    "lint": "eslint .",
    "format": "prettier --write 'packages/**/*.{js,ts,md}'",
    "build-ts": "lerna exec --scope @starptech/webparser --scope @starptech/hast-util-from-webparser --scope @starptech/rehype-webparser -- yarn run build-ts"
  },
  "husky": {
    "hooks": {
      "pre-commit": "yarn test && pretty-quick --staged"
    }
  },
  "repository": {
    "type": "git",
    "url": "git+https://github.com/StarpTech/prettyhtml.git"
  },
  "author": "Dustin Deus <deusdustin@gmail.com> (http://www.starptech.de)",
  "license": "ISC",
  "bugs": {
    "url": "https://github.com/StarpTech/prettyhtml/issues"
  },
  "homepage": "https://github.com/StarpTech/prettyhtml#readme",
  "devDependencies": {
    "eslint-config-airbnb-base": "^13.1.0",
    "eslint-config-hemera": "^1.0.0",
    "eslint-config-prettier": "^4.0.0",
    "eslint-plugin-import": "^2.16.0",
    "eslint-plugin-mocha": "^5.3.0",
    "eslint-plugin-node": "^8.0.1",
    "eslint-plugin-prettier": "^3.0.1",
    "eslint-plugin-promise": "^4.0.1",
    "@types/jest": "^24.0.6",
    "@types/node": "^11.9.4",
    "eslint": "^5.14.1",
    "husky": "^1.3.1",
    "lerna": "^3.13.0",
    "nyc": "^13.3.0",
    "prettier": "^1.16.4",
    "unist-util-inspect": "^4.1.3",
    "pretty-quick": "^1.10.0"
  },
  "workspaces": [
    "packages/*"
  ]
}