{
  "name": "osrm",
  "description": "Open Source Routing Machine",
  "url": "https://github.com/Project-OSRM/node-osrm",
  "homepage": "http://project-osrm.org",
  "author": "Dane Springmeyer <springmeyer>",
  "version": "5.6.0-latest",
  "osrm_release": "master",
  "main": "./lib/index.js",
  "license": "BSD-2-Clause",
  "bugs": {
    "email": "dane@mapbox.com",
    "url": "https://github.com/Project-OSRM/node-osrm/issues"
  },
  "keywords": [
    "routing",
    "matching",
    "distance table",
    "TSP"
  ],
  "repository": {
    "type": "git",
    "url": "git://github.com/Project-OSRM/node-osrm.git"
  },
  "binary": {
    "module_name": "node-osrm",
    "module_path": "./lib/binding/",
    "host": "https://mapbox-node-binary.s3.amazonaws.com",
    "remote_path": "./{name}/v{version}/{configuration}/",
    "package_name": "{node_abi}-{platform}-{arch}.tar.gz"
  },
  "dependencies": {
    "nan": "^2.1.0",
    "node-cmake": "^1.2.1",
    "node-pre-gyp": "~0.6.30"
  },
  "devDependencies": {
    "aws-sdk": "~2.0.31",
    "tape": "^4.2.2"
  },
  "engines": {
    "node": ">=4"
  },
  "scripts": {
    "preinstall": "npm install node-pre-gyp",
    "prepublish": "make profiles",
    "install": "node-pre-gyp install --fallback-to-build=false || make",
    "test": "node test/index.js",
    "docs": "npm install documentation@^4.0.0-beta5 && documentation build src/node_osrm.cpp --polyglot -f md -o docs/api.md"
  }
}