{
  "name": "prosemirror",
  "version": "0.0.0",
  "description": "Structured WYSIWYM editor",
  "license": "MIT",
  "maintainers": [
    {
      "name": "Marijn Haverbeke",
      "email": "marijnh@gmail.com",
      "web": "http://marijnhaverbeke.nl"
    }
  ],
  "repository": {
    "type": "git",
    "url": "git://github.com/prosemirror/prosemirror.git"
  },
  "dependencies": {
    "blint": "^1.0.0",
    "browserify": "^13.1.1",
    "bubleify": "^0.6.0",
    "glob": "^3.0.0",
    "mocha": "^3.5.0",
    "moduleserve": "^0.8.3",
    "rollup": "^0.49.0"
  },
  "scripts": {
    "demo": "moduleserve demo",
    "test": "bin/pm test",
    "lint": "bin/pm lint"
  },
  "workspaces": [
    "*"
  ],
  "private": true
}