{
  "name": "ng-knob",
  "version": "0.1.4",
  "description": "Angular.js Knob directive",
  "homepage": "https://radmie.github.io/ng-knob",
  "devDependencies": {
    "grunt": "^0.4.5",
    "grunt-autoprefixer": "^3.0.3",
    "grunt-contrib-connect": "^0.11.2",
    "grunt-contrib-csslint": "^0.5.0",
    "grunt-contrib-jshint": "^0.11.3",
    "grunt-contrib-uglify": "^0.11.0",
    "grunt-contrib-watch": "^0.6.1",
    "jshint-stylish": "^2.1.0",
    "load-grunt-tasks": "^3.3.0"
  },
  "scripts": {
    "test": "echo \"Error: no test specified\" && exit 1"
  },
  "authors": [
    "RadMie <radoslaw.mietkiewicz@gmail.com>"
  ],
  "license": "MIT",
  "keywords": [
    "angular",
    "d3",
    "control",
    "ui",
    "gauge",
    "knob"
  ]
}