{
  "name": "vue-douban",
  "version": "1.0.0",
  "description": "A Vue.js project for douban.com",
  "author": "Ralf <zhangkang103@gmail.com>",
  "license": "MIT",
  "private": true,
  "scripts": {
    "dev": "node build/dev-server.js",
    "build": "node build/build.js",
    "unit": "cross-env BABEL_ENV=test karma start test/unit/karma.conf.js --single-run",
    "e2e": "node test/e2e/runner.js",
    "test": "npm run unit && npm run e2e",
    "lint-backup": "eslint --ext .js,.vue src test/unit/specs test/e2e/specs",
    "lint": "eslint --fix *.js *.vue src/* test/unit/specs/* test/e2e/specs/*"
  },
  "dependencies": {
    "vue": "^2.1.10",
    "vue-router": "^2.2.0",
    "vuex": "^2.2.1"
  },
  "devDependencies": {
    "autoprefixer": "^6.7.2",
    "axios": "^0.15.3",
    "babel-core": "^6.22.1",
    "babel-eslint": "^7.1.1",
    "babel-loader": "^6.2.10",
    "babel-plugin-istanbul": "^3.1.2",
    "babel-plugin-transform-runtime": "^6.22.0",
    "babel-preset-es2015": "^6.22.0",
    "babel-preset-stage-2": "^6.22.0",
    "babel-register": "^6.22.0",
    "chai": "^3.5.0",
    "chalk": "^1.1.3",
    "chromedriver": "^2.27.2",
    "connect-history-api-fallback": "^1.3.0",
    "copy-webpack-plugin": "^4.0.1",
    "cross-env": "^3.1.4",
    "cross-spawn": "^5.0.1",
    "css-loader": "^0.26.1",
    "eslint": "^3.14.1",
    "eslint-config-airbnb-base": "^11.0.1",
    "eslint-friendly-formatter": "^2.0.7",
    "eslint-import-resolver-webpack": "^0.8.1",
    "eslint-loader": "^1.6.1",
    "eslint-plugin-html": "^2.0.0",
    "eslint-plugin-import": "^2.2.0",
    "eventsource-polyfill": "^0.9.6",
    "express": "^4.14.1",
    "extract-text-webpack-plugin": "^2.0.0-rc.2",
    "file-loader": "^0.10.0",
    "friendly-errors-webpack-plugin": "^1.1.3",
    "function-bind": "^1.1.0",
    "html-webpack-plugin": "^2.28.0",
    "http-proxy-middleware": "^0.17.3",
    "inject-loader": "^2.0.1",
    "karma": "^1.4.1",
    "karma-coverage": "^1.1.1",
    "karma-mocha": "^1.3.0",
    "karma-phantomjs-launcher": "^1.0.2",
    "karma-sinon-chai": "^1.2.4",
    "karma-sourcemap-loader": "^0.3.7",
    "karma-spec-reporter": "0.0.26",
    "karma-webpack": "^2.0.2",
    "keycode": "^2.1.7",
    "less": "^2.7.2",
    "less-loader": "^2.2.3",
    "lolex": "^1.5.2",
    "mocha": "^3.2.0",
    "muse-ui": "^2.0.0-rc.5",
    "nightwatch": "^0.9.12",
    "opn": "^4.0.2",
    "optimize-css-assets-webpack-plugin": "^1.3.0",
    "ora": "^1.1.0",
    "phantomjs-prebuilt": "^2.1.14",
    "rimraf": "^2.6.0",
    "selenium-server": "^3.0.1",
    "semver": "^5.3.0",
    "sinon": "^1.17.7",
    "sinon-chai": "^2.8.0",
    "url-loader": "^0.5.7",
    "vue-loader": "^11.0.0",
    "vue-style-loader": "^2.0.0",
    "vue-template-compiler": "^2.1.10",
    "vuex": "^2.2.1",
    "webpack": "^2.2.1",
    "webpack-bundle-analyzer": "^2.2.1",
    "webpack-dev-middleware": "^1.10.0",
    "webpack-hot-middleware": "^2.16.1",
    "webpack-merge": "^2.6.1"
  },
  "engines": {
    "node": ">= 4.0.0",
    "npm": ">= 3.0.0"
  }
}