{
  "name": "better-log",
  "version": "1.3.3",
  "description": "console.log wrapper for a bit more readable output",
  "main": "index.js",
  "repository": {
    "type": "git",
    "url": "git+https://github.com/rreverser/better-log.git"
  },
  "scripts": {
    "test": "node test"
  },
  "keywords": [
    "console",
    "log",
    "readability",
    "inspect"
  ],
  "author": "Ingvar Stepanyan <me@rreverser.com> (http://rreverser.com/)",
  "license": "MIT",
  "bugs": {
    "url": "https://github.com/rreverser/better-log/issues"
  },
  "homepage": "https://github.com/rreverser/better-log#readme"
}