{
  "name": "0x-starter-project",
  "version": "2.0.0",
  "description": "0x Starter Project",
  "scripts": {
    "lint": "tslint --format stylish --project . --exclude **/src/generated_contract_wrappers/**/*",
    "watch": "cross-env tsc -w",
    "build": "cross-env tsc",
    "clean": "shx rm -rf lib",
    "download_snapshot": "cross-env-shell download --extract --strip 1 --out 0x_ganache_snapshot ${npm_package_config_snapshot_url}",
    "ganache-cli": "cross-env ganache-cli --noVMErrorsOnRPCResponse --gasLimit 10000000 --db 0x_ganache_snapshot  -p 8545 --networkId 50 -m \"concert load couple harbor equip island argue ramp clarify fence smart topic\"",
    "fake_sra_server": "cross-env yarn build && node ./lib/sra_server.js",
    "scenario:all": "cross-env yarn build && node ./lib/scenarios/all.js",
    "scenario:dutch_auction": "cross-env yarn build && node ./lib/scenarios/dutch_auction.js",
    "scenario:fill_order_erc20": "cross-env yarn build && node ./lib/scenarios/fill_order_erc20.js",
    "scenario:fill_order_sra": "cross-env yarn build && node ./lib/scenarios/fill_order_sra.js",
    "scenario:fill_order_fees": "cross-env yarn build && node ./lib/scenarios/fill_order_fees.js",
    "scenario:fill_order_erc721": "cross-env yarn build && node ./lib/scenarios/fill_order_erc721.js",
    "scenario:fill_order_multi_asset": "cross-env yarn build && node ./lib/scenarios/fill_order_multi_asset.js",
    "scenario:match_orders": "cross-env yarn build && node ./lib/scenarios/match_orders.js",
    "scenario:execute_transaction": "cross-env yarn build && node ./lib/scenarios/execute_transaction.js",
    "scenario:execute_transaction_cancel_order": "cross-env yarn build && node ./lib/scenarios/execute_transaction_cancel_order.js",
    "scenario:cancel_orders_up_to": "cross-env yarn build && node ./lib/scenarios/cancel_orders_up_to.js",
    "scenario:forwarder_buy_erc20_tokens": "cross-env yarn build && node ./lib/scenarios/forwarder_buy_erc20_tokens.js",
    "scenario:forwarder_buy_erc721_tokens": "cross-env yarn build && node ./lib/scenarios/forwarder_buy_erc721_tokens.js",
    "scenario:exchange_subscribe": "cross-env yarn build && node ./lib/scenarios/exchange_subscribe.js"
  },
  "config": {
    "mnemonic": "concert load couple harbor equip island argue ramp clarify fence smart topic",
    "snapshot_url": "http://ganache-snapshots.0x.org.s3.amazonaws.com/0x_ganache_snapshot-2.4.0.zip"
  },
  "author": "",
  "license": "Apache-2.0",
  "dependencies": {
    "0x.js": "^4.0.0",
    "@0x/abi-gen-wrappers": "^3.0.0",
    "@0x/connect": "^4.0.0",
    "@0x/contract-addresses": "^2.2.1",
    "@0x/contract-artifacts": "^1.0.0",
    "@0x/subproviders": "^3.0.0",
    "@0x/web3-wrapper": "^4.0.0",
    "body-parser": "^1.18.3",
    "cli-table": "^0.3.1",
    "copyfiles": "^2.0.0",
    "express": "^4.16.3",
    "http": "^0.0.0",
    "lodash": "^4.17.5",
    "ora": "^2.1.0",
    "run-s": "^0.0.0",
    "websocket": "^1.0.26"
  },
  "devDependencies": {
    "@0x/dev-utils": "^2.0.0",
    "@0x/tslint-config": "^3.0.0",
    "@types/body-parser": "^1.17.0",
    "@types/express": "^4.16.0",
    "@types/lodash": "^4.14.116",
    "@types/websocket": "^0.0.39",
    "cross-env": "^5.1.4",
    "download-cli": "^1.0.5",
    "ethereum-types": "^2.0.0",
    "ganache-cli": "6.1.6",
    "make-promises-safe": "^1.1.0",
    "npm-run-all": "^4.1.2",
    "shx": "^0.2.2",
    "tslint": "5.11.0",
    "typescript": "3.0.1"
  }
}