{
  "name": "2019-typography-calendar",
  "version": "0.0.1",
  "author": "Ionic Framework",
  "homepage": "http://ionicframework.com/",
  "private": true,
  "scripts": {
    "start": "ionic-app-scripts serve",
    "clean": "ionic-app-scripts clean",
    "build": "ionic-app-scripts build",
    "lint": "ionic-app-scripts lint"
  },
  "dependencies": {
    "@angular/animations": "5.2.11",
    "@angular/common": "5.2.11",
    "@angular/compiler": "5.2.11",
    "@angular/compiler-cli": "5.2.11",
    "@angular/core": "5.2.11",
    "@angular/forms": "5.2.11",
    "@angular/http": "5.2.11",
    "@angular/platform-browser": "5.2.11",
    "@angular/platform-browser-dynamic": "5.2.11",
    "@ionic-native/android-full-screen": "^4.19.0",
    "@ionic-native/android-permissions": "^4.19.0",
    "@ionic-native/base64-to-gallery": "^4.18.0",
    "@ionic-native/core": "~4.17.0",
    "@ionic-native/firebase": "^4.18.0",
    "@ionic-native/in-app-browser": "^4.19.0",
    "@ionic-native/local-notifications": "^4.19.0",
    "@ionic-native/market": "^4.19.0",
    "@ionic-native/native-audio": "^4.18.0",
    "@ionic-native/native-storage": "^4.18.0",
    "@ionic-native/shake": "^4.19.0",
    "@ionic-native/splash-screen": "~4.17.0",
    "@ionic-native/status-bar": "~4.17.0",
    "@ionic-native/taptic-engine": "^4.19.0",
    "@ionic/storage": "2.2.0",
    "chinese-lunar": "^0.1.4",
    "color": "^3.1.0",
    "compare-versions": "^3.4.0",
    "cordova-android": "7.1.4",
    "cordova-base64-to-gallery": "^4.1.3",
    "cordova-ios": "4.5.5",
    "cordova-plugin-android-permissions": "1.0.0",
    "cordova-plugin-badge": "0.8.8",
    "cordova-plugin-device": "^2.0.2",
    "cordova-plugin-device-motion": "2.0.1",
    "cordova-plugin-firebase": "^2.0.5",
    "cordova-plugin-inappbrowser": "3.0.0",
    "cordova-plugin-ionic-keyboard": "^2.1.3",
    "cordova-plugin-ionic-webview": "^2.3.1",
    "cordova-plugin-local-notification": "0.9.0-beta.2",
    "cordova-plugin-market": "1.2.0",
    "cordova-plugin-nativeaudio": "^3.0.9",
    "cordova-plugin-nativestorage": "^2.3.2",
    "cordova-plugin-shake": "0.6.0",
    "cordova-plugin-splashscreen": "^5.0.2",
    "cordova-plugin-statusbar": "^2.4.2",
    "cordova-plugin-taptic-engine": "2.1.0",
    "cordova-plugin-whitelist": "^1.3.3",
    "echarts": "^4.2.1-rc.1",
    "ionic-angular": "3.9.2",
    "ionicons": "3.0.0",
    "moment": "^2.22.2",
    "rxjs": "5.5.11",
    "sw-toolbox": "3.6.0",
    "zone.js": "0.8.26",
    "zrender": "^4.0.6"
  },
  "devDependencies": {
    "@ionic/app-scripts": "3.2.1",
    "shelljs": "^0.8.3",
    "typescript": "~2.6.2"
  },
  "description": "An Ionic project",
  "cordova": {
    "plugins": {
      "cordova-plugin-whitelist": {},
      "cordova-plugin-statusbar": {},
      "cordova-plugin-device": {},
      "cordova-plugin-splashscreen": {},
      "cordova-plugin-ionic-webview": {},
      "cordova-plugin-ionic-keyboard": {},
      "cordova-base64-to-gallery": {},
      "cordova-plugin-nativestorage": {},
      "cordova-plugin-nativeaudio": {},
      "cordova-plugin-firebase": {},
      "cordova-plugin-market": {},
      "cordova-plugin-inappbrowser": {},
      "cordova-plugin-local-notification": {},
      "cordova-plugin-fullscreen": {},
      "cordova-plugin-android-permissions": {},
      "cordova-plugin-taptic-engine": {},
      "cordova-plugin-shake": {}
    },
    "platforms": [
      "ios",
      "android"
    ]
  }
}