{
  "name": "5calls-react-port",
  "homepage": "https://5calls.org",
  "version": "0.1.0",
  "private": true,
  "dependencies": {
    "@5calls/react-components": "0.0.14",
    "@bugsnag/js": "^5.0.2",
    "@bugsnag/plugin-react": "^5.0.2",
    "axios": "^0.18.0",
    "core-js": "^2.5.7",
    "i18next": "^8.4.3",
    "i18next-browser-languagedetector": "^2.0.0",
    "i18next-xhr-backend": "^1.4.2",
    "jwt-decode": "^2.2.0",
    "libphonenumber-js": "^1.2.21",
    "lodash.isequal": "^4.5.0",
    "mixpanel-browser": "^2.23.0",
    "moment": "^2.22.2",
    "npm-run-all": "^4.1.5",
    "querystring": "^0.2.0",
    "react": "^16.4.1",
    "react-dom": "^16.2.0",
    "react-ga": "^2.2.0",
    "react-helmet": "^5.2.0",
    "react-i18next": "^7.0.0",
    "react-intercom": "5calls/react-intercom",
    "react-markdown": "^4.0.0",
    "react-onclickoutside": "^6.7.1",
    "react-phone-number-input": "^1.1.13",
    "react-pluralize": "^1.4.1",
    "react-pure-lifecycle": "^3.0.0",
    "react-redux": "^5.0.5",
    "react-router": "^4.1.1",
    "react-router-dom": "^4.1.1",
    "react-router-redux": "^5.0.0-alpha.6",
    "react-snap": "^1.23.0",
    "redux": "^3.7.2",
    "redux-logger": "^3.0.6",
    "redux-persist": "^5.0.0",
    "redux-thunk": "^2.2.0",
    "string.prototype.includes": "^1.0.0",
    "wolfy87-eventemitter": "^5.2.5"
  },
  "devDependencies": {
    "@types/axios": "^0.14.0",
    "@types/enzyme": "^3.1.5",
    "@types/enzyme-adapter-react-16": "^1.0.1",
    "@types/i18next": "^8.4.1",
    "@types/jest": "^19.2.3",
    "@types/jwt-decode": "^2.2.1",
    "@types/node": "^7.0.22",
    "@types/raven-js": "^3.10.0",
    "@types/react": "^16.2.0",
    "@types/react-dom": "^16.0.5",
    "@types/react-ga": "^2.1.1",
    "@types/react-i18next": "^4.6.0",
    "@types/react-redux": "^4.4.40",
    "@types/react-router": "^4.0.9",
    "@types/react-router-dom": "^4.0.4",
    "@types/react-router-redux": "^5.0.1",
    "@types/redux-logger": "^3.0.0",
    "@types/redux-mock-store": "0.0.9",
    "@types/redux-persist": "^4.3.1",
    "app-root-path": "^2.0.1",
    "autoprefixer": "7.1.0",
    "babel-core": "^6.26.3",
    "babel-jest": "^23.4.2",
    "chalk": "1.1.3",
    "cli-highlight": "1.1.4",
    "css-loader": "0.28.1",
    "dotenv": "4.0.0",
    "enzyme": "^3.0.0",
    "enzyme-adapter-react-16": "^1.1.0",
    "enzyme-to-json": "^3.2.2",
    "file-loader": "0.11.1",
    "fs-extra": "3.0.1",
    "html-webpack-plugin": "^4.0.0-beta.5",
    "husky": "^1.2.0",
    "jest": "23.0.0",
    "lint-staged": "^8.1.0",
    "mini-css-extract-plugin": "^0.5.0",
    "moxios": "^0.4.0",
    "node-sass-chokidar": "^0.0.2",
    "object-assign": "4.1.1",
    "postcss-flexbugs-fixes": "3.0.0",
    "postcss-loader": "2.0.5",
    "prettier": "1.15.2",
    "promise": "7.1.1",
    "react-dev-utils": "^7.0.1",
    "react-error-overlay": "^1.0.6",
    "redux-mock-store": "^1.5.1",
    "sass-loader": "^7.1.0",
    "source-map-explorer": "^1.7.0",
    "source-map-loader": "^0.2.1",
    "style-loader": "0.17.0",
    "testcafe": "^0.22.0",
    "testcafe-browser-provider-browserstack": "^1.5.0",
    "testcafe-react-selectors": "^3.0.0",
    "ts-jest": "^23.1.4",
    "ts-lint": "^4.5.1",
    "ts-loader": "^4.0.0",
    "tslint": "^5.2.0",
    "tslint-loader": "^3.5.3",
    "tslint-react": "^3.0.0",
    "typescript": "^3.0.3",
    "url-loader": "0.5.8",
    "webpack": "^4.0.0",
    "webpack-cli": "^3.2.3",
    "webpack-dev-server": "^3.1.14",
    "webpack-manifest-plugin": "^2.0.4",
    "whatwg-fetch": "2.0.3"
  },
  "resolutions": {
    "**/event-stream": "^4.0.1"
  },
  "scripts": {
    "analyze": "source-map-explorer build/static/js/main.*.*",
    "build-css-from-scss": "node-sass-chokidar src/ -o src/",
    "clean-built-css": "node scripts/deleteBuiltCss.js",
    "build-css": "npm run clean-built-css && npm run build-css-from-scss",
    "watch-css": "node-sass-chokidar src/ -o src/ --watch --recursive",
    "start": "npm-run-all -p watch-css start-js",
    "start-js": "node scripts/start.js",
    "build": "node scripts/build.js",
    "postbuild": "react-snap",
    "test": "npm run tslint && npm run test:nolint",
    "test:nolint": "node scripts/test.js --env=jsdom",
    "test:coverage": "node scripts/test.js --env=jsdom --coverage",
    "tslint": "tslint 'src/**/*.ts' 'src/**/*.tsx'",
    "tslint-fix": "tslint --fix 'src/**/*.{ts,tsx}'",
    "format": "prettier --write 'src/**/*.{ts,tsx,scss}'",
    "format-and-fix": "npm-run-all format tslint-fix",
    "postinstall": "npm run build-css",
    "web-tests:all": "testcafe chrome ./web-tests/*.ts",
    "web-tests:browserstack": "node runner.js"
  },
  "husky": {
    "hooks": {
      "pre-commit": "lint-staged"
    }
  },
  "lint-staged": {
    "*.{ts,tsx}": [
      "yarn run format",
      "yarn run tslint-fix",
      "git add"
    ]
  },
  "jest": {
    "collectCoverageFrom": [
      "src/**/*.{js,jsx,ts,tsx}"
    ],
    "setupFiles": [
      "<rootDir>/config/polyfills.js",
      "<rootDir>/config/testSetup.ts"
    ],
    "moduleFileExtensions": [
      "ts",
      "tsx",
      "js",
      "jsx"
    ],
    "snapshotSerializers": [
      "enzyme-to-json/serializer"
    ],
    "testMatch": [
      "<rootDir>/src/**/__tests__/**/*.ts?(x)",
      "<rootDir>/src/**/?(*.)(spec|test).ts?(x)"
    ],
    "testEnvironment": "node",
    "testURL": "http://localhost",
    "transform": {
      "^.+\\.(ts|tsx)$": "ts-jest",
      "^.+\\.css$": "<rootDir>/config/jest/cssTransform.js",
      "^(?!.*\\.(css|json)$)": "<rootDir>/config/jest/fileTransform.js"
    },
    "transformIgnorePatterns": [
      "[/\\\\]node_modules[/\\\\].+\\.(js|jsx|ts|tssx)$"
    ]
  },
  "babel": {
    "presets": [
      "react-app"
    ]
  },
  "eslintConfig": {
    "extends": "react-app"
  },
  "react-snap": {
    "concurrency": 1
  },
  "postcss": {}
}