{
  "name": "a2gtm",
  "version": "0.0.0",
  "license": "MIT",
  "angular-cli": {},
  "scripts": {
    "ng": "ng",
    "start": "ng serve",
    "lint": "tslint \"src/**/*.ts\"",
    "test": "ng test",
    "pree2e": "webdriver-manager update --standalone false --gecko false",
    "e2e": "protractor"
  },
  "private": true,
  "dependencies": {
    "@angular/common": "^2.3.1",
    "@angular/compiler": "^2.3.1",
    "@angular/core": "^2.3.1",
    "@angular/forms": "^2.3.1",
    "@angular/http": "^2.3.1",
    "@angular/platform-browser": "^2.3.1",
    "@angular/platform-browser-dynamic": "^2.3.1",
    "@angular/router": "^3.3.1",
    "core-js": "^2.4.1",
    "rxjs": "^5.0.1",
    "ts-helpers": "^1.1.1",
    "zone.js": "^0.7.2",
    "async": "^1.5.0",
    "body-parser": "^1.14.1",
    "cors": "^2.7.1",
    "express": "~4.13.3",
    "lodash": "^4.11.1",
    "method-override": "^2.3.5",
    "mime": "^1.3.4",
    "mongoose": "^4.2.7",
    "morgan": "^1.7.0",
    "socket.io": "^1.4.5",
    "socket.io-client": "^1.4.5"
  },
  "devDependencies": {
    "@angular/cli": "^1.0.0-rc.1",
    "@angular/compiler-cli": "^2.3.1",
    "@types/jasmine": "2.5.38",
    "@types/node": "^6.0.42",
    "codelyzer": "~2.0.0-beta.1",
    "jasmine-core": "2.5.2",
    "jasmine-spec-reporter": "2.5.0",
    "karma": "1.2.0",
    "karma-chrome-launcher": "^2.0.0",
    "karma-cli": "^1.0.1",
    "karma-jasmine": "^1.0.2",
    "karma-remap-istanbul": "^0.2.1",
    "protractor": "~4.0.13",
    "ts-node": "1.2.1",
    "tslint": "^4.0.2",
    "typescript": "~2.0.3"
  }
}