{
  "name": "TestTemplate",
  "version": "0.0.0",
  "license": "MIT",
  "angular-cli": {},
  "scripts": {
    "ng": "ng",
    "start": "ng serve --host 0.0.0.0 --port 4200",
    "hmr": "ng serve --host 0.0.0.0 --port 4200 4201 --hmr -e=hmr",
    "test": "ng test",
    "pree2e": "webdriver-manager update --standalone false --gecko false",
    "e2e": "protractor"
  },
  "private": true,
  "dependencies": {
    "@angular/animations": "^5.0.3",
    "@angular/common": "^5.0.3",
    "@angular/compiler": "^5.0.3",
    "@angular/core": "^5.0.3",
    "@angular/forms": "^5.0.3",
    "@angular/http": "^5.0.3",
    "@angular/platform-browser": "^5.0.3",
    "@angular/platform-browser-dynamic": "^5.0.3",
    "@angular/router": "^5.0.3",
    "@antv/data-set": "^0.8.5",
    "@antv/g2": "^3.0.5-beta.5",
    "@antv/g2-plugin-slider": "^2.0.1",
    "@types/lodash": "^4.14.62",
    "@types/moment": "^2.13.0",
    "@types/moment-timezone": "^0.2.34",
    "angular-qq-maps": "^1.0.1",
    "angular-split": "^1.0.0-rc.3",
    "angular-tree-component": "^7.0.1",
    "animate.css": "^3.5.2",
    "core-js": "^2.4.1",
    "famfamfam-flags": "^1.0.0",
    "font-awesome": "^4.7.0",
    "lodash": "^4.17.4",
    "moment": "^2.18.1",
    "moment-timezone": "^0.5.13",
    "ng-clipboard-antd": "^2.0.1",
    "ng-tree-antd": "^2.2.2",
    "ng-zorro-antd": "^0.6.15",
    "ng-zorro-antd-extra": "^1.1.7",
    "ng2-dnd": "^5.0.2",
    "ng2-img-cropper": "^0.9.0",
    "ngx-color-picker": "^5.3.5",
    "ngx-cookie-service": "^1.0.10",
    "ngx-countdown": "^2.0.4",
    "ngx-ueditor": "^1.1.0",
    "nz-schema-form": "^0.1.0",
    "push.js": "1.0.4",
    "rxjs": "^5.5.2",
    "screenfull": "^3.3.2",
    "simple-line-icons": "^2.4.1",
    "ts-helpers": "^1.1.2",
    "web-animations-js": "^2.3.1",
    "webpack-bundle-analyzer": "^2.11.1",
    "zone.js": "0.8.18"
  },
  "devDependencies": {
    "@angular/cli": "^1.5.4",
    "@angular/compiler-cli": "^5.0.3",
    "@angularclass/hmr": "^2.1.3",
    "@types/jasmine": "^2.5.38",
    "@types/node": "^8.0.27",
    "@types/z-schema": "^3.16.32",
    "codelyzer": "^3.1.2",
    "jasmine-core": "^2.5.2",
    "jasmine-spec-reporter": "^4.2.1",
    "karma": "^1.4.1",
    "karma-chrome-launcher": "^2.0.0",
    "karma-cli": "^1.0.1",
    "karma-coverage-istanbul-reporter": "^1.3.0",
    "karma-jasmine": "^1.1.0",
    "karma-jasmine-html-reporter": "^0.2.2",
    "nswag": "^11.12.7",
    "protractor": "^5.1.1",
    "ts-node": "^3.3.0",
    "tslint": "^5.7.0",
    "typescript": "2.4.2"
  }
}