{
  "name": "aesthetic-root",
  "private": true,
  "scripts": {
    "build": "beemo run-script build",
    "coverage": "yarn run jest --coverage",
    "eslint": "beemo eslint",
    "jest": "beemo jest",
    "prettier": "beemo prettier",
    "release": "lerna publish",
    "type": "beemo typescript --workspaces=* --noEmit",
    "prerelease": "yarn test && yarn run build",
    "pretest": "yarn run type",
    "test": "yarn run jest",
    "test:bundle": "yarn run build && beemo create-config typescript && webpack",
    "posttest": "yarn run eslint"
  },
  "devDependencies": {
    "@milesj/build-tools": "^0.28.1",
    "@types/react": "^16.8.4",
    "@types/react-dom": "^16.8.2",
    "babel-loader": "^8.0.5",
    "babel-plugin-css-modules-transform": "1.6.2",
    "babel-register": "^6.26.0",
    "chalk": "^2.4.2",
    "cheerio": "^1.0.0-rc.2",
    "fs-promise": "^2.0.3",
    "glob": "^7.1.3",
    "lerna": "^3.13.0",
    "react-dom": "^16.8.3",
    "webpack": "^4.29.5",
    "webpack-cli": "^3.2.3"
  },
  "beemo": {
    "module": "@milesj/build-tools",
    "drivers": [
      "babel",
      "eslint",
      "jest",
      "prettier",
      "typescript"
    ],
    "settings": {
      "react": true
    },
    "babel": {
      "plugins": [
        "babel-plugin-css-modules-transform"
      ]
    },
    "eslint": {
      "rules": {
        "import/export": "off"
      }
    },
    "typescript": {
      "exclude": [
        "tests/properties.tsx",
        "tests/typings.tsx"
      ]
    }
  },
  "workspaces": [
    "packages/*"
  ],
  "browserslist": [
    "ie 10"
  ]
}