{
  "name": "@algorithms/algorithms",
  "version": "0.0.0",
  "description": "Teaching people algorithms",
  "main": "lib/index.js",
  "scripts": {
    "start": "npm install && npm run test:live",
    "test": "tsc -p . && jest",
    "test:live": "jest --watchAll"
  },
  "repository": {
    "type": "git",
    "url": "git+https://github.com/basarat/algorithms.git"
  },
  "keywords": [
    "typescript",
    "javascript",
    "algorithms",
    "data-structures"
  ],
  "author": "basaratali@gmail.com",
  "license": "MIT",
  "bugs": {
    "url": "https://github.com/basarat/algorithms/issues"
  },
  "homepage": "https://github.com/basarat/algorithms#readme",
  "devDependencies": {
    "@types/jest": "22.2.3",
    "@types/node": "7.0.12",
    "jest": "22.4.3",
    "ts-jest": "22.4.3",
    "typescript": "2.8.1"
  }
}