{
  "private": true,
  "name": "@amcharts/amcharts4",
  "version": "4.1.14",
  "repository": {
    "type": "git",
    "url": "https://github.com/amcharts/amcharts4.git"
  },
  "scripts": {
    "clean": "rimraf ./dist",
    "build:tsc": "cross-env NODE_OPTIONS=--max_old_space_size=8192 tsc --project tsconfig.json",
    "build:script": "cross-env NODE_OPTIONS=--max_old_space_size=8192 node build/build.js",
    "build": "yarn run clean && yarn run build:tsc && yarn run build:script",
    "docs": "cross-env NODE_OPTIONS=--max_old_space_size=8192 typedoc --out dist/docs --ignoreCompilerErrors --excludeExternals --excludeNotExported --excludePrivate --excludeProtected src"
  },
  "browser": {
    "canvas": false,
    "fs": false,
    "jsdom": false,
    "jsdom/lib/jsdom/living/generated/utils": false,
    "jsdom/lib/jsdom/utils": false,
    "http": false,
    "https": false,
    "xmldom": false,
    "url": false
  },
  "dependencies": {
    "css-element-queries": "^1.1.0",
    "canvg": "^1.5.3",
    "pdfmake": "^0.1.36",
    "tslib": "^1.9.3",
    "xlsx": "^0.12.8"
  },
  "devDependencies": {
    "core-js": "^2.5.5",
    "cross-env": "^5.2.0",
    "rimraf": "^2.6.2",
    "source-map-loader": "^0.2.3",
    "ts-loader": "^5.2.1",
    "typedoc": "^0.12.0",
    "typescript": "2.8.1",
    "uglifyjs-webpack-plugin": "^1.2.4",
    "webpack": "^3.0.0",
    "webpack-hashed-chunk-id-plugin": "^1.0.3-beta"
  }
}