{
  "name": "angular-6-jwt-authentication-example",
  "version": "1.0.0",
  "repository": {
    "type": "git",
    "url": "https://github.com/cornflourblue/angular-6-jwt-authentication-example.git"
  },
  "scripts": {
    "build": "webpack --mode production",
    "start": "webpack-dev-server --mode development --open"
  },
  "license": "MIT",
  "dependencies": {
    "@angular/common": "^6.0.0",
    "@angular/compiler": "^6.0.0",
    "@angular/core": "^6.0.0",
    "@angular/forms": "^6.0.0",
    "@angular/platform-browser": "^6.0.0",
    "@angular/platform-browser-dynamic": "^6.0.0",
    "@angular/router": "^6.0.0",
    "core-js": "^2.5.5",
    "rxjs": "^6.1.0",
    "zone.js": "^0.8.26"
  },
  "devDependencies": {
    "@types/node": "^10.0.4",
    "angular2-template-loader": "^0.6.2",
    "html-webpack-plugin": "^3.2.0",
    "raw-loader": "^0.5.1",
    "ts-loader": "^4.3.0",
    "typescript": "^2.8.3",
    "webpack": "4.8.1",
    "webpack-cli": "^2.1.3",
    "webpack-dev-server": "3.1.4"
  }
}