{
  "name": "angularjs-webpack-starter",
  "version": "0.0.1",
  "description": "An example application demonstrating modern AngularJS development using TypeScript & WebPack.",
  "main": "index.js",
  "scripts": {
    "build": "npm run build:dev",
    "prebuild:dev": "npm run clean:dev",
    "build:dev": "webpack --config webpack-dev.config.js",
    "prebuild:prd": "npm run clean:prd",
    "build:prd": "webpack --config webpack-prd.config.js",
    "clean:dev": "rimraf .tmp",
    "clean:prd": "rimraf public",
    "start": "npm run serve:dev",
    "serve:dev": "webpack-dev-server --config webpack-dev.config.js",
    "preserve:prd": "npm run build:prd",
    "serve:prd": "http-server",
    "test": "karma start karma.config.js",
    "test:coverage": "remap-istanbul -i build/coverage/coverage.json -o build/coverage/report -t html",
    "test:coveralls": "remap-istanbul -i build/coverage/coverage.json -o build/coverage/lcov.info -t lcovonly",
    "test:coveralls:push": "cat ./build/coverage/lcov.info | ./node_modules/.bin/coveralls"
  },
  "keywords": [
    "AngularJS",
    "TypeScript",
    "WebPack",
    "NPM"
  ],
  "author": "Frederik Prijck <frederik.prijck@gmail.com>",
  "license": "MIT",
  "devDependencies": {
    "@types/angular": "^1.6.51",
    "@types/angular-mocks": "^1.7.0",
    "@types/angular-ui-router": "^1.1.40",
    "@types/core-js": "^2.5.0",
    "@types/jasmine": "^3.0.0",
    "@types/node": "^10.12.0",
    "@types/webpack-env": "^1.13.6",
    "angular-mocks": "^1.7.5",
    "awesome-typescript-loader": "^5.2.1",
    "core-js": "^2.5.7",
    "coveralls": "^3.0.2",
    "css-loader": "^1.0.0",
    "extract-text-webpack-plugin": "v4.0.0-beta.0",
    "file-loader": "^2.0.0",
    "html-loader": "^0.5.5",
    "html-webpack-plugin": "^3.2.0",
    "http-server": "^0.11.1",
    "istanbul-instrumenter-loader": "^3.0.1",
    "jasmine-core": "^3.3.0",
    "karma": "^3.0.0",
    "karma-chrome-launcher": "^2.2.0",
    "karma-coverage": "^1.1.2",
    "karma-jasmine": "^2.0.0",
    "karma-phantomjs-launcher": "^1.0.4",
    "karma-sourcemap-loader": "^0.3.7",
    "karma-webpack": "^4.0.0-rc.2",
    "ng-annotate-loader": "^0.6.1",
    "node-sass": "^4.9.4",
    "remap-istanbul": "^0.12.0",
    "rimraf": "^2.6.2",
    "sass-loader": "^7.1.0",
    "style-loader": "^0.23.1",
    "tslint": "^5.11.0",
    "tslint-loader": "^3.6.0",
    "typescript": "^3.1.3",
    "uglifyjs-webpack-plugin": "^2.0.1",
    "webpack": "^4.23.1",
    "webpack-cli": "^3.1.2",
    "webpack-dev-server": "^3.1.10",
    "webpack-merge": "^4.1.4"
  },
  "dependencies": {
    "@uirouter/angularjs": "1.0.20",
    "angular": "^1.7.5",
    "bootstrap": "^4.1.3"
  }
}