{
  "name": "angular-electron-seed",
  "version": "0.0.0",
  "license": "MIT",
  "main": "electron-app.js",
  "scripts": {
    "ng": "ng",
    "start": "npm run build.ng && npm run build.tasks && npm run build.electron && npm run start.electron",
    "start.watch": "npm run build.ng.watch",
    "start.electron": "electron dist/electron-app.js",
    "watch": "npm run build.tasks && npm run build.electron && npm run build.watch && npm run start.electron",
    "build": "ng build --base-href . && npm run build.electron",
    "build.prod": "ng build --prod --base-href . && npm run build.electron",
    "build.ng": "ng build --base-href .",
    "build.ng.watch": "ng build --base-href . --watch",
    "build.electron": "gulp build.electron",
    "build.tasks": "gulp build.tasks",
    "build.watch": "gulp build.default",
    "test": "ng test",
    "lint": "ng lint",
    "e2e": "ng e2e",
    "bundle.clean": "gulp bundle.clean",
    "bundle.prepare": "npm run bundle.prepare.npm && npm run bundle.clean",
    "bundle.prepare.npm": "gulp build.npm.copy",
    "bundle.mac": "npm run bundle.prepare && electron-packager dist/ demo --platform=darwin --arch=x64 --overwrite --out=bundles",
    "bundle.windows": "npm run bundle.prepare && electron-packager dist/ demo --platform=win32 --overwrite --out=bundles",
    "bundle.linux": "npm run bundle.prepare && electron-packager dist/ demo --platform=linux --overwrite --out=bundles",
    "electron-packager": "electron-packager"
  },
  "private": true,
  "dependencies": {
    "@angular/common": "^4.0.0",
    "@angular/compiler": "^4.0.0",
    "@angular/core": "^4.0.0",
    "@angular/forms": "^4.0.0",
    "@angular/http": "^4.0.0",
    "@angular/platform-browser": "^4.0.0",
    "@angular/platform-browser-dynamic": "^4.0.0",
    "@angular/router": "^4.0.0",
    "core-js": "^2.4.1",
    "electron": "^1.6.8",
    "electron-connect": "^0.4.8",
    "electron-packager": "^8.7.1",
    "rxjs": "^5.1.0",
    "zone.js": "^0.8.4"
  },
  "devDependencies": {
    "@angular/cli": "1.0.0",
    "@angular/compiler-cli": "^4.0.0",
    "@types/jasmine": "2.5.38",
    "@types/node": "~6.0.60",
    "codelyzer": "~2.0.0",
    "electron-debug": "^1.0.0",
    "electron-prebuilt": "^1.4.13",
    "gulp": "^3.9.1",
    "gulp-debug": "^3.1.0",
    "gulp-rename": "^1.2.2",
    "gulp-replace": "^0.6.1",
    "gulp-run": "^1.7.1",
    "gulp-shell": "^0.6.3",
    "gulp-tsc": "^1.3.2",
    "jasmine-core": "~2.5.2",
    "jasmine-spec-reporter": "~3.2.0",
    "karma": "~1.4.1",
    "karma-chrome-launcher": "~2.0.0",
    "karma-cli": "~1.0.1",
    "karma-coverage-istanbul-reporter": "^0.2.0",
    "karma-jasmine": "~1.1.0",
    "karma-jasmine-html-reporter": "^0.2.2",
    "load-gulp-tasks": "^0.1.0",
    "node-sass": "^4.5.3",
    "protractor": "~5.1.0",
    "ts-node": "~2.0.0",
    "tslint": "~4.5.0",
    "typescript": "~2.2.0",
    "yargs": "^8.0.1"
  }
}