{
  "name": "enterprise-example",
  "version": "0.5.0",
  "license": "MIT",
  "scripts": {
    "ng": "ng",
    "start": "ng serve --proxy-config proxy.conf.json",
    "build": "ng build",
    "test": "ng test",
    "lint": "ng lint",
    "e2e": "ng e2e",
    "compodoc": "compodoc -p tsconfig.compodoc.json",
    "compodoc:serve": "compodoc -p tsconfig.compodoc.json -s",
    "compodoc:deploy": "npm run compodoc && gh-pages -d documentation",
    "affected:apps": "./node_modules/.bin/nx affected apps",
    "affected:build": "./node_modules/.bin/nx affected build",
    "affected:e2e": "./node_modules/.bin/nx affected e2e",
    "format": "echo NOPE ./node_modules/.bin/nx format write",
    "format:write": "echo NOPE ./node_modules/.bin/nx format write",
    "format:check": "./node_modules/.bin/nx format check",
    "update": "./node_modules/.bin/nx update",
    "update:check": "./node_modules/.bin/nx update check",
    "update:skip": "./node_modules/.bin/nx update skip",
    "postinstall": "./node_modules/.bin/nx postinstall"
  },
  "private": true,
  "dependencies": {
    "@angular/animations": "5.2.7",
    "@angular/common": "5.2.7",
    "@angular/compiler": "5.2.7",
    "@angular/core": "5.2.7",
    "@angular/forms": "5.2.7",
    "@angular/platform-browser": "5.2.7",
    "@angular/platform-browser-dynamic": "5.2.7",
    "@angular/router": "5.2.7",
    "@compodoc/compodoc": "^1.0.8",
    "@ngrx/effects": "5.1.0",
    "@ngrx/router-store": "5.0.1",
    "@ngrx/store": "5.1.0",
    "@ngrx/store-devtools": "5.1.0",
    "@nrwl/nx": "0.8.0",
    "classlist.js": "^1.1.20150312",
    "core-js": "^2.4.1",
    "lodash": "4.17.4",
    "materialize-css": "0.98.2",
    "moment": "2.21.0",
    "rxjs": "^5.5.6",
    "web-animations-js": "^2.3.1",
    "zone.js": "^0.8.19"
  },
  "devDependencies": {
    "@angular/cli": "1.7.2",
    "@angular/compiler-cli": "5.2.7",
    "@angular/language-service": "5.2.7",
    "@nrwl/schematics": "0.8.0",
    "@types/jasmine": "~2.8.3",
    "@types/jasminewd2": "~2.0.2",
    "@types/node": "~6.0.60",
    "codelyzer": "^4.2.1",
    "gh-pages": "^1.1.0",
    "jasmine-core": "~2.8.0",
    "jasmine-spec-reporter": "~4.2.1",
    "karma": "~2.0.0",
    "karma-chrome-launcher": "~2.2.0",
    "karma-coverage-istanbul-reporter": "^1.2.1",
    "karma-jasmine": "~1.1.0",
    "karma-jasmine-html-reporter": "^0.2.2",
    "prettier": "1.10.2",
    "protractor": "~5.1.2",
    "ts-node": "~4.1.0",
    "tslint": "~5.9.1",
    "typescript": "2.6.2"
  }
}