{
  "name": "angular-split-app",
  "version": "0.0.0",
  "scripts": {
    "ng": "ng",
    "start": "ng serve",
    "lint": "ng lint",
    "app_build": "npm run lib_build && ng build --prod --base-href /angular-split/ && ng build angular-split-app-lazy --prod --base-href /angular-split/lazy",
    "app_analyze": "npm run lib_build && ng build --prod --stats-json && webpack-bundle-analyzer dist/angular-split-app/stats.json",
    "app_lazy_build": "npm run lib_build && ng build angular-split-app-lazy --prod --base-href /angular-split/lazy",
    "lib_build": "ng build angular-split && npm run lib_copy_license && npm run lib_copy_readme",
    "lib_copy_license": "cpx ./LICENSE ./dist/angular-split",
    "lib_copy_readme": "cpx ./README.md ./dist/angular-split",
    "lib_tgz": "npm run lib_build && cd dist/angular-split && npm pack",
    "lib_pub_next": "npm run lib_build && npm publish --tag next ./dist/angular-split",
    "lib_pub_latest": "npm run lib_build && npm publish --tag latest ./dist/angular-split",
    "cypress": "npm run lib_build && concurrently \"ng serve\" \"cypress open\"",
    "ci_cypress": "npm run lib_build && ng build --prod && run-p --race ci_server ci_run",
    "ci_server": "http-server ./dist/angular-split-app -a localhost -p 4200 -c-1",
    "ci_run": "cypress run"
  },
  "private": true,
  "dependencies": {
    "@angular/animations": "7.0.3",
    "@angular/common": "7.0.3",
    "@angular/compiler": "7.0.3",
    "@angular/core": "7.0.3",
    "@angular/forms": "7.0.3",
    "@angular/http": "7.0.3",
    "@angular/platform-browser": "7.0.3",
    "@angular/platform-browser-dynamic": "7.0.3",
    "@angular/router": "7.0.3",
    "bootstrap": "4.1.3",
    "core-js": "2.5.7",
    "lodash": "4.17.11",
    "marked": "0.5.1",
    "ngx-bootstrap": "3.1.1",
    "rxjs": "6.3.3",
    "zone.js": "0.8.26"
  },
  "devDependencies": {
    "@angular-devkit/build-angular": "0.10.5",
    "@angular-devkit/build-ng-packagr": "0.10.5",
    "@angular/cli": "7.0.5",
    "@angular/compiler-cli": "7.0.3",
    "@angular/language-service": "7.0.3",
    "@types/jasmine": "2.8.11",
    "@types/jasminewd2": "2.0.6",
    "@types/node": "10.12.3",
    "codelyzer": "4.5.0",
    "concurrently": "4.0.1",
    "cpx": "1.5.0",
    "cypress": "3.1.1",
    "http-server": "0.11.1",
    "jasmine-core": "3.3.0",
    "jasmine-spec-reporter": "4.2.1",
    "karma": "3.1.1",
    "karma-chrome-launcher": "2.2.0",
    "karma-coverage-istanbul-reporter": "2.0.4",
    "karma-jasmine": "1.1.2",
    "karma-jasmine-html-reporter": "1.4.0",
    "ng-packagr": "4.4.0",
    "npm-run-all": "4.1.3",
    "ts-node": "7.0.1",
    "tsickle": "0.33.1",
    "tslib": "1.9.3",
    "tslint": "5.11.0",
    "typescript": "3.1.6",
    "webpack-bundle-analyzer": "3.0.3"
  }
}