{
  "name": "starter",
  "version": "0.0.0",
  "license": "MIT",
  "scripts": {
    "ng": "ng",
    "start": "ng serve --project sample -o",
    "build": "ng build --prod --project lib && npm run copy:readme",
    "test": "ng test",
    "lint": "ng lint",
    "e2e": "ng e2e",
    "tsc": "tsc",
    "docs": "npm run docs:build -- --disableCoverage --disablePrivate --disableInternal --includes docs-src",
    "docs:build": "compodoc -p projects/lib/tsconfig.lib.json -n angular-oauth2-oidc -d docs --hideGenerator",
    "docs:serve": "npm run docs:build -- -s",
    "docs:watch": "npm run docs:build -- -s -w",
    "format": "prettier --single-quote --write projects/**/*.ts",
    "copy:readme": "cpr README.md dist/lib/README.md --overwrite"
  },
  "private": true,
  "dependencies": {
    "@angular/animations": "7.0.0",
    "@angular/common": "7.0.0",
    "@angular/compiler": "7.0.0",
    "@angular/core": "7.0.0",
    "@angular/elements": "7.0.0",
    "@angular/forms": "7.0.0",
    "@angular/http": "7.0.0",
    "@angular/platform-browser": "7.0.0",
    "@angular/platform-browser-dynamic": "7.0.0",
    "@angular/router": "7.0.0",
    "@webcomponents/custom-elements": "^1.1.0",
    "base64-js": "^1.3.0",
    "bootstrap": "^3.3.7",
    "core-js": "^2.5.1",
    "jsrsasign": "^8.0.12",
    "rxjs": "6.3.3",
    "rxjs-compat": "^6.0.0-rc.0",
    "text-encoder-lite": "^1.0.1",
    "tsickle": "^0.33.0",
    "zone.js": "^0.8.26"
  },
  "devDependencies": {
    "@angular-devkit/build-angular": "~0.10.0",
    "@angular-devkit/build-ng-packagr": "^0.6.1",
    "@angular/cli": "^7.0.1",
    "@angular/compiler-cli": "7.0.0",
    "@angular/language-service": "7.0.0",
    "@compodoc/compodoc": "^1.1.2",
    "@types/jasmine": "~2.6.3",
    "@types/jasminewd2": "~2.0.3",
    "@types/node": "~8.0.51",
    "angular-oauth2-oidc": "^5.0.2",
    "codelyzer": "~4.2.1",
    "cpr": "^3.0.1",
    "jasmine-core": "~2.8.0",
    "jasmine-spec-reporter": "~4.2.1",
    "karma": "~1.7.1",
    "karma-chrome-launcher": "~2.2.0",
    "karma-cli": "~1.0.1",
    "karma-coverage-istanbul-reporter": "^1.3.0",
    "karma-jasmine": "~1.1.0",
    "karma-jasmine-html-reporter": "^0.2.2",
    "ng-packagr": "^2.4.4",
    "prettier": "1.12.1",
    "protractor": "~5.2.0",
    "ts-node": "~3.3.0",
    "tslint": "~5.8.0",
    "typescript": "3.1.3"
  }
}