{
  "name": "angular-ngrx-data",
  "version": "0.6.2",
  "license": "MIT",
  "scripts": {
    "ng": "ng",
    "start": "ng serve -o",
    "build": "ng build",
    "build-prod": "ng build --prod --source-map",
    "start-lite": "lite-server --baseDir=\"dist/app\"",
    "build-lib": "ng-packagr -p lib",
    "build-all": "rm -rf dist && npm run build-setup && npm run build-prod",
    "build-setup": "npm run build-lib && npm install dist/ngrx-data --no-save --no-package-lock",
    "build-publish": "npm run build-lib && npm publish dist/ngrx-data",
    "e2e": "ng e2e --port=8088",
    "sme": "./node_modules/.bin/source-map-explorer",
    "gen-stats": "ng build --prod --stats-json",
    "view-stats": "webpack-bundle-analyzer dist/stats.json",
    "test": "ng test",
    "lint": "ng lint",
    "docker-up": "docker-compose up -d --build",
    "docker-up-debug": "docker-compose -f docker-compose.debug.yml up -d --build",
    "docker-down": "docker-compose down",
    "dev": "concurrently \"npm run debug\" \"ng serve --proxy-config proxy.conf.json --open\"",
    "start-server": "node ./src/server/index.js",
    "debug": "PUBLICWEB=./dist/publicweb node -r dotenv/config --inspect src/server/index.js",
    "serve-dist": "PUBLICWEB=./dist/publicweb node -r dotenv/config --inspect dist/index.js",
    "snyk-protect": "snyk protect",
    "prepare": "npm run snyk-protect",
    "precommit": "pretty-quick --staged"
  },
  "private": true,
  "dependencies": {
    "@angular/animations": "^6.0.9",
    "@angular/cdk": "^6.0.9",
    "@angular/common": "^6.0.9",
    "@angular/compiler": "^6.0.9",
    "@angular/core": "^6.0.9",
    "@angular/forms": "^6.0.9",
    "@angular/http": "^6.0.9",
    "@angular/platform-browser": "^6.0.9",
    "@angular/platform-browser-dynamic": "^6.0.9",
    "@angular/router": "^6.0.9",
    "@angular/material": "^6.0.9",
    "@ngrx/effects": "^6.0.1",
    "@ngrx/entity": "^6.0.1",
    "@ngrx/store": "^6.0.1",
    "angular-in-memory-web-api": "^0.6.0",
    "body-parser": "^1.18.2",
    "core-js": "^2.5.4",
    "dotenv": "^5.0.1",
    "express": "^4.16.3",
    "hammerjs": "^2.0.8",
    "handlebars": "^4.0.11",
    "mongoose": "^5.0.12",
    "rxjs": "^6.2.0",
    "zone.js": "^0.8.26"
  },
  "devDependencies": {
    "@angular-devkit/build-angular": "~0.6.8",
    "@angular-devkit/build-optimizer": "^0.6.8",
    "@angular/cli": "~6.0.8",
    "@angular/compiler-cli": "^6.0.9",
    "@angular/language-service": "^6.0.9",
    "@ngrx/store-devtools": "^6.0.1",
    "@types/jasmine": "~2.8.6",
    "@types/jasminewd2": "~2.0.3",
    "@types/node": "~8.9.4",
    "codelyzer": "^4.2.1",
    "concurrently": "^3.5.1",
    "husky": "^0.14.3",
    "jasmine-core": "~2.8.0",
    "jasmine-marbles": "^0.3.1",
    "jasmine-spec-reporter": "~4.2.1",
    "karma": "~2.0.0",
    "karma-chrome-launcher": "~2.2.0",
    "karma-cli": "~1.0.1",
    "karma-coverage-istanbul-reporter": "~2.0.0",
    "karma-jasmine": "~1.1.1",
    "karma-jasmine-html-reporter": "^0.2.2",
    "lite-server": "^2.3.0",
    "ng-packagr": "^3.0.0-rc.5",
    "prettier": "1.12.1",
    "pretty-quick": "^1.4.1",
    "protractor": "~5.1.2",
    "snyk": "^1.79.0",
    "ts-node": "~3.2.0",
    "tslint": "^5.10.0",
    "typescript": "2.7.2",
    "webpack": "^4.8.1",
    "webpack-bundle-analyzer": "^2.11.1"
  },
  "snyk": true
}