{
  "name": "angularfire2",
  "version": "5.1.0",
  "description": "The official library of Firebase and Angular.",
  "private": true,
  "scripts": {
    "test": "npm run build && karma start --single-run",
    "test:watch": "concurrently \"npm run build:watch\" \"npm run delayed_karma\"",
    "test:debug": "npm run build && karma start",
    "karma": "karma start",
    "test:universal": "npm run build && cp -R dist/packages-dist test/universal-test/node_modules/angularfire2 && cd test/universal-test && npm run prerender",
    "delayed_karma": "sleep 10 && karma start",
    "build": "rm -rf dist && node tools/build.js",
    "changelog": "conventional-changelog -p angular -i CHANGELOG.md -s -r 1",
    "build:wrapper": "npm i --prefix wrapper && VERSION=5.1.0 npm run --prefix wrapper build"
  },
  "keywords": [
    "angular",
    "firebase",
    "rxjs"
  ],
  "repository": {
    "type": "git",
    "url": "git+https://github.com/angular/angularfire2.git"
  },
  "author": "davideast",
  "license": "MIT",
  "bugs": {
    "url": "https://github.com/angular/angularfire2/issues"
  },
  "homepage": "https://github.com/angular/angularfire2#readme",
  "dependencies": {
    "@angular/common": ">=6.0.0 <8",
    "@angular/compiler": ">=6.0.0 <8",
    "@angular/core": ">=6.0.0 <8",
    "@angular/platform-browser": ">=6.0.0 <8",
    "@angular/platform-browser-dynamic": ">=6.0.0 <8",
    "firebase": "^5.5.0",
    "rxjs": "^6.0.0",
    "ws": "^3.3.2",
    "xhr2": "^0.1.4",
    "zone.js": "^0.8.0"
  },
  "optionalDependencies": {
    "bufferutil": "~3.0.0",
    "utf-8-validate": "~4.0.0"
  },
  "devDependencies": {
    "@angular/compiler-cli": ">=6.0.0 <8",
    "@angular/platform-server": ">=6.0.0 <8",
    "@angular/animations": ">=6.0.0 <8",
    "@types/jasmine": "^2.5.36",
    "@types/request": "0.0.30",
    "concurrently": "^2.2.0",
    "conventional-changelog-cli": "^1.2.0",
    "es6-module-loader": "^0.17.10",
    "es6-shim": "^0.35.0",
    "fs-extra": "^4.0.0",
    "gulp": "^3.9.0",
    "gulp-jasmine": "^2.2.1",
    "gulp-typescript": "^2.10.0",
    "gzip-size": "^4.0.0",
    "http-server": "^0.8.5",
    "jasmine": "^2.4.1",
    "jasmine-core": "^2.4.1",
    "json": "^9.0.3",
    "karma": "^2.0.0",
    "karma-chrome-launcher": "^2.2.0",
    "karma-firefox-launcher": "^1.1.0",
    "karma-jasmine": "^0.3.6",
    "karma-mocha-reporter": "^2.0.2",
    "karma-systemjs": "^0.10.0",
    "ncp": "^2.0.0",
    "parse5": "^1.3.2",
    "pretty-size": "^2.0.0",
    "protractor": "3.0.0",
    "reflect-metadata": "0.1.2",
    "rimraf": "^2.5.4",
    "rollup": "^0.64.1",
    "rollup-plugin-node-resolve": "^3.3.0",
    "rollup-watch": "^4.3.1",
    "shelljs": "^0.8.0",
    "systemjs": "^0.19.16",
    "systemjs-builder": "^0.15.7",
    "traceur": "0.0.96",
    "typescript": ">=2.7.2 <2.8.0, >=3.1.1 <3.2"
  },
  "typings": "index.d.ts"
}