{
  "name": "ng2-seed",
  "version": "0.0.0",
  "license": "MIT",
  "scripts": {
    "ng": "node_modules/@angular/cli/bin/ng",
    "start": "ng serve --host 0.0.0.0 --port 4200",
    "build": "ng build",
    "test": "ng test",
    "bundle-report": "webpack-bundle-analyzer dist/stats.json",
    "compodoc": "./node_modules/.bin/compodoc -p src/tsconfig.app.json -d docs/",
    "build:prod": "ng build --target production --aot --build-optimizer --extract-css --output-hashing all",
    "test:prod": "cd dist && python -m SimpleHTTPServer 8800",
    "lint": "ng lint",
    "e2e": "ng e2e"
  },
  "private": true,
  "dependencies": {
    "@angular/animations": "^5.0.0",
    "@angular/common": "^5.0.0",
    "@angular/compiler": "^5.0.0",
    "@angular/core": "^5.0.0",
    "@angular/forms": "^5.0.0",
    "@angular/http": "^5.0.0",
    "@angular/platform-browser": "^5.0.0",
    "@angular/platform-browser-dynamic": "^5.0.0",
    "@angular/router": "^5.0.0",
    "@compodoc/compodoc": "^1.0.1",
    "@ngrx/core": "^1.2.0",
    "@ngrx/effects": "^4.1.0",
    "@ngrx/router-store": "^4.1.0",
    "@ngrx/store": "^4.1.0",
    "@ngrx/store-devtools": "^4.0.0",
    "bootstrap": "^4.0.0-beta.2",
    "core-js": "^2.4.1",
    "font-awesome": "^4.7.0",
    "immutable": "^3.8.2",
    "ng2-toasty": "^4.0.3",
    "ngrx-store-freeze": "^0.2.0",
    "ngx-bootstrap": "~1.9.3",
    "ngx-progressbar": "^2.1.1",
    "reselect": "^3.0.1",
    "rxjs": "^5.5.0",
    "web-animations-js": "^2.3.1",
    "zone.js": "^0.8.14"
  },
  "devDependencies": {
    "@angular/cli": "1.5.0",
    "@angular/compiler-cli": "^5.0.0",
    "@angular/language-service": "^5.0.0",
    "@angular/service-worker": "^1.0.0-beta.16",
    "@types/jasmine": "~2.5.53",
    "@types/jasminewd2": "~2.0.2",
    "@types/node": "~6.0.60",
    "codelyzer": "~3.2.0",
    "jasmine-core": "~2.6.2",
    "jasmine-spec-reporter": "~4.1.0",
    "karma": "~1.7.0",
    "karma-chrome-launcher": "~2.1.1",
    "karma-cli": "~1.0.1",
    "karma-coverage-istanbul-reporter": "^1.2.1",
    "karma-jasmine": "~1.1.0",
    "karma-jasmine-html-reporter": "^0.2.2",
    "protractor": "~5.1.2",
    "ts-node": "~3.2.0",
    "tslint": "~5.7.0",
    "typescript": "~2.5.3",
    "webpack-bundle-analyzer": "^2.9.0"
  },
  "main": "index.js"
}