{
  "name": "angular-console",
  "version": "7.3.1",
  "private": true,
  "publisher": "nrwl",
  "author": {
    "name": "Narwhal Technologies Inc",
    "email": "hello@nrwl.io"
  },
  "license": "MIT",
  "engines": {
    "vscode": "^1.29.1"
  },
  "scripts": {
    "nx": "nx",
    "ng": "ng",
    "start": "nps",
    "format": "nps format.write",
    "build-vs-code": "ng build vscode --maxWorkers=2",
    "postinstall": "node ./tools/scripts/postinstall.js"
  },
  "build": {
    "appId": "io.nrwl.AngularConsole",
    "productName": "Angular Console",
    "copyright": "Copyright © 2018 Narwhal Technologies Inc",
    "asar": false,
    "files": [
      "**/*"
    ],
    "extraResources": [
      {
        "from": "dist/apps/electron/assets",
        "to": "app/assets",
        "filter": [
          "**/*"
        ]
      }
    ],
    "removePackageScripts": false,
    "generateUpdatesFilesForAllChannels": true,
    "directories": {
      "app": "dist/apps/electron",
      "buildResources": "dist/apps/electron/assets/build",
      "output": "dist/packages"
    },
    "npmRebuild": true,
    "mac": {
      "category": "public.app-category.developer-tools",
      "artifactName": "AngularConsole-${version}.${ext}",
      "icon": "icons/icon.icns"
    },
    "win": {
      "target": "nsis",
      "icon": "icons/icon.ico"
    },
    "linux": {
      "target": [
        "deb",
        "tar.gz"
      ],
      "artifactName": "AngularConsole-${version}.${ext}",
      "synopsis": "Angular Console",
      "category": "Development",
      "icon": "icons/icon.png"
    },
    "nsis": {
      "createDesktopShortcut": "always",
      "installerIcon": "icons/icon.ico",
      "artifactName": "AngularConsole-Setup-${version}.${ext}"
    },
    "publish": [
      {
        "provider": "github",
        "owner": "nrwl",
        "repo": "angular-console"
      }
    ]
  },
  "dependencies": {
    "@nrwl/nx": "7.5.2",
    "node-pty-prebuilt": "0.7.6",
    "semver": "5.6.0",
    "tmp": "0.0.33"
  },
  "devDependencies": {
    "@angular-devkit/build-angular": "0.13.1",
    "@angular-devkit/build-ng-packagr": "0.13.1",
    "@angular/animations": "7.2.4",
    "@angular/cdk": "7.3.1",
    "@angular/cli": "7.3.1",
    "@angular/common": "7.2.4",
    "@angular/compiler": "7.2.4",
    "@angular/compiler-cli": "7.2.4",
    "@angular/core": "7.2.4",
    "@angular/flex-layout": "7.0.0-beta.23",
    "@angular/forms": "7.2.4",
    "@angular/language-service": "7.2.4",
    "@angular/material": "7.3.1",
    "@angular/platform-browser": "7.2.4",
    "@angular/platform-browser-dynamic": "7.2.4",
    "@angular/router": "7.2.4",
    "@graphql-modules/logger": "^0.2.3",
    "@nestjs/common": "5.7.0",
    "@nestjs/core": "5.7.0",
    "@nestjs/graphql": "5.5.1",
    "@nrwl/angular-console-enterprise-electron": "0.0.40",
    "@nrwl/angular-console-enterprise-frontend": "0.0.40",
    "@nrwl/builders": "7.5.2",
    "@nrwl/schematics": "7.5.2",
    "@schematics/angular": "7.3.1",
    "@types/electron-store": "^1.3.0",
    "@types/fontfaceobserver": "^0.0.6",
    "@types/get-port": "^4.0.1",
    "@types/graphql": "14.0.5",
    "@types/jest": "^24.0.0",
    "@types/node": "10.12.21",
    "@types/opn": "^5.1.0",
    "@types/request": "^2.48.1",
    "@types/semver": "^5.5.0",
    "@types/shelljs": "^0.8.2",
    "@types/sinon": "7.0.5",
    "@types/sinon-chai": "3.2.2",
    "@types/strip-json-comments": "^0.0.30",
    "@types/tmp": "^0.0.33",
    "@types/universal-analytics": "0.4.2",
    "apollo-angular": "1.5.0",
    "apollo-angular-link-http": "1.5.0",
    "apollo-cache-inmemory": "1.4.2",
    "apollo-client": "^2.4.8",
    "apollo-link": "1.2.8",
    "apollo-link-error": "1.1.7",
    "apollo-server-express": "^2.4.0",
    "codelyzer": "4.5.0",
    "cypress": "^3.1.5",
    "dotenv": "6.2.0",
    "electron": "2.0.14",
    "electron-builder": "20.28.4",
    "electron-installer-dmg": "2.0.0",
    "electron-packager": "13.0.1",
    "electron-rebuild": "^1.8.4",
    "electron-store": "2.0.0",
    "electron-updater": "3.1.2",
    "express": "4.16.4",
    "fix-path": "2.1.0",
    "fontfaceobserver": "^2.1.0",
    "get-port": "4.1.0",
    "graphql": "14.1.1",
    "graphql-code-generator": "0.16.1",
    "graphql-codegen-typescript-apollo-angular": "0.16.1",
    "graphql-codegen-typescript-client": "0.16.1",
    "graphql-codegen-typescript-common": "0.16.1",
    "graphql-codegen-typescript-resolvers": "0.16.1",
    "graphql-codegen-typescript-server": "0.16.1",
    "graphql-tag": "2.10.1",
    "graphql-tools": "4.0.4",
    "husky": "^1.3.1",
    "jasmine-marbles": "0.4.1",
    "jest": "^23.6.0",
    "jest-jasmine2": "23.6.0",
    "jest-preset-angular": "6.0.2",
    "ng-packagr": "4.7.0",
    "node-pty-prebuilt": "0.7.6",
    "nps": "5.9.3",
    "nps-utils": "1.7.0",
    "opn": "^5.4.0",
    "prettier": "1.16.4",
    "progress-stream": "2.0.0",
    "reflect-metadata": "0.1.13",
    "request": "2.88.0",
    "resize-observer-polyfill": "^1.5.1",
    "resolve": "1.10.0",
    "rxjs": "6.4.0",
    "rxjs-compat": "6.4.0",
    "shelljs": "0.8.3",
    "shx": "^0.3.2",
    "strip-json-comments": "2.0.1",
    "ts-jest": "23.10.5",
    "ts-node": "8.0.2",
    "tsickle": "0.34.3",
    "tslib": "1.9.3",
    "tslint": "5.12.1",
    "tslint-no-unused-expression-chai": "^0.1.4",
    "typescript": "3.2.4",
    "universal-analytics": "0.4.20",
    "uuid": "3.3.2",
    "vsce": "^1.57.0",
    "vscode": "^1.1.29",
    "xterm": "3.11.0",
    "zlib": "^1.0.5",
    "zone.js": "0.8.29"
  },
  "jest": {
    "moduleFileExtensions": [
      "ts",
      "js"
    ],
    "transform": {
      "^.+\\.ts$": "ts-jest"
    },
    "modulePathIgnorePatterns": [
      "dist",
      "tmp"
    ],
    "globals": {
      "ts-jest": {
        "tsConfig": "tsconfig.json"
      }
    },
    "testURL": "http://localhost",
    "testMatch": [
      "**/*.+(spec|test).(ts|js)"
    ]
  },
  "husky": {
    "hooks": {
      "pre-commit": "yarn start format && git add ."
    }
  }
}