{
  "name": "angular2-socket-chatApp",
  "version": "1.0.0",
  "scripts": {
    "start": "tsc && concurrently \"npm run tsc:w\" \"nodemon ./server/index.js\" ",
    "lite": "lite-server",
    "postinstall": "typings install",
    "tsc": "tsc",
    "tsc:w": "tsc -w ./**/*.ts",
    "typings": "typings"
  },
  "license": "ISC",
  "dependencies": {
    "@angular/common": "2.0.0-rc.5",
    "@angular/compiler": "2.0.0-rc.5",
    "@angular/core": "2.0.0-rc.5",
    "@angular/forms": "0.3.0",
    "@angular/http": "2.0.0-rc.5",
    "@angular/platform-browser": "2.0.0-rc.5",
    "@angular/platform-browser-dynamic": "2.0.0-rc.5",
    "@angular/router": "3.0.0-rc.1",
    "@angular/router-deprecated": "2.0.0-rc.2",
    "@angular/upgrade": "2.0.0-rc.5",
    "systemjs": "0.19.27",
    "core-js": "^2.4.0",
    "reflect-metadata": "^0.1.3",
    "rxjs": "5.0.0-beta.6",
    "zone.js": "^0.6.12",
    "angular2-in-memory-web-api": "0.0.15",
    "bootstrap": "^3.3.6",
    "jquery": "^2.1.0",
    "nodemon": "^1.10.2",
    "express": "4.10.2",
    "socket.io": "1.2.0"
  },
  "devDependencies": {
    "concurrently": "^2.0.0",
    "lite-server": "^2.2.0",
    "typescript": "^2.0.2",
    "typings": "^1.3.2"
  }
}