{
  "name": "angular-crud-rest",
  "version": "0.0.0",
  "license": "MIT",
  "scripts": {
    "ng": "ng",
    "start": "ng serve",
    "build": "ng build",
    "test": "ng test",
    "lint": "ng lint",
    "e2e": "ng e2e"
  },
  "private": true,
  "dependencies": {
    "@angular/animations": "^4.0.0-rc.5",
    "@angular/common": "^4.0.0-rc.5",
    "@angular/compiler": "^4.0.0-rc.5",
    "@angular/compiler-cli": "^4.0.0-rc.5",
    "@angular/core": "^4.0.0-rc.5",
    "@angular/forms": "^4.0.0-rc.5",
    "@angular/http": "^4.0.0-rc.5",
    "@angular/platform-browser": "^4.0.0-rc.5",
    "@angular/platform-browser-dynamic": "^4.0.0-rc.5",
    "@angular/platform-server": "^4.0.0-rc.5",
    "@angular/router": "^4.0.0-rc.5",
    "angular2-materialize": "^6.7.2",
    "core-js": "^2.4.1",
    "jquery": "^3.2.0",
    "materialize-css": "^0.98.0",
    "rxjs": "^5.1.0",
    "zone.js": "^0.7.6"
  },
  "devDependencies": {
    "@angular/cli": "1.0.0-rc.2",
    "@angular/compiler-cli": "^2.4.0",
    "@types/jasmine": "2.5.38",
    "@types/node": "~6.0.60",
    "codelyzer": "~2.0.0",
    "jasmine-core": "~2.5.2",
    "jasmine-spec-reporter": "~3.2.0",
    "karma": "~1.4.1",
    "karma-chrome-launcher": "~2.0.0",
    "karma-cli": "~1.0.1",
    "karma-coverage-istanbul-reporter": "^0.2.0",
    "karma-jasmine": "~1.1.0",
    "karma-jasmine-html-reporter": "^0.2.2",
    "protractor": "~5.1.0",
    "ts-node": "~2.0.0",
    "tslint": "~4.5.0",
    "typescript": "^2.2.1"
  }
}