{
  "name": "lib-angular-highcharts",
  "version": "0.0.0",
  "scripts": {
    "ng": "ng",
    "start": "ng serve",
    "build": "ng build",
    "build_lib": "ng build angular-highcharts && cp README.md dist/angular-highcharts",
    "test": "ng test",
    "lint": "ng lint",
    "e2e": "ng e2e"
  },
  "private": true,
  "dependencies": {
    "@angular/animations": "~7.2.1",
    "@angular/common": "~7.2.1",
    "@angular/compiler": "~7.2.1",
    "@angular/core": "~7.2.1",
    "@angular/forms": "~7.2.1",
    "@angular/http": "~7.2.1",
    "@angular/platform-browser": "~7.2.1",
    "@angular/platform-browser-dynamic": "~7.2.1",
    "@angular/router": "~7.2.1",
    "core-js": "^2.6.2",
    "highcharts": "^7.0.2",
    "rxjs": "~6.3.3",
    "zone.js": "~0.8.28"
  },
  "devDependencies": {
    "@angular-devkit/build-angular": "~0.12.2",
    "@angular-devkit/build-ng-packagr": "~0.12.2",
    "@angular/cli": "~7.2.2",
    "@angular/compiler-cli": "~7.2.1",
    "@angular/language-service": "~7.2.1",
    "@types/jasmine": "~3.3.7",
    "@types/jasminewd2": "~2.0.3",
    "@types/node": "~10.12.18",
    "codelyzer": "~4.5.0",
    "jasmine-core": "~3.3.0",
    "jasmine-spec-reporter": "~4.2.1",
    "karma": "~3.1.1",
    "karma-chrome-launcher": "~2.2.0",
    "karma-coverage-istanbul-reporter": "~2.0.1",
    "karma-jasmine": "~2.0.1",
    "karma-jasmine-html-reporter": "^1.4.0",
    "ng-packagr": "^4.6.0",
    "protractor": "~5.4.2",
    "ts-node": "~7.0.0",
    "tsickle": "^0.34.0",
    "tslib": "^1.9.0",
    "tslint": "~5.12.1",
    "typescript": "~3.2.4"
  }
}