{
  "name": "angular2-autosize",
  "version": "1.0.1",
  "description": "Directive that automatically adjusts textarea height to fit content",
  "repository": {
    "type": "git",
    "url": "git+https://github.com/stevepapa/angular2-autosize.git"
  },
  "scripts": {},
  "keywords": [
    "ng2",
    "angular",
    "angular2",
    "autosize",
    "textarea",
    "elastic",
    "height",
    "@angular"
  ],
  "author": "Steve Papa <dev@stevepapa.com>",
  "main": "angular2-autosize.ts",
  "license": "MIT",
  "devDependencies": {
    "@angular/core": "2.1.1",
    "typescript": "^2.0.6"
  }
}