{
  "name": "angular-react",
  "version": "0.0.0",
  "license": "MIT",
  "scripts": {
    "start": "ng serve",
    "start:demo": "ng serve demo",
    "start:docs": "ng serve docs",
    "build": "ng build",
    "build:github": "npm run clean:docs && npm run build:docs:github && npm run build:demo:github",
    "build:demo": "ng build demo",
    "build:demo:prod": "ng build demo --prod",
    "build:demo:prod:package": "ng build demo-from-packages --prod",
    "build:demo:github": "ng build demo --prod --output-path docs/demo --base-href https://microsoft.github.io/angular-react/demo/",
    "build:docs": "ng build docs",
    "build:docs:prod": "ng build docs --prod",
    "build:docs:prod:package": "ng build docs-from-packages --prod",
    "build:docs:github": "ng build docs --prod --output-path docs --base-href https://microsoft.github.io/angular-react/",
    "build:libs": "npm run build:libs:core && npm run build:libs:fabric && npm run build:libs:semantic-ui",
    "build:libs:core": "ng-packagr -p libs/core/package.json",
    "postbuild:libs:core": "copyfiles README.md ./@angular-react/core",
    "build:libs:fabric": "ts-node libs/fabric/build.ts",
    "build:libs:semantic-ui": "ts-node libs/semantic-ui/build.ts",
    "affected:apps": "./node_modules/.bin/nx affected:apps",
    "affected:build": "./node_modules/.bin/nx affected:build",
    "affected:e2e": "./node_modules/.bin/nx affected:e2e",
    "format": "./node_modules/.bin/nx format:write",
    "format:write": "./node_modules/.bin/nx format:write",
    "format:check": "./node_modules/.bin/nx format:check",
    "update": "ng update @nrwl/schematics",
    "update:check": "ng update",
    "prepublish:all": "npm run clean:publish && npm run build:libs",
    "prepublish:core": "npm run prepublish:all && cd ./libs/core",
    "prepublish:fabric": "npm run prepublish:all && cd ./libs/fabric",
    "prepublish:semantic-ui": "npm run prepublish:all && cd ./libs/semantic-ui",
    "publish:core": "npm publish ./@angular-react/core --access=public",
    "publish:fabric": "npm publish ./@angular-react/fabric --access=public",
    "publish:semantic-ui": "npm publish ./@angular-react/semantic-ui --access=public",
    "publish:core:next": "npm publish ./@angular-react/core --access=public --tag next",
    "publish:fabric:next": "npm publish ./@angular-react/fabric --access=public --tag next",
    "publish:semantic-ui:next": "npm publish ./@angular-react/semantic-ui --access=public --tag next",
    "publish:core:angular61": "npm publish ./@angular-react/core --access=public --tag angular61",
    "publish:fabric:angular61": "npm publish ./@angular-react/fabric --access=public --tag angular61",
    "publish:semantic-ui:angular61": "npm publish ./@angular-react/semantic-ui --access=public --tag angular61",
    "clean:docs": "rimraf docs",
    "clean:publish": "rimraf @angular-react",
    "e2e": "ng e2e",
    "lint": "./node_modules/.bin/nx lint && ng lint",
    "ng": "ng",
    "test": "ng test",
    "dep-graph": "./node_modules/.bin/nx dep-graph",
    "affected:dep-graph": "./node_modules/.bin/nx affected:dep-graph",
    "workspace-schematic": "./node_modules/.bin/nx workspace-schematic",
    "help": "./node_modules/.bin/nx help",
    "affected:test": "./node_modules/.bin/nx affected:test",
    "affected:lint": "./node_modules/.bin/nx affected:lint"
  },
  "private": false,
  "dependencies": {
    "@angular/animations": "~7.2.0",
    "@angular/cdk": "~7.2.0",
    "@angular/common": "~7.2.0",
    "@angular/compiler": "~7.2.0",
    "@angular/core": "~7.2.0",
    "@angular/forms": "~7.2.0",
    "@angular/material": "~7.2.0",
    "@angular/platform-browser": "~7.2.0",
    "@angular/platform-browser-dynamic": "~7.2.0",
    "@angular/router": "~7.2.0",
    "@ngrx/effects": "~7.0.0",
    "@ngrx/router-store": "~7.0.0",
    "@ngrx/store": "~7.0.0",
    "@ngrx/store-devtools": "~7.0.0",
    "core-js": "^2.5.4",
    "ngrx-store-freeze": "^0.2.4",
    "office-ui-fabric-react": "6.110.0",
    "react": "^16.6.3",
    "react-dom": "^16.6.3",
    "rxjs": "6.3.3",
    "rxjs-compat": "6.2.2",
    "semantic-ui-react": "^0.82.1",
    "web-animations-js": "^2.3.1",
    "zone.js": "^0.8.26"
  },
  "devDependencies": {
    "@angular-devkit/build-angular": "~0.12.1",
    "@angular-devkit/core": "~7.2.0",
    "@angular-devkit/schematics": "~7.2.0",
    "@angular/cli": "~7.2.0",
    "@angular/compiler-cli": "~7.2.0",
    "@angular/language-service": "~7.2.0",
    "@ngrx/schematics": "~7.0.0",
    "@nrwl/nx": "^7.3.0",
    "@nrwl/schematics": "^7.3.0",
    "@types/classnames": "^2.2.6",
    "@types/css-to-style": "^1.2.0",
    "@types/jasmine": "~3.3.1",
    "@types/jasminewd2": "~2.0.6",
    "@types/node": "~10.12.9",
    "@types/react": "~16.7.13",
    "@types/react-dom": "^16.0.11",
    "@types/stylenames": "^1.1.0",
    "classnames": "^2.2.6",
    "codelyzer": "~4.5.0",
    "copyfiles": "^2.1.0",
    "css-to-style": "^1.2.1",
    "jasmine-core": "~3.3.0",
    "jasmine-marbles": "0.4.0",
    "jasmine-spec-reporter": "~4.2.1",
    "karma": "~3.1.1",
    "karma-chrome-launcher": "~2.2.0",
    "karma-coverage-istanbul-reporter": "~2.0.1",
    "karma-jasmine": "~2.0.0",
    "karma-jasmine-html-reporter": "^1.2.0",
    "ng-packagr": "^4.4.5",
    "prettier": "1.15.3",
    "protractor": "~5.4.0",
    "rimraf": "^2.6.2",
    "stylenames": "^1.1.6",
    "ts-node": "~7.0.1",
    "tsickle": "^0.34.0",
    "tslib": "^1.9.0",
    "tslint": "~5.11.0",
    "typescript": "~3.1.6"
  }
}