{
  "name": "angular2-tv-tracker",
  "private": true,
  "description": "Angular 2 TV tracker",
  "repository": {
    "url": "git@github.com:mattlewis92/angular2-tv-tracker.git"
  },
  "license": "MIT",
  "dependencies": {
    "@angular/animations": "^6.0.2",
    "@angular/common": "^6.0.2",
    "@angular/compiler": "^6.0.2",
    "@angular/core": "^6.0.2",
    "@angular/forms": "^6.0.2",
    "@angular/platform-browser": "^6.0.2",
    "@angular/platform-browser-dynamic": "^6.0.2",
    "@angular/router": "^6.0.2",
    "angular-async-cache": "^2.0.1",
    "angular-calendar": "^0.25.2",
    "angular-confirmation-popover": "^4.1.0",
    "bootstrap": "4.0.0-alpha.6",
    "core-js": "^2.5.6",
    "font-awesome": "^4.6.3",
    "lodash-es": "^4.17.10",
    "randomcolor": "^0.5.2",
    "rxjs": "^6.1.0",
    "tinycolor2": "^1.4.1",
    "tslib": "^1.9.1",
    "zone.js": "^0.8.26"
  },
  "devDependencies": {
    "@angular/compiler-cli": "^6.0.2",
    "@ngtools/webpack": "^6.0.3",
    "@types/lodash-es": "^4.17.0",
    "@types/node": "^10.1.1",
    "@types/tinycolor2": "^1.1.0",
    "angular-router-loader": "^0.8.5",
    "codelyzer": "^4.3.0",
    "css-loader": "^0.28.11",
    "file-loader": "^1.1.11",
    "fork-ts-checker-webpack-plugin": "^0.4.1",
    "html-webpack-plugin": "^3.2.0",
    "husky": "^0.14.3",
    "mini-css-extract-plugin": "^0.4.0",
    "node-sass": "^4.9.0",
    "offline-plugin": "^5.0.3",
    "prettier": "^1.12.1",
    "pretty-quick": "^1.4.1",
    "sass-loader": "^7.0.1",
    "style-loader": "^0.21.0",
    "ts-loader": "^4.3.0",
    "ts-node": "^6.0.3",
    "tslint": "^5.10.0",
    "tslint-config-mwl": "^0.4.1",
    "tslint-loader": "^3.6.0",
    "typescript": "~2.7.2",
    "url-loader": "^1.0.1",
    "webpack": "^4.8.3",
    "webpack-cli": "^2.1.3",
    "webpack-config-utils": "^2.3.0",
    "webpack-dev-server": "^3.1.4"
  },
  "scripts": {
    "start": "webpack-dev-server --env=development --progress --open",
    "build": "webpack --progress --env=production",
    "gh-pages": "git checkout gh-pages && git merge master --no-edit && rm -rf *.js *.css *.map *.html && npm run build && git add . && git commit -m 'Build' && git push && git checkout master",
    "precommit": "pretty-quick --staged"
  }
}