{
  "name": "angular2-electron",
  "version": "0.0.0",
  "license": "MIT",
  "angular-cli": {},
  "scripts": {
    "build-electron": "ng build --base-href . && cp src/electron/* dist",
    "start": "npm run build-electron && electron dist",
    "test": "ng test",
    "lint": "ng lint",
    "e2e": "ng e2e"
  },
  "private": true,
  "dependencies": {
    "@angular/common": "^2.4.0",
    "@angular/compiler": "^2.4.0",
    "@angular/core": "^2.4.0",
    "@angular/forms": "^2.4.0",
    "@angular/http": "^2.4.0",
    "@angular/platform-browser": "^2.4.0",
    "@angular/platform-browser-dynamic": "^2.4.0",
    "@angular/router": "^3.4.0",
    "core-js": "^2.4.1",
    "rxjs": "^5.1.0",
    "zone.js": "^0.7.6"
  },
  "devDependencies": {
    "@angular/cli": "1.0.0-beta.32.3",
    "@angular/compiler-cli": "^2.4.0",
    "@types/jasmine": "2.5.38",
    "@types/node": "~6.0.60",
    "codelyzer": "~2.0.0-beta.4",
    "electron": "^1.4.1",
    "jasmine-core": "~2.5.2",
    "jasmine-spec-reporter": "~3.2.0",
    "karma": "~1.4.1",
    "karma-chrome-launcher": "~2.0.0",
    "karma-cli": "~1.0.1",
    "karma-coverage-istanbul-reporter": "^0.2.0",
    "karma-jasmine": "~1.1.0",
    "karma-jasmine-html-reporter": "^0.2.2",
    "protractor": "~5.1.0",
    "ts-node": "~2.0.0",
    "tslint": "~4.4.2",
    "typescript": "~2.0.0"
  }
}