{
  "name": "angular-universal",
  "version": "0.0.0",
  "scripts": {
    "ng": "ng",
    "prestart": "npm run build:prod",
    "start": "node ./dist/app/server/main.js",
    "build": "ng run angular:udk",
    "build:prod": "ng run angular:udk:production",
    "dev": "ng-udkc",
    "dev:spa": "ng serve --hmr",
    "test": "ng test",
    "lint": "ng lint",
    "e2e": "ng e2e",
    "now-build": "ng run angular:udk:production",
    "now-start": "node ./dist/app/server/main.js"
  },
  "private": true,
  "dependencies": {
    "@angular/animations": "~7.2.0",
    "@angular/common": "~7.2.0",
    "@angular/compiler": "~7.2.0",
    "@angular/core": "~7.2.0",
    "@angular/forms": "~7.2.0",
    "@angular/http": "~7.2.0",
    "@angular/platform-browser": "~7.2.0",
    "@angular/platform-browser-dynamic": "~7.2.0",
    "@angular/platform-server": "~7.2.0",
    "@angular/router": "~7.2.0",
    "@angularclass/hmr": "~2.1.3",
    "@nguniversal/express-engine": "~7.0.2",
    "@nguniversal/module-map-ngfactory-loader": "~7.0.2",
    "core-js": "~2.6.1",
    "express": "^4.16.4",
    "rxjs": "~6.3.3",
    "zone.js": "~0.8.26"
  },
  "devDependencies": {
    "@angular-devkit/build-angular": "^0.12.0",
    "@angular/cli": "~7.2.1",
    "@angular/compiler-cli": "~7.2.0",
    "@angular/language-service": "~7.2.0",
    "@types/jasmine": "~2.8.14",
    "@types/jasminewd2": "~2.0.6",
    "@types/node": "~10.12.18",
    "@types/webpack-env": "~1.13.6",
    "codelyzer": "~4.5.0",
    "jasmine-core": "~2.99.1",
    "jasmine-spec-reporter": "~4.2.1",
    "karma": "~3.1.4",
    "karma-chrome-launcher": "~2.2.0",
    "karma-coverage-istanbul-reporter": "~2.0.4",
    "karma-jasmine": "~1.1.2",
    "karma-jasmine-html-reporter": "^0.2.2",
    "protractor": "~5.4.2",
    "ts-node": "~7.0.1",
    "tslint": "~5.11.0",
    "typescript": "~3.2.2",
    "udk": "~1.0.2"
  }
}