{
  "name": "ang2-conduit",
  "version": "0.0.0",
  "license": "MIT",
  "scripts": {
    "ng": "ng",
    "start": "ng serve",
    "build": "ng build --prod  --base-href ./ && cp CNAME dist/CNAME",
    "test": "ng test",
    "lint": "ng lint --force",
    "e2e": "ng e2e"
  },
  "pre-commit": [
    "lint"
  ],
  "private": true,
  "dependencies": {
    "@angular-devkit/core": "^0.6.8",
    "@angular/animations": "6.0.7",
    "@angular/common": "6.0.7",
    "@angular/compiler": "6.0.7",
    "@angular/core": "6.0.7",
    "@angular/forms": "6.0.7",
    "@angular/platform-browser": "6.0.7",
    "@angular/platform-browser-dynamic": "6.0.7",
    "@angular/router": "6.0.7",
    "core-js": "^2.4.1",
    "marked": "^0.3.9",
    "rxjs": "^6.2.1",
    "zone.js": "^0.8.26",
    "rxjs-compat": "^6.0.0-rc.0"
  },
  "devDependencies": {
    "@angular-devkit/build-angular": "~0.7.0-beta.2",
    "@angular/cli": "^6.1.0-rc.0",
    "@angular/compiler-cli": "6.0.7",
    "@angular/language-service": "6.0.7",
    "@types/jasmine": "~2.5.53",
    "@types/jasminewd2": "~2.0.2",
    "@types/node": "^9.4.0",
    "codelyzer": "^4.0.1",
    "jasmine-core": "~2.6.2",
    "jasmine-spec-reporter": "~4.1.0",
    "karma": "~1.7.0",
    "karma-chrome-launcher": "~2.1.1",
    "karma-cli": "~1.0.1",
    "karma-coverage-istanbul-reporter": "^1.2.1",
    "karma-jasmine": "~1.1.0",
    "karma-jasmine-html-reporter": "^0.2.2",
    "pre-commit": "^1.2.2",
    "protractor": "~5.1.2",
    "ts-node": "~4.1.0",
    "tslint": "~5.9.1",
    "typescript": "2.7.2"
  }
}