{
  "name": "angular-bare-bones",
  "version": "0.0.0",
  "license": "MIT",
  "scripts": {
    "ng": "ng",
    "start": "ng serve",
    "build": "ng build",
    "test": "ng test",
    "lint": "ng lint",
    "e2e": "ng e2e"
  },
  "private": true,
  "dependencies": {
    "@angular/animations": "^7.0.0",
    "@angular/common": "^7.0.0",
    "@angular/compiler": "^7.0.0",
    "@angular/core": "^7.0.0",
    "@angular/forms": "^7.0.0",
    "@angular/http": "^7.0.0",
    "@angular/platform-browser": "^7.0.0",
    "@angular/platform-browser-dynamic": "^7.0.0",
    "@angular/router": "^7.0.0",
    "core-js": "^2.5.7",
    "rxjs": "^6.3.3",
    "zone.js": "^0.8.26"
  },
  "devDependencies": {
    "@angular/cli": "^7.0.2",
    "@angular/compiler-cli": "^7.0.0",
    "@angular/language-service": "^7.0.0",
    "typescript": "3.1.3",
    "@angular-devkit/build-angular": "~0.10.0"
  }
}