{
  "name": "angular-search-experience",
  "version": "1.0.0",
  "license": "MIT",
  "scripts": {
    "ng": "ng",
    "start": "ng serve",
    "start:backend": "cd functions && node server.js",
    "install:backend": "cd functions && npm install",
    "start:backend:firebase": "cd functions && firebase serve --only functions",
    "build": "ng build",
    "build:prod": "ng build --prod",
    "test": "ng test",
    "test:ci": "echo 'sorry, no tests yet.'",
    "lint": "ng lint",
    "e2e": "ng e2e",
    "predeploy": "npm run build:prod",
    "deploy": "firebase deploy --only hosting",
    "deploy:functions": "firebase deploy --only functions",
    "docs": "compodoc -p tsconfig.json -d docs"
  },
  "private": true,
  "dependencies": {
    "@angular/animations": "angular/animations-builds#master",
    "@angular/cdk": "angular/cdk-builds#master",
    "@angular/common": "angular/common-builds#master",
    "@angular/compiler": "angular/compiler-builds#master",
    "@angular/core": "angular/core-builds#master",
    "@angular/forms": "angular/forms-builds#master",
    "@angular/http": "angular/http-builds#master",
    "@angular/material": "angular/material2-builds#master",
    "@angular/platform-browser": "angular/platform-browser-builds#master",
    "@angular/platform-browser-dynamic": "angular/platform-browser-dynamic-builds#master",
    "@angular/router": "angular/router-builds#master",
    "algoliasearch": "^3.26.0",
    "algoliasearch-helper": "^2.24.0",
    "api-ai-javascript": "^2.0.0-beta.21",
    "core-js": "^2.5.4",
    "hammerjs": "^2.0.8",
    "rxjs": "^6.3.3",
    "zone.js": "^0.8.24",
    "@angular/service-worker": "angular/service-worker-builds#master"
  },
  "devDependencies": {
    "@angular-devkit/build-angular": "angular/angular-devkit-build-angular-builds#master",
    "@angular/cli": "angular/cli-builds#master",
    "@angular/compiler-cli": "angular/compiler-cli-builds#master",
    "@angular/language-service": "angular/language-service-builds#master",
    "@compodoc/compodoc": "^1.1.2",
    "@types/algoliasearch": "^3.24.10",
    "@types/jasmine": "~2.8.6",
    "@types/jasminewd2": "~2.0.3",
    "@types/node": "~8.9.4",
    "codelyzer": "~4.5.0",
    "firebase-tools": "^4.0.2",
    "jasmine-core": "~2.99.1",
    "jasmine-spec-reporter": "~4.2.1",
    "karma": "~1.7.1",
    "karma-chrome-launcher": "~2.2.0",
    "karma-coverage-istanbul-reporter": "~1.4.2",
    "karma-jasmine": "~1.1.1",
    "karma-jasmine-html-reporter": "^0.2.2",
    "protractor": "~5.3.0",
    "ts-node": "~5.0.1",
    "tslint": "~5.9.1",
    "typescript": "~3.1.3"
  }
}