{
  "name": "angular-springboot-jwt",
  "version": "0.0.0",
  "license": "MIT",
  "scripts": {
    "ng": "ng",
    "build": "ng build",
    "test": "ng test",
    "lint": "ng lint",
    "e2e": "ng e2e",
    "start": "ng serve --host 0.0.0.0 --proxy-config proxy.conf.json -o"
  },
  "private": true,
  "dependencies": {
    "@angular/common": "^4.2.3",
    "@angular/compiler": "^4.2.3",
    "@angular/core": "^4.2.3",
    "@angular/forms": "^4.2.3",
    "@angular/http": "^4.2.3",
    "@angular/platform-browser": "^4.2.3",
    "@angular/platform-browser-dynamic": "^4.2.3",
    "@angular/router": "^4.2.3",
    "angular2-jwt": "^0.2.3",
    "bootstrap": "^3.3.7",
    "core-js": "^2.4.1",
    "rxjs": "^5.1.0",
    "zone.js": "^0.8.4"
  },
  "devDependencies": {
    "@angular/cli": "1.0.0",
    "@angular/compiler-cli": "^4.2.3",
    "@types/jasmine": "2.5.38",
    "@types/node": "~6.0.60",
    "codelyzer": "~2.0.0",
    "jasmine-core": "~2.5.2",
    "jasmine-spec-reporter": "~3.2.0",
    "karma": "~1.4.1",
    "karma-chrome-launcher": "~2.0.0",
    "karma-cli": "~1.0.1",
    "karma-jasmine": "~1.1.0",
    "karma-jasmine-html-reporter": "^0.2.2",
    "karma-coverage-istanbul-reporter": "^0.2.0",
    "protractor": "~5.1.0",
    "ts-node": "~2.0.0",
    "tslint": "~4.5.0",
    "typescript": "~2.2.0"
  }
}