{
  "name": "angular-socket-io-chat-example",
  "version": "1.1.3",
  "description": "An example Angular chat app, made on top of ExpressJS & Socket.io.",
  "homepage": "https://github.com/jussikinnula/",
  "repository": "https://github.com/jussikinnula/angular-socket-io-chat",
  "author": {
    "name": "Jussi Kinnula",
    "email": "jussi.kinnula@gmail.com"
  },
  "license": "GPL-3.0",
  "engines": {
    "node": "^8.0.0",
    "npm": "^5.0.0"
  },
  "scripts": {
    "prebuild:prod": "npm run clean",
    "build:prod": "webpack --config config/webpack.production.ts --progress",
    "prebuild:dev": "npm run clean",
    "build:dev": "webpack --config config/webpack.development.ts --progress",
    "build": "npm run build:prod",
    "clean": "rimraf target",
    "predev": "npm run clean && npm run build:dev",
    "dev": "concurrently \"npm run server:dev\" \"npm run watch\"",
    "postinstall": "npm run build",
    "server:prod": "node target/server.js",
    "server:dev": "nodemon target/server.js",
    "server": "npm run server:prod",
    "start": "npm run server",
    "watch": "webpack --config config/webpack.development.ts --watch"
  },
  "dependencies": {
    "@angular/common": "^4.3.1",
    "@angular/compiler": "^4.3.1",
    "@angular/core": "^4.3.1",
    "@angular/forms": "^4.3.1",
    "@angular/platform-browser": "^4.3.1",
    "@angular/platform-browser-dynamic": "^4.3.1",
    "@types/express": "^4.0.36",
    "@types/hammerjs": "^2.0.34",
    "@types/jasmine": "^2.5.53",
    "@types/mime": "^1.3.1",
    "@types/moment": "^2.13.0",
    "@types/mongodb": "^2.2.7",
    "@types/mongoose": "^4.7.19",
    "@types/node": "^8.0.14",
    "@types/serve-static": "^1.7.31",
    "@types/socket.io": "^1.4.29",
    "@types/socket.io-client": "^1.4.29",
    "@types/socket.io-redis": "^1.0.21",
    "angular2-template-loader": "^0.6.2",
    "autoprefixer": "^7.1.2",
    "core-js": "^2.4.1",
    "css-loader": "^0.28.4",
    "express": "^4.15.3",
    "html-loader": "^0.4.5",
    "html-webpack-plugin": "^2.29.0",
    "immutable": "^3.8.1",
    "js.clone": "^0.0.3",
    "json-loader": "^0.5.4",
    "moment": "^2.18.1",
    "mongoose": "^4.11.3",
    "node-sass": "^4.5.3",
    "postcss-loader": "^2.0.6",
    "raw-loader": "^0.5.1",
    "reflect-metadata": "^0.1.10",
    "rimraf": "^2.6.1",
    "rxjs": "5.4.2",
    "sass-loader": "^6.0.6",
    "serve-static": "^1.12.3",
    "socket.io": "^2.0.3",
    "socket.io-client": "^2.0.3",
    "socket.io-redis": "^5.1.0",
    "style-loader": "^0.18.2",
    "ts-helpers": "^1.1.2",
    "ts-loader": "^2.3.1",
    "ts-node": "^3.2.1",
    "typescript": "^2.4.2",
    "webpack": "3.3.0",
    "webpack-bundle-analyzer": "^2.8.3",
    "webpack-merge": "^4.1.0",
    "zone.js": "^0.8.14"
  },
  "devDependencies": {
    "@types/webpack": "^3.0.4",
    "concurrently": "^3.5.0",
    "dotenv-cli": "^1.4.0",
    "jasmine-core": "^2.6.4",
    "karma": "^1.7.0",
    "karma-chrome-launcher": "^2.2.0",
    "karma-jasmine": "^1.1.0",
    "karma-sourcemap-loader": "^0.3.7",
    "karma-webpack": "^2.0.4",
    "nodemon": "^1.11.0",
    "webpack-dev-server": "^2.5.1"
  }
}