{
  "name": "angular-web-bluetooth-starter",
  "version": "3.0.0",
  "scripts": {
    "ng": "ng",
    "start": "ng serve",
    "prestart": "npm run build",
    "prebuild": "ng build @manekinekko/angular-web-bluetooth",
    "build": "ng build angular-web-bluetooth-starter --prod",
    "test": "echo 'skipping test'",
    "lint": "ng lint",
    "e2e": "echo 'skipping test'",
    "docs": "compodoc -p src/tsconfig.app.json --theme material -d docs",
    "changelog": "conventional-changelog -p angular -i CHANGELOG.md -s -r 0"
  },
  "private": true,
  "dependencies": {
    "@angular/animations": "^7.1.0",
    "@angular/cdk": "~7.1.0",
    "@angular/common": "^7.1.0",
    "@angular/compiler": "^7.1.0",
    "@angular/core": "^7.1.0",
    "@angular/forms": "^7.1.0",
    "@angular/http": "^7.1.0",
    "@angular/material": "^7.1.0",
    "@angular/platform-browser": "^7.1.0",
    "@angular/platform-browser-dynamic": "^7.1.0",
    "@angular/router": "^7.1.0",
    "@types/web-bluetooth": "0.0.4",
    "core-js": "^2.5.7",
    "hammerjs": "^2.0.8",
    "rxjs": "^6.3.3",
    "smoothie": "^1.35.0",
    "zone.js": "^0.8.26"
  },
  "devDependencies": {
    "@angular-devkit/build-angular": "~0.10.0",
    "@angular-devkit/build-ng-packagr": "~0.10.3",
    "@angular/cli": "~7.0.6",
    "@angular/compiler-cli": "^7.1.0",
    "@angular/language-service": "^7.1.0",
    "@compodoc/compodoc": "^1.1.6",
    "@types/jasmine": "~2.8.9",
    "@types/jasminewd2": "~2.0.5",
    "@types/node": "~10.12.1",
    "codelyzer": "~4.5.0",
    "conventional-changelog-cli": "^2.0.11",
    "jasmine-core": "~3.3.0",
    "jasmine-spec-reporter": "~4.2.1",
    "karma": "~3.1.1",
    "karma-chrome-launcher": "~2.2.0",
    "karma-coverage-istanbul-reporter": "~2.0.4",
    "karma-jasmine": "~1.1.2",
    "karma-jasmine-html-reporter": "^1.4.0",
    "ng-packagr": "^4.4.0",
    "protractor": "~5.4.1",
    "ts-node": "~7.0.1",
    "tsickle": "^0.34.0",
    "tslib": "^1.9.3",
    "tslint": "~5.11.0",
    "typescript": "3.1.6"
  }
}