{
  "name": "@fortawesome/angular-fontawesome",
  "version": "0.3.0",
  "description": "Angular Fontawesome, an Angular library",
  "private": true,
  "scripts": {
    "test": "ng test --watch=false --browsers=ChromeCI",
    "lint": "ng lint",
    "precommit": "npm run lint && lint-staged",
    "start": "ng serve",
    "build:demo": "ng build --prod",
    "prebuild": "rimraf dist",
    "build": "ts-node ./tasks/build.ts"
  },
  "lint-staged": {
    "README.md": [
      "markdown-toc -i",
      "git add README.md"
    ]
  },
  "repository": {
    "type": "git",
    "url": "https://github.com/FortAwesome/angular-fontawesome"
  },
  "contributors": [
    "Mike Wilkerson <mwilkerson@gmail.com>",
    "Yaroslav Admin <devoto13@gmail.com>",
    "Travis Chase <travis@fontawesome.com>",
    "Rob Madole <rob@fontawesome.com>",
    "Zeev Katz <zeevk6@gmail.com>",
    "Scott Cooper <scttcper@gmail.com>",
    "Brian Talbot <hi.talbs@gmail.com>",
    "Davide Pastore <pasdavide@gmail.com>",
    "donmckenna <don@mothhead.com>",
    "Austin Turner <paustint@gmail.com>",
    "Maximilian Zellhofer <max.zellhofer@gmail.com>"
  ],
  "license": "MIT",
  "bugs": {
    "url": "https://github.com/FortAwesome/angular-fontawesome/issues"
  },
  "homepage": "https://github.com/FortAwesome/angular-fontawesome",
  "dependencies": {
    "@angular/common": "~7.0.0",
    "@angular/compiler": "~7.0.0",
    "@angular/core": "~7.0.0",
    "@angular/platform-browser": "~7.0.0",
    "@angular/platform-browser-dynamic": "~7.0.0",
    "@fortawesome/fontawesome-svg-core": "^1.2.4",
    "@fortawesome/free-regular-svg-icons": "^5.3.1",
    "@fortawesome/free-solid-svg-icons": "^5.3.1",
    "core-js": "^2.5.7",
    "rxjs": "^6.3.0",
    "zone.js": "^0.8.26"
  },
  "devDependencies": {
    "@angular-devkit/build-angular": "~0.10.0",
    "@angular/cli": "~7.0.1",
    "@angular/compiler-cli": "~7.0.0",
    "@angular/language-service": "~7.0.0",
    "@types/fs-extra": "^5.0.4",
    "@types/jasmine": "~2.8.8",
    "@types/node": "~10.9.4",
    "codelyzer": "~4.5.0",
    "fs-extra": "^7.0.0",
    "jasmine-core": "3.2.1",
    "jasmine-spec-reporter": "~4.2.1",
    "karma": "3.0.0",
    "karma-chrome-launcher": "~2.2.0",
    "karma-coverage-istanbul-reporter": "~2.0.2",
    "karma-jasmine": "~1.1.2",
    "karma-jasmine-html-reporter": "1.3.1",
    "lint-staged": "^7.2.2",
    "ng-packagr": "4.3.1",
    "protractor": "~5.4.0",
    "rimraf": "^2.6.2",
    "ts-node": "~7.0.1",
    "tsickle": ">=0.27.3",
    "tslib": "^1.9.0",
    "tslint": "~5.11.0",
    "typescript": "~3.1.1"
  },
  "keywords": [
    "angular",
    "font",
    "awesome",
    "fontawesome",
    "icon",
    "svg"
  ]
}