{
  "name": "angular-token-app",
  "version": "0.0.0",
  "scripts": {
    "ng": "ng",
    "start": "ng serve",
    "build": "ng build",
    "test": "ng test",
    "lint": "ng lint",
    "e2e": "ng e2e",
    "build:lib": "ng build --prod angular-token && cp README.md dist/angular-token",
    "test:lib": "ng test angular-token"
  },
  "private": true,
  "dependencies": {
    "@angular/animations": "7.2.3",
    "@angular/cdk": "7.3.0",
    "@angular/common": "7.2.3",
    "@angular/compiler": "7.2.3",
    "@angular/core": "7.2.3",
    "@angular/forms": "7.2.3",
    "@angular/http": "7.2.3",
    "@angular/material": "7.3.0",
    "@angular/platform-browser": "7.2.3",
    "@angular/platform-browser-dynamic": "7.2.3",
    "@angular/router": "7.2.3",
    "bootstrap": "4.2.1",
    "core-js": "2.6.3",
    "rxjs": "6.4.0",
    "tslib": "1.9.3",
    "zone.js": "0.8.29"
  },
  "devDependencies": {
    "@angular-devkit/build-angular": "0.13.0",
    "@angular-devkit/build-ng-packagr": "0.13.0",
    "@angular/cli": "7.3.0",
    "@angular/compiler-cli": "7.2.3",
    "@angular/language-service": "7.2.3",
    "@types/node": "10.12.19",
    "@types/jasmine": "3.3.8",
    "@types/jasminewd2": "2.0.6",
    "codelyzer": "4.5.0",
    "jasmine-core": "3.3.0",
    "jasmine-spec-reporter": "4.2.1",
    "karma": "4.0.0",
    "karma-chrome-launcher": "2.2.0",
    "karma-coverage-istanbul-reporter": "2.0.4",
    "karma-jasmine": "2.0.1",
    "karma-jasmine-html-reporter": "1.4.0",
    "ng-packagr": "4.7.0",
    "protractor": "5.4.2",
    "ts-node": "8.0.2",
    "tsickle": "0.34.0",
    "tslint": "5.12.1",
    "typescript": "3.2.4"
  }
}