{
  "name": "angular2-typescript-gulp",
  "version": "1.0.0",
  "description": "Angular2 with TypeScript and Gulp QuickStart",
  "scripts": {
    "clean": "gulp clean",
    "compile": "gulp compile",
    "build": "gulp build",
    "start": "concurrent --kill-others \"gulp watch\" \"lite-server\"",
    "postinstall": "typings install"
  },
  "repository": {
    "type": "git",
    "url": "https://github.com/kolorobot/angular2-typescript-gulp.git"
  },
  "author": "Rafał Borowiec",
  "license": "MIT",
  "bugs": {
    "url": "https://github.com/kolorobot/angular2-typescript-gulp/issues"
  },
  "dependencies": {
    "@angular/common": "~2.2.4",
    "@angular/compiler": "~2.2.4",
    "@angular/core": "~2.2.4",
    "@angular/forms": "~2.2.4",
    "@angular/http": "~2.2.4",
    "@angular/platform-browser": "~2.2.4",
    "@angular/platform-browser-dynamic": "~2.2.4",
    "@angular/router": "~3.2.4",
    "@angular/upgrade": "~2.2.4",
    "core-js": "^2.4.1",
    "reflect-metadata": "^0.1.3",
    "rxjs": "5.0.0-beta.12",
    "systemjs": "0.19.27",
    "zone.js": "^0.6.23"
  },
  "devDependencies": {
    "concurrently": "^3.1.0",
    "del": "^2.2.0",
    "gulp": "^3.9.1",
    "gulp-sourcemaps": "^1.9.1",
    "gulp-tslint": "^7.0.1",
    "gulp-typescript": "^3.1.3",
    "lite-server": "^2.2.2",
    "tslint": "^4.0.2",
    "typescript": "^2.1.4",
    "typings": "^2.0.0",
    "ts-node": "^1.7.2"
  }
}