{
  "name": "angular-async-local-storage",
  "version": "0.0.0",
  "scripts": {
    "ng": "ng",
    "start": "ng serve",
    "startIframe": "ng serve iframe --port 8080",
    "build": "ng build @ngx-pwa/local-storage --prod && copyfiles README.md LICENSE dist/ngx-pwa/local-storage",
    "test": "ng test @ngx-pwa/local-storage",
    "testAll": "ng test @ngx-pwa/local-storage --watch false && ng test angular-async-local-storage --watch false",
    "lint": "ng lint",
    "publish": "npm run lint && npm run build && npm run testAll && npm publish dist/ngx-pwa/local-storage --access public"
  },
  "private": true,
  "dependencies": {
    "@angular/animations": "^7.0.4",
    "@angular/common": "^7.0.4",
    "@angular/compiler": "^7.0.4",
    "@angular/core": "^7.0.4",
    "@angular/forms": "^7.0.4",
    "@angular/http": "^7.0.4",
    "@angular/platform-browser": "^7.0.4",
    "@angular/platform-browser-dynamic": "^7.0.4",
    "@angular/router": "^7.0.4",
    "core-js": "^2.5.4",
    "rxjs": "^6.3.3",
    "zone.js": "^0.8.26"
  },
  "devDependencies": {
    "@angular-devkit/build-angular": "^0.12.1",
    "@angular-devkit/build-ng-packagr": "^0.12.1",
    "@angular/cli": "^7.2.1",
    "@angular/compiler-cli": "^7.0.4",
    "@angular/language-service": "^7.0.4",
    "@types/jasmine": "^3.3.5",
    "@types/jasminewd2": "^2.0.6",
    "@types/node": "^10.12.18",
    "codelyzer": "^4.5.0",
    "copyfiles": "^2.1.0",
    "jasmine-core": "^3.3.0",
    "jasmine-spec-reporter": "~4.2.1",
    "karma": "^3.1.4",
    "karma-chrome-launcher": "~2.2.0",
    "karma-coverage-istanbul-reporter": "^2.0.4",
    "karma-edge-launcher": "^0.4.2",
    "karma-firefox-launcher": "^1.1.0",
    "karma-ie-launcher": "^1.0.0",
    "karma-jasmine": "^2.0.1",
    "karma-jasmine-html-reporter": "^1.4.0",
    "karma-safari-launcher": "^1.0.0",
    "karma-safari-private-launcher": "^1.0.0",
    "ng-packagr": "^4.5.0",
    "protractor": "^5.4.2",
    "ts-node": "^7.0.1",
    "tsickle": "^0.34.0",
    "tslib": "^1.7.1",
    "tslint": "^5.12.1",
    "typescript": "^3.1.6"
  }
}