{
  "name": "angular2-baidu-map",
  "version": "4.6.0",
  "license": "GPL-3.0",
  "scripts": {
    "start": "ng serve",
    "dist": "rm -rf dist dist.tgz && ng-packagr -p lib/package.json && cp README.md ./dist",
    "build": "rm -rf demodist && ng build --prod -bh /angular2-baidu-map/ -d /angular2-baidu-map/ -vc",
    "deployDemo": "npm run build && gh-pages -d demodist",
    "lint": "ng lint"
  },
  "dependencies": {
    "@angular/common": "^5.2.11",
    "@angular/compiler": "^5.2.11",
    "@angular/core": "^5.2.11",
    "@angular/platform-browser": "^5.2.11",
    "@angular/platform-browser-dynamic": "^5.2.11",
    "@angular/router": "^5.2.11",
    "core-js": "^2.5.7",
    "rxjs": "^5.5.12",
    "zone.js": "^0.8.26"
  },
  "devDependencies": {
    "@angular/cli": "^1.7.4",
    "@angular/compiler-cli": "^5.2.11",
    "@types/node": "^10.10.1",
    "codelyzer": "^4.4.4",
    "gh-pages": "^2.0.1",
    "highlight.js": "^9.12.0",
    "ng-packagr": "^3.0.6",
    "prettier": "^1.14.3",
    "tslint": "~5.10.0",
    "tslint-config-prettier": "^1.15.0",
    "tslint-plugin-prettier": "^1.3.0",
    "typescript": "~2.6.2"
  }
}