{
  "name": "angular-material-course",
  "version": "0.0.0",
  "license": "MIT",
  "scripts": {
    "ng": "ng",
    "start": "./node_modules/.bin/ng serve  --proxy-config ./proxy.json",
    "server": "./node_modules/.bin/ts-node ./server/server.ts",
    "build": "ng build",
    "test": "ng test",
    "lint": "ng lint",
    "e2e": "ng e2e"
  },
  "private": true,
  "dependencies": {
    "@angular/animations": "7.0.0",
    "@angular/cdk": "^7.0.0",
    "@angular/common": "7.0.0",
    "@angular/compiler": "7.0.0",
    "@angular/core": "7.0.0",
    "@angular/forms": "7.0.0",
    "@angular/http": "7.0.0",
    "@angular/material": "^7.0.0",
    "@angular/material-moment-adapter": "7.0.0",
    "@angular/platform-browser": "7.0.0",
    "@angular/platform-browser-dynamic": "7.0.0",
    "@angular/router": "7.0.0",
    "core-js": "^2.4.1",
    "express": "^4.16.2",
    "hammerjs": "^2.0.8",
    "moment": "^2.22.2",
    "rxjs": "6.3.3",
    "rxjs-compat": "^6.0.0-rc.0",
    "zone.js": "^0.8.14"
  },
  "devDependencies": {
    "@angular-devkit/build-angular": "~0.10.0",
    "@angular/cli": "^7.0.0",
    "@angular/compiler-cli": "7.0.0",
    "@angular/language-service": "7.0.0",
    "@types/express": "^4.0.39",
    "@types/jasmine": "~2.5.53",
    "@types/jasminewd2": "~2.0.2",
    "@types/node": "~6.0.60",
    "codelyzer": "~4.2.0",
    "jasmine-core": "~2.6.2",
    "jasmine-spec-reporter": "~4.1.0",
    "karma": "~1.7.0",
    "karma-chrome-launcher": "~2.1.1",
    "karma-cli": "~1.0.1",
    "karma-coverage-istanbul-reporter": "^1.2.1",
    "karma-jasmine": "~1.1.0",
    "karma-jasmine-html-reporter": "^0.2.2",
    "protractor": "~5.1.2",
    "ts-node": "~3.2.0",
    "tslint": "~5.7.0",
    "typescript": "3.1.3"
  }
}