{
  "name": "angular-ngrx-nx-realworld-example-app",
  "version": "0.0.0",
  "license": "MIT",
  "scripts": {
    "ng": "ng",
    "start": "ng serve",
    "build": "ng build",
    "test": "ng test",
    "lint": "./node_modules/.bin/nx lint && ng lint",
    "e2e": "ng e2e",
    "affected:apps": "./node_modules/.bin/nx affected:apps",
    "affected:build": "./node_modules/.bin/nx affected:build",
    "affected:e2e": "./node_modules/.bin/nx affected:e2e",
    "format": "./node_modules/.bin/nx format:write",
    "format:write": "./node_modules/.bin/nx format:write",
    "format:check": "./node_modules/.bin/nx format:check",
    "update": "ng update @nrwl/schematics",
    "update:check": "ng update",
    "dep-graph": "./node_modules/.bin/nx dep-graph",
    "affected:dep-graph": "./node_modules/.bin/nx affected:dep-graph",
    "workspace-schematic": "./node_modules/.bin/nx workspace-schematic",
    "help": "./node_modules/.bin/nx help",
    "affected:test": "./node_modules/.bin/nx affected:test",
    "affected:lint": "./node_modules/.bin/nx affected:lint",
    "affected:libs": "./node_modules/.bin/nx affected:libs"
  },
  "private": true,
  "dependencies": {
    "@angular/animations": "^7.1.3",
    "@angular/common": "^7.1.3",
    "@angular/compiler": "^7.1.3",
    "@angular/core": "^7.1.3",
    "@angular/forms": "^7.1.3",
    "@angular/platform-browser": "^7.1.3",
    "@angular/platform-browser-dynamic": "^7.1.3",
    "@angular/router": "^7.1.3",
    "@ngrx/effects": "6.0.1",
    "@ngrx/router-store": "6.0.1",
    "@ngrx/store": "6.0.1",
    "@nrwl/nx": "7.1.1",
    "core-js": "^2.5.4",
    "marked": "^0.3.9",
    "rxjs": "6.3.3",
    "tslib": "^1.9.0",
    "zone.js": "^0.8.26",
    "rxjs-compat": "6.0.0"
  },
  "devDependencies": {
    "@angular-devkit/build-angular": "~0.11.0",
    "@angular/cli": "7.1.3",
    "@angular/compiler-cli": "^7.1.3",
    "@angular/language-service": "^7.1.3",
    "@ngrx/store-devtools": "6.0.1",
    "@nrwl/builders": "7.1.1",
    "@nrwl/schematics": "^7.1.1",
    "@types/jasmine": "~2.8.6",
    "@types/jasminewd2": "~2.0.3",
    "@types/jest": "^23.0.0",
    "@types/node": "~8.9.4",
    "codelyzer": "~4.2.1",
    "jasmine-core": "~2.99.1",
    "jasmine-marbles": "0.4.0",
    "jasmine-spec-reporter": "~4.2.1",
    "jest": "^23.0.0",
    "jest-preset-angular": "6.0.0",
    "karma": "~2.0.0",
    "karma-chrome-launcher": "~2.2.0",
    "karma-coverage-istanbul-reporter": "~1.4.2",
    "karma-jasmine": "~1.1.0",
    "karma-jasmine-html-reporter": "^0.2.2",
    "ngrx-store-freeze": "0.2.4",
    "prettier": "1.10.2",
    "protractor": "~5.3.0",
    "ts-node": "~5.0.1",
    "tslint": "~5.9.1",
    "typescript": "~3.1.6"
  }
}