{
  "name": "angular-truffle",
  "version": "0.0.0",
  "license": "MIT",
  "scripts": {
    "ng": "ng",
    "compile": "truffle compile; truffle migrate",
    "compile-start": "truffle compile; truffle migrate; ng serve",
    "start": "ng serve",
    "build": "ng build",
    "test": "ng test",
    "lint": "ng lint",
    "e2e": "ng e2e"
  },
  "private": true,
  "dependencies": {
    "@angular/common": "^4.0.0",
    "@angular/compiler": "^4.0.0",
    "@angular/core": "^4.0.0",
    "@angular/forms": "^4.0.0",
    "@angular/http": "^4.0.0",
    "@angular/platform-browser": "^4.0.0",
    "@angular/platform-browser-dynamic": "^4.0.0",
    "@angular/router": "^4.0.0",
    "core-js": "^2.4.1",
    "rxjs": "^5.1.0",
    "zone.js": "^0.8.4",
    "web3": "^0.18.4"
  },
  "devDependencies": {
    "@angular/cli": "1.3.0",
    "@angular/compiler-cli": "^4.0.0",
    "@types/jasmine": "2.5.53",
    "@types/node": "^8.0.20",
    "babel-cli": "^6.22.2",
    "babel-core": "^6.22.1",
    "babel-eslint": "^7.2.3",
    "babel-loader": "^7.1.1",
    "babel-plugin-transform-runtime": "^6.22.0",
    "babel-preset-env": "^1.1.8",
    "babel-preset-es2015": "^6.22.0",
    "babel-register": "^6.22.0",
    "codelyzer": "~3.1.2",
    "copy-webpack-plugin": "^4.0.1",
    "css-loader": "^0.28.4",
    "eslint": "^4.4.1",
    "eslint-config-standard": "^10.2.1",
    "eslint-plugin-babel": "^4.0.0",
    "eslint-plugin-mocha": "^4.8.0",
    "eslint-plugin-promise": "^3.0.0",
    "eslint-plugin-standard": "^3.0.1",
    "html-webpack-plugin": "^2.28.0",
    "jasmine-core": "~2.7.0",
    "jasmine-spec-reporter": "~4.2.0",
    "json-loader": "^0.5.4",
    "karma": "~1.7.0",
    "karma-chrome-launcher": "~2.2.0",
    "karma-cli": "~1.0.1",
    "karma-coverage-istanbul-reporter": "^1.3.0",
    "karma-jasmine": "~1.1.0",
    "karma-jasmine-html-reporter": "^0.2.2",
    "protractor": "~5.1.0",
    "style-loader": "^0.18.2",
    "truffle-contract": "^2.0.5",
    "ts-node": "^3.0.2",
    "tslint": "~5.6.0",
    "typescript": "~2.4.2",
    "web3": "^0.19.0",
    "webpack": "^3.5.2",
    "webpack-dev-server": "^2.3.0"
  }
}