{
  "name": "angular-auth-oidc-client",
  "private": true,
  "version": "9.0.3",
  "description": "An OpenID Connect Code Flow with PKCE,Implicit Flow client for Angular",
  "main": "./bundles/angular-auth-oidc-client.umd.js",
  "module": "./fesm5/angular-auth-oidc-client.js",
  "es2015": "./fesm2015/angular-auth-oidc-client.js",
  "esm5": "./esm5/angular-auth-oidc-client.js",
  "esm2015": "./esm2015/angular-auth-oidc-client.js",
  "fesm5": "./fesm5/angular-auth-oidc-client.js",
  "fesm2015": "./fesm2015/angular-auth-oidc-client.js",
  "typings": "./angular-auth-oidc-client.d.ts",
  "scripts": {
    "build": "node build.js",
    "test": "karma start",
    "test:watch": "karma start karma.conf.js --single-run false",
    "pack:lib": "npm run build && npm pack ./dist",
    "publish:lib": "npm run build && npm publish ./dist",
    "publish:lib:next": "npm run build && npm publish --tag next ./dist",
    "compodoc": "compodoc -p tsconfig.json",
    "compodoc:serve": "compodoc -s"
  },
  "author": "",
  "repository": {
    "type": "git",
    "url": "https://github.com/damienbod/angular-auth-oidc-client.git"
  },
  "bugs": {
    "url": "https://github.com/damienbod/angular-auth-oidc-client/issues"
  },
  "homepage": "https://github.com/damienbod/angular-auth-oidc-client",
  "keywords": [
    "angular",
    "oidc",
    "oauth2",
    "openid",
    "security",
    "typescript"
  ],
  "license": "MIT",
  "dependencies": {
    "tslib": "^1.9.0",
    "jsrsasign": "8.0.12"
  },
  "peerDependencies": {
    "rxjs": ">= 6.0.0",
    "@angular/core": ">= 6.0.0",
    "@angular/common": ">= 6.0.0",
    "@angular/router": ">= 6.0.0"
  },
  "devDependencies": {
    "@angular/animations": "6.0.0",
    "@angular/common": "6.0.0",
    "@angular/compiler": "6.0.0",
    "@angular/compiler-cli": "6.0.0",
    "@angular/core": "6.0.0",
    "@angular/platform-browser": "6.0.0",
    "@angular/platform-browser-dynamic": "6.0.0",
    "@angular/platform-server": "6.0.0",
    "@angular/router": "6.0.0",
    "@compodoc/compodoc": "1.1.7",
    "@types/jasmine": "2.6.2",
    "@types/node": "10.12.0",
    "chalk": "2.4.1",
    "codelyzer": "4.4.4",
    "core-js": "2.5.7",
    "istanbul-instrumenter-loader": "3.0.1",
    "jasmine-core": "2.6.2",
    "karma": "3.1.1",
    "karma-chrome-launcher": "2.2.0",
    "karma-coverage-istanbul-reporter": "2.0.4",
    "karma-jasmine": "1.1.2",
    "karma-sourcemap-loader": "0.3.7",
    "karma-spec-reporter": "0.0.32",
    "karma-webpack": "4.0.0-rc.2",
    "node-sass": "4.9.4",
    "reflect-metadata": "0.1.12",
    "rollup": "0.66.6",
    "rollup-plugin-license": "0.7.0",
    "rollup-plugin-node-resolve": "3.4.0",
    "rollup-plugin-sourcemaps": "0.4.2",
    "rollup-plugin-commonjs": "9.2.0",
    "rxjs": "6.3.3",
    "shelljs": "0.8.2",
    "source-map-loader": "0.2.4",
    "ts-loader": "5.2.2",
    "tslint": "5.11.0",
    "typescript": "2.7.2",
    "uglify-js": "3.4.9",
    "webpack": "4.21.0",
    "zone.js": "0.8.26",
    "angular2-template-loader": "0.6.2",
    "raw-loader": "0.5.1",
    "css-loader": "1.0.0",
    "sass-loader": "7.1.0",
    "to-string-loader": "1.1.5",
    "tsickle": "0.33.0",
    "webpack-filter-warnings-plugin": "1.2.0"
  },
  "sideEffects": false
}