{
  "name": "angular-firebase-app",
  "version": "0.0.0",
  "license": "MIT",
  "scripts": {
    "ng": "ng",
    "start": "ng serve",
    "build": "ng build",
    "test": "ng test",
    "lint": "ng lint",
    "e2e": "ng e2e",
    "populate-db": "./node_modules/.bin/ts-node ./populate-db.ts",
    "batch-server": "./node_modules/.bin/ts-node ./batch-server.ts"
  },
  "private": true,
  "dependencies": {
    "@angular/animations": "6.0.0",
    "@angular/common": "6.0.0",
    "@angular/compiler": "6.0.0",
    "@angular/core": "6.0.0",
    "@angular/forms": "6.0.0",
    "@angular/http": "6.0.0",
    "@angular/platform-browser": "6.0.0",
    "@angular/platform-browser-dynamic": "6.0.0",
    "@angular/router": "6.0.0",
    "@types/lodash": "^4.14.36",
    "@types/request": "0.0.30",
    "angularfire2": "^4.0.0-rc.0",
    "core-js": "^2.4.1",
    "firebase": "^3.7.4",
    "firebase-queue": "^1.5.0",
    "lodash": "^4.15.0",
    "rxjs": "6.1.0",
    "rxjs-compat": "^6.0.0-rc.0",
    "zone.js": "0.8.26"
  },
  "devDependencies": {
    "@angular-devkit/build-angular": "~0.6.0",
    "@angular/cli": "^6.0.0",
    "@angular/compiler-cli": "6.0.0",
    "@angular/language-service": "6.0.0",
    "@types/jasmine": "~2.5.53",
    "@types/jasminewd2": "~2.0.2",
    "@types/node": "~6.0.60",
    "codelyzer": "~3.2.0",
    "jasmine-core": "~2.6.2",
    "jasmine-spec-reporter": "~4.1.0",
    "karma": "~1.7.0",
    "karma-chrome-launcher": "~2.1.1",
    "karma-cli": "~1.0.1",
    "karma-coverage-istanbul-reporter": "^1.2.1",
    "karma-jasmine": "~1.1.0",
    "karma-jasmine-html-reporter": "^0.2.2",
    "protractor": "~5.1.2",
    "ts-node": "~3.2.0",
    "tslint": "~5.7.0",
    "typescript": "2.7.2"
  }
}