{
  "name": "event-view-cli",
  "version": "0.0.0",
  "license": "MIT",
  "angular-cli": {},
  "scripts": {
    "ng": "ng",
    "start": "ng serve",
    "start-ng": "ng serve -o --port 4300",
    "build": "ng build",
    "test": "ng test",
    "lint": "ng lint",
    "e2e": "ng e2e",
    "chrome-debug": "/Applications/Google\\ Chrome.app/Contents/MacOS/Google\\ Chrome --remote-debugging-port=9222",
    "docker": "docker-compose up -d --build",
    "docker-debug": "docker-compose -f docker-compose.debug.yml up -d --build",
    "docker-down": "docker-compose down",
    "sme": "./node_modules/.bin/source-map-explorer",
    "gen-stats": "ng build --prod --stats-json",
    "view-stats": "webpack-bundle-analyzer dist/stats.json"
  },
  "private": true,
  "dependencies": {
    "@angular-devkit/core": "0.6.7",
    "@angular/animations": "7.1.1",
    "@angular/common": "7.1.1",
    "@angular/compiler": "7.1.1",
    "@angular/core": "7.1.1",
    "@angular/forms": "7.1.1",
    "@angular/http": "7.1.1",
    "@angular/platform-browser": "7.1.1",
    "@angular/platform-browser-dynamic": "7.1.1",
    "@angular/platform-server": "7.1.1",
    "@angular/router": "7.1.1",
    "angular-in-memory-web-api": "^0.7.0",
    "core-js": "^2.5.4",
    "rxjs": "^6.3.2",
    "tslib": "^1.9.0",
    "zone.js": "^0.8.26"
  },
  "devDependencies": {
    "@angular-devkit/build-angular": "~0.11.0",
    "@angular/cli": "^7.1.1",
    "@angular/compiler-cli": "^7.1.1",
    "@angular/language-service": "^7.1.1",
    "@types/jasmine": "~2.8.6",
    "@types/jasminewd2": "~2.0.3",
    "@types/node": "~8.9.4",
    "codelyzer": "~4.2.1",
    "jasmine-core": "~2.99.1",
    "jasmine-spec-reporter": "~4.2.1",
    "karma": "~1.7.1",
    "karma-chrome-launcher": "~2.2.0",
    "karma-coverage-istanbul-reporter": "~2.0.0",
    "karma-jasmine": "~1.1.1",
    "karma-jasmine-html-reporter": "^0.2.2",
    "protractor": "^5.4.1",
    "source-map-explorer": "^1.5.0",
    "ts-node": "~5.0.1",
    "tslint": "~5.9.1",
    "typescript": "~3.1.6",
    "wallaby-webpack": "3.9.9",
    "webpack-bundle-analyzer": "2.13.1",
    "webpack-visualizer-plugin": "^0.1.11"
  }
}