{
  "name": "angular-samples",
  "scripts": {
    "build-all": "bazel build //src/apps/api && bazel build //src/apps/backend",
    "start": "concurrently \"ibazel run //src/apps/api\" \"ibazel run //src/apps/backend\""
  },
  "devDependencies": {
    "@angular/bazel": "7.2.2",
    "@angular/compiler": "7.2.2",
    "@angular/compiler-cli": "7.2.2",
    "@bazel/ibazel": "0.9.1",
    "@bazel/typescript": "0.20.0",
    "@types/node": "^10.12.0",
    "@types/react": "16.4.1",
    "compression": "1.7.2",
    "concurrently": "4.1.0",
    "reload": "2.3.1",
    "typescript": "3.1.1",
    "webpack": "4.20.2",
    "webpack-cli": "3.1.2"
  },
  "dependencies": {
    "tslib": "1.9.3",
    "bootstrap": "3.4.0",
    "express": "4.16.3",
    "jquery": "3.3.1",
    "jquery-ui-dist": "1.12.1",
    "react": "16.4.2",
    "react-dom": "16.4.2",
    "request": "2.87.0",
    "zone.js": "0.8.26"
  }
}