{
  "name": "@angular-skyhook/monorepo",
  "private": true,
  "version": "0.0.0",
  "devDependencies": {
    "@angular/cli": "^7.0.2",
    "@angular/common": "^7.0.0",
    "@angular/compiler": "^7.0.0",
    "@angular/compiler-cli": "^7.0.0",
    "@angular/core": "^7.0.0",
    "@angular/platform-browser": "^7.0.0",
    "@angular/platform-browser-dynamic": "^7.0.0",
    "@compodoc/compodoc": "^1.1.3",
    "@types/fs-extra": "^5.0.0",
    "@types/jest": "^24.0.6",
    "@types/lodash": "^4.14.87",
    "@types/node": "~11.9.5",
    "chokidar-cli": "^1.2.0",
    "codelyzer": "~4.5.0",
    "cross-env": "^5.2.0",
    "fs-extra": "^7.0.0",
    "jasmine-core": "~3.3.0",
    "jasmine-spec-reporter": "~4.2.1",
    "jest": "^24.1.0",
    "jest-localstorage-mock": "^2.2.0",
    "jest-preset-angular": "^6.0.0",
    "lerna": "^3.2.1",
    "lodash": "^4.17.4",
    "mermaid.cli": "^0.5.1",
    "ng-packagr": "^4.0.0",
    "protractor": "~5.4.0",
    "rimraf": "^2.6.2",
    "rxjs": "^6.3.0",
    "scss-bundle": "^2.1.0",
    "ts-node": "~8.0.2",
    "tsickle": "^0.34.0",
    "tslib": "^1.9.0",
    "tslint": "~5.13.0",
    "typescript": ">=3.1.1 <3.2",
    "zone.js": "^0.8.26"
  },
  "scripts": {
    "lerna": "lerna",
    "build": "lerna exec node ../../tools/tasks/build && lerna exec cp ../../README.md dist/README.md",
    "watch": "cross-env WATCH_MODE=true lerna exec --parallel node ../../tools/tasks/build",
    "build-tools": "tsc -p ./tools/tsconfig.json",
    "clean-all": "lerna clean && rimraf packages/*/dist",
    "clean": "rimraf packages/*/dist",
    "test": "jest",
    "test-tdd": "jest --watchAll --no-cache",
    "test-debug": "node --inspect-brk ./node_modules/jest/bin/jest.js --no-cache --runInBand",
    "release": "yarn lerna version && yarn build && yarn lerna publish from-git",
    "postinstall": "yarn build-tools",
    "lint": "tslint packages/**/*.ts -t verbose",
    "aio": "compodoc -p ./tsconfig.json --output ./aio --hideGenerator --silent"
  },
  "workspaces": [
    "packages/*"
  ]
}