{
  "name": "mat-table-crud",
  "version": "0.0.0",
  "license": "MIT",
  "scripts": {
    "ng": "ng",
    "start": "ng serve",
    "build": "ng build",
    "test": "ng test",
    "lint": "ng lint",
    "e2e": "ng e2e"
  },
  "private": true,
  "dependencies": {
    "@angular/animations": "^6.1.7",
    "@angular/cdk": "^6.4.7",
    "@angular/common": "6.1.7",
    "@angular/compiler": "6.1.7",
    "@angular/core": "6.1.7",
    "@angular/forms": "6.1.7",
    "@angular/http": "6.1.7",
    "@angular/material": "^6.4.7",
    "@angular/platform-browser": "6.1.7",
    "@angular/platform-browser-dynamic": "6.1.7",
    "@angular/router": "6.1.7",
    "core-js": "^2.4.1",
    "rxjs": "^6.3.3",
    "rxjs-tslint": "^0.1.5",
    "zone.js": "^0.8.26"
  },
  "devDependencies": {
    "@angular-devkit/build-angular": "~0.8.0",
    "@angular/cli": "^6.2.3",
    "@angular/compiler-cli": "6.1.7",
    "@angular/language-service": "6.1.7",
    "@types/jasmine": "~2.5.53",
    "@types/jasminewd2": "~2.0.2",
    "@types/node": "~6.0.60",
    "codelyzer": "^4.0.1",
    "jasmine-core": "~2.6.2",
    "jasmine-spec-reporter": "~4.1.0",
    "karma": "^3.0.0",
    "karma-chrome-launcher": "~2.1.1",
    "karma-cli": "~1.0.1",
    "karma-coverage-istanbul-reporter": "^1.2.1",
    "karma-jasmine": "~1.1.0",
    "karma-jasmine-html-reporter": "^0.2.2",
    "protractor": "^5.4.1",
    "ts-node": "~3.2.0",
    "tslint": "~5.7.0",
    "typescript": "2.9.2"
  }
}