{
  "name": "angular-folder-structure",
  "version": "0.0.0",
  "scripts": {
    "ng": "ng",
    "json:server": "json-server --watch mocks/data.json",
    "start": "ng serve --proxy-config proxy.conf.json",
    "build": "ng build --prod",
    "test": "ng test",
    "lint": "ng lint",
    "e2e": "ng e2e"
  },
  "private": true,
  "dependencies": {
    "@angular/animations": "^6.0.3",
    "@angular/cdk": "~7.1.1",
    "@angular/common": "^6.0.3",
    "@angular/compiler": "^6.0.3",
    "@angular/core": "^6.0.3",
    "@angular/forms": "^6.0.3",
    "@angular/http": "^6.0.3",
    "@angular/material": "^7.1.1",
    "@angular/platform-browser": "^6.0.3",
    "@angular/platform-browser-dynamic": "^6.0.3",
    "@angular/router": "^6.0.3",
    "@fortawesome/angular-fontawesome": "^0.3.0",
    "@fortawesome/fontawesome-free-webfonts": "^1.0.9",
    "@fortawesome/fontawesome-svg-core": "^1.2.8",
    "@fortawesome/free-solid-svg-icons": "^5.5.0",
    "@ng-bootstrap/ng-bootstrap": "^3.0.0",
    "bootstrap": "^4.1.1",
    "core-js": "^2.5.4",
    "hammerjs": "^2.0.8",
    "json-server": "^0.14.0",
    "ngx-carousel-3d": "^1.0.1",
    "ngx-masonry": "^1.1.2",
    "ngx-spinner": "^6.1.2",
    "rxjs": "^6.0.0",
    "rxjs-compat": "^6.2.2",
    "zone.js": "^0.8.26"
  },
  "devDependencies": {
    "@angular-devkit/build-angular": "~0.6.8",
    "@angular/cli": "^7.1.0",
    "@angular/compiler-cli": "^6.0.3",
    "@angular/language-service": "^6.0.3",
    "@types/jasmine": "~2.8.6",
    "@types/jasminewd2": "~2.0.3",
    "@types/node": "~8.9.4",
    "codelyzer": "~4.2.1",
    "jasmine-core": "~2.99.1",
    "jasmine-spec-reporter": "~4.2.1",
    "karma": "~1.7.1",
    "karma-chrome-launcher": "~2.2.0",
    "karma-coverage-istanbul-reporter": "~2.0.0",
    "karma-jasmine": "~1.1.1",
    "karma-jasmine-html-reporter": "^0.2.2",
    "protractor": "~5.3.0",
    "ts-node": "~5.0.1",
    "tslint": "~5.9.1",
    "typescript": "~2.7.2"
  }
}