{
  "name": "angular2-hn",
  "version": "0.0.0",
  "license": "MIT",
  "scripts": {
    "ng": "ng",
    "start": "webpack-dev-server --port=4200",
    "lint": "tslint \"src/**/*.ts\"",
    "test": "karma start ./karma.conf.js",
    "static-serve": "cd dist && live-server --port=4200 --host=localhost --entry-file=/index.html",
    "bundle-report": "webpack-bundle-analyzer dist/stats.json",
    "build": "rimraf dist && NODE_ENV=production webpack && workbox-cli generate:sw",
    "prepree2e": "npm start",
    "pree2e": "webdriver-manager update --standalone false --gecko false --quiet",
    "e2e": "protractor ./protractor.conf.js"
  },
  "private": true,
  "dependencies": {
    "@angular/common": "^4.1.3",
    "@angular/compiler": "^4.1.3",
    "@angular/core": "^4.1.3",
    "@angular/forms": "^4.1.3",
    "@angular/http": "^4.1.3",
    "@angular/platform-browser": "^4.1.3",
    "@angular/platform-browser-dynamic": "^4.1.3",
    "@angular/router": "^4.1.3",
    "core-js": "^2.4.1",
    "es6-promise": "^4.1.0",
    "isomorphic-fetch": "^2.2.1",
    "rxjs": "^5.4.0",
    "ts-helpers": "^1.1.1",
    "unfetch": "^2.1.2",
    "zone.js": "^0.8.11"
  },
  "devDependencies": {
    "@angular/cli": "^1.0.4",
    "@angular/compiler-cli": "^4.1.3",
    "@types/jasmine": "2.5.38",
    "@types/node": "^6.0.42",
    "autoprefixer": "^6.5.3",
    "codelyzer": "~2.0.0",
    "css-loader": "^0.26.1",
    "cssnano": "^3.10.0",
    "exports-loader": "^0.6.3",
    "file-loader": "^0.10.0",
    "html-webpack-inline-source-plugin": "^0.0.9",
    "istanbul-instrumenter-loader": "^2.0.0",
    "jasmine-core": "2.5.2",
    "jasmine-spec-reporter": "2.5.0",
    "json-loader": "^0.5.4",
    "karma": "1.2.0",
    "karma-chrome-launcher": "^2.0.0",
    "karma-cli": "^1.0.1",
    "karma-jasmine": "^1.0.2",
    "karma-remap-istanbul": "^0.2.1",
    "karma-sourcemap-loader": "^0.3.7",
    "less-loader": "^2.2.3",
    "postcss-loader": "^0.13.0",
    "postcss-url": "^5.1.2",
    "preload-webpack-plugin": "^1.2.2",
    "protractor": "~4.0.13",
    "raw-loader": "^0.5.1",
    "rimraf": "^2.6.1",
    "sass-loader": "^4.1.1",
    "script-ext-html-webpack-plugin": "^1.8.1",
    "script-loader": "^0.7.0",
    "source-map-loader": "^0.1.5",
    "style-ext-html-webpack-plugin": "^3.4.1",
    "style-loader": "^0.13.1",
    "stylus-loader": "^2.4.0",
    "ts-node": "~2.1.0",
    "tslint": "~4.5.1",
    "typescript": "~2.3.2",
    "url-loader": "^0.5.7",
    "webpack": "^3.0.0",
    "webpack-bundle-analyzer": "^2.8.2",
    "webpack-dev-server": "~2.4.5",
    "workbox-cli": "^1.2.0"
  },
  "browserslist": [
    "last 2 versions",
    "not ie <= 10",
    "not ie_mob <= 10"
  ]
}