{
  "name": "ng2-interceptors",
  "version": "1.2.4",
  "description": "Angular2 interceptor service implementation",
  "keywords": [
    "Angular 2",
    "Interceptor"
  ],
  "author": {
    "name": "Víctor Oliva",
    "email": "olivarra1@gmail.com"
  },
  "repository": {
    "type": "git",
    "url": "https://github.com/voliva/angular2-interceptors"
  },
  "main": "index.js",
  "license": "ISC",
  "scripts": {
    "build": "rimraf lib && tsc -p src"
  },
  "peerDependencies": {
    "@angular/core": "^2.0.0",
    "@angular/http": "^2.0.0",
    "rxjs": "5.0.0-beta.12"
  },
  "devDependencies": {
    "@angular/common": "^2.0.0",
    "@angular/core": "^2.0.0",
    "@angular/http": "^2.0.0",
    "@angular/platform-browser": "^2.0.0",
    "rxjs": "^5.0.0-beta.12",
    "typescript": "^2.0.3",
    "zone.js": "^0.6.21"
  }
}