{
  "version": "2.0.0",
  "name": "scheduler",
  "author": "Chris Sakellarios",
  "license": "MIT",
  "repository": "https://github.com/chsakell/angular2-features",
  "private": true,
  "dependencies": {
    "@angular/animations": "4.0.2",
    "@angular/common": "4.0.2",
    "@angular/compiler": "4.0.2",
    "@angular/core": "4.0.2",
    "@angular/forms": "4.0.2",
    "@angular/http": "4.0.2",
    "@angular/platform-browser": "4.0.2",
    "@angular/platform-browser-dynamic": "4.0.2",
    "@angular/router": "4.0.2",
    "angular-in-memory-web-api": "~0.2.4",
    "bootstrap": "^3.3.6",
    "core-js": "^2.4.1",
    "jquery": "^3.0.0",
    "lodash": "^4.17.4",
    "@types/lodash": "^4.14.68",
    "moment": "^2.13.0",
    "ngx-bootstrap": "^1.7.1",
    "ng2-slim-loading-bar": "1.5.1",
    "reflect-metadata": "^0.1.8",
    "rxjs": "5.0.1",
    "systemjs": "0.19.40",
    "zone.js": "^0.8.5"
  },
  "devDependencies": {
    "concurrently": "^3.0.0",
    "gulp": "3.9.1",
    "gulp-replace": "0.5.4",
    "del": "2.2.2",
    "gulp-sourcemaps": "2.2.0",
    "lite-server": "^2.2.0",
    "typescript": "2.2.2",
    "typings": "^1.3.2",
    "tslint": "^3.10.2",
    "@types/node": "~6.0.60"
  },
  "scripts": {
    "start": "tsc && concurrently \"npm run tsc:w\" \"npm run lite --baseDir ./app --port 8000\" ",
    "lite": "lite-server",
    "tsc": "tsc",
    "tsc:w": "tsc -w",
    "typings": "typings"
  }
}