{
  "name": "universal-demo",
  "version": "7.0.0",
  "license": "MIT",
  "scripts": {
    "ng": "ng",
    "start": "ng serve",
    "ssr": "npm run build:universal && npm run generate:prerender && npm run server",
    "ssr:debug": "ng build --aot=true --output-hashing=all --named-chunks=false --build-optimizer=true  && ng run universal-demo:server:dev && webpack && node server.js",
    "ssr:cw": "ng build --aot=true --output-hashing=all --named-chunks=false --build-optimizer=true --watch",
    "ssr:sw": "ng run universal-demo:server:dev --watch",
    "ssr:webpack": "webpack --watch",
    "ssr:server": "nodemon server.js",
    "ssr:watch": "run-p ssr:universal:build:*",
    "ssr:universal:build:browser": "ng run universal-demo:build --watch",
    "ssr:universal:build:server": "node ./node_modules/npm-delay 12000 && ng run universal-demo:server --watch",
    "ssr:universal:build:webpack": "node ./node_modules/npm-delay 20000 && webpack --config webpack.config.js --watch",
    "ssr:universal:build:nodemon": "node ./node_modules/npm-delay 25000 && nodemon --inspect server.js",
    "format:check": "prettier --write --config ./.prettierrc --list-different \"src/{app,environments,styles}/**/*{.ts,.json,.scss}\"",
    "build": "ng build",
    "build:server": "ng run universal-demo:server:production",
    "build:prod": "ng build --prod",
    "build:universal": "ng run universal-demo:build:production && ng run universal-demo:server:production && webpack --progress --colors",
    "server": "node server.js",
    "test": "ng test",
    "test:ssr": "run-p test:ssr:*",
    "test:ssr:server": "cross-env TEST=true node server.js",
    "test:ssr:script": "node ./node_modules/npm-delay 2000 && ts-mocha test/*.spec.ts test/exit.ts --timeout 5000",
    "lint": "ng lint",
    "e2e": "ng e2e",
    "build:prerender": "npm run build:universal && npm run generate:prerender",
    "generate:prerender": "node prerender.js"
  },
  "private": true,
  "dependencies": {
    "@angular/animations": "7.2.6",
    "@angular/common": "7.2.6",
    "@angular/compiler": "7.2.6",
    "@angular/core": "7.2.6",
    "@angular/forms": "7.2.6",
    "@angular/http": "7.2.6",
    "@angular/platform-browser": "7.2.6",
    "@angular/platform-browser-dynamic": "7.2.6",
    "@angular/pwa": "0.13.3",
    "@angular/router": "7.2.6",
    "@angular/service-worker": "7.2.6",
    "@gorniv/ngx-transfer-http": "2.2.9",
    "@nguniversal/common": "7.1.0",
    "@nguniversal/express-engine": "7.1.0",
    "@nguniversal/module-map-ngfactory-loader": "7.1.0",
    "@ngx-meta/core": "7.0.0",
    "@ngx-translate/core": "11.0.1",
    "@ngx-translate/http-loader": "4.0.0",
    "ngx-cookie": "4.1.2",
    "cookie-parser": "1.4.4",
    "core-js": "2.6.5",
    "reflect-metadata": "0.1.13",
    "rxjs": "6.4.0",
    "rxjs-tslint": "0.1.7",
    "zone.js": "0.8.29"
  },
  "devDependencies": {
    "@angular-devkit/build-angular": "0.13.3",
    "@angular/cli": "7.3.3",
    "@angular/compiler-cli": "7.2.6",
    "@angular/language-service": "7.2.6",
    "@angular/platform-server": "7.2.6",
    "@types/jasmine": "3.3.9",
    "@types/jasminewd2": "2.0.6",
    "@types/node": "11.9.5",
    "chai": "4.2.0",
    "codelyzer": "4.5.0",
    "cross-env": "5.2.0",
    "jasmine-core": "3.3.0",
    "jasmine-spec-reporter": "4.2.1",
    "karma": "4.0.0",
    "karma-chrome-launcher": "2.2.0",
    "karma-cli": "2.0.0",
    "karma-coverage-istanbul-reporter": "2.0.5",
    "karma-jasmine": "2.0.1",
    "karma-jasmine-html-reporter": "1.4.0",
    "mocha": "6.0.1",
    "nodemon": "1.18.10",
    "npm-delay": "1.0.4",
    "npm-run-all": "4.1.5",
    "prettier": "1.16.4",
    "prettier-tslint": "0.4.2",
    "protractor": "5.4.2",
    "ssri": "6.0.1",
    "source-map-support": "0.5.10",
    "ts-mocha": "6.0.0",
    "ts-node": "8.0.2",
    "tslint": "5.13.0",
    "typescript": "3.2.2",
    "webpack-cli": "3.2.3",
    "webpack-node-externals": "1.7.2"
  }
}