{
  "name": "angular2-image-gallery-demo",
  "version": "0.0.0",
  "scripts": {
    "ng": "ng",
    "start": "ng serve --disableHostCheck",
    "build": "ng build --prod",
    "test": "ng test",
    "lint": "ng lint",
    "e2e": "ng e2e",
    "lib": "ng build --prod angular2-image-gallery && cp misc/convert.js dist/angular2-image-gallery/ && cp README.md dist/angular2-image-gallery/"
  },
  "private": true,
  "dependencies": {
    "@angular/animations": "^7.1.4",
    "@angular/common": "^7.1.4",
    "@angular/compiler": "^7.1.4",
    "@angular/core": "^7.1.4",
    "@angular/forms": "^7.1.4",
    "@angular/http": "^7.1.4",
    "@angular/platform-browser": "^7.1.4",
    "@angular/platform-browser-dynamic": "^7.1.4",
    "@angular/router": "^7.1.4",
    "angular2-image-gallery": "file:dist/angular2-image-gallery",
    "core-js": "^2.5.4",
    "gm": "^1.23.1",
    "hammerjs": "^2.0.8",
    "ng5-slider": "^1.1.12",
    "onecolor": "^3.1.0",
    "rxjs": "^6.3.3",
    "zone.js": "^0.8.26"
  },
  "devDependencies": {
    "@angular-devkit/build-angular": "^0.11.4",
    "@angular-devkit/build-ng-packagr": "~0.6.8",
    "@angular/cli": "~7.1.4",
    "@angular/compiler-cli": "^7.1.4",
    "@angular/language-service": "^7.1.4",
    "@types/jasmine": "~2.8.6",
    "@types/jasminewd2": "~2.0.3",
    "@types/node": "~8.9.4",
    "angular-tslint-rules": "^1.4.1",
    "codelyzer": "~4.2.1",
    "jasmine-core": "~2.99.1",
    "jasmine-spec-reporter": "~4.2.1",
    "karma": "^3.1.4",
    "karma-chrome-launcher": "~2.2.0",
    "karma-coverage-istanbul-reporter": "~2.0.0",
    "karma-jasmine": "~1.1.1",
    "karma-jasmine-html-reporter": "^0.2.2",
    "ng-packagr": "^3.0.0-rc.2",
    "protractor": "^5.4.2",
    "ts-node": "~5.0.1",
    "tsickle": ">=0.33.1",
    "tslib": "^1.7.1",
    "tslint": "~5.9.1",
    "typescript": "~3.1.6",
    "webpack-dev-server": "^3.1.12"
  }
}