{
  "name": "angular-electron",
  "version": "5.1.0",
  "description": "Angular 7 with Electron (Typescript + SASS + Hot Reload)",
  "homepage": "https://github.com/maximegris/angular-electron",
  "author": {
    "name": "Maxime GRIS",
    "email": "maxime.gris@gmail.com"
  },
  "keywords": [
    "angular",
    "angular 7",
    "electron",
    "typescript",
    "sass"
  ],
  "main": "main.js",
  "private": true,
  "scripts": {
    "postinstall": "npm run postinstall:electron && electron-builder install-app-deps",
    "postinstall:web": "node postinstall-web",
    "postinstall:electron": "node postinstall",
    "ng": "ng",
    "start": "npm run postinstall:electron && npm-run-all -p ng:serve electron:serve",
    "build": "npm run postinstall:electron && npm run electron:serve-tsc && ng build",
    "build:dev": "npm run build -- -c dev",
    "build:prod": "npm run build -- -c production",
    "ng:serve": "ng serve",
    "ng:serve:web": "npm run postinstall:web && ng serve -o",
    "electron:serve-tsc": "tsc -p tsconfig-serve.json",
    "electron:serve": "wait-on http-get://localhost:4200/ && npm run electron:serve-tsc && electron . --serve",
    "electron:local": "npm run build:prod && electron .",
    "electron:linux": "npm run build:prod && electron-builder build --linux",
    "electron:windows": "npm run build:prod && electron-builder build --windows",
    "electron:mac": "npm run build:prod && electron-builder build --mac",
    "test": "npm run postinstall:web && ng test",
    "e2e": "npm run postinstall:web && ng e2e",
    "version": "conventional-changelog -i CHANGELOG.md -s -r 0 && git add CHANGELOG.md"
  },
  "dependencies": {},
  "devDependencies": {
    "@angular-devkit/build-angular": "0.12.1",
    "@angular/cli": "7.2.1",
    "@angular/common": "7.2.0",
    "@angular/compiler": "7.2.0",
    "@angular/compiler-cli": "7.2.0",
    "@angular/core": "7.2.0",
    "@angular/forms": "7.2.0",
    "@angular/http": "7.2.0",
    "@angular/language-service": "7.2.0",
    "@angular/platform-browser": "7.2.0",
    "@angular/platform-browser-dynamic": "7.2.0",
    "@angular/router": "7.2.0",
    "@ngx-translate/core": "11.0.1",
    "@ngx-translate/http-loader": "4.0.0",
    "@types/jasmine": "2.8.7",
    "@types/jasminewd2": "2.0.3",
    "@types/node": "8.9.4",
    "codelyzer": "4.5.0",
    "conventional-changelog-cli": "2.0.11",
    "core-js": "2.6.1",
    "electron": "4.0.0",
    "electron-builder": "20.36.2",
    "electron-reload": "1.3.0",
    "jasmine-core": "3.3.0",
    "jasmine-spec-reporter": "4.2.1",
    "karma": "3.1.1",
    "karma-chrome-launcher": "2.2.0",
    "karma-coverage-istanbul-reporter": "2.0.4",
    "karma-jasmine": "2.0.1",
    "karma-jasmine-html-reporter": "1.4.0",
    "npm-run-all": "4.1.5",
    "protractor": "5.4.1",
    "rxjs": "6.3.3",
    "ts-node": "7.0.1",
    "tslint": "5.11.0",
    "typescript": "3.2.2",
    "wait-on": "3.2.0",
    "webdriver-manager": "12.1.0",
    "zone.js": "0.8.27"
  }
}