{
  "name": "angular-mdc",
  "description": "Material Web Components for Angular",
  "homepage": "https://github.com/trimox/angular-mdc-web",
  "bugs": "https://github.com/trimox/angular-mdc-web/issues",
  "repository": {
    "type": "git",
    "url": "https://github.com/trimox/angular-mdc-web.git"
  },
  "license": "MIT",
  "version": "0.44.0",
  "engines": {
    "node": ">= 9.11.1"
  },
  "requiredAngularVersion": ">=7.0.0",
  "scripts": {
    "build": "gulp web:build",
    "build:release": "gulp web:build-release",
    "migrate-mdc-sass": "rimraf packages/material-components-web/scss && node scripts/migrate-mdc-scss.js",
    "changelog": "conventional-changelog -p angular -i CHANGELOG.md -s",
    "lint": "tslint 'packages/**/*.ts'",
    "lint:css": "stylelint \"packages/material-components-web/**/*.scss\"",
    "fix:css": "stylelint --fix \"packages/material-components-web/**/*.scss\"",
    "test": "karma start --single-run",
    "test:watch": "karma start --auto-watch"
  },
  "dependencies": {
    "@angular/common": "^7.2.5",
    "@angular/compiler": "^7.2.5",
    "@angular/core": "^7.2.5",
    "@angular/forms": "^7.2.5",
    "@angular/platform-browser": "^7.2.5",
    "core-js": "^2.6.5",
    "material-components-web": "^0.44.1",
    "rxjs": "^6.3.3",
    "tsickle": "^0.34.3",
    "tslib": "1.9.3",
    "zone.js": "0.8.29"
  },
  "devDependencies": {
    "@angular/compiler-cli": "^7.2.5",
    "@angular/platform-browser-dynamic": "^7.2.5",
    "@babel/core": "^7.3.3",
    "@babel/preset-env": "^7.3.1",
    "@types/fs-extra": "^5.0.5",
    "@types/glob": "^7.1.1",
    "@types/gulp": "^4.0.5",
    "@types/jasmine": "^3.3.9",
    "@types/node": "^11.9.4",
    "@types/run-sequence": "0.0.30",
    "babel-loader": "^8.0.5",
    "babel-plugin-istanbul": "^5.1.1",
    "codecov": "^3.2.0",
    "codelyzer": "^4.5.0",
    "cpx": "^1.5.0",
    "cz-conventional-changelog": "^2.1.0",
    "focus-trap": "^4.0.2",
    "fs-extra": "^7.0.0",
    "glob": "^7.1.2",
    "gulp": "^3.9.1",
    "gulp-clean": "^0.4.0",
    "gulp-cli": "^2.0.1",
    "istanbul": "^0.4.5",
    "istanbul-instrumenter-loader": "^3.0.1",
    "jasmine-core": "^3.3.0",
    "karma": "^4.0.0",
    "karma-chrome-launcher": "2.2.0",
    "karma-coverage": "^1.1.2",
    "karma-coverage-istanbul-reporter": "^2.0.5",
    "karma-jasmine": "^2.0.1",
    "karma-remap-istanbul": "0.6.0",
    "karma-webpack": "^3.0.5",
    "magic-string": "^0.25.2",
    "node-sass": "^4.9.2",
    "rollup": "^1.2.2",
    "rollup-plugin-alias": "^1.5.1",
    "rollup-plugin-babel": "^4.3.2",
    "rollup-plugin-commonjs": "^9.2.0",
    "rollup-plugin-node-resolve": "^4.0.0",
    "run-sequence": "^2.2.1",
    "sorcery": "^0.10.0",
    "stylelint": "^9.10.1",
    "stylelint-config-standard": "^18.0.0",
    "stylelint-order": "^2.0.0",
    "stylelint-scss": "^3.5.3",
    "stylelint-selector-bem-pattern": "^2.0.0",
    "terser": "^3.16.1",
    "ts-loader": "^5.3.3",
    "ts-node": "^8.0.2",
    "tsconfig-paths": "^3.8.0",
    "tsconfig-paths-webpack-plugin": "^3.2.0",
    "tslint": "^5.12.1",
    "typescript": "~3.2.2",
    "validate-commit-msg": "^2.14.0",
    "webpack": "^4.29.5",
    "webpack-cli": "^3.2.3"
  },
  "config": {
    "validate-commit-msg": {
      "helpMessage": "%s\nNOTE: Please see angular's commit message guidelines (https://github.com/angular/angular.js/blob/master/CONTRIBUTING.md#commit) for information on how to format commit messages.\n\nAs an example, here is a valid commit message: 'docs(slider): Document slider public api'\n\nIf this commit is on a development / WIP branch, you can disable this by running `git commit --no-verify`.",
      "scope": {
        "allowed": [
          "button",
          "card",
          "checkbox",
          "chips",
          "dialog",
          "drawer",
          "elevation",
          "fab",
          "floating-label",
          "form-field",
          "grid-list",
          "icon",
          "icon-button",
          "image-list",
          "layout-grid",
          "linear-progress",
          "line-ripple",
          "list",
          "material-icon",
          "menu",
          "menu-surface",
          "notched-outline",
          "radio",
          "ripple",
          "rtl",
          "select",
          "shape",
          "slider",
          "snackbar",
          "switch",
          "tab",
          "tab-bar",
          "tab-indicator",
          "tab-scroller",
          "text-field",
          "top-app-bar",
          "typography",
          "demos",
          "infrastructure",
          "package"
        ],
        "validate": true
      }
    },
    "commitizen": {
      "path": "node_modules/cz-conventional-changelog"
    }
  },
  "private": true
}