{
  "name": "apollo-tooling-monorepo",
  "private": true,
  "homepage": "https://github.com/apollographql/apollo-tooling",
  "bugs": "https://github.com/apollographql/apollo-tooling/issues",
  "repository": {
    "type": "git",
    "url": "git+https://github.com/apollographql/apollo-tooling.git"
  },
  "license": "MIT",
  "author": "Apollo GraphQL <opensource@apollographql.com>",
  "bin": {
    "apollo": "./packages/apollo/bin/run"
  },
  "scripts": {
    "azure": "npm ci && npm run test:ci",
    "clean": "git clean -dfqX -- ./node_modules **/{lib,node_modules}/",
    "postinstall": "npm run build",
    "build": "lerna run build --stream --scope apollo-env && npm run compile && lerna run build --stream --ignore apollo-env",
    "compile": "tsc --build tsconfig.json",
    "compile:clean": "tsc --build tsconfig.json --clean",
    "watch": "tsc --build tsconfig.json --watch",
    "test": "jest",
    "test:ci": "npm run test -- --ci --maxWorkers=2",
    "test:ci:debug": "DEBUG=* node --inspect-brk=9001 node_modules/.bin/jest --runInBand",
    "test:vscode": "lerna run test --scope=vscode-apollo",
    "circle": "npm run test:ci",
    "postcircle": "npm run lint",
    "lint": "prettier --list-different \"packages/*/src/**/*.{js,jsx,ts,tsx}\"",
    "lint-fix": "prettier --write \"packages/*/src/**/*.{js,jsx,ts,tsx}\"",
    "posttest": "npm run lint",
    "release": "npm run clean && npm ci && lerna publish --exact",
    "package-extension": "npm run clean && npm ci && lerna run package-extension --stream --scope=vscode-apollo",
    "client:codegen": "node ./packages/apollo/bin/run client:codegen --target=typescript --outputFlat ./packages/apollo-language-server/src/graphqlTypes.ts"
  },
  "engines": {
    "node": ">=8",
    "npm": ">=6"
  },
  "dependencies": {
    "@apollographql/apollo-tools": "file:packages/apollo-tools",
    "apollo": "file:packages/apollo",
    "apollo-codegen-core": "file:packages/apollo-codegen-core",
    "apollo-codegen-flow": "file:packages/apollo-codegen-flow",
    "apollo-codegen-scala": "file:packages/apollo-codegen-scala",
    "apollo-codegen-swift": "file:packages/apollo-codegen-swift",
    "apollo-codegen-typescript": "file:packages/apollo-codegen-typescript",
    "apollo-env": "file:packages/apollo-env",
    "apollo-graphql": "file:packages/apollo-graphql",
    "apollo-language-server": "file:packages/apollo-language-server",
    "vscode-apollo": "file:packages/vscode-apollo"
  },
  "devDependencies": {
    "@fancy-test/nock": "0.1.1",
    "@oclif/dev-cli": "1.21.2",
    "@oclif/test": "1.2.4",
    "@types/babel-types": "7.0.6",
    "@types/babel__generator": "7.0.2",
    "@types/chai": "4.1.7",
    "@types/common-tags": "1.8.0",
    "@types/cosmiconfig": "5.0.3",
    "@types/globby": "8.0.0",
    "@types/graphql": "14.0.7",
    "@types/inflected": "1.1.29",
    "@types/jest": "23.3.14",
    "@types/listr": "0.13.0",
    "@types/lodash": "4.14.121",
    "@types/lodash.sortby": "4.7.5",
    "@types/minimatch": "3.0.3",
    "@types/nock": "9.3.1",
    "@types/node": "11.9.5",
    "@types/node-fetch": "2.1.6",
    "@types/react": "16.8.5",
    "@types/react-dom": "16.8.2",
    "@types/recursive-readdir": "2.2.0",
    "@types/ws": "6.0.1",
    "babel-preset-react-app": "3.1.2",
    "chai": "4.2.0",
    "husky": "1.3.1",
    "jest": "23.6.0",
    "jest-environment-node": "23.4.0",
    "jest-matcher-utils": "23.6.0",
    "lerna": "3.13.0",
    "lint-staged": "8.1.4",
    "memfs": "2.15.2",
    "nock": "10.0.6",
    "prettier": "1.16.4",
    "symlink-dir": "2.0.2",
    "ts-jest": "23.10.5",
    "ts-node": "8.0.2",
    "tslib": "1.9.3",
    "typescript": "3.1.6",
    "vsce": "1.57.1",
    "vscode": "1.1.29",
    "yarn": "1.13.0"
  },
  "jest": {
    "projects": [
      "<rootDir>/packages/*"
    ]
  },
  "lint-staged": {
    "*.{js,jsx,ts,tsx}": [
      "prettier --write",
      "git add"
    ]
  },
  "husky": {
    "hooks": {
      "pre-commit": "lint-staged"
    }
  }
}