{
  "name": "apollo-client-monorepo",
  "private": true,
  "license": "MIT",
  "scripts": {
    "postinstall": "lerna exec -- npm install --package-lock=false && lerna run prepare",
    "diff": "check-if-folder-contents-changed-in-git-commit-range",
    "build": "lerna run build",
    "test": "jest --verbose",
    "test-ci": "npm run coverage -- --ci --maxWorkers=2 --reporters=default --reporters=jest-junit",
    "benchmark": "cd packages/apollo-client && npm run benchmark",
    "prelint": "npm run lint-fix",
    "lint": "lerna run lint",
    "lint-fix": "prettier --ignore-path \"./config/prettierignore\" --trailing-comma all --single-quote --write \"packages/*/{src,tests,test,benchmark}/**/*.{j,t}s*\"",
    "lint-staged": "lint-staged",
    "filesize": "lerna run build && bundlesize",
    "coverage": "jest --verbose --coverage",
    "coverage:upload": "codecov",
    "danger": "danger run --verbose --dangerfile=./config/dangerfile.ts",
    "deploy": "lerna publish -m \"chore: Publish\" && cd packages/apollo-client && npm run deploy",
    "clean": "find . -name \"node_modules\" -exec rm -rf '{}' + && find . -name \"lib\" -exec rm -rf '{}' +"
  },
  "bundlesize": [
    {
      "name": "apollo-cache",
      "path": "./packages/apollo-cache/lib/bundle.cjs.min.js",
      "maxSize": "825 B"
    },
    {
      "name": "apollo-cache-inmemory",
      "path": "./packages/apollo-cache-inmemory/lib/bundle.cjs.min.js",
      "maxSize": "4.95 kB"
    },
    {
      "name": "apollo-client",
      "path": "./packages/apollo-client/lib/bundle.cjs.min.js",
      "maxSize": "10.6 kB"
    },
    {
      "name": "apollo-utilities",
      "path": "./packages/apollo-utilities/lib/bundle.cjs.min.js",
      "maxSize": "4.15 kB"
    }
  ],
  "lint-staged": {
    "*.ts*": [
      "prettier --ignore-path \"./config/prettierignore\" --trailing-comma all --single-quote --write"
    ],
    "*.js*": [
      "prettier --ignore-path \"./config/prettierignore\" --trailing-comma all --single-quote --write"
    ]
  },
  "pre-commit": "lint-staged",
  "dependencies": {
    "apollo-boost": "file:packages/apollo-boost",
    "apollo-cache": "file:packages/apollo-cache",
    "apollo-cache-inmemory": "file:packages/apollo-cache-inmemory",
    "apollo-client": "file:packages/apollo-client",
    "apollo-utilities": "file:packages/apollo-utilities",
    "graphql-anywhere": "file:packages/graphql-anywhere"
  },
  "devDependencies": {
    "@octokit/rest": "16.16.3",
    "@types/benchmark": "1.0.31",
    "@types/graphql": "14.0.7",
    "@types/isomorphic-fetch": "0.0.35",
    "@types/jest": "23.3.14",
    "@types/lodash": "4.14.121",
    "@types/node": "10.12.27",
    "@types/react": "16.8.6",
    "@types/react-dom": "16.8.2",
    "benchmark": "2.1.4",
    "bundlesize": "0.17.1",
    "check-if-folder-contents-changed-in-git-commit-range": "1.0.0",
    "codecov": "3.2.0",
    "danger": "7.0.14",
    "fetch-mock": "7.3.1",
    "flow-bin": "0.94.0",
    "graphql": "14.1.1",
    "graphql-tag": "2.10.1",
    "isomorphic-fetch": "2.2.1",
    "jest": "23.6.0",
    "jest-junit": "5.2.0",
    "lerna": "3.13.1",
    "lint-staged": "8.1.4",
    "lodash": "4.17.11",
    "pre-commit": "1.2.2",
    "prettier": "1.16.4",
    "react": "16.8.3",
    "react-dom": "16.8.3",
    "rollup": "1.2.2",
    "rollup-plugin-invariant": "^0.3.2",
    "rollup-plugin-local-resolve": "1.0.7",
    "rollup-plugin-node-resolve": "4.0.1",
    "rollup-plugin-sourcemaps": "0.4.2",
    "rollup-plugin-terser": "^4.0.3",
    "rollup-plugin-typescript2": "0.18.1",
    "rxjs": "6.4.0",
    "ts-jest": "23.1.4",
    "tsc-watch": "^2.1.2",
    "tslib": "1.9.3",
    "tslint": "5.12.1",
    "typescript": "3.3.3333",
    "uglify-js": "3.4.9",
    "webpack": "3.12.0",
    "webpack-bundle-analyzer": "3.0.4"
  },
  "renovate": {
    "extends": [
      ":pinOnlyDevDependencies"
    ],
    "semanticCommits": true,
    "timezone": "America/Los_Angeles",
    "schedule": [
      "after 10pm and before 5am on every weekday"
    ],
    "rebaseStalePrs": true,
    "prCreation": "not-pending",
    "automerge": "minor",
    "labels": [
      "dependencies"
    ],
    "assignees": [
      "@hwillson"
    ],
    "reviewers": [
      "@hwillson"
    ],
    "pathRules": [
      {
        "paths": [
          "docs/package.json"
        ],
        "extends": [
          "apollo-docs"
        ]
      }
    ]
  }
}