{
  "name": "apollo-angular-monorepo",
  "private": true,
  "license": "MIT",
  "scripts": {
    "postinstall": "node ./scripts/netlify-check.js 'yarn build'",
    "prebuild": "rimraf packages/*/build/ packages/*/coverage/",
    "build": "lerna run build",
    "test": "lerna run test",
    "format": "prettier --config .prettierrc --write \"packages/**/*.ts\"",
    "deploy": "lerna run deploy",
    "coverage": "codecov",
    "precommit": "lint-staged"
  },
  "workspaces": [
    "packages/*"
  ],
  "devDependencies": {
    "@types/jest": "23.3.13",
    "codecov": "3.2.0",
    "husky": "1.3.1",
    "jest": "24.1.0",
    "lerna": "3.13.1",
    "lint-staged": "8.1.4",
    "prettier": "1.16.4",
    "rimraf": "2.6.3",
    "shelljs": "0.8.3",
    "tsickle": "0.34.3",
    "typescript": "3.2.4"
  }
}