{
  "name": "appr-wrapper",
  "version": "1.0.0",
  "description": "Payment Request wrapper for Apple Pay JS",
  "main": "server.js",
  "scripts": {
    "start": "node server.js",
    "build": "gulp",
    "deploy": "npm run build && gcloud app deploy --project=web-payment-apis app.yaml",
    "test": "echo \"Error: no test specified\" && exit 1"
  },
  "author": "Eiji Kitamura <agektmr@google.com>",
  "license": "Apache-2.0",
  "devDependencies": {
    "@types/applepayjs": "^1.0.4",
    "chai": "^4.1.2",
    "gulp": "^3.9.1",
    "gulp-webpack": "^1.5.0",
    "mocha": "^4.0.1",
    "ts-loader": "^2.0.0",
    "webpack": "^2.7.0",
    "webpack-stream": "^3.2.0",
    "webpack-uglify-js-plugin": "^1.1.9"
  },
  "dependencies": {
    "body-parser": "^1.16.1",
    "express": "^4.14.0",
    "fs": "^0.0.1-security",
    "path": "^0.12.7",
    "request": "^2.79.0",
    "whatwg-fetch": "^2.0.2"
  }
}