{
  "name": "@esri/arcgis-rest-js",
  "version": "1.17.0",
  "description": "Compact, modular JavaScript wrappers for the ArcGIS REST API that run in Node.js and modern browsers.",
  "devDependencies": {
    "@types/es6-promise": "0.0.32",
    "@types/fetch-mock": "^6.0.4",
    "@types/jasmine": "^2.8.2",
    "@types/node": "^6.0.95",
    "acetate": "^2.0.4",
    "acetate-cli": "^1.0.1",
    "changelog-parser": "^2.1.0",
    "cheerio": "^1.0.0-rc.2",
    "codecov": "^3.1.0",
    "commitizen": "^2.10.0",
    "concurrently": "^3.5.1",
    "cpx": "^1.5.0",
    "cross-spawn": "^5.1.0",
    "cz-lerna-changelog": "github:patrickarlt/cz-lerna-changelog#3fe7650a2e2e624b1f46e5031c96119759698288",
    "date-fns": "^1.29.0",
    "event-stream": "3.3.4",
    "fetch-mock": "^5.13.1",
    "gh-pages": "^1.1.0",
    "gh-release": "^3.4.0",
    "husky": "^0.14.3",
    "inspect-process": "^0.5.0",
    "jasmine": "^2.8.0",
    "jasmine-core": "^2.8.0",
    "karma": "^3.1.4",
    "karma-chrome-launcher": "^2.2.0",
    "karma-firefox-launcher": "^1.1.0",
    "karma-ie-launcher": "^1.0.0",
    "karma-jasmine": "^1.1.1",
    "karma-jasmine-diff-reporter": "^1.1.1",
    "karma-safari-launcher": "^1.0.0",
    "karma-typescript": "^3.0.9",
    "karma-typescript-es6-transform": "^1.0.3",
    "lerna": "^2.5.1",
    "lint-staged": "^4.3.0",
    "minimatch": "^3.0.4",
    "node-sass": "^4.9.0",
    "onchange": "^3.3.0",
    "prettier": "^1.14.3",
    "resolve": "^1.5.0",
    "rimraf": "^2.6.2",
    "rollup": "^0.66.4",
    "rollup-plugin-commonjs": "^8.2.6",
    "rollup-plugin-filesize": "^5.0.1",
    "rollup-plugin-json": "^2.3.0",
    "rollup-plugin-node-resolve": "^3.0.3",
    "rollup-plugin-typescript2": "^0.4.6",
    "rollup-plugin-uglify": "^3.0.0",
    "shelljs": "^0.7.8",
    "slug": "^0.9.1",
    "sri-toolbox": "0.2.0",
    "ts-node": "^3.3.0",
    "tslint": "^5.11.0",
    "tslint-config-prettier": "^1.6.0",
    "tslint-config-standard": "^8.0.1",
    "typedoc": "^0.12.0",
    "typescript": "^3.0.0"
  },
  "dependencies": {
    "es6-promise": "^4.2.1",
    "isomorphic-fetch": "^2.2.1",
    "isomorphic-form-data": "^2.0.0",
    "tslib": "^1.8.1"
  },
  "lint-staged": {
    "*.ts": [
      "prettier --write --parser typescript --tab-width 2 --use-tabs false",
      "tslint --project tsconfig.json",
      "git add"
    ]
  },
  "scripts": {
    "build": "lerna run build",
    "clean": "rm -rf packages/*/dist/",
    "test": "npm run lint && npm run test:node && npm run test:chrome",
    "test:chrome:debug": "karma start --auto-watch --no-single-run --browsers=Chrome",
    "test:chrome": "karma start --single-run --browsers=Chrome",
    "test:chrome:ci": "karma start --single-run --browsers ChromeHeadlessCI karma.conf.js",
    "test:firefox": "karma start --single-run --browsers=Firefox",
    "test:node": "jasmine --config=jasmine.json",
    "test:node:debug": "inspect jasmine --config=jasmine.json",
    "test:ci": "npm run lint && npm run test:node && npm run test:chrome:ci && npm run test:firefox",
    "test:all": "npm run test:node && npm run test:firefox && npm run test:chrome",
    "docs:build": "rimraf docs/build && npm run docs:typedoc && npm run docs:build:acetate && npm run docs:build:sass && npm run docs:build:images && npm run docs:build:js",
    "docs:build:acetate": "ENV=prod acetate build --config docs/acetate.config.js",
    "docs:build:sass": "node-sass --output docs/build/arcgis-rest-js/css --source-map true --source-map-contents docs/src/sass",
    "docs:build:images": "cpx \"docs/src/**/*.{png,jpg,jpeg,gif,svg,webm,ogg}\" docs/build/arcgis-rest-js",
    "docs:build:js": "cpx \"docs/src/**/{api-search,nav-toggle}.js\" docs/build/arcgis-rest-js",
    "docs:deploy": "npm run docs:build && node support/deploy-doc-site.js",
    "docs:typedoc": "node docs/build-typedoc.js",
    "docs:dev:typedoc": "onchange -v 'packages/*/src/**/*.ts' -- npm run docs:typedoc",
    "predocs:serve": "npm run docs:typedoc",
    "docs:serve": "rimraf docs/build && concurrently \"npm run docs:dev:js\" \"npm run docs:dev:images\" \"npm run docs:dev:acetate\" \"npm run docs:dev:sass\" \"npm run docs:dev:typedoc\"",
    "docs:dev:images": "cpx \"docs/src/**/*.{png,jpg,jpeg,gif,svg,webm,ogg}\" docs/build/arcgis-rest-js -w",
    "docs:dev:acetate": "acetate server --log=debug --config docs/acetate.config.js --startPath arcgis-rest-js/",
    "predocs:dev:sass": "npm run docs:build:sass",
    "docs:dev:sass": "node-sass --watch --recursive --output docs/build/arcgis-rest-js/css --source-map true --source-map-contents docs/src/sass",
    "docs:dev:js": "cpx \"docs/src/**/{api-search,nav-toggle}.js\" docs/build/arcgis-rest-js -w",
    "docs:srihash": "node docs/generate-srihashes.js",
    "lint": "tslint --project tsconfig.json",
    "lint:fix": "tslint --project tsconfig.json --fix",
    "prettify": "prettier --write --parser typescript --tab-width 2 --use-tabs false \"packages/**/+(src|test)/**/*.ts\"",
    "precommit": "lint-staged",
    "postinstall": "npm run bootstrap",
    "bootstrap": "lerna bootstrap",
    "prerelease:prepare": "git fetch --all && npm run clean && lerna bootstrap && npm test",
    "release:prepare": "lerna publish --skip-git --skip-npm --yes && node ./support/changelog.js",
    "release:review": "git --no-pager diff --word-diff",
    "release:publish": "./support/publish.sh",
    "c": "git-cz",
    "dev": "support/dev.sh"
  },
  "repository": {
    "type": "git",
    "url": "git+https://github.com/Esri/arcgis-rest-js.git"
  },
  "contributors": [
    {
      "name": "Anthony Lukach"
    },
    {
      "name": "Bill Reynolds",
      "email": "wreynolds@esri.com"
    },
    {
      "name": "City of Veronia GIS"
    },
    {
      "name": "Dave Bouwman",
      "email": "dbouwman@esri.com"
    },
    {
      "name": "Enguerrand des Vaux"
    },
    {
      "name": "Gavin Rehkemper",
      "email": "grehkemper@esri.com"
    },
    {
      "name": "Ian Trewella"
    },
    {
      "name": "Idi Eradiri",
      "email": "ieradiri@esri.com"
    },
    {
      "name": "Jeff Jacobson"
    },
    {
      "name": "John Gravois",
      "email": "john@esri.com"
    },
    {
      "name": "Junshan Liu",
      "email": "jliu@esri.com"
    },
    {
      "name": "Max Payson",
      "email": "mpayson@esri.com"
    },
    {
      "name": "Mike 'Jupe' Juniper",
      "email": "mjuniper@esri.com"
    },
    {
      "name": "Mike Tschudi",
      "email": "mtschudi@esri.com"
    },
    {
      "name": "Noah Mulfinger",
      "email": "nmulfinger@esri.com"
    },
    {
      "name": "Patrick Arlt",
      "email": "parlt@esri.com",
      "url": "http://patrickarlt.com/"
    },
    {
      "name": "Richard Hincamp"
    },
    {
      "name": "Steven Kitterman",
      "email": "skitterman@esri.com"
    },
    {
      "name": "Stephen Sylvia",
      "email": "ssylvia@esri.com"
    },
    {
      "name": "Tom Wayson",
      "email": "twayson@esri.com"
    }
  ],
  "license": "Apache-2.0",
  "bugs": {
    "url": "https://github.com/Esri/arcgis-rest-js/issues"
  },
  "homepage": "https://github.com/Esri/arcgis-rest-js#readme",
  "config": {
    "commitizen": {
      "path": "./node_modules/cz-lerna-changelog"
    }
  }
}