{
  "name": "at-ng",
  "version": "7.0.6",
  "license": "MIT",
  "author": "zhou351711778",
  "scripts": {
    "ng": "ng",
    "start": "ng serve",
    "build": "ng build --prod",
    "build-map-status": "node --max_old_space_size=5048 ./node_modules/@angular/cli/bin/ng build --prod --source-map",
    "schematic:tsc": "tsc -p schematics/tsconfig.json",
    "test": "ng test",
    "lint": "ng lint",
    "e2e": "ng e2e",
    "generate": "bash ./build.sh",
    "release": "rm -rf publish && ng build at-ng-lib &&  npm run schematic:tsc && bash ./build.sh",
    "lint-fix": "ng lint --fix"
  },
  "main": "./bundles/at-ng.umd.js",
  "module": "./esm5/at-ng.js",
  "typings": "./at-ng.d.ts",
  "es2015": "./esm15/at-ng.js",
  "keywords": [
    "at-ui",
    "angular",
    "ui",
    "framework",
    "frontend"
  ],
  "dependencies": {
    "@ampproject/rollup-plugin-closure-compiler": "^0.8.2",
    "@angular-devkit/schematics": "^7.0.1",
    "@angular/cdk": "^7.0.0",
    "@angular/pwa": "^0.10.2",
    "moment": "^2.18.1",
    "tsickle": "^0.33.0",
    "tslib": "^1.7.1"
  },
  "devDependencies": {
    "@angular-devkit/build-angular": "^0.10.1",
    "@angular-devkit/build-ng-packagr": "^0.10.3",
    "ng-packagr": "^4.4.0",
    "@angular/animations": "^7.0.0",
    "@angular/cli": "^7.0.1",
    "@angular/common": "^7.0.0",
    "@angular/compiler": "^7.0.0",
    "@angular/compiler-cli": "^7.0.0",
    "@angular/core": "^7.0.0",
    "@angular/forms": "^7.0.0",
    "@angular/http": "^7.0.0",
    "@angular/language-service": "^7.0.0",
    "@angular/platform-browser": "^7.0.0",
    "@angular/platform-browser-dynamic": "^7.0.0",
    "@angular/router": "^7.0.0",
    "@angular/service-worker": "^7.0.0",
    "@types/jasmine": "~2.8.9",
    "@types/jasminewd2": "~2.0.5",
    "@types/node": "~10.12.0",
    "classlist.js": "^1.1.20150312",
    "codelyzer": "~4.5.0",
    "core-js": "^2.4.1",
    "coveralls": "^3.0.2",
    "highlight.js": "^9.13.1",
    "intl": "^1.2.5",
    "jasmine-core": "~3.2.1",
    "jasmine-spec-reporter": "~4.2.1",
    "karma": "~3.0.0",
    "karma-chrome-launcher": "~2.2.0",
    "karma-cli": "~1.0.1",
    "karma-coverage-istanbul-reporter": "^2.0.4",
    "karma-jasmine": "~1.1.0",
    "karma-jasmine-html-reporter": "^1.3.1",
    "marked": "^0.5.1",
    "protractor": "~5.4.1",
    "rollup": "^0.66.6",
    "rollup-plugin-node-resolve": "^3.0.0",
    "rollup-plugin-replace": "^2.1.0",
    "rollup-plugin-sourcemaps": "^0.4.2",
    "rollup-plugin-terser": "^3.0.0",
    "rollup-plugin-uglify": "^6.0.0",
    "rxjs": "^6.3.3",
    "source-map-explorer": "^1.6.0",
    "tinycolor2": "1.4.1",
    "ts-node": "~7.0.1",
    "tslint": "~5.11.0",
    "typescript": "~3.1.3",
    "web-animations-js": "^2.3.1",
    "zone.js": "0.8.26"
  },
  "peerDependencies": {
    "moment": "^2.18.1",
    "tinycolor2": "1.4.1"
  }
}