{
  "name": "aurelia",
  "private": true,
  "license": "MIT",
  "engines": {
    "node": ">=8.11.4 <11.0.0",
    "npm": ">=6.1.0 <7.0.0"
  },
  "scripts": {
    "commit": "git-cz",
    "init": "npm ci && npm run bootstrap && npm run build",
    "bootstrap": "lerna bootstrap --ci",
    "postinstall": "lerna bootstrap --ci",
    "build": "lerna run build",
    "build:test": "lerna run build:test",
    "dev": "lerna run dev --parallel",
    "clean": "rimraf packages/*/dist dist",
    "bundle:dist": "ts-node -P scripts/tsconfig.json scripts/bundle.ts umd,esm,system",
    "postbundle:dist": "rimraf .rpt2_cache packages/*/dist/.rpt2_cache",
    "bundle:all": "ts-node -P scripts/tsconfig.json scripts/bundle.ts umd,esm,system,iife all",
    "postbundle:all": "rimraf .rpt2_cache packages/*/dist/.rpt2_cache dist/.rpt2_cache",
    "bundle:release": "ts-node -P scripts/tsconfig.json scripts/bundle.ts umd,esm,system,iife all min",
    "postbundle:release": "rimraf .rpt2_cache packages/*/dist/.rpt2_cache dist/.rpt2_cache",
    "test-node": "lerna run test-node",
    "test": "cross-env TS_NODE_PROJECT=\"scripts/tsconfig.json\" karma start scripts/karma.conf.ts --browsers=ChromeHeadlessOpt --single-run --coverage",
    "test-firefox": "cross-env TS_NODE_PROJECT=\"scripts/tsconfig.json\" karma start scripts/karma.conf.ts --browsers=FirefoxHeadless --single-run",
    "test:watch": "cross-env TS_NODE_PROJECT=\"scripts/tsconfig.json\" karma start scripts/karma.conf.ts --browsers=ChromeHeadlessOpt --coverage",
    "test:debugger": "cross-env TS_NODE_PROJECT=\"scripts/tsconfig.json\" karma start scripts/karma.conf.ts --browsers=ChromeDebugging",
    "lint": "lerna run lint",
    "lint:src": "lerna run lint:src",
    "lint:test": "lerna run lint:test",
    "change-package-refs:tsc": "ts-node -P scripts/tsconfig.json scripts/change-package-refs.ts tsc",
    "change-package-refs:rollup": "ts-node -P scripts/tsconfig.json scripts/change-package-refs.ts rollup",
    "prepare-release": "ts-node -P scripts/tsconfig.json scripts/prepare-release.ts",
    "prepare-release:conventional": "lerna version --conventional-commits --no-push --no-git-tag-version --exact --loglevel verbose -y",
    "publish:local": "lerna run publish:local --parallel",
    "publish:dev": "ts-node -P scripts/tsconfig.json scripts/publish.ts dev",
    "publish:latest": "ts-node -P scripts/tsconfig.json scripts/publish.ts latest",
    "bump-version:dev": "ts-node -P scripts/tsconfig.json scripts/bump-version.ts dev",
    "bump-version:latest": "ts-node -P scripts/tsconfig.json scripts/bump-version.ts latest",
    "refresh": "lerna clean -y && nodetouch ensurestash && git add . && git stash && git clean -xfd && git stash pop && git rm -f ensurestash && npm ci && npm run bootstrap && npm run build",
    "generate-tests:template-compiler.static": "ts-node -P scripts/tsconfig.json scripts/generate-tests/template-compiler.static.ts",
    "generate-tests:template-compiler.mutations": "ts-node -P scripts/tsconfig.json scripts/generate-tests/template-compiler.mutations.ts",
    "generate-e2e": "ts-node -P scripts/tsconfig.json scripts/generate-tests/e2e.ts"
  },
  "dependencies": {},
  "devDependencies": {
    "@types/acorn": "^4.0.5",
    "@types/chai": "^4.1.7",
    "@types/chokidar": "^1.7.5",
    "@types/fancy-log": "^1.3.1",
    "@types/jsdom": "^12.2.2",
    "@types/karma": "^3.0.2",
    "@types/mocha": "^5.2.6",
    "@types/node": "^10.12.27",
    "@types/pixi.js": "^4.8.6",
    "@types/request": "^2.48.1",
    "@types/sinon": "^7.0.6",
    "@types/sinon-chai": "^3.2.2",
    "@types/webpack": "^4.4.24",
    "@types/webpack-env": "^1.13.7",
    "chai": "^4.2.0",
    "chalk": "^2.4.2",
    "commitizen": "^3.0.7",
    "cross-env": "^5.2.0",
    "cz-conventional-changelog": "^2.1.0",
    "esm": "^3.2.6",
    "fancy-log": "^1.3.3",
    "husky": "^1.3.1",
    "istanbul": "^0.4.5",
    "istanbul-instrumenter-loader": "^3.0.1",
    "jsdom": "^13.2.0",
    "karma": "^4.0.0",
    "karma-chai": "^0.1.0",
    "karma-chrome-launcher": "^2.2.0",
    "karma-coverage": "^1.1.2",
    "karma-coverage-istanbul-reporter": "^2.0.5",
    "karma-firefox-launcher": "^1.1.0",
    "karma-junit-reporter": "^1.2.0",
    "karma-min-reporter": "^0.1.0",
    "karma-mocha": "^1.3.0",
    "karma-mocha-reporter": "^2.2.5",
    "karma-source-map-support": "^1.4.0",
    "karma-sourcemap-loader": "^0.3.7",
    "karma-webpack": "^3.0.5",
    "lerna": "^3.13.0",
    "magic-string": "^0.25.2",
    "mocha": "^6.0.1",
    "npm-run-all": "^4.1.5",
    "path": "^0.12.7",
    "pixi.js": "^4.8.6",
    "reflect-metadata": "^0.1.13",
    "request": "^2.88.0",
    "rollup": "^1.2.3",
    "rollup-plugin-node-resolve": "^4.0.1",
    "rollup-plugin-replace": "^2.1.0",
    "rollup-plugin-terser": "^4.0.4",
    "rollup-plugin-typescript2": "^0.19.2",
    "rxjs": "^6.4.0",
    "sinon": "^7.2.4",
    "sinon-chai": "^3.3.0",
    "source-map": "^0.7.3",
    "touch": "^3.1.0",
    "ts-loader": "^5.3.3",
    "ts-node": "^8.0.2",
    "tsconfig-paths": "^3.8.0",
    "tslib": "^1.9.3",
    "tslint": "^5.12.1",
    "tslint-microsoft-contrib": "^6.0.0",
    "tslint-sonarts": "^1.9.0",
    "typescript": "^3.3.3333",
    "validate-commit-msg": "^2.14.0",
    "webpack": "^4.29.5",
    "webpack-cli": "^3.2.3",
    "webpack-dev-server": "^3.2.0"
  },
  "config": {
    "commitizen": {
      "path": "./node_modules/cz-conventional-changelog"
    },
    "validate-commit-msg": {
      "types": [
        "feat",
        "fix",
        "docs",
        "style",
        "refactor",
        "perf",
        "test",
        "build",
        "ci",
        "chore",
        "revert"
      ],
      "scope": {
        "required": false,
        "allowed": [
          "*"
        ],
        "validate": false,
        "multiple": false
      },
      "warnOnFail": false,
      "maxSubjectLength": 100,
      "subjectPattern": ".+",
      "subjectPatternErrorMsg": "subject does not match subject pattern!",
      "helpMessage": "",
      "autoFix": false
    }
  },
  "husky": {
    "hooks": {
      "commit-msg": "validate-commit-msg"
    }
  }
}