{
  "name": "aurelia-ui-framework",
  "description": "An Aurelia client application.",
  "version": "5.0.0-beta.2",
  "repository": {
    "type": "???",
    "url": "???"
  },
  "license": "MIT",
  "dependencies": {
    "aurelia-animator-css": "^1.0.4",
    "aurelia-binding": "^2.2.0",
    "aurelia-fetch-client": "^1.8.0",
    "aurelia-framework": "^1.3.1",
    "aurelia-templating": "^1.10.1",
    "aurelia-ui-virtualization": "^1.0.0-beta.4",
    "aurelia-validation": "^1.3.3",
    "date-fns": "^2.0.0-alpha.27",
    "kramed": "^0.5.6",
    "numeral": "^2.0.6"
  },
  "optionalDependencies": {
    "@mdi/font": "^3.4.93",
    "highlightjs": "^9.12.0",
    "prismjs": "^1.15.0"
  },
  "peerDependencies": {},
  "devDependencies": {
    "@types/jest": "^23.3.5",
    "@types/lodash": "^4.14.117",
    "@types/node": "^10.11.6",
    "@types/webpack": "^4.4.15",
    "aurelia-bootstrapper": "^2.3.2",
    "aurelia-cli": "^1.0.0-beta.13",
    "aurelia-loader-nodejs": "^1.0.1",
    "aurelia-pal-nodejs": "^1.1.1",
    "aurelia-polyfills": "^1.3.3",
    "aurelia-testing": "^1.0.0",
    "aurelia-tools": "^2.0.0",
    "aurelia-webpack-plugin": "^3.0.0",
    "copy-webpack-plugin": "^4.5.2",
    "css-loader": "^1.0.0",
    "del": "^3.0.0",
    "duplicate-package-checker-webpack-plugin": "^3.0.0",
    "expose-loader": "^0.7.5",
    "file-loader": "^2.0.0",
    "gulp": "^4.0.0",
    "gulp-rename": "^1.4.0",
    "html-loader": "^0.5.5",
    "html-loader-jest": "^0.2.1",
    "html-webpack-plugin": "^3.2.0",
    "istanbul-instrumenter-loader": "^3.0.1",
    "jest": "^23.6.0",
    "jest-cli": "^23.6.0",
    "json-loader": "^0.5.7",
    "mini-css-extract-plugin": "^0.4.3",
    "minimatch": "^3.0.4",
    "node-sass": "^4.9.3",
    "opn": "^5.4.0",
    "plugin-error": "^1.0.1",
    "sass-loader": "^7.1.0",
    "style-loader": "^0.23.1",
    "stylelint": "^9.10.1",
    "stylelint-order": "^2.0.0",
    "stylelint-webpack-plugin": "^0.10.5",
    "through2": "^2.0.3",
    "ts-jest": "^23.10.4",
    "ts-loader": "^5.2.1",
    "ts-node": "^7.0.1",
    "tslint": "^5.12.1",
    "tslint-config-prettier": "^1.18.0",
    "tslint-eslint-rules": "^5.4.0",
    "tslint-webpack-plugin": "^2.0.2",
    "typescript": "^3.1.2",
    "url-loader": "^1.1.1",
    "vinyl-fs": "^3.0.3",
    "webpack": "^4.27.0",
    "webpack-bundle-analyzer": "latest",
    "webpack-cli": "^3.1.2",
    "webpack-dev-server": "^3.1.9"
  },
  "jest": {
    "moduleNameMapper": {
      "^aurelia-binding$": "<rootDir>/node_modules/aurelia-binding",
      "^aurelia-ui-framework$": "<rootDir>/src/aurelia-ui-framework.ts",
      "^aurelia-ui-framework/(.*)": "<rootDir>/src/$1"
    },
    "modulePaths": [
      "<rootDir>/src",
      "<rootDir>/node_modules"
    ],
    "moduleFileExtensions": [
      "js",
      "json",
      "ts"
    ],
    "transform": {
      "^.+\\.ts$": "ts-jest",
      "^.+\\.html$": "html-loader-jest"
    },
    "testRegex": "\\.spec\\.(ts|js)$",
    "setupFiles": [
      "<rootDir>/test/jest-pretest.ts"
    ],
    "testEnvironment": "node",
    "collectCoverage": true,
    "collectCoverageFrom": [
      "src/**/*.ts",
      "!src/libs/*",
      "!**/*.spec.{js,ts}",
      "!**/node_modules/**",
      "!**/test/**"
    ],
    "coverageDirectory": "<rootDir>/test/coverage-jest",
    "coverageReporters": [
      "json",
      "lcov",
      "text",
      "html"
    ]
  },
  "engines": {
    "node": ">= 6.0.0"
  },
  "scripts": {
    "start": "au run --watch",
    "test": "jest --detectOpenHandles",
    "test-watch": "jest --watch",
    "build": "au build --env prod",
    "heroku-postbuild": "au build --env dev",
    "bump-version": "npm --no-git-tag-version version",
    "modules": "webpack --display-modules",
    "analyze": "webpack --env.analyze --env.production"
  },
  "typings": "typings/aurelia-ui-framework.d.ts",
  "main": "dist/aurelia-ui-framework.js"
}