{
  "name": "aws-cognito-angular-quickstart",
  "version": "1.0.0",
  "author": "Vladimir Budilov",
  "homepage": "http://cognito.budilov.com",
  "contributors": [
    {
      "name": "Vladimir Budilov",
      "url": "http://budilov.com"
    }
  ],
  "description": "A single-page web app, based on angular4, utilizing Amazon Cognito, S3, and DynamoDB (serverless architecture)",
  "angular-cli": {},
  "scripts": {
    "start": "ng serve --port 3333",
    "startnode": "node ./bin/www",
    "lint": "tslint \"src/**/*.ts\"",
    "test": "ng test",
    "pree2e": "webdriver-manager update",
    "e2e": "protractor",
    "build": "npm install && ng build --prod --aot=false"
  },
  "private": true,
  "dependencies": {
    "@angular/animations": "5.2.2",
    "@angular/cli": "1.6.6",
    "@angular/common": "5.2.2",
    "@angular/compiler": "5.2.2",
    "@angular/compiler-cli": "5.2.2",
    "@angular/core": "5.2.2",
    "@angular/forms": "5.2.2",
    "@angular/http": "5.2.2",
    "@angular/platform-browser": "5.2.2",
    "@angular/platform-browser-dynamic": "5.2.2",
    "@angular/platform-server": "5.2.2",
    "@angular/router": "5.2.2",
    "@types/jasmine": "2.2.30",
    "@types/node": "^8.5.2",
    "@types/selenium-webdriver": "2.44.26",
    "amazon-cognito-identity-js": "1.29.0",
    "aws-sdk": "2.67.0",
    "body-parser": "~1.15.1",
    "codelyzer": "4.0.1",
    "cookie-parser": "~1.4.3",
    "core-js": "2.4.1",
    "debug": "~2.2.0",
    "ejs": "^2.5.2",
    "enhanced-resolve": "^3.3.0",
    "express": "~4.13.4",
    "extract-text-webpack-plugin": "2.1.0",
    "jasmine-core": "2.4.1",
    "jasmine-spec-reporter": "2.5.0",
    "karma": "1.2.0",
    "karma-chrome-launcher": "2.0.0",
    "karma-cli": "1.0.1",
    "karma-jasmine": "1.0.2",
    "karma-remap-istanbul": "0.6.0",
    "morgan": "~1.7.0",
    "protractor": "5.1.1",
    "rxjs": "5.5.4",
    "serve-favicon": "~2.3.0",
    "ts-helpers": "1.1.1",
    "ts-node": "3.2.0",
    "tslint": "5.7.0",
    "typescript": "2.4.2",
    "webpack": "2.2.1",
    "webpack-dev-middleware": "1.10.1",
    "webpack-dev-server": "2.4.2",
    "webpack-md5-hash": "0.0.5",
    "webpack-merge": "4.1.0",
    "zone.js": "0.8.20"
  },
  "devDependencies": {}
}