{
  "name": "backlog-bulk-issue-registration-gas",
  "version": "2.1.0",
  "description": "",
  "main": "index.js",
  "scripts": {
    "watch": "webpack --watch",
    "lint": "tslint --fix src/**/*.ts",
    "test": "jest",
    "testw": "jest --watchAll",
    "build": "npm run lint && npm run test && webpack",
    "push": "npm run build && clasp push"
  },
  "repository": {
    "type": "git",
    "url": "git+https://github.com/nulab/backlog-bulk-issue-registration-gas.git"
  },
  "author": "",
  "license": "ISC",
  "bugs": {
    "url": "https://github.com/nulab/backlog-bulk-issue-registration-gas/issues"
  },
  "homepage": "https://github.com/nulab/backlog-bulk-issue-registration-gas#readme",
  "devDependencies": {
    "@types/google-apps-script": "0.0.31",
    "@types/jest": "^23.3.9",
    "gas-webpack-plugin": "^0.3.0",
    "html-loader": "^0.5.5",
    "html-webpack-plugin": "^3.2.0",
    "jest": "^23.6.0",
    "prettier": "^1.15.1",
    "ts-jest": "^23.10.4",
    "ts-loader": "^5.3.0",
    "tslint": "^5.11.0",
    "tslint-config-prettier": "^1.15.0",
    "tslint-eslint-rules": "^5.4.0",
    "tslint-plugin-prettier": "^2.0.1",
    "typescript": "^2.9.2",
    "webpack": "^4.25.1",
    "webpack-cli": "^3.1.2"
  },
  "jest": {
    "transform": {
      "^.+\\.tsx?$": "ts-jest"
    },
    "testRegex": "(src/.+(\\.|/)(test|spec))\\.(jsx?|tsx?)$",
    "moduleFileExtensions": [
      "ts",
      "tsx",
      "js",
      "jsx",
      "json",
      "node"
    ]
  }
}