{
  "name": "batch-explorer",
  "sideEffects": [
    "src/@batch-flask/extensions/*",
    "src/app/environment.ts",
    "*.scss"
  ],
  "productName": "Batch Explorer",
  "description": "Batch Explorer is a tool to manage your Azure Batch accounts",
  "repository": {
    "type": "git",
    "url": "https://github.com/Azure/BatchExplorer"
  },
  "author": {
    "name": "Microsoft Corporation",
    "email": "tiguerin@microsoft.com"
  },
  "version": "0.19.2",
  "main": "build/client/main.prod.js",
  "scripts": {
    "ts": "ts-node --project tsconfig.node.json --files",
    "ts:fast": "npm run ts -T",
    "start": "npm run -s electron:prod",
    "clean": "rimraf build/* dll/* python/dist/* python/build/*",
    "karma": "node --max_old_space_size=4096 node_modules/karma/bin/karma",
    "test": "npm run -s test-client:coverage && npm run -s test-app",
    "test-app": "cross-env COVERAGE=1 npm run -s karma -- start",
    "test-app:mem": "cross-env DEBUG_MEM=1 npm run -s test-app",
    "test-app-watch": "npm run -s karma -- start --auto-watch --no-single-run",
    "test-app-watch:time": "cross-env DEBUG_TIME=1 npm run -s test-app-watch",
    "test-browser": "npm run -s test-app",
    "test-browser-watch": "npm run -s test-app-watch",
    "test-client": "cross-env  NODE_ENV=test node test/client/run-jasmine.js",
    "test-client:coverage": "nyc -e .ts -x \"*.spec.ts\" npm run test-client && nyc report --reporter=text-lcov > coverage.lcov",
    "test-client-watch": "npm run -s test-client -- --watch",
    "test-models": "npm run -s ts scripts/swagger/validate-models.ts",
    "build-client": " tsc -p tsconfig.node.json",
    "build-client:dev": " tsc -p tsconfig.node.json --noUnusedLocals false",
    "build-app": "npm run webpack -- --profile --colors --display-error-details --display-cached",
    "build-python": "pyinstaller python/main.spec -y --distpath=python/dist --workpath=python/build",
    "build-i18n": "npm run -s ts -- scripts/i18n/generate.ts",
    "build-i18n-xliff": "npm run -s ts -- scripts/i18n/create-xliff.ts",
    "build-i18n-digest": "npm run -s ts -- scripts/i18n/digest-xliff.ts",
    "build": "npm run -s clean && npm run -s build-client && npm run -s build-app && npm run build-i18n",
    "build:prod": "cross-env NODE_ENV=production npm run -s build",
    "watch": "npm run webpack -- --watch --progress --profile --colors --display-error-details --display-cached",
    "electron": "electron build/client/main.js",
    "electron:prod": "cross-env NODE_ENV=production electron build/client/main.js",
    "dev": "concurrently --kill-others \"npm run -s dev-server\" \"npm run -s dev-electron\"",
    "dev-electron": "cross-env HOT=1 electron build/client/main.js",
    "dev-server": "npm run webpack-dev-server -- --hot --inline --colors --content-base app/",
    "tslint": "cross-env TS_NODE_COMPILER_OPTIONS={\\\"module\\\":\\\"commonjs\\\"} node -r ts-node/register node_modules/tslint/bin/tslint -p tsconfig.json -c tslint.json \"app/**/*.ts\" \"src/**/*.ts\" \"test/**/*.ts\" \"./*.js\" \"config/**/*.js\" --format verbose",
    "stylelint": "stylelint --syntax scss \"app/**/*.scss\"",
    "spectron": "node ./test/spectron/run.js",
    "spectron:keep": "cross-env SPECTRON_NO_CLEANUP=1 npm run -s spectron",
    "lint": "npm run -s tslint && npm run -s stylelint",
    "package": "npm run -s ts scripts/package/package.ts",
    "start-publish": "npm run -s ts scripts/publish/publish.ts",
    "build-and-pack": "npm run -s build:prod && npm run -s build-python && npm run -s package",
    "webpack": "node --trace-deprecation --max_old_space_size=4096 node_modules/webpack/bin/webpack.js",
    "webpack:stats": "cross-env NODE_ENV=production npm run -s webpack -- --profile --json > coverage/webpack-stats.json",
    "webpack-dev-server": "node --trace-deprecation --max_old_space_size=4096 node_modules/webpack-dev-server/bin/webpack-dev-server.js",
    "rebuild:keytar": "electron-rebuild -w keytar -f",
    "postinstall": "npm run -s rebuild:keytar"
  },
  "license": "MIT",
  "engines": {
    "node": ">=6.0.0"
  },
  "devDependencies": {
    "@ngtools/webpack": "^7.3.0",
    "@types/chart.js": "^2.7.42",
    "@types/chokidar": "^1.7.5",
    "@types/colors": "^1.2.1",
    "@types/d3": "^5.7.0",
    "@types/extract-zip": "^1.6.2",
    "@types/glob": "^7.1.1",
    "@types/hammerjs": "^2.0.36",
    "@types/inflection": "^1.5.28",
    "@types/jasmine": "^3.3.8",
    "@types/js-yaml": "^3.12.0",
    "@types/luxon": "^1.10.2",
    "@types/node": "10.5.8",
    "@types/node-fetch": "^2.1.4",
    "@types/proxyquire": "^1.3.28",
    "@types/strip-json-comments": "^0.0.30",
    "@types/tinycolor2": "^1.4.1",
    "@types/webdriverio": "^4.13.3",
    "@types/xml2js": "^0.4.3",
    "angular2-template-loader": "^0.6.2",
    "awesome-typescript-loader": "^5.2.1",
    "codelyzer": "^4.5.0",
    "colors": "^1.3.3",
    "concurrently": "^4.1.0",
    "copy-webpack-plugin": "^4.6.0",
    "cross-env": "^5.2.0",
    "css-loader": "^2.1.0",
    "devtron": "^1.4.0",
    "electron": "^4.0.4",
    "electron-builder": "20.38.5",
    "electron-rebuild": "^1.8.2",
    "file-loader": "^3.0.1",
    "fork-ts-checker-webpack-plugin": "^0.5.2",
    "html-webpack-plugin": "^3.2.0",
    "istanbul-instrumenter-loader": "^3.0.1",
    "jasmine": "~3.3.1",
    "jasmine-spec-reporter": "^4.2.1",
    "karma": "^4.0.0",
    "karma-chrome-launcher": "^2.2.0",
    "karma-coverage": "^1.1.2",
    "karma-electron": "^6.0.0",
    "karma-jasmine": "^2.0.1",
    "karma-jasmine-html-reporter": "^1.4.0",
    "karma-junit-reporter": "^1.2.0",
    "karma-mocha-reporter": "^2.2.5",
    "karma-remap-coverage": "^0.1.5",
    "karma-sourcemap-loader": "^0.3.7",
    "karma-webpack": "^3.0.5",
    "loader-utils": "^1.2.3",
    "merge2": "^1.2.3",
    "mini-css-extract-plugin": "^0.5.0",
    "monaco-editor-webpack-plugin": "^1.7.0",
    "node-fetch": "^2.3.0",
    "node-sass": "^4.11.0",
    "nyc": "^13.3.0",
    "proxyquire": "^2.1.0",
    "raw-loader": "^1.0.0",
    "rimraf": "^2.6.3",
    "sass-loader": "^7.1.0",
    "spectron": "^5.0.0",
    "style-loader": "^0.23.1",
    "stylelint": "^9.10.1",
    "to-string-loader": "^1.1.5",
    "ts-loader": "^5.3.3",
    "ts-node": "^8.0.2",
    "tslint": "^5.12.1",
    "typescript": "^3.3.1",
    "typescript-tslint-plugin": "0.3.1",
    "url-loader": "^1.1.2",
    "webpack": "^4.29.1",
    "webpack-cli": "^3.2.1",
    "webpack-dev-server": "^3.1.14",
    "webpack-inline-manifest-plugin": "^4.0.1",
    "webpack-merge": "^4.2.1",
    "yesno": "^0.0.1"
  },
  "dependencies": {
    "@angular/animations": "^7.2.3",
    "@angular/cdk": "^7.3.0",
    "@angular/common": "^7.2.3",
    "@angular/compiler": "^7.2.3",
    "@angular/compiler-cli": "^7.2.3",
    "@angular/core": "^7.2.3",
    "@angular/forms": "^7.2.3",
    "@angular/http": "^7.2.3",
    "@angular/material": "^7.3.0",
    "@angular/platform-browser": "^7.2.3",
    "@angular/platform-browser-dynamic": "^7.2.3",
    "@angular/platform-server": "^7.2.3",
    "@angular/router": "^7.2.3",
    "@azure/storage-blob": "^10.3.0",
    "@types/keytar": "^4.0.1",
    "applicationinsights": "^1.1.0",
    "azure-storage": "^2.10.2",
    "chart.js": "^2.7.3",
    "chokidar": "^2.0.4",
    "commander": "^2.19.0",
    "d3": "^5.8.0",
    "decode-uri-component": "^0.2.0",
    "download": "^7.1.0",
    "electron-updater": "^4.0.6",
    "element-resize-detector": "^1.2.0",
    "extract-zip": "^1.6.7",
    "focus-visible": "^4.1.5",
    "font-awesome": "^4.7.0",
    "get-proxy-settings": "^0.1.11",
    "glob": "^7.1.3",
    "hammerjs": "^2.0.8",
    "https-proxy-agent": "^2.2.1",
    "immutable": "^3.8.2",
    "inflection": "^1.12.0",
    "js-yaml": "^3.12.1",
    "jschardet": "^2.1.0",
    "keytar": "^4.3.2",
    "load-json-file": "^5.1.0",
    "luxon": "^1.11.0",
    "make-dir": "^2.0.0",
    "monaco-editor": "^0.15.6",
    "mousetrap": "^1.6.2",
    "node-abi": "^2.7.0",
    "node-forge": "^0.8.0",
    "patternomaly": "^1.3.2",
    "reflect-metadata": "^0.1.13",
    "rxjs": "^6.4.0",
    "strip-json-comments": "^2.0.1",
    "tinycolor2": "^1.4.1",
    "winston": "^3.2.1",
    "winston-daily-rotate-file": "^3.6.0",
    "write-file-webpack-plugin": "^4.5.0",
    "xml2js": "^0.4.19",
    "zone.js": "0.8.29"
  }
}