{
  "name": "backend",
  "version": "1.0.0",
  "description": "",
  "main": "index.js",
  "scripts": {
    "test": "export NODE_ENV=test; jest",
    "zip": "git archive -o ../beenion-web-rater.zip HEAD:ui-chrome-rater"
  },
  "jest": {
    "moduleFileExtensions": [
      "ts",
      "tsx",
      "js"
    ],
    "transform": {
      "^.+\\.(ts|tsx)$": "ts-jest"
    },
    "globals": {
      "ts-jest": {
        "tsConfigFile": "tsconfig.json"
      }
    },
    "testMatch": [
      "**/*.test.ts"
    ]
  },
  "author": "",
  "license": "ISC",
  "dependencies": {
    "aws-sdk": "^2.275.1",
    "getstream": "^3.19.0",
    "joi": "^13.4.0",
    "jsonwebtoken": "^8.3.0",
    "jwks-rsa": "^1.3.0",
    "md5": "^2.2.1",
    "node-fetch": "^2.2.0",
    "ntp-client": "^0.5.3",
    "serverless-plugin-typescript": "^1.1.5",
    "sqs-consumer": "^3.8.0"
  },
  "devDependencies": {
    "@types/jest": "^23.1.6",
    "@types/joi": "^13.4.0",
    "@types/md5": "^2.1.32",
    "@types/node": "^10.5.2",
    "@types/react": "^16.4.14",
    "jest": "^23.4.1",
    "pm2": "^3.2.2",
    "serverless": "^1.32.0",
    "serverless-plugin-optimize": "^3.1.1-rc.1",
    "ts-jest": "^23.0.0",
    "ts-node": "^7.0.0",
    "typescript": "^3.3.0-rc"
  }
}