{
  "name": "bem-react",
  "private": true,
  "version": "0.0.0",
  "description": "BEM React",
  "repository": {
    "url": "git://github.com/bem/bem-react-core.git",
    "type": "git"
  },
  "keywords": [
    "bem",
    "react"
  ],
  "license": "MPL-2.0",
  "scripts": {
    "bootstrap": "lerna bootstrap",
    "commitmsg": "commitlint -e $GIT_PARAMS",
    "docs:build": "typedoc --options ./typedoc.js packages/*/*.tsx",
    "docs:deploy": "gh-pages -d reference",
    "lint": "lerna run lint",
    "prepublishOnly": "npm run docs:build && npm run docs:deploy",
    "prepush": "lerna run test",
    "publish:next": "lerna publish --canary --preid dev --npm-tag next --no-git-tag-version"
  },
  "devDependencies": {
    "@commitlint/cli": "7.2.1",
    "@commitlint/config-conventional": "7.1.2",
    "@types/chai": "4.1.7",
    "@types/chai-spies": "1.0.0",
    "@types/enzyme": "3.1.15",
    "@types/mocha": "5.2.5",
    "@types/react": "16.7.13",
    "@types/react-dom": "16.0.11",
    "chai": "4.2.0",
    "chai-spies": "1.0.0",
    "chalk": "2.4.1",
    "enzyme": "3.7.0",
    "enzyme-adapter-react-16": "1.7.0",
    "gh-pages": "2.0.1",
    "gzip-size-cli": "3.0.0",
    "husky": "1.2.0",
    "jsdom": "13.0.0",
    "lerna": "3.5.1",
    "mocha": "5.2.0",
    "nyc": "13.1.0",
    "react": "16.6.3",
    "react-dom": "16.6.3",
    "rollup": "0.67.4",
    "rollup-plugin-commonjs": "9.2.0",
    "rollup-plugin-node-resolve": "3.4.0",
    "rollup-plugin-replace": "2.1.0",
    "rollup-plugin-typescript2": "0.18.0",
    "rollup-plugin-uglify": "6.0.0",
    "source-map-support": "0.5.9",
    "ts-node": "7.0.1",
    "tslint": "5.11.0",
    "tslint-react": "3.6.0",
    "typedoc": "0.13.0",
    "typescript": "3.2.1",
    "uglify-js": "3.4.9"
  }
}