{
  "name": "better-comments",
  "displayName": "Better Comments",
  "icon": "icon.png",
  "description": "Improve your code commenting by annotating with alert, informational, TODOs, and more!",
  "version": "2.0.3",
  "publisher": "aaron-bond",
  "author": {
    "name": "Aaron Bond"
  },
  "homepage": "https://github.com/aaron-bond/better-comments/blob/master/README.md",
  "license": "SEE LICENSE IN LICENSE.md",
  "repository": {
    "type": "git",
    "url": "https://github.com/aaron-bond/better-comments"
  },
  "bugs": "https://github.com/aaron-bond/better-comments/issues",
  "categories": [
    "Formatters"
  ],
  "engines": {
    "vscode": "^1.8.1"
  },
  "activationEvents": [
    "onLanguage:ada",
    "onLanguage:al",
    "onLanguage:asciidoc",
    "onLanguage:bibtex",
    "onLanguage:c",
    "onLanguage:clojure",
    "onLanguage:COBOL",
    "onLanguage:coffeescript",
    "onLanguage:cpp",
    "onLanguage:csharp",
    "onLanguage:css",
    "onLanguage:d",
    "onLanguage:dart",
    "onLanguage:diagram",
    "onLanguage:dockerfile",
    "onLanguage:elixir",
    "onLanguage:erlang",
    "onLanguage:flax",
    "onLanguage:fsharp",
    "onLanguage:fortran-modern",
    "onLanguage:gdscript",
    "onLanguage:go",
    "onLanguage:graphql",
    "onLanguage:groovy",
    "onLanguage:haskell",
    "onLanguage:html",
    "onLanguage:haxe",
    "onLanguage:hive-sql",
    "onLanguage:kotlin",
    "onLanguage:java",
    "onLanguage:javascript",
    "onLanguage:javascriptreact",
    "onLanguage:jsonc",
    "onLanguage:julia",
    "onLanguage:latex",
    "onLanguage:less",
    "onLanguage:lisp",
    "onLanguage:lua",
    "onLanguage:makefile",
    "onLanguage:matlab",
    "onLanguage:nim",
    "onLanguage:objective-c",
    "onLanguage:objective-cpp",
    "onLanguage:objectpascal",
    "onLanguage:pascal",
    "onLanguage:perl",
    "onLanguage:perl6",
    "onLanguage:pig",
    "onLanguage:plaintext",
    "onLanguage:plsql",
    "onLanguage:php",
    "onLanguage:powershell",
    "onLanguage:puppet",
    "onLanguage:python",
    "onLanguage:r",
    "onLanguage:racket",
    "onLanguage:ruby",
    "onLanguage:rust",
    "onLanguage:scala",
    "onLanguage:sas",
    "onLanguage:sass",
    "onLanguage:scss",
    "onLanguage:shaderlab",
    "onLanguage:shellscript",
    "onLanguage:sql",
    "onLanguage:stata",
    "onLanguage:stylus",
    "onLanguage:swift",
    "onLanguage:tcl",
    "onLanguage:terraform",
    "onLanguage:twig",
    "onLanguage:typescript",
    "onLanguage:typescriptreact",
    "onLanguage:vb",
    "onLanguage:verilog",
    "onLanguage:vue",
    "onLanguage:yaml"
  ],
  "galleryBanner": {
    "color": "#e3f4ff",
    "theme": "light"
  },
  "main": "./out/extension",
  "scripts": {
    "vscode:prepublish": "npm run compile",
    "compile": "tsc -p ./",
    "watch": "tsc -watch -p ./",
    "postinstall": "node ./node_modules/vscode/bin/install",
    "lint": "tslint -c tslint.json 'src/**/*.ts'"
  },
  "contributes": {
    "configuration": {
      "title": "Better Comments configuration",
      "properties": {
        "better-comments.multilineComments": {
          "type": "boolean",
          "description": "Whether the multiline comment highlighter should be active",
          "default": true
        },
        "better-comments.highlightPlainText": {
          "type": "boolean",
          "description": "Whether the plaintext comment highlighter should be active",
          "default": false
        },
        "better-comments.tags": {
          "type": "array",
          "description": "Tags which are used to color the comments. Changes require a restart of VS Code to take effect",
          "default": [
            {
              "tag": "!",
              "color": "#FF2D00",
              "strikethrough": false,
              "backgroundColor": "transparent"
            },
            {
              "tag": "?",
              "color": "#3498DB",
              "strikethrough": false,
              "backgroundColor": "transparent"
            },
            {
              "tag": "//",
              "color": "#474747",
              "strikethrough": true,
              "backgroundColor": "transparent"
            },
            {
              "tag": "todo",
              "color": "#FF8C00",
              "strikethrough": false,
              "backgroundColor": "transparent"
            },
            {
              "tag": "*",
              "color": "#98C379",
              "strikethrough": false,
              "backgroundColor": "transparent"
            }
          ]
        }
      }
    }
  },
  "devDependencies": {
    "typescript": "^2.6.1",
    "vsce": "^1.48.0",
    "vscode": "^1.1.0",
    "@types/node": "^8.0.0",
    "tslint": "^5.10.0"
  }
}