{
  "name": "bilitwin",
  "version": "2.0.0-alpha0",
  "private": true,
  "scripts": {
    "serve": "vue-cli-service serve",
    "build": "vue-cli-service build",
    "lint": "vue-cli-service lint"
  },
  "dependencies": {
    "vue": "^2.5.17"
  },
  "devDependencies": {
    "@types/filesystem": "^0.0.29",
    "@types/jquery": "^3.3.22",
    "@vue/cli-plugin-babel": "^3.1.1",
    "@vue/cli-plugin-typescript": "^3.1.1",
    "@vue/cli-service": "^3.1.4",
    "babel-plugin-macros": "^2.4.2",
    "babel-plugin-transform-es2015-modules-commonjs": "^6.26.2",
    "http-server": "^0.11.1",
    "rollup": "^0.67.3",
    "typescript": "^3.1.6",
    "vue-template-compiler": "^2.5.17"
  },
  "browserslist": [
    "> 1%",
    "last 2 versions",
    "not ie <= 8"
  ]
}