{
  "name": "blogposts",
  "version": "1.0.0",
  "description": "my Medium blog posts with demos",
  "main": "index.js",
  "repository": "git@github.com:Hotell/blogposts.git",
  "author": "Martin Hochel <hochelmartin@gmail.com>",
  "license": "MIT",
  "private": true,
  "scripts": {
    "new-post:react": "cp -R templates/react-new-post/*",
    "format": "prettier --write \"201*/**/*.{ts,tsx,md,css,less,sass,scss}\""
  },
  "devDependencies": {
    "prettier": "1.14.3",
    "typescript": "3.1.1"
  }
}