{
  "name": "my-app",
  "version": "0.1.0",
  "private": true,
  "scripts": {
    "start": "node scripts/start.js",
    "build": "npm run build:dll:production node scripts/build.js",
    "build:dll:development": "rm -rf dist && webpack --config config/webpack.dll.config.js --mode=development",
    "build:dll:production": "rm -rf dist && webpack --config config/webpack.dll.config.js --mode=production",
    "test": "node scripts/test.js",
    "precommit": "lint-staged",
    "lint": "tslint -c tslint.json -p tsconfig.json"
  },
  "lint-staged": {
    "src/**/*.{js,jsx,ts,tsx,json,css,scss,md}": [
      "prettier --write",
      "git add"
    ]
  },
  "husky": {
    "hooks": {
      "pre-commit": "lint-staged"
    }
  },
  "browserslist": [
    ">0.2%",
    "not dead",
    "not ie <= 11",
    "not op_mini all"
  ],
  "dependencies": {
    "antd": "^3.11.6",
    "apollo-boost": "^0.1.23",
    "apollo-link-context": "^1.0.12",
    "dayjs": "^1.8.0",
    "graphql": "^14.0.2",
    "immutability-helper": "^3.0.0",
    "react": "^16.7.0",
    "react-apollo": "^2.3.3",
    "react-app-polyfill": "^0.2.0",
    "react-dnd": "^7.0.2",
    "react-dnd-html5-backend": "^7.0.2",
    "react-dom": "^16.7.0",
    "react-router-dom": "^4.3.1"
  },
  "devDependencies": {
    "@babel/core": "7.1.6",
    "@svgr/webpack": "2.4.1",
    "@types/jest": "23.3.10",
    "@types/node": "10.12.18",
    "@types/react": "16.7.18",
    "@types/react-dom": "16.0.11",
    "@types/react-router-dom": "^4.3.1",
    "add-asset-html-webpack-plugin": "^3.1.2",
    "babel-core": "7.0.0-bridge.0",
    "babel-eslint": "9.0.0",
    "babel-jest": "23.6.0",
    "babel-loader": "8.0.4",
    "babel-plugin-import": "^1.11.0",
    "babel-plugin-named-asset-import": "^0.3.0",
    "babel-preset-react-app": "^7.0.0",
    "bfj": "6.1.1",
    "case-sensitive-paths-webpack-plugin": "2.1.2",
    "chalk": "2.4.1",
    "css-loader": "1.0.0",
    "dotenv": "6.0.0",
    "dotenv-expand": "4.2.0",
    "eslint": "5.6.0",
    "eslint-config-react-app": "^3.0.6",
    "eslint-loader": "2.1.1",
    "eslint-plugin-flowtype": "2.50.1",
    "eslint-plugin-import": "2.14.0",
    "eslint-plugin-jsx-a11y": "6.1.2",
    "eslint-plugin-react": "7.11.1",
    "file-loader": "2.0.0",
    "fork-ts-checker-webpack-plugin-alt": "0.4.14",
    "fs-extra": "7.0.0",
    "html-webpack-plugin": "4.0.0-alpha.2",
    "husky": "^1.2.1",
    "identity-obj-proxy": "3.0.0",
    "jest": "23.6.0",
    "jest-pnp-resolver": "1.0.1",
    "jest-resolve": "23.6.0",
    "less": "^3.9.0",
    "less-loader": "^4.1.0",
    "lint-staged": "^8.1.0",
    "mini-css-extract-plugin": "0.4.3",
    "node-sass": "^4.11.0",
    "optimize-css-assets-webpack-plugin": "5.0.1",
    "pnp-webpack-plugin": "1.1.0",
    "postcss-flexbugs-fixes": "4.1.0",
    "postcss-loader": "3.0.0",
    "postcss-preset-env": "6.3.1",
    "postcss-safe-parser": "4.0.1",
    "react-dev-utils": "^7.0.0",
    "resolve": "1.8.1",
    "sass-loader": "7.1.0",
    "source-map-explorer": "^1.6.0",
    "style-loader": "0.23.0",
    "terser-webpack-plugin": "1.1.0",
    "tslint": "^5.12.0",
    "tslint-loader": "^3.5.4",
    "typescript": "3.2.2",
    "url-loader": "1.1.1",
    "webpack": "4.19.1",
    "webpack-bundle-analyzer": "^3.0.3",
    "webpack-cli": "^3.2.1",
    "webpack-dev-server": "3.1.9",
    "webpack-manifest-plugin": "2.0.4",
    "workbox-webpack-plugin": "3.6.3"
  }
}