{
  "name": "blueprintjs-monorepo",
  "version": "3.0.0-beta.1",
  "private": true,
  "description": "A React UI toolkit for the web.",
  "workspaces": [
    "packages/*"
  ],
  "scripts": {
    "bundle": "lerna run --parallel bundle",
    "compile": "lerna run compile",
    "clean": "lerna run --parallel clean",
    "copy:docs-app": "cp -rf packages/docs-app/dist/ site/docs",
    "copy:landing-app": "cp -rf packages/landing-app/dist/ site",
    "deploy": "gh-pages -d site -b master",
    "dev": "lerna run dev --parallel --scope \"!@blueprintjs/{landing-app,table-dev-app}\"",
    "dev:core": "lerna run dev --parallel --scope \"@blueprintjs/{core,icons,docs-app}\"",
    "dev:docs": "lerna run dev --parallel --scope \"@blueprintjs/{core,docs-app,docs-theme}\"",
    "dev:datetime": "lerna run dev --parallel --scope \"@blueprintjs/{core,datetime,timezone,docs-app}\"",
    "dev:labs": "lerna run dev --parallel --scope \"@blueprintjs/{core,labs,select,docs-app}\"",
    "dev:landing": "lerna run dev --parallel --scope \"@blueprintjs/{core,landing-app}\"",
    "dev:select": "lerna run dev --parallel --scope \"@blueprintjs/{core,select,docs-app}\"",
    "dev:table": "lerna run dev --parallel --scope \"@blueprintjs/table-dev-app\"",
    "dist": "run-s dist:libs dist:apps",
    "dist:libs": "lerna run dist --parallel --scope \"@blueprintjs/{core,datetime,docs-theme,icons,labs,select,table,timezone}\"",
    "dist:apps": "lerna run dist --parallel --scope \"@blueprintjs/{docs-app,landing-app,table-dev-app}\"",
    "docs-data": "lerna run compile --scope \"@blueprintjs/docs-data\"",
    "lint": "lerna run --parallel lint",
    "lint-fix": "lerna run --parallel lint-fix",
    "serve": "http-server site",
    "site": "npm-run-all site:clean -p copy:* -s serve",
    "site:clean": "git clean -xdfq site/",
    "test": "lerna run --parallel test",
    "verify": "npm-run-all -s compile dist:libs dist:apps -p test lint"
  },
  "dependencies": {
    "@types/chai": "^4.1.7",
    "@types/classnames": "^2.2.7",
    "@types/enzyme": "^3.1.18",
    "@types/enzyme-adapter-react-16": "^1.0.4",
    "@types/mocha": "^5.2.6",
    "@types/prop-types": "^15.5.9",
    "@types/react": "^16.8.3",
    "@types/react-dom": "^16.8.2",
    "@types/react-transition-group": "^2.0.16",
    "@types/sinon": "^7.0.6",
    "@types/webpack": "^4.4.24",
    "chai": "^4.2.0",
    "circle-github-bot": "^2.0.1",
    "cross-env": "^5.2.0",
    "gh-pages": "^2.0.1",
    "http-server": "^0.11.1",
    "lerna": "^2.11.0",
    "npm-run-all": "^4.1.3",
    "sinon": "^7.2.4",
    "stylelint-config-palantir": "^3.1.1",
    "stylelint-scss": "^3.3.1",
    "typescript": "~2.8.3"
  },
  "engines": {
    "node": ">=6.1"
  },
  "resolutions": {
    "node-gyp": "^3.6.3"
  },
  "repository": {
    "type": "git",
    "url": "git@github.com:palantir/blueprint.git"
  },
  "author": "Palantir Technologies",
  "license": "SEE LICENSE IN LICENSE"
}