{
  "name": "bootstraping-ngx-admin-lte",
  "version": "1.0.0",
  "license": "MIT",
  "scripts": {
    "ng": "ng",
    "start": "ng serve --host 0.0.0.0",
    "build": "ng build",
    "prod": "ng build --prod",
    "test": "ng test",
    "lint": "ng lint",
    "e2e": "ng e2e"
  },
  "private": true,
  "dependencies": {
    "@angular/common": "^4.4.4",
    "@angular/compiler": "^4.4.4",
    "@angular/core": "^4.4.4",
    "@angular/forms": "^4.4.4",
    "@angular/http": "^4.4.4",
    "@angular/platform-browser": "^4.4.4",
    "@angular/platform-browser-dynamic": "^4.4.4",
    "@angular/router": "^4.4.4",
    "@ngx-translate/core": "^8.0.0",
    "@ngx-translate/http-loader": "^2.0.0",
    "admin-lte": "2.3.11",
    "angular2-toaster": "^3.0.1",
    "bootstrap": "^3.3.7",
    "core-js": "^2.4.1",
    "font-awesome": "^4.7.0",
    "ionicons": "^3.0.0",
    "jquery": "^3.2.1",
    "ngx-admin-lte": "1.1.0",
    "rxjs": "^5.1.0",
    "zone.js": "^0.8.4"
  },
  "devDependencies": {
    "@angular/cli": "^1.6.0",
    "@angular/compiler-cli": "^4.4.4",
    "@types/jasmine": "2.5.38",
    "@types/node": "~6.0.60",
    "codelyzer": "~2.0.0",
    "jasmine-core": "~2.5.2",
    "jasmine-spec-reporter": "~3.2.0",
    "karma": "~1.4.1",
    "karma-chrome-launcher": "~2.1.1",
    "karma-cli": "~1.0.1",
    "karma-coverage-istanbul-reporter": "^0.2.0",
    "karma-jasmine": "~1.1.0",
    "karma-jasmine-html-reporter": "^0.2.2",
    "protractor": "~5.1.0",
    "ts-node": "~2.0.0",
    "tslint": "~4.5.0",
    "typescript": "~2.2.0"
  }
}