{
  "name": "root",
  "private": true,
  "workspaces": {
    "packages": [
      "packages/*",
      "examples/*"
    ],
    "nohoist": [
      "**/grunt-**"
    ]
  },
  "scripts": {
    "lerna:version": "lerna version",
    "lerna:publish": "lerna publish from-git --yes",
    "ci": "npm-run-all format:validate build test",
    "build": "lerna run build",
    "test": "lerna run test",
    "format:fix": "prettier --write \"**/*.@(ts|js|json|md)\"",
    "format:validate": "prettier --list-different \"**/*.@(ts|js|json|md)\""
  },
  "prettier": {
    "semi": false,
    "tabWidth": 4
  },
  "husky": {
    "hooks": {
      "pre-commit": "lint-staged"
    }
  },
  "lint-staged": {
    "*.{ts,js,json,md}": [
      "prettier --write",
      "git add"
    ]
  },
  "devDependencies": {
    "fs-extra": "^7.0.1",
    "husky": "^1.3.1",
    "lerna": "^3.13.0",
    "lint-staged": "^8.1.4",
    "lodash": "^4.17.4",
    "mocha": "^6.0.1",
    "npm-run-all": "^4.1.2",
    "prettier": "1.16.4",
    "shx": "^0.3.2"
  }
}