{
  "name": "chrome-another-tab",
  "version": "1.1.0",
  "private": true,
  "scripts": {
    "start": "react-scripts start",
    "build": "react-scripts build",
    "test": "react-scripts test",
    "eject": "react-scripts eject",
    "lint": "tslint -t verbose -p . -c tslint.json",
    "tsc": "tsc",
    "predeploy": "PUBLIC_URL=https://mmazzarolo.github.io/chrome-another-tab REACT_APP_IS_LIVE_EXAMPLE=true yarn run build",
    "deploy": "gh-pages -d build"
  },
  "dependencies": {
    "gh-pages": "^2.0.1",
    "immer": "^1.9.3",
    "lodash": "^4.17.11",
    "prettier": "^1.15.2",
    "react": "^16.7.0-alpha.2",
    "react-dom": "^16.7.0-alpha.2",
    "react-redux": "^6.0.0",
    "react-scripts": "2.1.1",
    "react-sortable-hoc": "^1.4.0",
    "redux": "^4.0.1",
    "redux-logger": "^3.0.6",
    "redux-react-hook": "^3.0.0",
    "redux-saga": "^0.16.2",
    "styled-components": "^4.1.3",
    "styled-icons": "^5.6.0",
    "tslint": "^5.11.0",
    "tslint-config-prettier": "^1.17.0",
    "tslint-microsoft-contrib": "^6.0.0",
    "tslint-plugin-prettier": "^2.0.1",
    "typesafe-actions": "^2.0.4",
    "typescript": "3.2.2"
  },
  "devDependencies": {
    "@types/chrome": "^0.0.76",
    "@types/jest": "23.3.9",
    "@types/lodash": "^4.14.118",
    "@types/node": "10.12.10",
    "@types/react": "16.7.7",
    "@types/react-dom": "16.0.10",
    "@types/react-redux": "^6.0.11",
    "@types/redux-logger": "^3.0.6",
    "@types/redux-saga": "^0.10.5",
    "@types/styled-components": "^4.1.4"
  },
  "eslintConfig": {
    "extends": "react-app"
  },
  "browserslist": [
    ">0.2%",
    "not dead",
    "not ie <= 11",
    "not op_mini all"
  ]
}