{
  "name": "cli-universal-demo",
  "version": "0.0.0",
  "license": "MIT",
  "scripts": {
    "ng": "ng",
    "start": "run-s build:client build:sw build:aot build:server server",
    "build:client": "ng build -prod --build-optimizer --app 0",
    "build:sw": "sw-precache --root=dist/browser --config=src/sw-precache-config.js --verbose",
    "build:aot": "ng build --aot --app 1",
    "build:server": "webpack",
    "server": "node dist/server.js",
    "test": "ng test",
    "lint": "ng lint",
    "e2e": "ng e2e"
  },
  "private": true,
  "dependencies": {
    "@angular/animations": "^4.3.4",
    "@angular/common": "^4.3.4",
    "@angular/compiler": "^4.3.4",
    "@angular/core": "^4.3.4",
    "@angular/forms": "^4.3.4",
    "@angular/http": "^4.3.4",
    "@angular/platform-browser": "^4.3.4",
    "@angular/platform-browser-dynamic": "^4.3.4",
    "@angular/platform-server": "^4.3.4",
    "@angular/router": "^4.3.4",
    "core-js": "^2.5.0",
    "express": "^4.15.4",
    "rxjs": "^5.4.3",
    "zone.js": "^0.8.16"
  },
  "devDependencies": {
    "@angular/cli": "1.3.0",
    "@angular/compiler-cli": "^4.3.4",
    "@angular/language-service": "^4.3.4",
    "@types/jasmine": "~2.5.53",
    "@types/jasminewd2": "~2.0.2",
    "@types/node": "~8.0.20",
    "codelyzer": "~3.1.2",
    "jasmine-core": "~2.7.0",
    "jasmine-spec-reporter": "~4.2.0",
    "karma": "~1.7.0",
    "karma-chrome-launcher": "~2.2.0",
    "karma-cli": "~1.0.1",
    "karma-coverage-istanbul-reporter": "^1.3.0",
    "karma-jasmine": "~1.1.0",
    "karma-jasmine-html-reporter": "^0.2.2",
    "npm-run-all": "^4.0.2",
    "protractor": "~5.1.2",
    "sw-precache": "^5.2.0",
    "ts-loader": "^2.3.2",
    "ts-node": "~3.3.0",
    "tslint": "~5.6.0",
    "typescript": "~2.4.2",
    "webpack": "^3.5.4"
  }
}