{
  "name": "Clicker",
  "author": "Stephen Hazleton",
  "homepage": "https://github.com/lathonez/clicker",
  "private": true,
  "scripts": {
    "clean": "ionic-app-scripts clean",
    "build": "ionic-app-scripts build",
    "deploy": "ngh --dir www --no-silent",
    "lint": "ionic-app-scripts lint",
    "ionic:build": "ionic-app-scripts build",
    "ionic:serve": "ionic-app-scripts serve",
    "e2e": "ionic-app-scripts build && protractor",
    "postinstall": "webdriver-manager update --gecko false",
    "start": "ionic serve",
    "test": "ng test",
    "test-coverage": "ng test --code-coverage",
    "test-ci": "ng test --watch=false --code-coverage --no-progress"
  },
  "version": "2.24.0",
  "dependencies": {
    "@angular/common": "5.0.3",
    "@angular/compiler": "5.0.3",
    "@angular/compiler-cli": "5.0.3",
    "@angular/core": "5.0.3",
    "@angular/forms": "5.0.3",
    "@angular/http": "5.0.3",
    "@angular/platform-browser": "5.0.3",
    "@angular/platform-browser-dynamic": "5.0.3",
    "@angular/router": "5.0.3",
    "@ionic-native/core": "4.5.2",
    "@ionic-native/splash-screen": "4.5.2",
    "@ionic-native/status-bar": "4.5.2",
    "@ionic/storage": "2.1.3",
    "@ngx-translate/core": "9.1.0",
    "@ngx-translate/http-loader": "2.0.1",
    "angular-cli-ghpages": "0.5.2",
    "cordova-android": "7.0.0",
    "cordova-browser": "5.0.3",
    "cordova-ios": "4.5.4",
    "cordova-plugin-device": "2.0.1",
    "cordova-plugin-splashscreen": "5.0.1",
    "cordova-plugin-statusbar": "2.4.1",
    "cordova-plugin-whitelist": "1.3.3",
    "ionic-angular": "3.9.2",
    "ionic-plugin-keyboard": "2.2.1",
    "ionicons": "3.0.0",
    "rxjs": "5.5.6",
    "sw-toolbox": "3.6.0",
    "zone.js": "0.8.19"
  },
  "devDependencies": {
    "@angular/cli": "1.6.4",
    "@ionic/app-scripts": "3.1.6",
    "@types/jasmine": "2.8.4",
    "@types/jasminewd2": "2.0.3",
    "@types/node": "8.5.8",
    "codecov": "3.0.0",
    "connect": "3.6.5",
    "ionic-mocks": "1.2.1",
    "jasmine-core": "2.8.0",
    "jasmine-reporters": "2.3.0",
    "karma": "2.0.0",
    "karma-chrome-launcher": "2.2.0",
    "karma-cli": "1.0.1",
    "karma-coverage-istanbul-reporter": "1.3.3",
    "karma-jasmine": "1.1.1",
    "karma-jasmine-html-reporter": "0.2.2",
    "karma-junit-reporter": "1.2.0",
    "protractor": "5.2.0",
    "serve-static": "1.13.1",
    "ts-node": "4.1.0",
    "tslint": "5.9.1",
    "tslint-eslint-rules": "4.1.1",
    "typescript": "2.4.2"
  },
  "repository": {
    "type": "git",
    "url": "https://github.com/lathonez/clicker.git"
  },
  "license": "MIT",
  "description": "Clicker: An Ionic project",
  "cordova": {
    "platforms": [
      "android",
      "browser",
      "ios"
    ],
    "plugins": {
      "cordova-plugin-console": {},
      "cordova-plugin-device": {},
      "cordova-plugin-splashscreen": {},
      "cordova-plugin-statusbar": {},
      "cordova-plugin-whitelist": {},
      "ionic-plugin-keyboard": {}
    }
  }
}