{
  "name": "storefrontapp",
  "version": "0.1.0",
  "license": "Apache-2.0",
  "engines": {
    "node": ">=10 <11"
  },
  "scripts": {
    "build": "ng build storefrontapp --prod",
    "build:core:lib": "ng build core && ng build storefrontlib",
    "build:qa": "ng build -c=qa",
    "doc:generate": "npx compodoc -p tsconfig.compodoc.json",
    "e2e": "ng e2e",
    "e2e:no-serve": "ng e2e --devServerTarget=",
    "e2e:ci": "ng e2e --configuration=ci --protractor-config=projects/storefrontapp-e2e/protractor.headless.conf.js",
    "e2e:cy:open": "yarn --cwd ./projects/storefrontapp-e2e-cypress run cy:open",
    "e2e:cy:run": "yarn --cwd ./projects/storefrontapp-e2e-cypress run cy:run",
    "e2e:cy:run:ci": "yarn --cwd ./projects/storefrontapp-e2e-cypress run cy:run --record --key $CYPRESS_KEY",
    "e2e:cy:start-open": "start-server-and-test start:ci http-get://localhost:4200 e2e:cy:open",
    "e2e:cy:start-run": "start-server-and-test start:ci http-get://localhost:4200 e2e:cy:run",
    "e2e:cy:start-run-ci": "start-server-and-test start:ci http-get://localhost:4200 e2e:cy:run:ci",
    "generate:changelog": "ts-node ./scripts/changelog.ts",
    "lint": "ng lint",
    "mockserver": "cd ./projects/backend/mockgenerator && npm run start",
    "ng": "ng",
    "prettier": "prettier --config ./.prettierrc --list-different \"projects/**/*{.ts,.js,.json,.scss,.html}\"",
    "prettier-fix": "prettier --config ./.prettierrc --list-different \"projects/**/*{.ts,.js,.json,.scss,.html}\" --write",
    "start": "ng serve --proxy-config mock-server/proxy.backend.js",
    "start:mock": "ng serve --proxy-config mock-server/proxy.mock.js",
    "start:qa": "ng serve -c=qa",
    "start:ci": "ng serve -c=ci",
    "start:prod": "ng serve --prod",
    "start:pwa": "cd ./dist/storefrontapp/ && http-server -p 4200",
    "test": "ng test",
    "test:core:lib": "concurrently \"ng test core --code-coverage\" \"ng test storefrontlib --code-coverage\"",
    "test:storefront:lib": "ng test storefrontlib --sourceMap --code-coverage",
    "build:ssr": "ng run storefrontapp:server && webpack --config projects/ssr/webpack.server.config.js --progress --colors",
    "start:ssr": "node dist/ssr/server",
    "release:styles": "cd projects/storefrontstyles && release-it && cd ../..",
    "release:lib": "cd projects/storefrontlib && release-it && cd ../..",
    "release:core": "cd projects/core && release-it && cd ../..",
    "release:styles:with-changelog": "cd projects/storefrontstyles && release-it --config .release-it.changelog.json && cd ../..",
    "release:lib:with-changelog": "cd projects/storefrontlib && release-it --config .release-it.changelog.json && cd ../..",
    "release:core:with-changelog": "cd projects/core && release-it --config .release-it.changelog.json && cd ../..",
    "release-notes:lib": "ts-node ./scripts/changelog.ts --verbose --lib storefront",
    "release-notes:core": "ts-node ./scripts/changelog.ts --verbose --lib core",
    "release-notes:styles": "ts-node ./scripts/changelog.ts --verbose --lib styles"
  },
  "private": false,
  "dependencies": {
    "@angular/animations": "~7.2.0",
    "@angular/common": "~7.2.0",
    "@angular/compiler": "~7.2.0",
    "@angular/core": "~7.2.0",
    "@angular/forms": "~7.2.0",
    "@angular/http": "~7.2.0",
    "@angular/platform-browser": "~7.2.0",
    "@angular/platform-browser-dynamic": "~7.2.0",
    "@angular/platform-server": "^7.2.0",
    "@angular/pwa": "^0.12.0",
    "@angular/router": "~7.2.0",
    "@angular/service-worker": "~7.2.0",
    "@compodoc/compodoc": "^1.1.8",
    "@ng-bootstrap/ng-bootstrap": "^4.0.1",
    "@ng-select/ng-select": "^2.13.2",
    "@ngrx/effects": "~7.0.0",
    "@ngrx/router-store": "~7.0.0",
    "@ngrx/store": "~7.0.0",
    "@nguniversal/express-engine": "^7.0.2",
    "@nguniversal/module-map-ngfactory-loader": "^7.0.2",
    "@types/googlemaps": "^3.30.13",
    "bootstrap": "^4.1.3",
    "core-js": "^2.5.7",
    "hamburgers": "^1.1.3",
    "ngrx-store-localstorage": "^5.1.0",
    "rxjs": "^6.3.3",
    "ts-loader": "^5.3.2",
    "zone.js": "^0.8.26"
  },
  "devDependencies": {
    "@angular-devkit/build-angular": "~0.12.0",
    "@angular-devkit/build-ng-packagr": "~0.12.0",
    "@angular/cli": "~7.2.1",
    "@angular/compiler-cli": "7.2.0",
    "@angular/language-service": "~7.2.0",
    "@ngrx/store-devtools": "~7.0.0",
    "@types/jasmine": "~2.8.8",
    "@types/jasminewd2": "~2.0.3",
    "@types/node": "~8.9.4",
    "chalk": "^2.4.1",
    "codelyzer": "~4.5.0",
    "commander": "^2.19.0",
    "concurrently": "^4.0.1",
    "conventional-commits-parser": "^3.0.1",
    "ejs": "^2.6.1",
    "faker": "^4.1.0",
    "gh-got": "^8.0.1",
    "git-raw-commits": "^2.0.0",
    "http-server": "^0.11.1",
    "jasmine-core": "~2.99.1",
    "jasmine-marbles": "^0.4.1",
    "jasmine-spec-reporter": "~4.2.1",
    "json-server": "^0.14.0",
    "karma": "~3.1.1",
    "karma-chrome-launcher": "~2.2.0",
    "karma-cli": "^2.0.0",
    "karma-coverage": "^1.1.2",
    "karma-coverage-istanbul-reporter": "^2.0.4",
    "karma-jasmine": "~1.1.2",
    "karma-jasmine-html-reporter": "^0.2.2",
    "karma-junit-reporter": "^1.2.0",
    "ng-packagr": "^4.4.5",
    "node-sass": "^4.11.0",
    "prettier": "1.16.3",
    "protractor": "~5.4.0",
    "release-it": "^10.0.7",
    "semver": "^5.6.0",
    "start-server-and-test": "^1.7.11",
    "through2": "^3.0.0",
    "ts-node": "~7.0.0",
    "tsickle": "^0.34.0",
    "tslib": "^1.9.3",
    "tslint": "~5.11.0",
    "typescript": "~3.2.2",
    "webpack-cli": "^3.1.2"
  }
}