{
  "name": "clusterws-client-js",
  "version": "3.2.0",
  "description": "JavaScript Client for ClusterWS - lightweight, fast and powerful framework for building scalable WebSockets applications in Node.js.",
  "main": "index.js",
  "types": "index.d.ts",
  "author": "Dmitrii Goriunov",
  "scripts": {
    "build:npm": "clusterws-builder -npm -src=src -dist=dist -type=browser",
    "build:browser": "clusterws-builder -format=iife -src=src -dist=dist/browser -distFile=clusterws.js -type=browser && clusterws-builder -min -format=iife -src=src -dist=dist/browser -distFile=clusterws.min.js -type=browser",
    "build:prod": "npm run build:npm && npm run build:browser",
    "publish": "npm run build:prod && cd dist && npm publish && cd .."
  },
  "license": "MIT",
  "repository": {
    "type": "git",
    "url": "https://github.com/ClusterWS/ClusterWS-Client-JS"
  },
  "devDependencies": {
    "clusterws-builder": "0.0.10"
  },
  "keywords": [
    "clusterws",
    "websocket",
    "scale",
    "uws",
    "node js",
    "scale node js",
    "real-time",
    "cluster",
    "ws client",
    "javascript"
  ]
}