{
  "name": "codesandbox-importers",
  "version": "1.0.0",
  "description": "",
  "private": true,
  "scripts": {
    "build": "yarn build:dependencies && lerna run build --scope codesandbox --scope git-converter --parallel",
    "build:git-extractor": "yarn build:dependencies && lerna run build --scope git-converter",
    "build:dependencies": "lerna run build --scope codesandbox-import-utils --scope codesandbox-import-util-types --stream",
    "test": "lerna run test",
    "start": "lerna run start --stream"
  },
  "author": "",
  "devDependencies": {
    "jest": "^23.6.0",
    "lerna": "^2.4.0",
    "rimraf": "^2.6.2",
    "ts-jest": "^23.10.4",
    "typescript": "^3.1.1"
  },
  "workspaces": [
    "packages/cli",
    "packages/git-extractor",
    "packages/import-utils",
    "packages/types"
  ]
}