{
  "name": "collectable-monorepo",
  "version": "0.0.0",
  "description": "An all-you-can-eat buffet of high-performance immutable/persistent data structures",
  "private": true,
  "scripts": {
    "ci-build": "mv lerna.default.json lerna.json && lerna bootstrap --hoist && lerna run lint && lerna run build && lerna run test"
  },
  "contributors": [
    "Nathan Ridley <axefrog@gmail.com> (https://github.com/axefrog)",
    "Tylor Steinberger <tlsteinberger167@gmail.com> (https://github.com/TylorS)"
  ],
  "license": "MIT",
  "bugs": "https://github.com/frptools/collectable/issues",
  "repository": "git@github.com:frptools/collectable.git",
  "devDependencies": {
    "@frptools/config": "^1.0.0",
    "lerna": "^2.7.1"
  }
}