{
  "name": "compassql",
  "version": "0.20.4",
  "description": "CompassQL visualization query language",
  "main": "build/compassql.js",
  "unpkg": "build/compassql.min.js",
  "jsdelivr": "build/compassql.min.js",
  "module": "build/src/cql.ts",
  "types": "build/src/cql.d.ts",
  "typings": "./build/src/cql",
  "directories": {
    "test": "test"
  },
  "scripts": {
    "prebuild": "mkdir -p build",
    "build": "tsc && cp package.json build/src/ && rollup -c",
    "build:examples": "npm run build && ./scripts/build-examples.sh",
    "build:examples-only": "./scripts/build-examples.sh",
    "postbuild": "uglifyjs build/compassql.js -cm --source-map build/compassql.min.js.map > build/compassql.min.js",
    "clean": "rm -rf build",
    "deploy": "npm run clean && npm run lint && npm run test && scripts/deploy.sh",
    "lint": "tslint -c tslint.json src/**/*.ts test/**/*.ts",
    "schema": "npm run prebuild && typescript-json-schema --required true src/query.ts Query > build/compassql-schema.json",
    "test": "jest --maxWorkers=4 && npm run lint",
    "test:inspect": "node --inspect-brk ./node_modules/.bin/jest --runInBand",
    "check:examples": "./scripts/check-examples.sh",
    "watch:build": "npm run build && concurrently --kill-others -n Typescript,Rollup 'tsc -w' 'rollup -c -w'",
    "watch:test": "jest --watch"
  },
  "repository": {
    "type": "git",
    "url": "git+https://github.com/uwdata/CompassQL.git"
  },
  "keywords": [
    "visualization",
    "recommendation"
  ],
  "author": {
    "name": "UW Interactive Data Lab",
    "url": "http://idl.cs.washington.edu"
  },
  "collaborators": [
    "Kanit Wongsuphasawat <kanitw@gmail.com> (http://kanitw.yellowpigz.com)",
    "Dominik Moritz <domoritz@cs.washington.edu> (http://domoritz.de)",
    "Jeffrey Heer <jheer@uw.edu> (http://jheer.org)"
  ],
  "license": "BSD-3-Clause",
  "bugs": {
    "url": "https://github.com/uwdata/compassql/issues"
  },
  "homepage": "https://github.com/uwdata/compassql#readme",
  "devDependencies": {
    "@types/chai": "^4.1.3",
    "@types/d3": "^4.13.0",
    "@types/jest": "^22.2.3",
    "chai": "^4.1.2",
    "codecov": "~1.0.1",
    "concurrently": "^3.5.1",
    "d3": "~4",
    "exorcist": "~0.4.0",
    "jest": "^22.4.3",
    "rollup": "^0.58.2",
    "rollup-plugin-commonjs": "^9.1.0",
    "rollup-plugin-json": "^2.3.0",
    "rollup-plugin-node-resolve": "^3.3.0",
    "source-map-support": "~0.4.0",
    "ts-jest": "^22.4.4",
    "tslint": "~4.3.1",
    "typescript": "^2.3.4",
    "uglify-js": "~2.6.1",
    "vega-datasets": "latest"
  },
  "dependencies": {
    "datalib": "~1.7.0",
    "typescript-json-schema": "^0.9.0",
    "vega-lite": "2.4.0",
    "vega-typings": "^0.2.15"
  },
  "jest": {
    "transform": {
      "^.+\\.tsx?$": "ts-jest"
    },
    "testRegex": "(/__tests__/.*|(\\.|/)(test|spec))\\.(jsx?|tsx?)$",
    "moduleFileExtensions": [
      "ts",
      "tsx",
      "js",
      "jsx",
      "json",
      "node"
    ],
    "testPathIgnorePatterns": [
      "node_modules",
      "<rootDir>/build",
      "scripts",
      "src"
    ],
    "coverageDirectory": "./coverage/",
    "collectCoverage": true
  }
}