{
  "name": "ccaw-angcli",
  "version": "0.0.0",
  "license": "MIT",
  "angular-cli": {},
  "scripts": {
    "start": "ng serve",
    "server": "nodemon ./server/server.js",
    "lint": "tslint \"src/**/*.ts\"",
    "test": "ng test",
    "pree2e": "webdriver-manager update",
    "e2e": "protractor",
    "heroku-postbuild": "ng build --prod"
  },
  "private": true,
  "engines": {
    "node": "7.10.1",
    "npm": "3.10.5"
  },
  "dependencies": {
    "@angular/common": "2.4.5",
    "@angular/compiler": "2.4.5",
    "@angular/core": "2.4.5",
    "@angular/forms": "2.4.5",
    "@angular/http": "2.4.5",
    "@angular/platform-browser": "2.4.5",
    "@angular/platform-browser-dynamic": "2.4.5",
    "@angular/router": "3.0.0",
    "angular-cli": "^1.0.0-beta.28.3",
    "bcrypt-nodejs": "0.0.3",
    "body-parser": "^1.15.2",
    "bootstrap-sass": "^3.3.7",
    "compression": "^1.6.2",
    "core-js": "^2.4.1",
    "cors": "^2.8.1",
    "dropbox": "^2.3.0",
    "express": "^4.14.0",
    "express-session": "^1.14.1",
    "fast-csv": "^2.4.0",
    "file-saver": "^1.3.2",
    "jquery": "^3.1.0",
    "json2csv": "^3.7.0",
    "lodash": "^4.15.0",
    "mailgun-js": "^0.7.13",
    "mime": "^1.3.4",
    "moment": "^2.14.1",
    "mongoose": "^4.6.0",
    "morgan": "^1.7.0",
    "multer": "^1.2.0",
    "ng2-bs3-modal": "^0.10.4",
    "node-sass": "^3.9.3",
    "nodemailer": "^2.6.0",
    "passport": "^0.3.2",
    "passport-local": "^1.0.0",
    "rxjs": "5.0.0-beta.12",
    "ts-helpers": "^1.1.1",
    "typescript": "^2.0.2",
    "webpack": "^2.1.0-beta.26",
    "zone.js": "0.6.23"
  },
  "devDependencies": {
    "angular-cli": "^1.0.0-beta.28.3",
    "@types/jasmine": "^2.2.30",
    "@types/lodash": "^4.14.34",
    "@types/moment": "^2.13.0",
    "codelyzer": "^1.0.0-beta.2",
    "dotenv": "^2.0.0",
    "jasmine-core": "2.4.1",
    "jasmine-spec-reporter": "2.5.0",
    "karma": "1.2.0",
    "karma-chrome-launcher": "^2.0.0",
    "karma-cli": "^1.0.1",
    "karma-jasmine": "^1.0.2",
    "karma-remap-istanbul": "^0.2.1",
    "nodemon": "^1.10.2",
    "protractor": "4.0.5",
    "ts-node": "1.2.1",
    "tslint": "3.13.0"
  }
}