{
  "name": "confcitizens",
  "description": "Conference citizens",
  "version": "1.0.0",
  "license": "MIT",
  "contributors": [
    {
      "name": "Yuri Yakovlev",
      "email": "hi@mynameisyuri.com",
      "url": "https://mynameisyuri.com"
    }
  ],
  "dependencies": {
    "@zeit/next-css": "^1.0.2-canary.2",
    "@zeit/next-typescript": "^1.1.2-canary.0",
    "algoliasearch": "^3.32.0",
    "antd": "^3.13.3",
    "babel-plugin-import": "^1.11.0",
    "dayjs": "^1.8.6",
    "dotenv": "^6.2.0",
    "express": "^4.16.4",
    "lodash.debounce": "^4.0.8",
    "lodash.orderby": "^4.6.0",
    "next": "^8.0.1",
    "pluralize": "^7.0.0",
    "react": "^16.8.2",
    "react-dom": "^16.8.2",
    "react-ga": "^2.5.7",
    "react-github-corner": "^2.3.0",
    "react-instantsearch-dom": "^5.4.0",
    "styled-components": "^4.1.3"
  },
  "devDependencies": {
    "@types/algoliasearch": "^3.30.3",
    "@types/dotenv": "^6.1.0",
    "@types/lodash.debounce": "^4.0.5",
    "@types/lodash.orderby": "^4.6.5",
    "@types/next": "^8.0.1",
    "@types/pluralize": "^0.0.29",
    "@types/react": "^16.8.3",
    "@types/react-dom": "^16.8.2",
    "@types/react-instantsearch-dom": "^5.2.2",
    "@types/styled-components": "^4.1.10",
    "babel-plugin-inline-react-svg": "^1.0.1",
    "babel-plugin-styled-components": "^1.10.0",
    "now": "^14.0.0",
    "ts-node": "^8.0.2",
    "tslint": "^5.12.1",
    "tslint-config-prettier": "^1.18.0",
    "tslint-react": "^3.6.0",
    "typescript": "^3.3.3"
  },
  "scripts": {
    "dev": "node server.js",
    "build": "next build",
    "start": "NODE_ENV=production node server.js",
    "lint": "tsc --noEmit -p tsconfig.json && tslint -c tslint.json -p tsconfig.json",
    "lint:fix": "tslint -c tslint.json -p tsconfig.json --fix",
    "test-ci": "yarn lint",
    "deploy": "now --token $NOW_TOKEN",
    "alias": "now alias --token=$NOW_TOKEN",
    "clear-deployments": "now rm --safe --yes confcitizens --token=$NOW_TOKEN",
    "update-speakers": "ts-node scripts/updateSpeakers.ts"
  }
}