{
  "name": "cordova-background-geolocation-SampleApp",
  "description": "Cordova Background Geolocation Demo Application",
  "version": "2.14.0",
  "author": "Transistor Software",
  "homepage": "https://www.transistorsoft.com",
  "repository": {
    "type": "git",
    "url": "git+https://github.com/transistorsoft/cordova-background-geolocation-SampleApp.git"
  },
  "license": "MIT",
  "readme": "https://github.com/transistorsoft/cordova-background-geolocation-SampleApp",
  "private": true,
  "scripts": {
    "clean": "ionic-app-scripts clean",
    "build": "ionic-app-scripts build",
    "lint": "ionic-app-scripts lint",
    "ionic:build": "ionic-app-scripts build",
    "ionic:serve": "ionic-app-scripts serve",
    "open": "node scripts/openConsole.js"
  },
  "dependencies": {
    "@angular/common": "5.0.1",
    "@angular/compiler": "5.0.1",
    "@angular/compiler-cli": "5.0.1",
    "@angular/core": "5.0.1",
    "@angular/forms": "5.0.1",
    "@angular/http": "5.0.1",
    "@angular/platform-browser": "5.0.1",
    "@angular/platform-browser-dynamic": "5.0.1",
    "@ionic-native/core": "4.4.2",
    "@ionic-native/device": "^4.4.2",
    "@ionic-native/dialogs": "4.4.2",
    "@ionic-native/splash-screen": "4.4.2",
    "@ionic-native/status-bar": "4.4.2",
    "@ionic/storage": "2.1.3",
    "cordova-android": "^7.1.1",
    "cordova-background-geolocation-lt": "2.14.0",
    "cordova-ios": "^4.5.5",
    "cordova-plugin-background-fetch": "5.4.1",
    "cordova-plugin-cocoalumberjack": "0.0.4",
    "cordova-plugin-device": "^2.0.2",
    "cordova-plugin-dialogs": "^2.0.1",
    "cordova-plugin-splashscreen": "^4.1.0",
    "cordova-plugin-statusbar": "^2.4.2",
    "cordova-plugin-whitelist": "^1.3.3",
    "ionic-angular": "3.9.2",
    "ionic-plugin-keyboard": "^2.2.1",
    "ionicons": "3.0.0",
    "rxjs": "5.5.2",
    "sw-toolbox": "3.6.0",
    "zone.js": "0.8.18"
  },
  "devDependencies": {
    "@ionic/app-scripts": "3.1.2",
    "typescript": "2.4.2",
    "opn": "^5.1.0"
  },
  "cordova": {
    "plugins": {
      "ionic-plugin-keyboard": {},
      "cordova-plugin-whitelist": {},
      "cordova-plugin-splashscreen": {},
      "cordova-plugin-dialogs": {},
      "cordova-plugin-statusbar": {},
      "cordova-plugin-device": {},
      "cordova-background-geolocation-lt": {
        "LICENSE": "YOUR_LICENSE_KEY",
        "GOOGLE_API_VERSION": "16.0.0",
        "APPCOMPAT_VERSION": "27.1.1",
        "BACKGROUND_MODE_LOCATION": "<string>location</string>",
        "LOCATION_ALWAYS_AND_WHEN_IN_USE_USAGE_DESCRIPTION": "Always use is required for constant background location-tracking",
        "LOCATION_ALWAYS_USAGE_DESCRIPTION": "Background location-tracking is required",
        "LOCATION_WHEN_IN_USE_USAGE_DESCRIPTION": "Background location-tracking is required",
        "MOTION_USAGE_DESCRIPTION": "Using the accelerometer increases battery-efficiency by intelligently toggling location-tracking only when the device is detected to be moving"
      }
    },
    "platforms": [
      "android",
      "ios"
    ]
  }
}