{
  "name": "covalent-quickstart",
  "version": "1.0.0",
  "private": true,
  "description": "Quickstart App with @covalent packages",
  "keywords": [
    "angular",
    "components",
    "reusable"
  ],
  "scripts": {
    "start": "ng serve",
    "e2e": "ng e2e",
    "lint": "ng lint",
    "reinstall": "rm -rf node_modules tmp deploy dist && yarn install && npm rebuild node-sass",
    "reinstall:latest": "rm -rf node_modules tmp deploy dist && npm install",
    "postinstall": "webdriver-manager update && ./scripts/protractor.sh",
    "start-api": "cd mock-api && covalent-data &",
    "stop-api": "pkill covalent-data",
    "webdriver-update": "bash ./node_modules/.bin/webdriver-manager update",
    "test": "ng test --code-coverage --single-run",
    "test:watch": "ng test --code-coverage",
    "ghpages-deploy": "ng build --base-href /covalent-quickstart/ --aot -prod --sourcemap=false && bash scripts/ghpages-deploy"
  },
  "engines": {
    "node": ">6.12.0",
    "npm": ">3"
  },
  "repository": "https://github.com/teradata/covalent-quickstart.git",
  "license": "MIT",
  "author": "Teradata UX",
  "contributors": [
    "Kyle Ledbetter <kyle.ledbetter@teradata.com>",
    "Richa Vyas <richa.vyas@teradata.com>",
    "Ed Morales <eduardo.morales@teradata.com>",
    "Jason Weaver <jason.weaver@teradata.com>",
    "Jeremy Smartt <jeremy.smartt@teradata.com>",
    "Ilsun Park <ilsun.park@teradata.com>"
  ],
  "dependencies": {
    "@angular/animations": "^7.1.4",
    "@angular/cdk": "^7.2.0",
    "@angular/common": "^7.1.4",
    "@angular/compiler": "^7.1.4",
    "@angular/core": "^7.1.4",
    "@angular/forms": "^7.1.4",
    "@angular/http": "^7.1.4",
    "@angular/material": "^7.2.0",
    "@angular/platform-browser": "^7.1.4",
    "@angular/platform-browser-dynamic": "^7.1.4",
    "@angular/platform-server": "^7.1.4",
    "@angular/router": "^7.1.4",
    "@covalent/core": "^2.0.0",
    "@covalent/dynamic-forms": "^2.0.0",
    "@covalent/highlight": "^2.0.0",
    "@covalent/http": "^2.0.0",
    "@covalent/http-deprec": "^2.0.0",
    "@covalent/markdown": "^2.0.0",
    "@swimlane/ngx-charts": "^10.0.0",
    "core-js": "^2.6.1",
    "d3": "^5.7.0",
    "hammerjs": "^2.0.8",
    "highlight.js": "9.13.1",
    "rxjs": "^6.3.3",
    "showdown": "1.9.0",
    "tslib": "^1.9.0",
    "zone.js": "^0.8.26"
  },
  "devDependencies": {
    "@angular-devkit/build-angular": "~0.11.0",
    "@angular/cli": "7.1.4",
    "@angular/compiler-cli": "^7.1.4",
    "@types/hammerjs": "2.0.36",
    "@types/jasmine": "3.3.4",
    "@types/node": "~10.12.18",
    "@types/selenium-webdriver": "3.0.14",
    "codelyzer": "~4.5.0",
    "jasmine-core": "~3.3.0",
    "jasmine-spec-reporter": "4.2.1",
    "karma": "~3.1.4",
    "karma-chrome-launcher": "~2.2.0",
    "karma-cli": "~2.0.0",
    "karma-coverage-istanbul-reporter": "^2.0.4",
    "karma-jasmine": "^2.0.1",
    "karma-jasmine-html-reporter": "^1.4.0",
    "karma-phantomjs-launcher": "^1.0.4",
    "karma-remap-istanbul": "^0.6.0",
    "karma-spec-reporter": "^0.0.32",
    "node-sass": "4.11.0",
    "phantomjs-prebuilt": "2.1.16",
    "protractor": "~5.4.1",
    "ts-node": "7.0.1",
    "tslint": "^5.12.0",
    "typescript": "3.1.6"
  },
  "optionalDependencies": {
    "@covalent/data": "0.7.1"
  }
}