{
  "name": "d3js-angular-example",
  "version": "0.0.0",
  "scripts": {
    "ng": "ng",
    "start": "ng serve",
    "build": "ng build",
    "test": "ng test",
    "lint": "ng lint",
    "e2e": "ng e2e"
  },
  "private": true,
  "dependencies": {
    "@angular/animations": "6.0.3",
    "@angular/cdk": "6.2.1",
    "@angular/common": "6.0.3",
    "@angular/compiler": "6.0.3",
    "@angular/core": "6.0.3",
    "@angular/forms": "6.0.3",
    "@angular/http": "6.0.3",
    "@angular/material": "6.2.1",
    "@angular/platform-browser": "6.0.3",
    "@angular/platform-browser-dynamic": "6.0.3",
    "@angular/router": "6.0.3",
    "core-js": "2.5.4",
    "d3": "5.4.0",
    "rxjs": "6.0.0",
    "zone.js": "0.8.26"
  },
  "devDependencies": {
    "@angular-devkit/build-angular": "0.6.8",
    "@angular/cli": "6.0.8",
    "@angular/compiler-cli": "6.0.3",
    "@angular/language-service": "6.0.3",
    "@types/d3-array": "1.2.1",
    "@types/d3-axis": "1.0.10",
    "@types/d3-brush": "1.0.8",
    "@types/d3-color": "1.2.1",
    "@types/d3-scale": "2.0.1",
    "@types/d3-scale-chromatic": "1.2.0",
    "@types/d3-selection": "1.3.1",
    "@types/d3-shape": "1.2.3",
    "@types/d3-time-format": "2.1.0",
    "@types/d3-zoom": "1.7.1",
    "@types/jasmine": "2.8.6",
    "@types/jasminewd2": "2.0.3",
    "@types/node": "8.9.4",
    "codelyzer": "4.2.1",
    "jasmine-core": "2.99.1",
    "jasmine-spec-reporter": "4.2.1",
    "karma": "1.7.1",
    "karma-chrome-launcher": "2.2.0",
    "karma-coverage-istanbul-reporter": "2.0.0",
    "karma-jasmine": "1.1.1",
    "karma-jasmine-html-reporter": "0.2.2",
    "protractor": "5.3.0",
    "ts-node": "5.0.1",
    "tslint": "5.9.1",
    "typescript": "2.7.2"
  }
}