{
  "name": "darkreader",
  "version": "4.7.6",
  "description": "Dark theme for every website",
  "scripts": {
    "debug": "node tasks/debug.js",
    "release": "npm test && node tasks/release.js",
    "test": "jest --config=tests/jest.config.js"
  },
  "private": true,
  "repository": {
    "type": "git",
    "url": "https://github.com/alexanderby/darkreader.git"
  },
  "author": "Alexander Shutov <shutovby@gmail.com> (http://shutov.by/)",
  "license": "MIT",
  "bugs": {
    "url": "https://github.com/alexanderby/darkreader/issues"
  },
  "homepage": "https://darkreader.org/",
  "dependencies": {
    "malevic": "0.11.6"
  },
  "devDependencies": {
    "@types/chrome": "0.0.75",
    "@types/jest": "23.3.10",
    "@types/node": "10.12.14",
    "chokidar": "2.0.4",
    "fs-extra": "7.0.1",
    "globby": "8.0.1",
    "jest": "23.6.0",
    "less": "3.9.0",
    "rollup": "0.67.4",
    "rollup-plugin-commonjs": "9.2.0",
    "rollup-plugin-node-resolve": "4.0.0",
    "rollup-plugin-replace": "2.1.0",
    "rollup-plugin-typescript2": "0.18.1",
    "ts-jest": "23.10.5",
    "ts-node": "7.0.1",
    "typescript": "3.1.6",
    "yazl": "2.5.1"
  }
}