{
  "name": "dash-table",
  "version": "3.5.0",
  "description": "Dash table",
  "main": "dash_table/bundle.js",
  "scripts": {
    "preprivate::opentests": "run-s private::wait*",
    "preprivate::runtests": "run-s private::wait*",
    "private::build": "node --max_old_space_size=4096 node_modules/webpack/bin/webpack --display-reasons --bail",
    "private::build:js": "run-s \"private::build -- --mode production\"",
    "private::build:js-dev": "run-s \"private::build -- --mode development\"",
    "private::build:js-test": "run-s \"private::build -- --config webpack.test.config.js\"",
    "private::build:js-test-watch": "run-s \"private::build -- --config webpack.test.config.js --watch\"",
    "private::build:extract-meta": "node ./extract-meta src/dash-table/dash/DataTable.js > dash_table/metadata.json",
    "private::build:copy-package-info": "cp package.json dash_table/package-info.json",
    "private::build:generate-classes": "python -c \"import dash; dash.development.component_loader.generate_classes('dash_table', 'dash_table/metadata.json')\"",
    "private::build:py": "run-s private::build:copy-package-info private::build:extract-meta private::build:generate-classes",
    "private::host_dash8081": "python tests/cypress/dash/v_be_page.py",
    "private::host_dash8082": "python tests/cypress/dash/v_copy_paste.py",
    "private::host_dash8083": "python tests/cypress/dash/v_fe_page.py",
    "private::host_js": "http-server ./dash_table -c-1 --silent",
    "private::lint:ts": "tslint '{src,demo,tests}/**/*.{js,ts,tsx}' --exclude '**/@Types/*.*'",
    "private::lint:py": "flake8 --exclude=DataTable.py,__init__.py,_imports_.py --ignore=E501,F401,F841,F811,F821 dash_table",
    "private::wait_dash8081": "wait-on http://localhost:8081",
    "private::wait_dash8082": "wait-on http://localhost:8082",
    "private::wait_dash8083": "wait-on http://localhost:8083",
    "private::wait_js": "wait-on http://localhost:8080",
    "private::opentests": "cypress open",
    "private::runtests:python": "python -m unittest tests/unit/format_test.py",
    "private::runtests:unit": "cypress run --browser chrome --spec 'tests/cypress/tests/unit/**/*'",
    "private::runtests:standalone": "cypress run --browser chrome --spec 'tests/cypress/tests/standalone/**/*'",
    "private::runtests:server": "cypress run --browser chrome --spec 'tests/cypress/tests/server/**/*'",
    "private::runtests-v0": "run-s private::runtests:server",
    "private::runtests-v1": "run-s private::runtests:python private::runtests:unit private::runtests:standalone private::runtests:server",
    "build.watch": "webpack-dev-server --content-base dash_table --mode development",
    "build": "run-s private::build:js private::build:py",
    "lint": "run-s private::lint:*",
    "test-v0": "run-p --race private::host* private::runtests-v0",
    "test-v1": "run-p --race private::host* private::runtests-v1",
    "test.visual": "build-storybook && percy-storybook",
    "test.visual-local": "build-storybook",
    "test.watch": "run-p --race \"private::build:js-test-watch\" --race private::host* private::opentests"
  },
  "author": "Chris P <chris@plot.ly",
  "license": "MIT",
  "dependencies": {},
  "devDependencies": {
    "@babel/cli": "^7.2.3",
    "@babel/core": "^7.3.4",
    "@babel/polyfill": "^7.2.5",
    "@babel/preset-env": "^7.3.4",
    "@babel/preset-react": "^7.0.0",
    "@cypress/webpack-preprocessor": "^4.0.3",
    "@percy-io/percy-storybook": "^2.1.0",
    "@storybook/cli": "^4.1.13",
    "@storybook/react": "^4.1.13",
    "@types/d3-format": "^1.3.1",
    "@types/ramda": "^0.25.51",
    "@types/react": "^16.8.5",
    "@types/react-dom": "^16.8.2",
    "@types/react-select": "^1.3.4",
    "babel-loader": "^8.0.5",
    "core-js": "^2.6.5",
    "css-loader": "^2.1.0",
    "cypress": "^3.1.5",
    "d3-format": "^1.3.2",
    "fast-isnumeric": "^1.1.2",
    "file-loader": "^3.0.1",
    "http-server": "^0.11.1",
    "less": "^3.9.0",
    "less-loader": "^4.1.0",
    "npm": "^6.8.0",
    "npm-run-all": "^4.1.5",
    "ramda": "^0.26.1",
    "react": "16.8.3",
    "react-docgen": "^4.0.1",
    "react-dom": "16.8.3",
    "react-select": "^1.3.0",
    "remarkable": "^1.7.1",
    "sheetclip": "^0.3.0",
    "style-loader": "^0.23.1",
    "ts-loader": "^5.3.3",
    "tslint": "^5.13.0",
    "typescript": "^3.3.3333",
    "wait-on": "^3.2.0",
    "webpack": "^4.29.5",
    "webpack-cli": "^3.2.3",
    "webpack-dev-server": "^3.2.1",
    "webpack-preprocessor": "^0.1.12"
  },
  "files": [
    "/dash_table/bundle*{.js,.map}"
  ],
  "peerDependencies": {
    "react": ">=0.14",
    "react-dom": ">=0.14"
  },
  "engines": {
    "node": ">=8.11.0",
    "npm": ">=6.1.0"
  }
}