{
  "name": "dataset-annotator",
  "version": "0.8.1",
  "author": "Oleg Menyaylenko",
  "private": true,
  "scripts": {
    "dev": "nf start",
    "start": "ionic-app-scripts serve",
    "electron dist": "electron .",
    "ebuild": "npm run build && node_modules/.bin/build",
    "ebuild_windows": "npm run build && start node_modules/.bin/build.cmd",
    "clean": "ionic-app-scripts clean",
    "build": "ionic-app-scripts build -p always",
    "lint": "ionic-app-scripts lint",
    "ionic:build": "ionic-app-scripts build",
    "ionic:serve": "ionic-app-scripts serve"
  },
  "build": {
    "appId": "com.lohanitech.ionic-electron-test",
    "electronVersion": "1.7.5",
    "asar": false,
    "publish": [
      {
        "provider": "github",
        "owner": "omenyayl",
        "repo": "dataset-annotator"
      }
    ],
    "files": [
      "www/**/*",
      "electron/*"
    ]
  },
  "config": {
    "ionic_bundler": "webpack",
    "ionic_webpack": "./config/webpack.config.js"
  },
  "main": "electron/electron.js",
  "dependencies": {
    "@angular/animations": "5.2.11",
    "@angular/common": "5.2.11",
    "@angular/compiler": "5.2.11",
    "@angular/compiler-cli": "5.2.11",
    "@angular/core": "5.2.11",
    "@angular/forms": "5.2.11",
    "@angular/http": "5.2.11",
    "@angular/platform-browser": "5.2.11",
    "@angular/platform-browser-dynamic": "5.2.11",
    "@ionic-native/core": "4.8.0",
    "@ionic-native/splash-screen": "4.8.0",
    "@ionic-native/status-bar": "4.8.0",
    "@ionic/storage": "2.1.3",
    "angular2-hotkeys": "^2.1.2",
    "cryptiles": "^4.1.2",
    "electron-updater": "^2.23.3",
    "fs": "0.0.1-security",
    "hoek": "^4.2.1",
    "image-size": "^0.6.3",
    "ionic-angular": "3.9.2",
    "ionicons": "3.0.0",
    "rxjs": "5.5.11",
    "sw-toolbox": "3.6.0",
    "zone.js": "0.8.26"
  },
  "devDependencies": {
    "@ionic/app-scripts": "3.1.10",
    "electron": "^2.0.9",
    "electron-builder": "^20.28.4",
    "foreman": "^3.0.1",
    "typescript": "~2.6.2"
  },
  "description": "An annotation tool for a dataset.",
  "cordova": {
    "plugins": {}
  }
}