{
  "engines": {
    "composer": "^0.20.0"
  },
  "name": "decentralized-energy-network",
  "version": "0.1.15",
  "description": "Decentralized Energy application with Hyperledger Composer",
  "networkImage": "https://hyperledger.github.io/composer-sample-networks/packages/basic-sample-network/networkimage.svg",
  "networkImageanimated": "https://hyperledger.github.io/composer-sample-networks/packages/basic-sample-network/networkimageanimated.svg",
  "scripts": {
    "prepublish": "composer archive create -t dir -n .",
    "pretest": "npm run lint",
    "lint": "eslint .",
    "postlint": "npm run licchk",
    "licchk": "license-check",
    "postlicchk": "npm run doc",
    "doc": "jsdoc --pedantic --recurse -c jsdoc.conf",
    "test-inner": "mocha --recursive && cucumber-js",
    "test-cover": "nyc npm run test-inner",
    "test": "mocha --recursive -t 4000"
  },
  "repository": {
    "type": "git",
    "url": "https://github.com/IBM/Decentralized-Energy-Composer"
  },
  "keywords": [
    "composer",
    "composer-network"
  ],
  "author": "Raheel Zubairy",
  "license": "Apache-2.0",
  "devDependencies": {
    "chai": "latest",
    "chai-as-promised": "latest",
    "composer-admin": "^0.20.6",
    "composer-cli": "^0.20.6",
    "composer-client": "^0.20.6",
    "composer-connector-embedded": "^0.20.6",
    "composer-cucumber-steps": "^0.20.6",
    "cucumber": "^2.2.0",
    "eslint": "latest",
    "istanbul": "latest",
    "jsdoc": "latest",
    "license-check": "latest",
    "mkdirp": "latest",
    "mocha": "latest",
    "moment": "latest",
    "nyc": "latest"
  },
  "license-check-config": {
    "src": [
      "**/*.js",
      "!./coverage/**/*",
      "!./node_modules/**/*",
      "!./angular-app/**/*",
      "!./out/**/*",
      "!./scripts/**/*"
    ],
    "path": "header.txt",
    "blocking": true,
    "logInfo": false,
    "logError": true
  },
  "nyc": {
    "exclude": [
      "coverage/**",
      "features/**",
      "out/**",
      "test/**"
    ],
    "reporter": [
      "text-summary",
      "html"
    ],
    "all": true,
    "check-coverage": true,
    "statements": 100,
    "branches": 100,
    "functions": 100,
    "lines": 100
  }
}