{
  "name": "desktopnaotu",
  "version": "3.2.2",
  "description": "桌面版脑图",
  "main": "dist/main.js",
  "scripts": {
    "start": "gulp default",
    "packwin32": "electron-packager ./ DesktopNaotu --asar=true --platform=win32 --arch=ia32 --out=../OutApp --icon=app/static/favicon.ico --electron-version=3.0.10 --app-version=3.2.2 --ignore=\"(.git|screenshot|doc|src|app|bower_components|electron-packager)\" --overwrite --prune",
    "packwin32dev": "electron-packager ./ DesktopNaotu --platform=win32 --arch=ia32 --out=../OutApp --icon=app/static/favicon.ico --electron-version=3.0.10 --app-version=3.2.2 --ignore=\"(.git|screenshot|doc|bower_components|electron-packager)\" --overwrite --prune",
    "packwin64": "electron-packager ./ DesktopNaotu --asar=true --platform=win32 --arch=x64 --out=../OutApp --icon=app/static/favicon.ico --electron-version=3.0.10 --app-version=3.2.2 --ignore=\"(.git|screenshot|doc|src|app|bower_components|electron-packager)\" --overwrite --prune",
    "packwin64dev": "electron-packager ./ DesktopNaotu --platform=win32 --arch=x64 --out=../OutApp --icon=app/static/favicon.ico --electron-version=3.0.10 --app-version=3.2.2 --ignore=\"(.git|screenshot|doc|bower_components|electron-packager)\" --overwrite --prune",
    "packmacos": "electron-packager ./ DesktopNaotu --asar=true --platform=darwin --arch=x64 --out=../OutApp --icon=app/static/favicon.icns --electron-version=3.0.10 --app-version=3.2.2 --ignore=\"(.git|screenshot|doc|src|app|bower_components|electron-packager)\" --overwrite --prune",
    "packlinux": "electron-packager ./ DesktopNaotu --asar=true --platform=linux --arch=x64 --out=../OutApp --icon=app/static/favicon.png --electron-version=3.0.10 --app-version=3.2.2 --ignore=\"(.git|screenshot|doc|src|app|bower_components|electron-packager)\" --overwrite --prune"
  },
  "repository": {
    "type": "git",
    "url": "git+https://github.com/NaoTu/DesktopNaotu.git"
  },
  "keywords": [
    "mind",
    "naotu"
  ],
  "author": "'Jack' <'topcss@gmail.com'>",
  "license": "MIT",
  "bugs": {
    "url": "https://github.com/NaoTu/DesktopNaotu/issues"
  },
  "homepage": "https://github.com/NaoTu/DesktopNaotu#readme",
  "devDependencies": {
    "@babel/core": "^7.1.2",
    "@types/byline": "^4.2.31",
    "browserify": "^16.2.3",
    "del": "^3.0.0",
    "electron": "^3.0.11",
    "electron-packager": "^12.2.0",
    "electron-prebuilt": "^1.4.13",
    "grunt": "^1.0.3",
    "grunt-electron-installer": "^2.1.0",
    "gulp": "^3.9.1",
    "gulp-autoprefixer": "^6.0.0",
    "gulp-babel": "^8.0.0",
    "gulp-cache": "^1.0.2",
    "gulp-clean-css": "^3.10.0",
    "gulp-concat": "^2.6.1",
    "gulp-connect": "^5.6.1",
    "gulp-filter": "^5.1.0",
    "gulp-imagemin": "^4.1.0",
    "gulp-jshint": "^2.1.0",
    "gulp-livereload": "^4.0.0",
    "gulp-main-bower-files": "^1.6.3",
    "gulp-minify-css": "^1.2.4",
    "gulp-notify": "^3.2.0",
    "gulp-obfuscate": "^0.2.9",
    "gulp-rename": "^1.4.0",
    "gulp-ruby-sass": "^3.0.0",
    "gulp-tsc": "^1.3.2",
    "gulp-uglify": "^3.0.1",
    "js-beautify": "^1.8.6",
    "jshint": "^2.9.6",
    "run-sequence": "^2.2.1",
    "tsify": "^4.0.1",
    "typescript": "^3.2.2",
    "vinyl-source-stream": "^2.0.0",
    "wiredep": "^4.0.0"
  },
  "dependencies": {
    "hotkeys-js": "^3.3.8",
    "moment": "^2.23.0",
    "winston": "^3.1.0"
  }
}