{
  "name": "diffmonster",
  "version": "0.1.0",
  "private": true,
  "dependencies": {
    "@blueprintjs/core": "^3",
    "@types/classnames": "^2.2.7",
    "@types/diff2html": "^0.0.4",
    "@types/fuzzaldrin-plus": "^0.6.0",
    "@types/highlight.js": "^9.12.3",
    "@types/jest": "^24.0.0",
    "@types/node": "^10.12.21",
    "@types/react": "^16.8.2",
    "@types/react-document-title": "^2.0.3",
    "@types/react-dom": "^16.8.0",
    "@types/react-redux": "^7.0.1",
    "@types/react-router": "^4.4.3",
    "@types/react-router-dom": "^4.3.1",
    "classnames": "^2.2.6",
    "diff2html": "^2.3.3",
    "firebase": "^4.11.0",
    "fuzzaldrin-plus": "^0.6.0",
    "highlight.js": "^9.12.0",
    "http-link-header": "^0.8.0",
    "marked": "^0.3.17",
    "react": "^16.8.1",
    "react-addons-css-transition-group": "^15.6.2",
    "react-document-title": "^2.0.3",
    "react-dom": "^16.8.1",
    "react-redux": "^6.0.0",
    "react-router": "^4.3.1",
    "react-router-dom": "^4.3.1",
    "redux": "^4.0.1",
    "redux-observable": "^1.0.0",
    "rxjs": "^6",
    "typescript": "3.3.1"
  },
  "devDependencies": {
    "react-scripts": "2.1.3",
    "serialize-javascript": "^1.6.1"
  },
  "scripts": {
    "start": "react-scripts start",
    "build": "react-scripts build && node postbuild.js",
    "test": "react-scripts test --env=jsdom",
    "eject": "react-scripts eject"
  },
  "browserslist": [
    ">0.2%",
    "not dead",
    "not ie <= 11",
    "not op_mini all"
  ]
}