{
  "name": "draw",
  "version": "1.0.2",
  "description": "A Champions League draw simulator",
  "main": "index.html",
  "dependencies": {
    "@draws/engine": "^0.0.4",
    "async-manager-promise": "^0.0.5",
    "bowser": "^2.1.0",
    "delay.js": "^1.0.2",
    "fast-delete": "^1.0.1",
    "fast-levenshtein": "^2.0.6",
    "fastclick": "^1.0.6",
    "flag-icon-css": "^3.2.1",
    "history": "^4.7.2",
    "lodash": "^4.17.11",
    "normalize.css": "^8.0.1",
    "react": "^16.8.1",
    "react-dom": "^16.8.1",
    "react-helmet": "^5.2.0",
    "react-import": "^1.5.3",
    "react-router-dom": "^4.3.1",
    "shallowequal": "^1.1.0",
    "styled-components": "4.1.3",
    "timelimit": "^1.0.1",
    "tslib": "^1.9.3"
  },
  "devDependencies": {
    "@types/fast-levenshtein": "0.0.1",
    "@types/fastclick": "^1.0.28",
    "@types/lodash": "^4.14.120",
    "@types/react": "^16.8.2",
    "@types/react-dom": "^16.8.0",
    "@types/react-helmet": "^5.0.8",
    "@types/react-router-dom": "^4.3.1",
    "@types/request-promise-native": "^1.0.15",
    "@types/shallowequal": "^1.1.1",
    "awesome-typescript-loader": "^5.2.1",
    "copy-webpack-plugin": "^4.6.0",
    "css-loader": "^2.1.0",
    "file-loader": "^3.0.1",
    "html-webpack-plugin": "^3.2.0",
    "request": "^2.88.0",
    "request-promise-native": "^1.0.5",
    "rimraf": "^2.6.3",
    "style-loader": "^0.23.1",
    "stylelint": "^9.10.1",
    "stylelint-config-standard": "^18.2.0",
    "stylelint-config-styled-components": "^0.1.1",
    "stylelint-processor-styled-components": "^1.5.2",
    "surge": "^0.20.1",
    "terser-webpack-plugin": "^1.2.2",
    "ts-node": "^8.0.2",
    "tsconfig-paths": "^3.8.0",
    "tslint": "^5.12.1",
    "tslint-react": "^3.6.0",
    "typescript": "^3.3.3",
    "typescript-plugin-lodash": "^0.1.0",
    "webpack": "^4.29.3",
    "webpack-bundle-analyzer": "^3.0.3",
    "webpack-cli": "^3.2.3",
    "webpack-dev-server": "^3.1.14",
    "worker-loader": "^2.0.0"
  },
  "scripts": {
    "clean": "rimraf docs",
    "lint:js": "tslint -t stylish './src/**/*.ts'",
    "lint:css": "stylelint './src/**/*.ts'",
    "build:prod": "webpack --colors --config webpack/webpack.config.js --env=prod",
    "build:analyze": "npm run clean && webpack --colors --config webpack/webpack.config.js --env=analyze",
    "start": "npm run clean && webpack-dev-server --colors --watch --config webpack/webpack.config.js --env=dev",
    "test": "echo \"No test\"",
    "test:performance": "ts-node -O '{\"module\":\"commonjs\"}' -r tsconfig-paths/register test/engine-performance"
  },
  "repository": {
    "type": "git",
    "url": "git+https://github.com/inker/draw.git"
  },
  "keywords": [
    "cl",
    "draw",
    "champions",
    "league",
    "seeding",
    "football",
    "uefa",
    "fifa"
  ],
  "author": "Anton",
  "license": "MIT",
  "bugs": {
    "url": "https://github.com/inker/draw/issues"
  },
  "homepage": "https://github.com/inker/draw#readme"
}