{
  "private": true,
  "name": "dts-bundle-generator",
  "version": "2.1.0",
  "description": "DTS Bundle Generator",
  "main": "bundle-generator.js",
  "typings": "bundle-generator.d.ts",
  "bin": "bin/dts-bundle-generator.js",
  "author": "Evgeniy Timokhov",
  "bugs": {
    "url": "https://github.com/timocov/dts-bundle-generator/issues"
  },
  "homepage": "https://github.com/timocov/dts-bundle-generator",
  "dependencies": {
    "typescript": ">=2.6.1",
    "yargs": "~11.1.0"
  },
  "devDependencies": {
    "@types/mocha": "~5.2.4",
    "@types/node": "7.0.8",
    "@types/yargs": "~11.1.2",
    "mocha": "~5.2.0"
  },
  "license": "MIT",
  "readme": "README.md",
  "repository": {
    "type": "git",
    "url": "git+https://github.com/timocov/dts-bundle-generator.git"
  },
  "scripts": {
    "lint": "cd .dev-deps/ && npm run lint",
    "check-dts-config": "cd .dev-deps/ && npm run check-dts-config",
    "bundle-dts": "npm run check-dts-config && node ./dist/bin/dts-bundle-generator.js --config dts-config.js",
    "compile": "cd .dev-deps/ && npm run compile",
    "compile-tests": "cd .dev-deps/ && npm run compile-tests",
    "prepare-release": "npm run compile && node build/index.js && npm run lint && npm run compile-tests && npm run test && npm run bundle-dts && node build/prod-ready",
    "postinstall": "cd .dev-deps/ && npm install",
    "test": "mocha --timeout 10000 --slow 2500 tests/unittests/**/*.spec.js tests/functional-test-cases.js"
  },
  "yargs": {
    "boolean-negation": false,
    "camel-case-expansion": false,
    "dot-notation": false,
    "short-option-groups": false
  }
}