{
  "name": "dynamodb-data-mapper-js",
  "private": true,
  "scripts": {
    "bootstrap": "lerna bootstrap",
    "docs": "typedoc src && lerna run docs",
    "pretest": "lerna run pretest",
    "test": "jest"
  },
  "author": {
    "name": "AWS SDK for JavaScript Team",
    "email": "aws-sdk-js@amazon.com"
  },
  "license": "Apache-2.0",
  "devDependencies": {
    "@types/jest": "^23",
    "@types/node": "^8.0.4",
    "jest": "^23",
    "lerna": "^2.11.0",
    "typedoc": "^0.11.0",
    "typescript": "^2.7"
  },
  "dependencies": {
    "aws-sdk": "^2.7.0"
  },
  "workspaces": [
    "packages/*"
  ],
  "jest": {
    "testEnvironment": "node"
  }
}