{
  "name": "dynamic-component-loader",
  "version": "0.0.0",
  "license": "MIT",
  "scripts": {
    "ng": "ng",
    "start": "ng serve",
    "build": "ng build --prod",
    "test": "ng test",
    "lint": "ng lint",
    "e2e": "ng e2e",
    "prettier": "prettier --write src/**/*.{ts,html}"
  },
  "private": true,
  "dependencies": {
    "@angular/animations": "^7.2.2",
    "@angular/cdk": "^7.2.2",
    "@angular/common": "^7.2.2",
    "@angular/compiler": "^7.2.2",
    "@angular/core": "^7.2.2",
    "@angular/forms": "^7.2.2",
    "@angular/http": "^7.2.2",
    "@angular/material": "^7.2.2",
    "@angular/platform-browser": "^7.2.2",
    "@angular/platform-browser-dynamic": "^7.2.2",
    "@angular/router": "^7.2.2",
    "core-js": "^2.6.3",
    "rxjs": "^6.3.3",
    "tslib": "^1.9.3",
    "zone.js": "^0.8.29"
  },
  "devDependencies": {
    "@angular-devkit/build-angular": "^0.12.3",
    "@angular/cli": "^7.2.3",
    "@angular/compiler-cli": "^7.2.2",
    "@angular/language-service": "^7.2.2",
    "@types/jasmine": "^3.3.7",
    "@types/jasminewd2": "^2.0.6",
    "@types/node": "^10.12.18",
    "codelyzer": "^4.5.0",
    "jasmine-core": "~3.3.0",
    "jasmine-spec-reporter": "^4.2.1",
    "karma": "^4.0.0",
    "karma-chrome-launcher": "^2.2.0",
    "karma-cli": "^2.0.0",
    "karma-coverage-istanbul-reporter": "^2.0.4",
    "karma-jasmine": "^2.0.1",
    "karma-jasmine-html-reporter": "^1.4.0",
    "prettier": "^1.16.1",
    "protractor": "^5.4.2",
    "ts-node": "^8.0.1",
    "tslint": "^5.12.1",
    "typescript": "^3.2.4"
  }
}