{
  "name": "echoes-player",
  "version": "4.1.1",
  "license": "MIT",
  "scripts": {
    "ng": "ng",
    "start": "ng serve",
    "start:integration": "ng serve --configuration=integration",
    "build": "ng build",
    "build:prod": "ng build --prod",
    "build:integration": "ng build --configuration=integration",
    "build:env": "node config/build-env.js",
    "postinstall": "npm rebuild node-sass",
    "copy:heroku": "shx cp -r ./config/heroku/*.* ./dist",
    "copy:domain": "shx cp CNAME ./dist",
    "copy:package": "shx cp ./package.json ./dist/assets/",
    "test": "ng test --watch",
    "test:ci": "ng test",
    "lint": "ng lint",
    "lint:fix": "prettier --write ./src/**/*.ts",
    "e2e": "ng e2e",
    "clean": "rimraf -- node_modules",
    "server:prod": "http-server ./dist -a localhost -p 4200"
  },
  "private": true,
  "dependencies": {
    "@angular-devkit/core": "0.0.29",
    "@angular/animations": "6.1.9",
    "@angular/common": "6.1.9",
    "@angular/compiler": "6.1.9",
    "@angular/core": "6.1.9",
    "@angular/forms": "6.1.9",
    "@angular/http": "6.1.9",
    "@angular/platform-browser": "6.1.9",
    "@angular/platform-browser-dynamic": "6.1.9",
    "@angular/pwa": "0.6.8",
    "@angular/router": "6.1.9",
    "@angular/service-worker": "6.1.9",
    "core-js": "^2.4.1",
    "http-server": "0.10.0",
    "memo-decorator": "1.0.2",
    "node-sass": "4.7.2",
    "puppeteer": "1.12.1",
    "replace": "0.3.0",
    "rxjs": "6.3.3",
    "sass-loader": "7.0.1",
    "service-worker": "0.0.0",
    "zone.js": "^0.8.14"
  },
  "devDependencies": {
    "@angular-devkit/build-angular": "~0.6.3",
    "@angular/cli": "6.2.3",
    "@angular/compiler-cli": "6.1.9",
    "@angular/language-service": "6.1.9",
    "@fortawesome/fontawesome-free": "5.4.2",
    "@ngrx/effects": "6.1.0",
    "@ngrx/router-store": "6.1.0",
    "@ngrx/store": "6.1.0",
    "@ngrx/store-devtools": "6.1.0",
    "@types/gapi": "0.0.35",
    "@types/gapi.auth2": "0.0.46",
    "@types/gapi.youtube": "3.0.34",
    "@types/jasmine": "~2.8.3",
    "@types/jasminewd2": "~2.0.2",
    "bootstrap-sass": "3.3.7",
    "codelyzer": "^4.0.1",
    "jasmine-core": "~2.8.0",
    "jasmine-spec-reporter": "~4.2.1",
    "karma": "~2.0.0",
    "karma-chrome-launcher": "~2.2.0",
    "karma-coverage-istanbul-reporter": "^1.2.1",
    "karma-jasmine": "~1.1.0",
    "karma-jasmine-html-reporter": "^0.2.2",
    "karma-spec-reporter": "0.0.32",
    "ngrx-action-creator-factory": "0.0.1",
    "ngrx-store-localstorage": "5.1.0",
    "ngx-infinite-scroll": "6.0.0",
    "ngx-tooltip": "0.0.9",
    "ngx-typeahead": "6.2.0",
    "ngx-youtube-player": "6.0.0",
    "prettier": "1.11.1",
    "protractor": "~5.1.2",
    "rimraf": "2.6.1",
    "shx": "0.2.2",
    "ts-node": "~3.2.0",
    "tslint": "~5.9.1",
    "typescript": "2.9.2"
  }
}