{
  "name": "electron-webpack",
  "private": true,
  "license": "MIT",
  "author": "Vladimir Krivosheev <develar@gmail.com>",
  "scripts": {
    "compile": "cross-env ts-babel packages/electron-webpack test && yarn schema",
    "lint": "tslint -c ./node_modules/electron-builder-tslint-config/tslint.json -p packages/electron-webpack --exclude '**/*.js'",
    "release": "BABEL_ENV=production yarn compile && ./npm-publish.sh && conventional-changelog -p angular -i CHANGELOG.md -s",
    "test": "yarn compile && yarn lint && jest",
    "docs": "rm -rf _book && gitbook && ./docs/publish.sh",
    "serve-docs": "gitbook && http-server _book -c-1",
    "schema": "typescript-json-schema packages/electron-webpack/tsconfig.json ElectronWebpackConfiguration --out packages/electron-webpack/scheme.json --noExtraProps --useTypeOfKeyword --strictNullChecks --titles --required",
    "//": "update-deps task intended only for core maintainers",
    "update-deps": "lerna exec -- npm-check-updates -a"
  },
  "devDependencies": {
    "@types/dotenv": "^6.1.0",
    "@types/electron-devtools-installer": "^2.2.0",
    "@types/jest": "^23.3.1",
    "@types/memory-fs": "^0.3.1",
    "@types/node": "^10.9.3",
    "@types/semver": "^5.5.0",
    "@types/webpack": "^4.4.11",
    "@types/webpack-merge": "^4.1.3",
    "babel-preset-ts-node6-bluebird": "^2.0.11",
    "cross-env": "^5.2.0",
    "develar-typescript-json-schema": "^0.20.0",
    "electron-builder-tslint-config": "^1.1.0",
    "fs-extra-p": "^4.6.1",
    "http-server": "^0.11.1",
    "jest-cli": "^23.5.0",
    "jest-junit": "^5.1.0",
    "memory-fs": "^0.4.1",
    "temp-file": "^3.1.3",
    "terser-webpack-plugin": "^1.1.0",
    "ts-babel": "^6.0.2",
    "tslint": "^5.11.0",
    "typescript": "^3.0.3",
    "webpack": "^4.17.1"
  },
  "workspaces": [
    "packages/*"
  ],
  "jest": {
    "globals": {
      "ts-jest": {
        "tsConfigFile": "test/tsconfig.json"
      }
    },
    "transform": {
      "^.+\\.js$": "<rootDir>/test/babel-jest.js"
    },
    "moduleFileExtensions": [
      "ts",
      "tsx",
      "js",
      "json"
    ],
    "testRegex": "(/test/out/.*|\\.(test|spec))\\.(ts|tsx|js)$",
    "testEnvironment": "node",
    "testPathIgnorePatterns": [
      "[\\/]{1}helpers[\\/]{1}"
    ],
    "roots": [
      "test/out"
    ],
    "modulePaths": [
      "<rootDir>/packages/electron-webpack/node_modules",
      "<rootDir>/packages"
    ]
  }
}