{
  "name": "ern-platform",
  "version": "1000.0.0",
  "private": true,
  "description": "",
  "keywords": [],
  "license": "Apache-2.0",
  "scripts": {
    "check": "yarn check:lint && yarn check:yarnlock",
    "check:lint": "tslint -c tslint.json '**/src/**/*.ts' '**/test/**/*.ts' -e '**/node_modules/**'",
    "check:yarnlock": "node yarn-lock-check",
    "check:regen-fixtures": "node regen-fixtures-check",
    "coverage:ci": "yarn coverage:unit && yarn coverage:system && yarn istanbul report --include=**/.coverage/coverage-final.json text-lcov | yarn coveralls",
    "coverage:system": "rimraf .nyc_output && node system-tests/system-tests-coverage",
    "coverage:unit": "rimraf ern-*/.nyc_output && lerna run coverage && yarn istanbul report --include=ern-*/.coverage/coverage-final.json html",
    "ern-debug": "node --nolazy --inspect-brk=5858 ern-local-cli/src/index.dev.js",
    "istanbul": "istanbul",
    "postmerge": "node auto-rebuild.js",
    "precommit": "yarn check:yarnlock && yarn check:lint && yarn prettier && yarn check:regen-fixtures",
    "prettier": "pretty-quick --staged",
    "rebuild": "lerna clean --yes && lerna bootstrap && lerna run build",
    "regen-fixtures": "node system-tests/regen-fixtures",
    "setup-dev": "node setup-dev.js",
    "test": "yarn test:unit && yarn test:system",
    "test:system": "node system-tests/system-tests",
    "test:unit": "lerna run test"
  },
  "workspaces": [
    "./ern-*"
  ],
  "dependencies": {
    "@types/node": "^9.6.7",
    "chalk": "^2.4.1",
    "shelljs": "^0.8.2"
  },
  "devDependencies": {
    "@types/chai": "^4.1.4",
    "@types/mocha": "^5.2.5",
    "@yarnpkg/lockfile": "^1.0.2",
    "chai": "^4.1.2",
    "colors": "^1.3.1",
    "coveralls": "^3.0.2",
    "diff": "^3.5.0",
    "dir-compare": "^1.4.0",
    "dirty-chai": "^2.0.1",
    "husky": "^0.14.3",
    "inquirer": "^5.2.0",
    "install": "^0.12.1",
    "istanbul": "^0.4.5",
    "jsonpath": "^1.0.0",
    "lerna": "2.11.0",
    "mocha": "^5.2.0",
    "mock-fs": "^4.6.0",
    "npm": "^4.4.1",
    "nyc": "^13.0.1",
    "prettier": "1.14.2",
    "pretty-quick": "^1.6.0",
    "rimraf": "^2.6.2",
    "sinon": "5.0.10",
    "source-map-support": "^0.5.9",
    "ts-node": "^7.0.1",
    "tsconfig-paths": "^3.7.0",
    "tslint": "^5.12.0",
    "tslint-config-prettier": "^1.17.0",
    "tslint-no-unused-expression-chai": "^0.1.4",
    "typescript": "^3.2.2"
  },
  "engines": {
    "node": ">=6"
  },
  "bugs": {
    "url": "https://github.com/electrode-io/electrode-native/issues"
  },
  "repository": {
    "type": "git",
    "url": "https://github.com/electrode-io/electrode-native.git"
  },
  "homepage": "http://www.electrode.io"
}