{
  "name": "ember-resize",
  "version": "0.0.0-development",
  "description": "Idiomatically handle window and view resizes in Ember.js",
  "scripts": {
    "build": "ember build",
    "lint:ts": "./node_modules/.bin/tslint --project .",
    "start": "ember serve",
    "test": "ember test",
    "test:all": "ember try:each",
    "semantic-release": "semantic-release",
    "prepublishOnly": "ember ts:precompile",
    "postpublish": "ember ts:clean"
  },
  "engines": {
    "node": "6.* || 8.* || >= 10.*"
  },
  "homepage": "https://github.com/mike-north/ember-resize",
  "devDependencies": {
    "@commitlint/cli": "7.2.1",
    "@commitlint/config-conventional": "7.1.2",
    "@commitlint/travis-cli": "7.2.1",
    "@mike-north/js-lib-renovate-config": "1.2.0",
    "@mike-north/js-lib-semantic-release-config": "1.0.1",
    "@types/ember": "3.0.26",
    "@types/ember-qunit": "3.4.5",
    "@types/ember__test-helpers": "0.7.7",
    "@types/qunit": "2.5.4",
    "@types/rsvp": "4.0.2",
    "babel-eslint": "10.0.1",
    "broccoli-asset-rev": "3.0.0",
    "ember-cli": "3.8.0",
    "ember-cli-app-version": "3.2.0",
    "ember-cli-dependency-checker": "3.1.0",
    "ember-cli-htmlbars-inline-precompile": "2.1.0",
    "ember-cli-inject-live-reload": "2.0.1",
    "ember-cli-qunit": "4.4.0",
    "ember-cli-tslint": "0.1.4",
    "ember-cli-typescript": "1.5.0",
    "ember-cli-uglify": "2.1.0",
    "ember-disable-prototype-extensions": "1.1.3",
    "ember-disable-proxy-controllers": "1.0.2",
    "ember-export-application-global": "2.0.0",
    "ember-load-initializers": "2.0.0",
    "ember-maybe-import-regenerator": "0.1.6",
    "ember-qunit-decorators": "1.5.0",
    "ember-resolver": "5.1.1",
    "ember-source": "3.8.0",
    "ember-source-channel-url": "1.1.0",
    "ember-try": "1.1.0",
    "eslint-plugin-ember": "6.2.0",
    "eslint-plugin-node": "8.0.1",
    "eslint-plugin-typescript": "0.14.0",
    "loader.js": "4.7.0",
    "qunit-dom": "0.8.4",
    "semantic-release": "15.12.4",
    "typescript": "3.2.2",
    "typescript-eslint-parser": "21.0.2"
  },
  "keywords": [
    "ember-addon",
    "resize"
  ],
  "repository": "https://github.com/mike-north/ember-resize.git",
  "license": "MIT",
  "author": "Mike North <michael.l.north@gmail.com> (http://mike.works)",
  "directories": {
    "doc": "doc",
    "test": "tests"
  },
  "dependencies": {
    "ember-cli-babel": "^7.1.0",
    "ember-cli-htmlbars": "^3.0.0"
  },
  "ember-addon": {
    "configPath": "tests/dummy/config",
    "demoURL": "http://mike.works/ember-resize"
  },
  "release": {
    "extends": "@mike-north/js-lib-semantic-release-config"
  }
}