{
  "name": "ember-cli-typescript",
  "version": "2.0.0-rc.2",
  "description": "Allow ember apps to use typescript files.",
  "keywords": [
    "ember-addon",
    "typescript"
  ],
  "repository": "https://github.com/typed-ember/ember-cli-typescript.git",
  "license": "MIT",
  "author": "Chris Krycho <chris@chriskrycho.com> (http://www.chriskrycho.com)",
  "directories": {
    "doc": "doc",
    "test": "tests"
  },
  "contributors": [
    "Marius Seritan",
    "David Gardiner",
    "Philip Bjorge"
  ],
  "bugs": {
    "url": "https://github.com/typed-ember/ember-cli-typescript"
  },
  "homepage": "https://github.com/typed-ember/ember-cli-typescript",
  "scripts": {
    "build": "ember build",
    "lint:js": "eslint --ext js,ts .",
    "start": "ember serve",
    "test": "yarn test:app && yarn test:node",
    "test:app": "ember test",
    "test:node": "mocha -r register-ts-node ts/tests/**/*.{ts,js}",
    "ci:prepare": "yarn prepublishOnly && rimraf ts",
    "ci:test": "yarn ci:test:app && yarn ci:test:node",
    "ci:test:app": "ember test",
    "ci:test:node": "mocha --recursive js/tests",
    "prepublishOnly": "yarn tsc --project ts --noEmit false",
    "postpublish": "rimraf js"
  },
  "dependencies": {
    "@babel/plugin-proposal-class-properties": "^7.1.0",
    "@babel/plugin-transform-typescript": "^7.1.0",
    "ansi-to-html": "^0.6.6",
    "debug": "^4.0.0",
    "ember-cli-babel-plugin-helpers": "^1.0.0",
    "execa": "^1.0.0",
    "fs-extra": "^7.0.0",
    "resolve": "^1.5.0",
    "rsvp": "^4.8.1",
    "semver": "^5.5.1",
    "stagehand": "^1.0.0",
    "walk-sync": "^1.0.0"
  },
  "devDependencies": {
    "@ember/optional-features": "0.7.0",
    "@typed-ember/renovate-config": "1.2.1",
    "@types/chai": "4.1.7",
    "@types/console-ui": "2.2.0",
    "@types/core-object": "3.0.0",
    "@types/debug": "4.1.1",
    "@types/ember": "3.0.27",
    "@types/ember-qunit": "3.4.5",
    "@types/execa": "0.9.0",
    "@types/express": "4.16.1",
    "@types/fs-extra": "5.0.5",
    "@types/mocha": "5.2.6",
    "@types/node": "9.6.42",
    "@types/qunit": "2.5.4",
    "@types/resolve": "0.0.8",
    "@types/semver": "5.5.0",
    "broccoli-asset-rev": "3.0.0",
    "co": "4.6.0",
    "ember-cli": "3.7.1",
    "ember-cli-app-version": "3.2.0",
    "ember-cli-babel": "7.4.2",
    "ember-cli-blueprint-test-helpers": "0.19.2",
    "ember-cli-dependency-checker": "3.1.0",
    "ember-cli-eslint": "5.1.0",
    "ember-cli-htmlbars": "3.0.1",
    "ember-cli-htmlbars-inline-precompile": "2.1.0",
    "ember-cli-inject-live-reload": "2.0.1",
    "ember-cli-release": "0.2.9",
    "ember-cli-sri": "2.1.1",
    "ember-cli-typescript-blueprints": "1.2.0",
    "ember-cli-uglify": "2.1.0",
    "ember-cli-update": "0.29.2",
    "ember-disable-prototype-extensions": "1.1.3",
    "ember-export-application-global": "2.0.0",
    "ember-load-initializers": "2.0.0",
    "ember-maybe-import-regenerator": "0.1.6",
    "ember-qunit": "4.3.0",
    "ember-resolver": "5.1.1",
    "ember-source": "3.7.3",
    "ember-try": "1.1.0",
    "eslint": "5.13.0",
    "eslint-plugin-ember": "6.2.0",
    "eslint-plugin-node": "8.0.1",
    "esprima": "4.0.1",
    "fixturify": "0.3.4",
    "got": "8.3.2",
    "handlebars": "^4.1.0",
    "in-repo-a": "link:tests/dummy/lib/in-repo-a",
    "in-repo-b": "link:tests/dummy/lib/in-repo-b",
    "loader.js": "4.7.0",
    "mktemp": "0.4.0",
    "mocha": "5.2.0",
    "qunit-dom": "0.8.4",
    "rimraf": "2.6.3",
    "testdouble": "3.10.0",
    "ts-node": "8.0.2",
    "typescript": "3.3.3",
    "typescript-eslint-parser": "21.0.2"
  },
  "resolutions": {
    "@types/ember": "3.0.27",
    "@types/handlebars": "npm:handlebars@^4.1.0"
  },
  "engines": {
    "node": "6.* || 8.* || >= 10.*"
  },
  "ember-addon": {
    "configPath": "tests/dummy/config",
    "before": [
      "broccoli-watcher",
      "ember-cli-babel"
    ]
  },
  "prettier": {
    "printWidth": 100,
    "semi": true,
    "singleQuote": true,
    "trailingComma": "es5",
    "tabWidth": 2,
    "proseWrap": "never"
  },
  "toolchain": {
    "node": "10.15.1",
    "yarn": "1.13.0"
  }
}