{
  "name": "emojibase-root",
  "private": true,
  "scripts": {
    "build": "beemo run-script build",
    "clean:cache": "rimraf ./cache",
    "coverage": "yarn run jest --coverage",
    "eslint": "beemo eslint",
    "generate": "node ./bin/generateEmoji.js && node ./bin/buildFilesizeTable.js && cp ./packages/data/en/data.json ./packages/test-utils/test-data.json",
    "generate:shortcodes": "node ./bin/generateShortcodes.js",
    "jest": "beemo jest",
    "posttest": "yarn run eslint",
    "pretest": "yarn run type",
    "test": "yarn run jest",
    "prettier": "beemo prettier",
    "prerelease": "yarn test && yarn run build",
    "release": "lerna publish --ignore-changes=emojibase-generator",
    "type": "beemo typescript --workspaces=emojibase,emojibase-generator,emojibase-test-utils --noEmit --no-priority"
  },
  "devDependencies": {
    "@milesj/build-tools": "^0.29.0",
    "filesize": "^4.1.2",
    "glob": "^7.1.3",
    "gzip-size": "^5.0.0",
    "lerna": "^3.13.0",
    "regenerator-runtime": "^0.13.1"
  },
  "workspaces": [
    "packages/*"
  ],
  "beemo": {
    "module": "@milesj/build-tools",
    "drivers": [
      "babel",
      "eslint",
      "jest",
      "prettier",
      "typescript"
    ],
    "eslint": {
      "rules": {
        "no-magic-numbers": "off",
        "no-param-reassign": "off",
        "require-unicode-regexp": "off"
      }
    },
    "prettier": {
      "ignore": [
        "packages/generator/src/resources/*.ts",
        "packages/test-utils/test-data.json"
      ]
    }
  },
  "browserslist": [
    "ie 10"
  ]
}