{
  "name": "emoji-cheat-sheet",
  "version": "0.0.0-dev",
  "private": true,
  "author": "ikatyang",
  "license": "MIT",
  "repository": "https://github.com/ikatyang/emoji-cheat-sheet",
  "homepage": "https://github.com/ikatyang/emoji-cheat-sheet#readme",
  "scripts": {
    "lint": "tslint -p ./tsconfig.json",
    "test": "jest -c ./jest.json",
    "generate": "ts-node ./scripts/generate.ts ./README.md"
  },
  "dependencies": {
    "cheerio": "^0.22.0",
    "request": "^2.82.0"
  },
  "devDependencies": {
    "@types/cheerio": "0.22.10",
    "@types/jest": "21.1.10",
    "@types/node": "8.10.40",
    "@types/request": "2.48.1",
    "jest": "21.2.1",
    "jest-playback": "1.0.1",
    "prettier": "1.14.3",
    "prettier-config-ikatyang": "1.1.1",
    "ts-jest": "21.2.4",
    "ts-node": "4.1.0",
    "tslint": "5.13.1",
    "tslint-config-ikatyang": "2.5.1",
    "tslint-config-prettier": "1.18.0",
    "tslint-plugin-prettier": "2.0.1",
    "typescript": "2.9.2"
  }
}