{
  "name": "@entria/fullstack",
  "version": "1.0.0",
  "devDependencies": {
    "@babel/cli": "^7.0.0",
    "@babel/core": "^7.0.0",
    "@babel/node": "7.0.0",
    "@babel/plugin-proposal-class-properties": "^7.0.0",
    "@babel/plugin-proposal-decorators": "^7.0.0",
    "@babel/plugin-proposal-do-expressions": "^7.0.0",
    "@babel/plugin-proposal-export-default-from": "^7.0.0",
    "@babel/plugin-proposal-export-namespace-from": "^7.0.0",
    "@babel/plugin-proposal-function-bind": "^7.0.0",
    "@babel/plugin-proposal-function-sent": "^7.0.0",
    "@babel/plugin-proposal-json-strings": "^7.0.0",
    "@babel/plugin-proposal-logical-assignment-operators": "^7.0.0",
    "@babel/plugin-proposal-nullish-coalescing-operator": "^7.0.0",
    "@babel/plugin-proposal-numeric-separator": "^7.0.0",
    "@babel/plugin-proposal-object-rest-spread": "^7.0.0",
    "@babel/plugin-proposal-optional-chaining": "^7.0.0",
    "@babel/plugin-proposal-pipeline-operator": "^7.0.0",
    "@babel/plugin-proposal-throw-expressions": "^7.0.0",
    "@babel/plugin-syntax-dynamic-import": "^7.0.0",
    "@babel/plugin-syntax-import-meta": "^7.0.0",
    "@babel/plugin-transform-async-to-generator": "^7.0.0",
    "@babel/plugin-transform-flow-strip-types": "^7.0.0",
    "@babel/preset-env": "^7.0.0",
    "@babel/preset-flow": "^7.0.0",
    "@babel/preset-typescript": "^7.0.0",
    "@commitlint/cli": "6.0.5",
    "@commitlint/config-conventional": "6.0.4",
    "@types/bcryptjs": "^2.4.1",
    "@types/dotenv-safe": "^5.0.3",
    "@types/graphql-relay": "^0.4.6",
    "@types/kcors": "^2.2.3",
    "@types/koa-logger": "^3.1.0",
    "@types/koa-router": "^7.0.31",
    "@types/mongoose": "^5.2.11",
    "babel-core": "^7.0.0-bridge.0",
    "babel-eslint": "^10.0.1",
    "babel-jest": "^23.6.0",
    "danger": "^4.0.1",
    "eslint": "^5.8.0",
    "eslint-config-airbnb": "^17.1.0",
    "eslint-config-okonet": "^7.0.2",
    "eslint-config-shellscape": "^2.0.2",
    "eslint-import-resolver-typescript": "^1.1.1",
    "eslint-import-resolver-webpack": "^0.10.1",
    "eslint-plugin-cypress": "^2.0.1",
    "eslint-plugin-flowtype": "^3.1.4",
    "eslint-plugin-import": "^2.14.0",
    "eslint-plugin-jsx-a11y": "^6.1.2",
    "eslint-plugin-react": "^7.11.1",
    "eslint-plugin-relay": "^0.0.28",
    "flow-bin": "0.85.0",
    "jest": "^23.6.0",
    "jest-runner-eslint": "^0.6.0",
    "lerna": "^3.4.3",
    "pre-commit": "^1.2.2",
    "prettier": "^1.15.1",
    "typescript": "^3.0.3",
    "typescript-eslint-parser": "^18.0.0"
  },
  "license": "MIT",
  "lint-staged": {
    "*.js": [
      "prettier --write --single-quote true --trailing-comma all --print-width 100",
      "yarn jest:lint --passWithNoTests",
      "git add"
    ],
    "*.yml": [
      "prettier --write",
      "git add"
    ]
  },
  "main": "index.js",
  "pre-commit": "lint:staged",
  "private": true,
  "scripts": {
    "jest:lint": "jest --config jest-eslint.config.js",
    "lint": "eslint --ext .js packages/**",
    "lint:staged": "lint-staged",
    "start": "lerna run start --stream",
    "start:android": "lerna run android --scope @entria/app --stream",
    "start:app": "lerna run start --scope @entria/app --stream",
    "start:ios": "lerna run ios --scope @entria/app --stream",
    "start:server": "lerna run start --scope @entria/server --stream",
    "start:web": "lerna run start --scope @entria/web --stream",
    "test": "jest --coverage"
  },
  "workspaces": {
    "packages": [
      "packages/*"
    ],
    "nohoist": [
      "**/react-native",
      "**/react-native-*"
    ]
  }
}