{
  "name": "eos-explorer",
  "version": "1.0.0",
  "license": "MIT",
  "scripts": {
    "ng": "ng",
    "start": "node server.js",
    "dev": "ng serve",
    "build": "ng build --prod",
    "test": "ng test",
    "lint": "ng lint",
    "e2e": "ng e2e",
    "postinstall": "node patch.js && ng build --aot --prod"
  },
  "private": true,
  "dependencies": {
    "@agm/core": "^1.0.0-beta.3",
    "@angular/animations": "^6.1.2",
    "@angular/cdk": "^6.4.3",
    "@angular/common": "^6.1.2",
    "@angular/compiler": "^6.1.2",
    "@angular/core": "^6.1.2",
    "@angular/flex-layout": "6.0.0-beta.17",
    "@angular/forms": "^6.1.2",
    "@angular/http": "^6.1.2",
    "@angular/material": "^6.4.3",
    "@angular/platform-browser": "^6.1.2",
    "@angular/platform-browser-dynamic": "^6.1.2",
    "@angular/router": "^6.1.2",
    "@ngx-translate/core": "^10.0.2",
    "@ngx-translate/http-loader": "^3.0.1",
    "@swimlane/ngx-charts": "^9.0.0",
    "angular2-counto": "^1.2.5",
    "angular2-prettyjson": "^2.0.6",
    "confetti-js": "0.0.11",
    "core-js": "^2.5.7",
    "eosjs": "^16.0.0",
    "express": "^4.16.3",
    "moment": "^2.22.2",
    "ngx-json-viewer": "^2.3.1",
    "ngx-moment": "^3.1.0",
    "ngx-webstorage": "^2.0.1",
    "normalize.css": "^8.0.0",
    "path": "^0.12.7",
    "rxjs": "^6.2.2",
    "zone.js": "^0.8.26"
  },
  "devDependencies": {
    "@angular-devkit/build-angular": "~0.7.3",
    "@angular/cli": "^6.1.5",
    "@angular/compiler-cli": "^6.1.4",
    "@angular/language-service": "^6.1.4",
    "@types/google.analytics": "0.0.36",
    "@types/jasmine": "^2.8.8",
    "@types/jasminewd2": "~2.0.2",
    "@types/node": "^6.0.116",
    "codelyzer": "^4.4.4",
    "jasmine-core": "~2.8.0",
    "jasmine-spec-reporter": "~4.2.1",
    "karma": "^2.0.5",
    "karma-chrome-launcher": "~2.2.0",
    "karma-cli": "~1.0.1",
    "karma-coverage-istanbul-reporter": "^1.4.3",
    "karma-jasmine": "^1.1.2",
    "karma-jasmine-html-reporter": "^0.2.2",
    "protractor": "^5.4.0",
    "ts-node": "~4.1.0",
    "tslint": "~5.9.1",
    "typescript": "2.7.2"
  }
}