{
  "name": "EPGStation",
  "version": "1.4.3",
  "description": "DTV Software in Japan.",
  "main": "dist/server/index.js",
  "scripts": {
    "start": "node dist/server/index.js",
    "dev-start": "node dist/server/index.js --env development",
    "clean": "gulp clean",
    "build": "gulp build --max_old_space_size=512 --env production",
    "dev-build": "gulp build --max_old_space_size=512 --env development",
    "test": "echo \"Error: no test specified\" && exit 1",
    "task": "gulp --max_old_space_size=512",
    "install-win-service": "winser -i -a",
    "uninstall-win-service": "winser -r -x",
    "backup": "node dist/server/DBTools.js -m backup -o",
    "restore": "node dist/server/DBTools.js -m restore -o",
    "move-log": "node dist/server/LogFileMoveTools.js",
    "convert-str": "node dist/server/ConvertDBStrTools.js"
  },
  "repository": {
    "type": "git",
    "url": "https://github.com/l3tnun/EPGStation.git"
  },
  "author": "l3tnun",
  "license": "MIT",
  "bugs": {
    "url": "https://github.com/l3tnun/EPGStation/issues"
  },
  "homepage": "https://github.com/l3tnun/EPGStation#readme",
  "engines": {
    "node": "^6.x.x < 7 || ^8.x.x < 9 || ^10.x.x < 11"
  },
  "dependencies": {
    "aribts": "^2.1.12",
    "basic-auth": "2.0.1",
    "body-parser": "1.18.3",
    "chart.js": "2.7.3",
    "diskusage": "1.0.0",
    "express": "4.16.4",
    "express-ipfilter": "0.3.1",
    "express-openapi": "4.1.2",
    "fs-extra": "7.0.1",
    "hls.js": "0.12.2",
    "js-yaml": "3.12.1",
    "lodash": "4.17.11",
    "log4js": "4.0.0",
    "material-design-icons": "3.0.1",
    "material-design-lite": "1.3.0",
    "minimist": "1.2.0",
    "mirakurun": "^2.8.3",
    "mithril": "1.1.6",
    "mkdirp": "0.5.1",
    "multer": "1.4.1",
    "mysql": "2.16.0",
    "openapi-types": "1.3.3",
    "pg": "7.8.0",
    "request": "2.88.0",
    "socket.io": "2.2.0",
    "socket.io-client": "2.2.0",
    "sqlite3": "4.0.6",
    "swagger-ui-dist": "3.20.5",
    "url-join": "4.0.0"
  },
  "devDependencies": {
    "@types/basic-auth": "1.1.2",
    "@types/body-parser": "1.17.0",
    "@types/chart.js": "2.7.42",
    "@types/express": "4.16.1",
    "@types/hls.js": "0.12.1",
    "@types/js-yaml": "3.12.0",
    "@types/lodash": "4.14.120",
    "@types/material-design-lite": "1.1.15",
    "@types/minimist": "1.2.0",
    "@types/mithril": "1.1.14",
    "@types/mkdirp": "0.5.2",
    "@types/multer": "1.3.7",
    "@types/mysql": "2.15.5",
    "@types/node": "10.12.18",
    "@types/pg": "7.4.11",
    "@types/request": "2.48.1",
    "@types/socket.io": "2.1.2",
    "@types/socket.io-client": "1.4.32",
    "@types/sqlite3": "3.1.3",
    "@types/url-join": "4.0.0",
    "del": "3.0.0",
    "gulp": "4.0.0",
    "gulp-clean-css": "4.0.0",
    "gulp-concat": "2.6.1",
    "gulp-plumber": "1.2.1",
    "gulp-sass": "4.0.2",
    "gulp-sourcemaps": "2.6.4",
    "gulp-tslint": "8.1.3",
    "gulp-typescript": "5.0.0",
    "ts-loader": "5.3.3",
    "tslint": "5.12.1",
    "typescript": "3.2.4",
    "uglifyjs-webpack-plugin": "2.1.1",
    "webpack": "4.29.0",
    "webpack-stream": "5.2.1"
  }
}