{
  "name": "excalibur",
  "private": true,
  "sideEffects": false,
  "version": "0.0.1",
  "description": "Excalibur.js is a simple JavaScript game engine with TypeScript bindings for making 2D games in HTML5 Canvas. Our mission is to make web game development as simple as possible.",
  "author": "https://github.com/excaliburjs/Excalibur/graphs/contributors",
  "homepage": "https://github.com/excaliburjs/Excalibur",
  "repository": {
    "type": "git",
    "url": "git://github.com/excaliburjs/Excalibur.git"
  },
  "bugs": {
    "url": "https://github.com/excaliburjs/Excalibur/issues"
  },
  "license": "BSD-2-Clause",
  "keywords": [
    "excalibur",
    "game",
    "engine",
    "typescript",
    "javascript",
    "simple"
  ],
  "scripts": {
    "all": "grunt",
    "core": "grunt core",
    "visual": "grunt visual",
    "sandbox": "grunt sandbox",
    "start": "grunt watch",
    "test": "karma start",
    "apidocs": "grunt apidocs",
    "precommit": "pretty-quick --staged",
    "pretty": "prettier --write \"{src,sandbox/src,sandbox/tests}/**/*.{ts,js,json,css,md}\" --config prettier.config.js"
  },
  "husky": {
    "hooks": {
      "pre-commit": "npm run precommit"
    }
  },
  "devDependencies": {
    "@types/jasmine": "2.8.7",
    "@types/node": "8.10.18",
    "copy-webpack-plugin": "4.5.1",
    "cross-env": "5.1.6",
    "css-loader": "1.0.0",
    "excalibur-jasmine": "0.0.1",
    "grunt": "1.0.3",
    "grunt-build-control": "0.7.1",
    "grunt-bumpup": "0.6.3",
    "grunt-cli": "1.2.0",
    "grunt-contrib-clean": "1.1.0",
    "grunt-contrib-connect": "1.0.2",
    "grunt-contrib-copy": "1.0.0",
    "grunt-coveralls": "2.0.0",
    "grunt-karma": "3.0.0",
    "grunt-shell": "2.1.0",
    "grunt-string-replace": "1.3.1",
    "grunt-ts": "6.0.0-beta.19",
    "grunt-tslint": "3.3.0",
    "grunt-webpack": "3.1.2",
    "husky": "0.14.3",
    "istanbul": "0.4.5",
    "istanbul-instrumenter-loader": "^3.0.1",
    "jasmine": "2.99.0",
    "jasmine-core": "2.99.1",
    "karma": "3.1.0",
    "karma-chrome-launcher": "2.2.0",
    "karma-coverage": "1.1.2",
    "karma-coverage-istanbul-reporter": "^2.0.4",
    "karma-jasmine": "1.1.0",
    "karma-typescript": "3.0.13",
    "karma-webpack": "3.0.5",
    "prettier": "1.13.4",
    "pretty-quick": "1.6.0",
    "puppeteer": "1.11.0",
    "rimraf": "2.6.2",
    "source-map-support": "0.4.18",
    "sync-request": "4.1.0",
    "to-string-loader": "1.1.5",
    "travis-ci": "2.2.0",
    "ts-loader": "4.3.0",
    "tslint": "3.15.1",
    "typedoc": "0.11.1",
    "typescript": "2.8.3",
    "url-loader": "1.1.1",
    "webpack": "4.27.1",
    "webpack-cli": "3.1.2"
  }
}