{
  "name": "expo-ts-example",
  "version": "0.31.0",
  "private": true,
  "main": "./node_modules/expo/AppEntry.js",
  "scripts": {
    "start": "expo start",
    "eject": "expo eject",
    "android": "expo android",
    "ios": "expo ios",
    "test": "node node_modules/jest/bin/jest.js --watch"
  },
  "devDependencies": {
    "@babel/core": "^7.1.2",
    "@babel/preset-typescript": "^7.1.0",
    "@types/expo__vector-icons": "^6.2.3",
    "@types/jest": "^23.3.9",
    "@types/react": "^16.4.18",
    "@types/react-native": "^0.57.7",
    "@types/react-native-vector-icons": "^4.6.4",
    "@types/react-test-renderer": "^16.0.3",
    "babel-core": "^7.0.0-bridge.0",
    "babel-jest": "^23.6.0",
    "jest-expo": "31.0.0",
    "react-test-renderer": "16.5.0",
    "tslint-config-prettier": "1.15.0",
    "typescript": "^3.1.6"
  },
  "dependencies": {
    "@types/expo": "^30.0.0",
    "babel-preset-expo": "^5.0.0",
    "expo": "^31.0.2",
    "react": "16.5.0",
    "react-native": "https://github.com/expo/react-native/archive/sdk-31.0.0.tar.gz",
    "react-native-vector-icons": "^6.0.2"
  },
  "jest": {
    "preset": "jest-expo",
    "cache": false,
    "moduleFileExtensions": [
      "js",
      "jsx",
      "json",
      "ts",
      "tsx"
    ],
    "testMatch": [
      "**/*.test.ts?(x)"
    ],
    "transform": {
      "^.+\\.(js|jsx|ts|tsx)$": "babel-jest"
    }
  }
}