{
  "name": "typescript-express",
  "version": "0.0.0",
  "private": true,
  "scripts": {
    "dev": "concurrently --kill-others \"tsc -w -p src\" \"nodemon dist/index.js -e ts\"",
    "serve": "concurrently --kill-others \"tsc -p src\" \"node dist/index.js\"",
    "debug": "concurrently --kill-others \"tsc -w -p src\" \"nodemon --inspect dist/index.js -e ts\"",
    "test:watch": "mocha -r ts-node/register -w ./spec/**/*.spec.ts --watch-extensions ts",
    "test": "mocha -r ts-node/register -w ./spec/**/*.spec.ts",
    "build": "tsc -p src",
    "start": "node dist/index.js",
    "build:docker": "docker build -t rjmacarthy/express-typescript-starter .",
    "docker:compose": "docker-compose up"
  },
  "dependencies": {
    "body-parser": "^1.13.3",
    "cookie-parser": "~1.3.5",
    "cross-env": "^5.1.5",
    "debug": "^4.0.1",
    "express": "^4.13.4",
    "fresh": "^0.5.2",
    "glob": "^5.0.14",
    "lodash": "^4.17.11",
    "mongoose": "^4.11.1",
    "morgan": "^1.6.1",
    "negotiator": "^0.6.1",
    "pug": "^2.0.3",
    "serve-favicon": "~2.3.0",
    "socket.io": "^2.2.0"
  },
  "devDependencies": {
    "@types/chai": "^4.1.3",
    "@types/cookie-parser": "^1.4.1",
    "@types/express": "^4.0.36",
    "@types/lodash": "^4.14.68",
    "@types/mocha": "^5.2.0",
    "@types/mongoose": "^4.7.18",
    "@types/node": "^8.0.9",
    "@types/sinon": "^4.3.3",
    "@types/socket.io": "^2.1.2",
    "chai": "^4.1.2",
    "concurrently": "^3.5.0",
    "mocha": "^5.1.1",
    "node-mocks-http": "^1.7.0",
    "nodemon": "^1.17.4",
    "sinon": "^5.0.7",
    "ts-node": "^6.0.3",
    "typescript": "^2.4.1"
  }
}