{
  "name": "saladict",
  "version": "6.25.0",
  "description": "Chrome extension and Firefox WebExtension, inline translator powered by mutiple online dictionaries",
  "private": true,
  "scripts": {
    "start": "node scripts/start.js",
    "build": "node scripts/build.js",
    "devbuild": "node scripts/build.js --devbuild",
    "zip": "node scripts/pack.js",
    "test": "node scripts/test.js --env=jsdom",
    "commit": "git-cz",
    "release": "standard-version",
    "pdf": "node scripts/pdf.js"
  },
  "husky": {
    "hooks": {
      "commit-msg": "commitlint -e $GIT_PARAMS"
    }
  },
  "engines": {
    "node": ">= 8.9.4",
    "npm": ">= 5.6.0"
  },
  "repository": {
    "type": "git",
    "url": "https://github.com/crimx/ext-saladict"
  },
  "homepage": "https://github.com/crimx/ext-saladict",
  "license": "MIT",
  "readmeFilename": "README.md",
  "bugs": {
    "url": "https://github.com/crimx/create-react-typescript-sass-webextension/issues"
  },
  "config": {
    "commitizen": {
      "path": "cz-conventional-changelog"
    }
  },
  "resolutions": {
    "@types/react": "*"
  },
  "dependencies": {
    "@types/dompurify": "^0.0.31",
    "@types/i18next": "^8.4.3",
    "@types/lodash": "^4.14.98",
    "@types/memoize-one": "^4.1.0",
    "@types/node": "^9.3.0",
    "@types/qrcode.react": "^0.8.1",
    "@types/react": "^16.3.14",
    "@types/react-dom": "^16.0.5",
    "@types/react-i18next": "^7.3.2",
    "@types/react-redux": "^5.0.16",
    "@types/react-transition-group": "^2.0.11",
    "@types/ua-parser-js": "^0.7.32",
    "antd": "3.7.x",
    "dexie": "^2.0.3",
    "dompurify": "^1.0.4",
    "fbjs": "^0.8.16",
    "i18next": "^11.2.2",
    "lodash": "^4.17.4",
    "md5": "^2.2.1",
    "memoize-one": "^5.0.0",
    "normalize-scss": "^7.0.1",
    "qrcode.react": "^0.9.2",
    "react": "^16.4.0",
    "react-dom": "^16.4.0",
    "react-i18next": "^7.6.0",
    "react-redux": "^5.0.7",
    "react-sortable-hoc": "^1.4.0",
    "react-transition-group": "^2.3.1",
    "redux": "^3.7.2",
    "redux-thunk": "^2.2.0",
    "rxjs": "5.x",
    "ua-parser-js": "^0.7.19",
    "web-ext-types": "crimx/web-ext-types"
  },
  "devDependencies": {
    "@commitlint/cli": "^6.0.2",
    "@commitlint/config-conventional": "^6.0.2",
    "@types/enzyme": "^3.1.9",
    "@types/jest": "^22.0.1",
    "@types/sinon-chrome": "^2.2.0",
    "archiver": "^2.1.1",
    "autoprefixer": "8.1.0",
    "babel-core": "6.26.0",
    "babel-jest": "22.4.1",
    "babel-loader": "7.1.4",
    "babel-plugin-lodash": "^3.3.2",
    "babel-plugin-transform-object-rest-spread": "^6.26.0",
    "babel-preset-env": "^1.6.1",
    "babel-preset-react": "^6.24.1",
    "babel-runtime": "6.26.0",
    "case-sensitive-paths-webpack-plugin": "2.1.2",
    "chalk": "2.3.2",
    "commitizen": "^2.9.6",
    "copy-webpack-plugin": "^4.3.1",
    "css-loader": "0.28.10",
    "cz-conventional-changelog": "^2.1.0",
    "dotenv": "5.0.1",
    "enzyme": "^3.3.0",
    "enzyme-adapter-react-16": "^1.1.1",
    "enzyme-to-json": "^3.3.3",
    "extract-text-webpack-plugin": "3.0.2",
    "file-loader": "1.1.11",
    "fork-ts-checker-webpack-plugin": "^0.4.0",
    "form-data": "^2.3.3",
    "fs-extra": "^5.0.0",
    "generate-json-webpack-plugin": "^0.2.2",
    "html-webpack-plugin": "3.0.6",
    "husky": "^1.2.1",
    "jest": "^22.0.6",
    "jest-fetch-mock": "^1.4.0",
    "jsconfig-paths-webpack-plugin": "^0.1.3",
    "minimist": "^1.2.0",
    "node-fetch": "^2.3.0",
    "node-sass": "^4.7.2",
    "postcss-flexbugs-fixes": "3.3.0",
    "postcss-increase-specificity": "^0.6.0",
    "postcss-loader": "2.1.1",
    "postcss-safe-important": "^1.1.0",
    "raf": "3.4.0",
    "raw-loader": "^0.5.1",
    "react-dev-utils": "^5.0.0",
    "rxjs-tslint-rules": "^4.0.0",
    "sass-loader": "^6.0.6",
    "semver": "^5.4.1",
    "sinon-chrome": "^2.2.4",
    "standard-version": "^4.3.0",
    "style-loader": "0.20.3",
    "ts-import-plugin": "^1.5.0",
    "ts-jest": "^22.4.3",
    "ts-lint": "^4.5.1",
    "ts-loader": "^3.2.0",
    "tsconfig-paths-webpack-plugin": "^3.0.3",
    "tslint": "^5.9.1",
    "tslint-config-standard": "^7.0.0",
    "typescript": "^2.8.1",
    "uglifyjs-webpack-plugin": "^1.2.5",
    "url-loader": "1.0.1",
    "vue-loader": "^14.0.0",
    "vue-style-loader": "^4.0.0",
    "vue-template-compiler": "^2.5.13",
    "webpack": "3.11.0",
    "webpack-bundle-analyzer": "^2.11.1",
    "webpack-dev-server": "2.11.1",
    "wrapper-webpack-plugin": "^1.0.0"
  },
  "jest": {
    "globals": {
      "ts-jest": {
        "useBabelrc": true
      }
    },
    "collectCoverageFrom": [
      "<rootDir>/src/content/**/*.{ts,tsx}",
      "<rootDir>/src/background/**/*.{ts,tsx}",
      "<rootDir>/src/selection/**/*.{ts,tsx}",
      "<rootDir>/src/components/**/*.{ts,tsx}",
      "<rootDir>/src/_helpers/**/*.{ts,tsx}"
    ],
    "setupFiles": [
      "<rootDir>/config/polyfills.js"
    ],
    "setupTestFrameworkScriptFile": "<rootDir>/config/jest/setupTests.js",
    "snapshotSerializers": [
      "enzyme-to-json/serializer"
    ],
    "testMatch": [
      "<rootDir>/test/specs/**/*.spec.{ts,tsx,js,jsx}"
    ],
    "testEnvironment": "node",
    "testURL": "http://localhost",
    "transform": {
      "^.+\\.jsx?$": "<rootDir>/node_modules/babel-jest",
      "^.+\\.tsx?$": "<rootDir>/node_modules/ts-jest",
      "^.+\\.css$": "<rootDir>/config/jest/cssTransform.js",
      "^(?!.*\\.(ts|tsx|js|jsx|css|json)$)": "<rootDir>/config/jest/fileTransform.js"
    },
    "transformIgnorePatterns": [
      "[/\\\\]node_modules[/\\\\].+\\.js$"
    ],
    "moduleNameMapper": {
      "^react-native$": "react-native-web",
      "^@/(.*)$": "<rootDir>/src/$1"
    },
    "moduleFileExtensions": [
      "ts",
      "tsx",
      "js",
      "json",
      "jsx",
      "node"
    ]
  }
}