{
  "name": "fakerql",
  "private": true,
  "version": "0.0.2",
  "license": "MIT",
  "main": "dist/index.js",
  "scripts": {
    "dev": "npm-run-all --parallel start playground",
    "start": "nodemon -e ts,graphql -x ts-node -r dotenv/config src",
    "playground": "graphql playground",
    "deploy": "now --public --dotenv .env.production && now alias && now rm --yes --safe fakerql.com",
    "build": "rimraf dist && tsc",
    "now-start": "node dist"
  },
  "devDependencies": {
    "@types/cuid": "1.3.0",
    "@types/node": "9.6.41",
    "dotenv": "4.0.0",
    "nodemon": "1.18.9",
    "now": "9.3.3",
    "npm-run-all": "4.1.5",
    "ts-node": "4.1.0",
    "typescript": "2.9.2"
  },
  "dependencies": {
    "apollo-errors": "1.9.0",
    "compression": "1.7.3",
    "express-jwt": "5.3.1",
    "faker": "4.1.0",
    "graphql-yoga": "1.17.0",
    "jsonwebtoken": "8.4.0",
    "scuid": "1.1.0"
  },
  "now": {
    "alias": "fakerql.com"
  },
  "prettier": {
    "semi": false,
    "singleQuote": true,
    "trailingComma": "all"
  }
}