{
  "name": "fast-style-transfer-deeplearnjs",
  "version": "1.0.0",
  "description": "",
  "main": "index.js",
  "scripts": {
    "test": "echo \"Error: no test specified\" && exit 1"
  },
  "author": "",
  "license": "MIT",
  "devDependencies": {
    "@types/jasmine": "~2.5.53",
    "@types/polymer": "~1.1.31",
    "bower": "~1.8.0",
    "browserify": "~14.4.0",
    "cross-spawn": "~5.1.0",
    "deeplearn": "0.3.11",
    "http-server": "~0.10.0",
    "jasmine-core": "~2.6.4",
    "polymer-bundler": "~3.0.1",
    "tsify": "~3.0.1",
    "tslint": "~5.6.0",
    "typedoc": "~0.8.0",
    "typescript": "2.4.2",
    "uglify-js": "~3.0.28",
    "watchify": "~3.9.0"
  }
}