{
  "name": "electron-fiddle",
  "productName": "Electron Fiddle",
  "version": "0.5.1",
  "description": "The easiest way to get started with Electron",
  "repository": "https://github.com/electron/fiddle",
  "main": "./dist/src/main/main",
  "scripts": {
    "contributors": "node ./tools/contributors.js",
    "less": "node ./tools/lessc.js",
    "lint:style": "stylelint ./src/less/*.less --fix",
    "lint:ts": "tslint -c tslint.json -p tsconfig.json -e \"node_modules/**/*.ts\" --fix",
    "lint:tests": "tslint ./tests/**/*.ts{,x} -c tslint.json --fix",
    "lint:templates": "standard ./static/show-me/**/*.js",
    "lint": "npm-run-all lint:*",
    "make": "electron-forge make",
    "package": "electron-forge package",
    "parcel:build": "node ./tools/parcel-build.js",
    "parcel:watch": "node ./tools/parcel-watch.js",
    "publish": "electron-forge publish",
    "start": "rimraf ./dist && electron-forge start",
    "test": "jest --config=jest.json --coverage",
    "test:ci": "jest --config=jest.json --coverage --runInBand",
    "test:coverage": "cat ./coverage/lcov.info | ./node_modules/coveralls/bin/coveralls.js",
    "tsc": "node ./tools/tsc.js",
    "electron-releases": "node ./tools/fetch-releases.js"
  },
  "keywords": [
    "Electron",
    "Fiddle",
    "Tutorial"
  ],
  "author": "Felix Rieseberg <felix@felixrieseberg.com>",
  "license": "MIT",
  "config": {
    "forge": "./forge.config.js"
  },
  "dependencies": {
    "@blueprintjs/core": "^3.13.0",
    "@blueprintjs/select": "^3.6.1",
    "@octokit/rest": "^16.16.0",
    "builtin-modules": "^3.0.0",
    "classnames": "^2.2.6",
    "electron-default-menu": "^1.0.1",
    "electron-download": "^4.1.1",
    "electron-squirrel-startup": "^1.0.0",
    "extract-zip": "^1.6.7",
    "fix-path": "^2.1.0",
    "fs-extra": "^7.0.1",
    "mobx": "^5.9.0",
    "mobx-react": "^5.4.3",
    "monaco-loader": "^0.15.0",
    "namor": "^1.1.1",
    "react": "^16.8.2",
    "react-dom": "^16.8.2",
    "react-mosaic-component": "^2.0.2",
    "semver": "^5.6.0",
    "tmp": "0.0.33",
    "tslib": "^1.9.3",
    "update-electron-app": "^1.3.0"
  },
  "devDependencies": {
    "@electron-forge/cli": "^6.0.0-beta.32",
    "@electron-forge/maker-deb": "^6.0.0-beta.32",
    "@electron-forge/maker-rpm": "^6.0.0-beta.32",
    "@electron-forge/maker-squirrel": "^6.0.0-beta.32",
    "@electron-forge/maker-zip": "^6.0.0-beta.32",
    "@electron-forge/publisher-github": "^6.0.0-beta.32",
    "@types/builtin-modules": "^2.0.0",
    "@types/classnames": "^2.2.7",
    "@types/enzyme": "^3.1.13",
    "@types/fs-extra": "^5.0.5",
    "@types/jest": "^24.0.6",
    "@types/log-symbols": "^2.0.0",
    "@types/node": "^10.11.1",
    "@types/react": "^16.8.4",
    "@types/react-dom": "^16.8.2",
    "@types/semver": "^5.5.0",
    "@types/tmp": "0.0.34",
    "chokidar": "^2.0.4",
    "coveralls": "^3.0.2",
    "electron": "4.0.5",
    "enzyme": "^3.9.0",
    "enzyme-adapter-react-16": "^1.9.1",
    "enzyme-to-json": "^3.3.5",
    "jest": "^24.1.0",
    "jest-fetch-mock": "^2.1.1",
    "less": "^3.9.0",
    "log-symbols": "^2.2.0",
    "monaco-editor": "^0.15.6",
    "node-abi": "^2.7.1",
    "node-fetch": "^2.3.0",
    "npm-run-all": "^4.1.5",
    "parcel-bundler": "^1.11.0",
    "react-test-renderer": "^16.7.0",
    "rimraf": "^2.6.3",
    "standard": "^12.0.1",
    "stylelint": "^9.9.0",
    "stylelint-config-standard": "^18.2.0",
    "ts-jest": "^24.0.0",
    "tslint": "^5.12.1",
    "tslint-microsoft-contrib": "^6.0.0",
    "tslint-react": "^3.6.0",
    "typescript": "^3.2.2"
  }
}