{
  "name": "figma-linux",
  "version": "0.3.0",
  "description": "Figma is the first interface design tool based in the browser, making it easier for teams to create software.",
  "main": "src/main/index.js",
  "repository": "git@github.com:ChugunovRoman/figma-linux.git",
  "homepage": "https://github.com/ChugunovRoman/figma-linux",
  "author": "ChugunovRoman <Zebs-BMK@yandex.ru>",
  "license": "MIT",
  "scripts": {
    "dev": "electron-webpack dev",
    "start": "electron dist/main/main.js",
    "build": "rm -rf ./dist; electron-webpack app; rm -rf dist/main/dest dist/renderer/dest dist/**/*.map dist/**/*.bak dist/renderer/index.html dist/.renderer-index-template.html dist/package-lock.json",
    "builder": "electron-builder --config=config/builder.json -l",
    "rebuild": "electron-rebuild",
    "pack": "rm -rf build/installers && npm run build && npm run builder"
  },
  "electronWebpack": {
    "main": {
      "webpackConfig": "config/webpack.config.main.js"
    },
    "renderer": {
      "webpackConfig": "config/webpack.config.renderer.js"
    }
  },
  "dependencies": {
    "electron-devtools-installer": "^2.2.4",
    "electron-settings": "^3.2.0",
    "mobx": "^5.6.0",
    "mobx-react": "^5.4.2",
    "mobx-state-router": "^4.0.3",
    "raven": "^2.4.1",
    "raven-js": "^3.22.3",
    "react": "^16.5.2",
    "react-dom": "^16.5.2",
    "react-router-dom": "^4.3.1",
    "redrun": "^6.0.4",
    "source-map-support": "^0.5.6",
    "styled-components": "^3.1.6"
  },
  "devDependencies": {
    "@types/electron-devtools-installer": "^2.0.3",
    "@types/electron-settings": "^3.1.1",
    "@types/node": "^10.5.1",
    "@types/react": "^16.4.16",
    "@types/react-dom": "^16.0.6",
    "@types/react-redux": "^5.0.15",
    "@types/react-router-dom": "^4.3.1",
    "@types/redux": "^3.6.0",
    "awesome-typescript-loader": "^3.4.1",
    "babel-plugin-transform-class-properties": "^6.24.1",
    "babel-plugin-transform-decorators-legacy": "^1.3.5",
    "clean-webpack-plugin": "^0.1.19",
    "copy-webpack-plugin": "^4.5.2",
    "css-loader": "^0.28.11",
    "electron": "^3.1.0",
    "electron-builder": "^20.38.4",
    "electron-rebuild": "^1.8.2",
    "electron-webpack": "^2.6.1",
    "fork-ts-checker-webpack-plugin": "^0.4.2",
    "mini-css-extract-plugin": "^0.4.5",
    "native-ext-loader": "^2.1.0",
    "node-loader": "^0.6.0",
    "node-sass": "^4.9.4",
    "sass-loader": "^7.0.3",
    "style-loader": "^0.21.0",
    "ts-loader": "^4.4.2",
    "typescript": "^2.9.2",
    "webpack": "^4.14.0",
    "webpack-cli": "2.1.5"
  },
  "keywords": [
    "Figma",
    "linux",
    "Electron",
    "desktop",
    "app"
  ]
}