{
  "name": "firebase-authentication-with-angular-5",
  "version": "1.0.0",
  "license": "MIT",
  "scripts": {
    "ng": "ng",
    "start": "ng serve",
    "build": "ng build",
    "test": "ng test",
    "lint": "ng lint",
    "e2e": "ng e2e"
  },
  "private": true,
  "dependencies": {
    "@angular/animations": "5.2.0",
    "@angular/common": "5.2.0",
    "@angular/compiler": "5.2.0",
    "@angular/core": "5.2.0",
    "@angular/forms": "5.2.0",
    "@angular/http": "5.2.0",
    "@angular/platform-browser": "5.2.0",
    "@angular/platform-browser-dynamic": "5.2.0",
    "@angular/router": "5.2.0",
    "angularfire2": "^5.0.0-rc.10",
    "bootstrap-sass": "^3.3.7",
    "core-js": "^2.4.1",
    "firebase": "5.1.0",
    "ng2-bootstrap": "^1.4.0",
    "ngx-bootstrap": "^1.9.3",
    "node-sass": "^4.5.3",
    "npm": "^6.4.1",
    "rxjs": "^6.3.3",
    "rxjs-compat": "^6.3.3",
    "zone.js": "^0.8.14"
  },
  "devDependencies": {
    "@angular/cli": "^1.5.2",
    "@angular/compiler-cli": "5.2.0",
    "@angular/language-service": "5.2.0",
    "@types/jasmine": "~2.5.53",
    "@types/jasminewd2": "~2.0.2",
    "@types/node": "~6.0.60",
    "codelyzer": "~3.2.0",
    "jasmine-core": "~2.6.2",
    "jasmine-spec-reporter": "~4.1.0",
    "karma": "~1.7.0",
    "karma-chrome-launcher": "~2.1.1",
    "karma-cli": "~1.0.1",
    "karma-coverage-istanbul-reporter": "^1.2.1",
    "karma-jasmine": "~1.1.0",
    "karma-jasmine-html-reporter": "^0.2.2",
    "protractor": "~5.1.2",
    "ts-node": "~3.2.0",
    "tslint": "~5.7.0",
    "typescript": "2.4.0"
  }
}