{
  "name": "firebase-cms",
  "version": "0.0.0",
  "license": "MIT",
  "scripts": {
    "ng": "ng",
    "start": "ng serve",
    "build": "ng build",
    "test": "ng test",
    "lint": "ng lint",
    "e2e": "ng e2e",
    "hashcode": "node scripts/hashcode.js",
    "deploy": "ng build --prod; firebase deploy",
    "build-static": "node scripts/static-generator.js",
    "deploy-static": "ng build --prod; node scripts/static-generator.js; mv static/* dist/; firebase deploy"
  },
  "private": true,
  "dependencies": {
    "@angular/animations": "^4.3.6",
    "@angular/cdk": "^2.0.0-beta.8",
    "@angular/common": "^4.3.6",
    "@angular/compiler": "^4.3.6",
    "@angular/core": "^4.3.6",
    "@angular/forms": "^4.3.6",
    "@angular/http": "^4.3.6",
    "@angular/material": "^2.0.0-beta.8",
    "@angular/platform-browser": "^4.3.6",
    "@angular/platform-browser-dynamic": "^4.3.6",
    "@angular/router": "^4.3.6",
    "angularfire2": "5.0.0-rc.3",
    "core-js": "^2.4.1",
    "enhanced-resolve": "^3.3.0",
    "firebase": "^4.5.0",
    "hammerjs": "^2.0.8",
    "ng2-ckeditor": "^1.1.9",
    "ng2-dnd": "^4.2.0",
    "rxjs": "^5.1.0",
    "zone.js": "^0.8.4"
  },
  "devDependencies": {
    "@angular/cli": "^1.3.1",
    "@angular/compiler-cli": "^4.3.6",
    "@angular/language-service": "^4.3.6",
    "@angular/service-worker": "^1.0.0-beta.16",
    "@types/ckeditor": "^0.0.34",
    "@types/jasmine": "~2.5.53",
    "@types/jasminewd2": "~2.0.2",
    "@types/node": "^8.0.19",
    "cheerio": "^1.0.0-rc.2",
    "codelyzer": "~3.0.1",
    "fs": "0.0.1-security",
    "inquirer": "^3.2.1",
    "jasmine-core": "~2.6.2",
    "jasmine-spec-reporter": "~4.1.0",
    "karma": "~1.7.0",
    "karma-chrome-launcher": "~2.1.1",
    "karma-cli": "~1.0.1",
    "karma-coverage-istanbul-reporter": "^1.2.1",
    "karma-jasmine": "~1.1.0",
    "karma-jasmine-html-reporter": "^0.2.2",
    "mkdirp": "^0.5.1",
    "nightmare": "^2.10.0",
    "protractor": "~5.1.2",
    "ts-node": "^3.3.0",
    "tslint": "^5.5.0",
    "typescript": "^2.5.1"
  }
}