{
  "name": "ts-auth-ex",
  "version": "0.1.0",
  "private": true,
  "dependencies": {
    "babel-core": "^6.0.0",
    "babel-runtime": "^6.23.0",
    "firebase": "^4.12.1",
    "query-string": "^6.0.0",
    "react": "^16.3.0",
    "react-bootstrap": "^0.32.1",
    "react-dom": "^16.3.0",
    "react-redux": "^5.0.7",
    "react-redux-typescript": "^3.0.0-rc.3",
    "react-router": "^4.2.0",
    "react-router-dom": "^4.2.2",
    "react-scripts-ts": "2.14.0",
    "redux": "^3.7.2",
    "redux-logger": "^3.0.6",
    "redux-thunk": "^2.2.0",
    "typesafe-actions": "^1.2.0-rc.2",
    "utility-types": "^1.1.0"
  },
  "scripts": {
    "start": "react-scripts-ts start",
    "build": "react-scripts-ts build",
    "test": "react-scripts-ts test --env=jsdom",
    "eject": "react-scripts-ts eject"
  },
  "devDependencies": {
    "@types/jest": "^22.2.2",
    "@types/node": "^9.6.1",
    "@types/query-string": "^5.1.0",
    "@types/react": "^16.1.0",
    "@types/react-bootstrap": "^0.32.6",
    "@types/react-dom": "^16.0.4",
    "@types/react-redux": "^5.0.15",
    "@types/react-router": "^4.0.23",
    "@types/react-router-dom": "^4.2.6",
    "@types/redux-logger": "^3.0.5",
    "tslint": "^5.9.1",
    "typescript": "^2.8.1"
  }
}