{
  "name": "floating-ball",
  "version": "0.0.0",
  "scripts": {
    "ng": "ng",
    "start": "ng serve",
    "build": "ng build --prod --base-href '/floating-ball/'",
    "test": "ng test",
    "lint": "ng lint",
    "ghpage": "ngh --dir=dist/floating-ball",
    "build:lib": "ng build --prod ngx-float-ball",
    "e2e": "ng e2e"
  },
  "private": true,
  "dependencies": {
    "@angular/animations": "^6.1.0",
    "@angular/common": "^6.1.0",
    "@angular/compiler": "^6.1.0",
    "@angular/core": "^6.1.0",
    "@angular/forms": "^6.1.0",
    "@angular/http": "^6.1.0",
    "@angular/platform-browser": "^6.1.0",
    "@angular/platform-browser-dynamic": "^6.1.0",
    "@angular/router": "^6.1.0",
    "core-js": "^2.5.4",
    "hammerjs": "^2.0.8",
    "rxjs": "^6.0.0",
    "zone.js": "~0.8.26"
  },
  "devDependencies": {
    "@angular-devkit/build-angular": "~0.7.0",
    "@angular-devkit/build-ng-packagr": "~0.7.0",
    "@angular/cli": "~6.1.2",
    "@angular/compiler-cli": "^6.1.0",
    "@angular/language-service": "^6.1.0",
    "@types/jasmine": "~2.8.6",
    "@types/jasminewd2": "~2.0.3",
    "@types/node": "~8.9.4",
    "codelyzer": "~4.2.1",
    "jasmine-core": "~2.99.1",
    "jasmine-spec-reporter": "~4.2.1",
    "karma": "~1.7.1",
    "karma-chrome-launcher": "~2.2.0",
    "karma-coverage-istanbul-reporter": "~2.0.0",
    "karma-jasmine": "~1.1.1",
    "karma-jasmine-html-reporter": "^0.2.2",
    "ng-packagr": "^3.0.0",
    "protractor": "~5.3.0",
    "ts-node": "~5.0.1",
    "tsickle": ">=0.29.0",
    "tslib": "^1.9.0",
    "tslint": "~5.9.1",
    "typescript": "~2.7.2"
  }
}