{
  "private": true,
  "name": "focal",
  "scripts": {
    "build": "yarn workspace @grammarly/focal build",
    "package": "yarn workspace @grammarly/focal pack",
    "release": "yarn workspace @grammarly/focal release",
    "test": "yarn workspace @grammarly/focal test && yarn workspace focal-todomvc build && yarn workspace focal-examples build && yarn workspace focal-manual-tests build",
    "postinstall": "yarn build"
  },
  "devDependencies": {
    "@grammarly/tslint-config": "0.5.1",
    "tslint": "5.2.0",
    "typescript": "3.3.3"
  },
  "workspaces": [
    "packages/focal",
    "packages/test",
    "packages/examples/*"
  ],
  "resolutions": {
    "@types/react": "16.0.33"
  }
}