{
  "name": "form-filler",
  "version": "3.0.0",
  "description": "Fills all inputs in a page with dummy data.",
  "scripts": {
    "start": "npm run-script watch",
    "build": "npm run-script build-prod",
    "watch": "cross-env NODE_ENV=development webpack -w",
    "build-dev": "cross-env NODE_ENV=development webpack",
    "build-prod": "cross-env NODE_ENV=production webpack",
    "clean": "rimraf ./dist",
    "lint": "tslint -p tsconfig.json"
  },
  "author": "Hussein Shabbir",
  "license": "MIT",
  "private": true,
  "dependencies": {
    "bootstrap": "^4.3.1",
    "cssesc": "^3.0.0",
    "file-saver": "^2.0.1",
    "formik": "^1.5.1",
    "jquery": "^3.3.1",
    "moment": "^2.24.0",
    "randexp": "^0.5.3",
    "react": "^16.8.3",
    "react-dom": "^16.8.3",
    "react-modal": "^3.8.1",
    "react-redux": "^6.0.1",
    "react-router-dom": "^4.3.1",
    "react-sortable-hoc": "^1.6.1",
    "redux": "^4.0.1",
    "redux-thunk": "^2.3.0"
  },
  "devDependencies": {
    "@babel/core": "^7.3.3",
    "@babel/plugin-proposal-class-properties": "^7.3.3",
    "@babel/plugin-proposal-object-rest-spread": "^7.3.2",
    "@babel/preset-env": "^7.3.1",
    "@babel/preset-react": "^7.0.0",
    "@babel/preset-typescript": "^7.3.3",
    "@types/chrome": "0.0.81",
    "@types/file-saver": "^2.0.0",
    "@types/jquery": "^3.3.29",
    "@types/node": "^11.9.4",
    "@types/react": "^16.8.4",
    "@types/react-dom": "^16.8.2",
    "@types/react-modal": "^3.8.1",
    "@types/react-redux": "^7.0.1",
    "@types/react-router-dom": "^4.3.1",
    "@types/webpack": "^4.4.24",
    "autoprefixer": "^9.4.8",
    "babel-loader": "^8.0.5",
    "clean-webpack-plugin": "^1.0.1",
    "copy-webpack-plugin": "^5.0.0",
    "cross-env": "^5.2.0",
    "css-loader": "^2.1.0",
    "cssnano": "^4.1.10",
    "file-loader": "^3.0.1",
    "mini-css-extract-plugin": "^0.5.0",
    "node-sass": "^4.11.0",
    "postcss-loader": "^3.0.0",
    "rimraf": "^2.6.3",
    "sass-loader": "^7.1.0",
    "source-map-loader": "^0.2.4",
    "ts-node": "^8.0.2",
    "tslint": "^5.12.1",
    "tslint-config-airbnb": "^5.11.1",
    "tslint-react": "^3.6.0",
    "tsutils": "^3.8.0",
    "typescript": "^3.3.3",
    "webpack": "^4.29.5",
    "webpack-cli": "^3.2.3"
  }
}