{
  "name": "ionic4-forms",
  "version": "0.0.1",
  "author": "IonicThemes Team",
  "homepage": "https://ionicthemes.com/",
  "scripts": {
    "ng": "ng",
    "start": "ng serve",
    "build": "ng build"
  },
  "private": true,
  "dependencies": {
    "@angular/common": "^7.2.2",
    "@angular/core": "^7.2.2",
    "@angular/forms": "^7.2.2",
    "@angular/http": "^7.2.2",
    "@angular/platform-browser": "^7.2.2",
    "@angular/platform-browser-dynamic": "^7.2.2",
    "@angular/router": "^7.2.2",
    "@ionic-native/core": "^5.0.0",
    "@ionic-native/splash-screen": "^5.0.0",
    "@ionic-native/status-bar": "^5.0.0",
    "@ionic/angular": "4.0.1",
    "core-js": "^2.5.4",
    "google-libphonenumber": "^3.2.2",
    "rxjs": "~6.3.3",
    "zone.js": "~0.8.29"
  },
  "devDependencies": {
    "@angular-devkit/architect": "~0.12.3",
    "@angular-devkit/build-angular": "~0.12.3",
    "@angular-devkit/core": "~7.2.3",
    "@angular-devkit/schematics": "~7.2.3",
    "@angular/cli": "~7.2.3",
    "@angular/compiler": "~7.2.2",
    "@angular/compiler-cli": "~7.2.2",
    "@angular/language-service": "~7.2.2",
    "@ionic/angular-toolkit": "~1.3.0",
    "@types/node": "~10.12.0",
    "codelyzer": "~4.5.0",
    "ts-node": "~8.0.0",
    "tslint": "~5.12.0",
    "typescript": "~3.1.6"
  },
  "description": "An Ionic 4 project to explain how to use Forms"
}