{
  "name": "freeman",
  "productName": "FreeMAN",
  "version": "0.9.0",
  "description": "A free, extensible, cross-platform file manager for power users",
  "main": "app/main.js",
  "build": {
    "appId": "com.electron.freeman",
    "copyright": "Copyright © 2018 Matthew James",
    "linux": {
      "category": "System"
    }
  },
  "repository": {
    "type": "git",
    "url": "git+ssh://git@github.com/matthew-matvei/freeman.git"
  },
  "private": true,
  "keywords": [
    "File Manager",
    "Power User"
  ],
  "author": "Matthew James",
  "license": "GPL3",
  "bugs": {
    "url": "https://github.com/matthew-matvei/freeman/issues"
  },
  "scripts": {
    "build": "webpack-cli --config webpack.common.js",
    "prebuild:test": "rimraf __tests__/*",
    "build:test": "webpack-cli --config webpack.test.js",
    "prebuild:prod": "concurrently \"rimraf app/*.woff2\" \"rimraf app/*.css\" \"rimraf app/*.js\"",
    "build:prod": "webpack-cli --config webpack.prod.js",
    "pretest": "npm run build:test",
    "test": "xvfb-maybe electron-mocha --renderer __tests__",
    "prestart": "npm run build",
    "start": "electron app/main.js",
    "prepackage": "concurrently \"rimraf dist\" \"npm run build:prod\"",
    "package": "electron-builder",
    "postinstall": "electron-builder install-app-deps",
    "lint": "concurrently \"tslint --project tsconfig.json --fix\" \"markdownlint *.md docs/*.md .github/*.md\"",
    "docs": "typedoc --out docs/generated --mode modules --excludePrivate --excludeProtected --excludeExternals src"
  },
  "homepage": "https://github.com/matthew-matvei/freeman#readme",
  "devDependencies": {
    "@types/chai": "^4.0.4",
    "@types/chai-as-promised": "^7.1.0",
    "@types/deepmerge": "^2.1.0",
    "@types/electron-devtools-installer": "^2.0.2",
    "@types/electron-store": "^1.3.0",
    "@types/electron-window-state": "^2.0.31",
    "@types/enzyme-adapter-react-16": "^1.0.1",
    "@types/mocha": "^5.0.0",
    "@types/ncp": "^2.0.1",
    "@types/node": "8.5.10",
    "@types/prop-types": "^15.5.2",
    "@types/react": "^16.0.36",
    "@types/react-dom": "^16.0.3",
    "@types/react-modal": "^3.1.2",
    "@types/react-resize-detector": "^3.1.0",
    "@types/react-scrollbar": "^0.4.9",
    "@types/sinon": "^4.1.2",
    "@types/trash": "^4.2.0",
    "@types/xterm": "^2.0.3",
    "awesome-typescript-loader": "^5.0.0",
    "chai": "^4.1.2",
    "chai-as-promised": "^7.1.1",
    "concurrently": "^4.1.0",
    "css-loader": "^1.0.1",
    "devtron": "^1.4.0",
    "electron": "^3.0.10",
    "electron-builder": "^20.2.0",
    "electron-mocha": "^6.0.1",
    "enzyme": "^3.2.0",
    "enzyme-adapter-react-16": "^1.1.0",
    "extract-text-webpack-plugin": "^4.0.0-beta.0",
    "file-loader": "^2.0.0",
    "json-loader": "^0.5.7",
    "markdownlint-cli": "^0.13.0",
    "mocha": "^5.0.5",
    "node-sass": "^4.10.0",
    "normalize-scss": "^7.0.0",
    "rimraf": "^2.6.2",
    "sass-loader": "^7.0.3",
    "sinon": "^4.1.3",
    "source-map-loader": "^0.2.3",
    "tslint": "^5.8.0",
    "typedoc": "^0.13.0",
    "typemoq": "^2.1.0",
    "typescript": "^3.2.1",
    "uglifyjs-webpack-plugin": "^1.2.4",
    "url-loader": "^1.0.1",
    "webpack": "^4.5.0",
    "webpack-cli": "^3.0.3",
    "webpack-merge": "^4.1.1",
    "webpack-node-externals": "^1.6.0",
    "xvfb-maybe": "^0.2.1"
  },
  "dependencies": {
    "autobind-decorator": "^2.1.0",
    "deepmerge": "^2.1.0",
    "electron-about-window": "^1.12.1",
    "electron-debug": "^2.0.0",
    "electron-devtools-installer": "^2.2.4",
    "electron-is-dev": "^1.0.1",
    "electron-log": "^2.2.13",
    "electron-store": "^2.0.0",
    "electron-window-state": "^5.0.3",
    "file-icons-js": "github:websemantics/file-icons-js",
    "format-number": "^3.0.0",
    "fswin": "^3.18.918",
    "fuzzysearch": "^1.0.3",
    "immutable": "^3.8.2",
    "inversify": "^5.0.1",
    "moment": "^2.21.0",
    "ncp": "^2.0.0",
    "node-pty": "^0.7.8",
    "prop-types": "^15.6.0",
    "react": "^16.2.0",
    "react-dom": "^16.2.0",
    "react-hotkeys": "^1.1.1",
    "react-icons": "^3.2.2",
    "react-modal": "^3.3.2",
    "react-resize-detector": "^3.2.1",
    "react-scrollbar": "^0.5.1",
    "react-split-pane": "^0.1.68",
    "react-throttle": "^0.3.0",
    "reflect-metadata": "^0.1.10",
    "trash": "^4.2.1",
    "tslib": "^1.9.0",
    "xterm": "2.9.2"
  }
}