{
  "name": "v5.x",
  "version": "0.0.0",
  "license": "MIT",
  "scripts": {
    "ng": "ng",
    "start": "ng serve",
    "prebuild": "gulp build.sass",
    "build": "ng build --prod",
    "prebuild-dev": "gulp build.sass --deploy-url=http://localhost/en",
    "build-dev": "ng build -op dist/en --deploy-url=/en",
    "test": "ng test",
    "lint": "ng lint",
    "e2e": "ng e2e"
  },
  "private": true,
  "dependencies": {
    "@angular/animations": "~6.0.9",
    "@angular/common": "~6.0.9",
    "@angular/compiler": "~6.0.9",
    "@angular/core": "~6.0.9",
    "@angular/forms": "~6.0.9",
    "@angular/http": "~6.0.9",
    "@angular/platform-browser": "~6.0.9",
    "@angular/platform-browser-dynamic": "~6.0.9",
    "@angular/router": "~6.0.9",
    "angular-text-input-autocomplete": "^0.3.0",
    "bn.js": "^4.11.8",
    "braintree-web": "2.15.2",
    "core-js": "~2.5.3",
    "ethjs": "~0.3.0",
    "ethjs-account": "^0.1.4",
    "ethjs-provider-signer": "^0.1.4",
    "ethjs-signer": "0.1.0",
    "material-datetime-picker": "^2.4.0",
    "material-design-icons": "~3.0.1",
    "material-design-lite": "~1.3.0",
    "medium-editor": "^5.23.2",
    "rxjs": "~6.1.0",
    "socket.io-client": "^1.4.5",
    "tslib": "~1.9.0",
    "webtorrent": "^0.98.24",
    "zone.js": "~0.8.26"
  },
  "devDependencies": {
    "@angular/cli": "~1.7.2",
    "@angular/compiler-cli": "~6.0.9",
    "@angular/language-service": "~6.0.9",
    "@types/jasmine": "~2.8.3",
    "@types/jasminewd2": "~2.0.2",
    "@types/node": "~8",
    "codelyzer": "^4.0.1",
    "gulp": "~4.0.0",
    "gulp-autoprefixer": "^3.0.2",
    "gulp-css-globbing": "^0.1.4",
    "gulp-minify-css": "^1.1.6",
    "gulp-sass": "^4.0.1",
    "gulp-template": "^3.0.0",
    "jasmine-core": "~2.8.0",
    "jasmine-spec-reporter": "~4.2.1",
    "jasmine-ts-async": "^1.0.0",
    "karma": "~2.0.0",
    "karma-chrome-launcher": "~2.2.0",
    "karma-coverage-istanbul-reporter": "^1.2.1",
    "karma-jasmine": "~1.1.0",
    "karma-jasmine-html-reporter": "^0.2.2",
    "protractor": "~5.1.2",
    "ts-node": "~6.0.3",
    "tslint": "~5.9.1",
    "typescript": "~2.7.2"
  }
}