{
  "name": "app-vue",
  "description": "Stable version of a basic SPA example with SCSS, Vue and TypeScript.",
  "license": "MIT",
  "version": "2.5.2",
  "scripts": {
    "preprod": "gulp --env=production",
    "prod": "webpack --env.NODE_ENV=production",
    "postprod": "rimraf ./dist/css/scripts",
    "dev": "gulp --env=development",
    "postdev": "webpack --env.NODE_ENV=development",
    "start": "npm run dev",
    "poststart": "concurrently \"gulp watcher --env=development\" \"webpack-dev-server --env.NODE_ENV=development --hot --open\" --names \"🥛,📦\" --prefix name --kill-others",
    "test:unit": "karma start test/unit/karma.conf.js --single-run",
    "test:e2e": "node test/e2e/runner.js",
    "test": "npm run test:unit && npm run test:e2e",
    "tree": "tree -l 5 -a  --ignore 'node_modules,/, .git/, dist/, .DS_Store'"
  },
  "dependencies": {
    "bootstrap": "^4.1.3",
    "bootstrap-vue": "^2.0.0-rc.11",
    "inversify": "^5.0.1",
    "localforage": "^1.7.3",
    "normalize-scss": "^7.0.1",
    "reflect-metadata": "^0.1.12",
    "rimraf": "^2.6.2",
    "vue": "^2.5.17",
    "vue-i18n": "^8.3.2",
    "vue-router": "^3.0.2",
    "weather-icons": "^1.3.2"
  },
  "devDependencies": {
    "@types/chai": "^4.1.7",
    "@types/fetch-mock": "^6.0.4",
    "@types/mocha": "^5.2.5",
    "@types/node": "^10.12.10",
    "@types/sinon-chai": "^3.2.1",
    "@vue/test-utils": "^1.0.0-beta.26",
    "autoprefixer": "^9.3.1",
    "babel-core": "^6.26.3",
    "babel-loader": "^7.1.5",
    "babel-plugin-syntax-dynamic-import": "^6.18.0",
    "babel-plugin-transform-runtime": "^6.23.0",
    "babel-polyfill": "^6.26.0",
    "babel-preset-es2015": "^6.24.1",
    "chai": "^4.2.0",
    "chai-as-promised": "^7.1.1",
    "chai-fetch-mock": "^2.0.0",
    "chromedriver": "^2.44.0",
    "concurrently": "^4.1.0",
    "cross-env": "^5.2.0",
    "css-loader": "^1.0.1",
    "del": "^3.0.0",
    "fetch-mock": "^7.2.5",
    "glob-fs": "^0.1.7",
    "gulp": "^4.0.0",
    "gulp-autoprefixer": "^6.0.0",
    "gulp-clean-css": "^4.0.0",
    "gulp-environment": "^1.5.2",
    "gulp-fontmin": "^0.7.4",
    "gulp-imagemin": "^5.0.3",
    "gulp-load-plugins": "^1.5.0",
    "gulp-newer": "^1.4.0",
    "gulp-noop": "^1.0.0",
    "gulp-replace": "^1.0.0",
    "gulp-sass": "^4.0.2",
    "gulp-sourcemaps": "^2.6.4",
    "gulp-string-replace": "^1.1.2",
    "gulp-style-aliases": "^1.1.11",
    "gulp-stylelint": "^8.0.0",
    "karma": "^3.1.1",
    "karma-chrome-launcher": "^2.2.0",
    "karma-coverage": "^1.1.2",
    "karma-mocha": "^1.3.0",
    "karma-sinon-chai": "^2.0.2",
    "karma-sourcemap-loader": "^0.3.7",
    "karma-spec-reporter": "0.0.32",
    "karma-webpack": "^4.0.0-rc.2",
    "merge2": "^1.2.3",
    "mocha": "^5.2.0",
    "nightwatch": "^0.9.21",
    "postcss-loader": "^3.0.0",
    "require.all": "^2.0.4",
    "sass-loader": "^7.1.0",
    "selenium-server": "^3.141.59",
    "sinon": "^7.1.1",
    "sinon-chai": "^3.3.0",
    "string-replace-webpack-plugin": "^0.1.3",
    "stylelint": "^9.9.0",
    "stylelint-config-standard": "^18.2.0",
    "stylelint-order": "^2.0.0",
    "stylelint-processor-html": "^1.0.0",
    "stylelint-scss": "^3.4.0",
    "stylelint-webpack-plugin": "^0.10.5",
    "through2": "^3.0.0",
    "ts-loader": "^5.3.1",
    "ts-node": "^7.0.1",
    "tsconfig-paths": "^3.7.0",
    "tslint": "^5.11.0",
    "tslint-loader": "^3.6.0",
    "typescript": "^3.1.6",
    "uglifyjs-webpack-plugin": "^2.0.1",
    "vue-builder-webpack-plugin": "^0.5.0",
    "vue-loader": "^15.4.2",
    "vue-property-decorator": "^7.2.0",
    "vue-template-compiler": "^2.5.17",
    "webpack": "^4.26.1",
    "webpack-cli": "^3.1.2",
    "webpack-dev-server": "^3.1.10"
  },
  "repository": "https://github.com/CKGrafico/Frontend-Boilerplates#frontend-boilerplates",
  "author": "https://github.com/CKGrafico/Frontend-Boilerplates#-contributors"
}