{
  "name": "fullstack-typescript",
  "version": "1.0.0",
  "description": "",
  "main": "index.js",
  "engines": {
    "node": ">=6.9.5"
  },
  "scripts": {
    "test": "jest",
    "clean": "rimraf dist",
    "lint": "tslint -c tslint.json 'src/**/*.ts' 'src/**/*.tsx'",
    "start": "node index.js",
    "start:prod": "cross-env NODE_ENV=production node index.js",
    "build-client": "cross-env NODE_ENV=production webpack -p",
    "dev-client": "webpack-dev-server -w",
    "dev-client:hot": "webpack-dev-server -w --hot",
    "build-server": "tsc -p ./src/server",
    "dev-server": "tsc-watch -p ./src/server --onSuccess \"node index.js\"",
    "dev": "npm run clean && concurrently --prefix \"[{name}]\" --names \"SERVER,CLIENT\" -c \"bgBlue.bold,bgGreen.bold\" \"npm run dev-server\" \"npm run dev-client\"",
    "dev:hot": "npm run clean && concurrently --prefix \"[{name}]\" --names \"SERVER,CLIENT\" -c \"bgBlue.bold,bgGreen.bold\" \"npm run dev-server\" \"npm run dev-client:hot\"",
    "build": "npm run clean && concurrently --prefix \"[{name}]\" --names \"SERVER,CLIENT\" -c \"bgBlue.bold,bgGreen.bold\" \"npm run build-server\" \"npm run build-client\""
  },
  "prettier": {
    "trailingComma": "all",
    "tabWidth": 2,
    "semi": true,
    "singleQuote": true,
    "jsxSingleQuote": true,
    "printWidth": 120
  },
  "keywords": [
    "typescript",
    "react",
    "starter-kit",
    "webpack",
    "fullstack",
    "express",
    "express4",
    "node"
  ],
  "repository": {
    "type": "git",
    "url": "https://github.com/gilamran/fullstack-typescript.git"
  },
  "license": "MIT",
  "author": "Gil Amran",
  "jest": {
    "roots": [
      "<rootDir>/src"
    ],
    "transform": {
      "^.+\\.tsx?$": "ts-jest"
    },
    "testRegex": "(/__tests__/.*|(\\.|/)(test|spec))\\.tsx?$",
    "snapshotSerializers": [
      "enzyme-to-json/serializer"
    ],
    "setupTestFrameworkScriptFile": "<rootDir>/src/client/setupEnzyme.ts",
    "moduleFileExtensions": [
      "ts",
      "tsx",
      "js",
      "jsx",
      "json",
      "node"
    ],
    "globals": {
      "ts-jest": {
        "tsConfig": "<rootDir>/src/tsconfig-for-tests.json"
      }
    }
  },
  "dependencies": {
    "@babel/polyfill": "^7.2.5",
    "body-parser": "^1.18.3",
    "express": "^4.16.4"
  },
  "devDependencies": {
    "@babel/core": "^7.2.2",
    "@babel/plugin-proposal-class-properties": "^7.2.3",
    "@babel/plugin-proposal-numeric-separator": "^7.2.0",
    "@babel/plugin-proposal-object-rest-spread": "^7.2.0",
    "@babel/plugin-transform-runtime": "^7.2.0",
    "@babel/preset-env": "^7.2.3",
    "@babel/preset-react": "^7.0.0",
    "@babel/preset-typescript": "^7.1.0",
    "@material-ui/core": "^3.8.3",
    "@types/enzyme": "^3.1.15",
    "@types/express": "^4.16.0",
    "@types/jest": "^23.3.12",
    "@types/node": "^10.12.18",
    "@types/react": "^16.7.18",
    "axios": "^0.18.0",
    "babel-loader": "^8.0.5",
    "concurrently": "^4.1.0",
    "cross-env": "^5.2.0",
    "css-loader": "^2.1.0",
    "cssnano": "^4.1.8",
    "enzyme": "^3.8.0",
    "enzyme-adapter-react-16": "^1.7.1",
    "enzyme-to-json": "^3.3.5",
    "file-loader": "^3.0.1",
    "html-webpack-plugin": "^3.2.0",
    "http-proxy-middleware": "^0.19.1",
    "jest": "^23.6.0",
    "open-browser-webpack-plugin": "github:rodrigopandini/open-browser-webpack-plugin",
    "postcss-loader": "^3.0.0",
    "react": "^16.7.0",
    "react-dom": "^16.7.0",
    "react-hot-loader": "^4.6.3",
    "react-router": "^4.3.1",
    "react-router-dom": "^4.3.1",
    "rimraf": "^2.6.3",
    "style-loader": "^0.23.1",
    "ts-jest": "^23.10.5",
    "tsc-watch": "^1.0.31",
    "tslib": "^1.9.3",
    "tslint": "^5.12.1",
    "typescript": "^3.2.2",
    "url-loader": "^1.1.2",
    "webpack": "^4.28.4",
    "webpack-bundle-analyzer": "^3.0.3",
    "webpack-cli": "^3.2.1",
    "webpack-dev-server": "^3.1.14"
  }
}