{
  "name": "game-jolt-client",
  "version": "0.29.3",
  "scripts": {
    "postinstall": "sh ./git-hooks/setup-hooks.sh",
    "dev": "gulp watch",
    "translations": "gulp translations:compile",
    "client": "nw build/dev-client",
    "client-build-dev": "gulp --development --client --arch=64 --noGjPush",
    "client-build-win": "gulp --production --client --arch=32",
    "client-build-osx": "gulp --production --client --arch=64",
    "client-build-linux32": "gulp --production --client --arch=32",
    "client-build-linux64": "gulp --production --client --arch=64",
    "check": "tsc --noEmit"
  },
  "devDependencies": {
    "@types/autosize": "3.0.6",
    "@types/chart.js": "2.7.42",
    "@types/codemirror": "0.0.70",
    "@types/cropperjs": "1.1.4",
    "@types/express": "4.16.0",
    "@types/fs-extra": "5.0.4",
    "@types/fs-readdir-recursive": "1.0.0",
    "@types/grecaptcha": "2.0.35",
    "@types/hammerjs": "2.0.36",
    "@types/jstimezonedetect": "1.0.1",
    "@types/node": "10.11.3",
    "@types/nw.js": "0.13.8",
    "@types/phoenix": "0.0.4",
    "@types/qs": "6.5.1",
    "@types/simplebar": "2.4.1",
    "@types/stripe": "2.0.2",
    "@types/ua-parser-js": "0.7.32",
    "@types/write-file-atomic": "2.1.1",
    "autosize": "4.0.2",
    "chart.js": "2.7.3",
    "codemirror": "5.42.0",
    "core-js": "2.6.1",
    "cropperjs": "1.4.3",
    "css-element-queries": "1.0.2",
    "date-fns": "1.30.1",
    "decompress-zip": "0.3.1",
    "express": "4.16.3",
    "fs-readdir-recursive": "1.1.0",
    "game-jolt-frontend-lib": "link:src/lib/gj-lib-client",
    "hammerjs": "2.0.8",
    "humanize-duration": "3.15.3",
    "jquery": "3.3.1",
    "jstimezonedetect": "1.0.6",
    "lodash": "3.9.3",
    "nw-builder": "github:gamejolt/nw-builder#skip-merge-app",
    "phoenix": "1.3.4",
    "pofile": "1.0.11",
    "prettier": "1.14.3",
    "qs": "6.5.2",
    "reflect-metadata": "0.1.12",
    "rxjs": "5.5.2",
    "simplebar": "3.0.0-beta.5",
    "smoothscroll-polyfill": "0.4.3",
    "spectrum-colorpicker": "1.8.0",
    "tar": "4.4.6",
    "text-mask-addons": "3.8.0",
    "text-mask-core": "5.1.2",
    "tslib": "1.9.3",
    "tslint": "5.11.0",
    "typescript": "3.0.3",
    "ua-parser-js": "0.7.19",
    "v-tooltip": "2.0.0-rc.33",
    "vee-validate": "2.0.0-rc.7",
    "vue": "2.5.21",
    "vue-class-component": "6.3.2",
    "vue-color": "2.6.0",
    "vue-gettext": "github:gamejolt/vue-gettext#lazy",
    "vue-property-decorator": "7.2.0",
    "vue-router": "3.0.2",
    "vue-server-renderer": "2.5.21",
    "vue-shortkey": "3.1.6",
    "vue-template-compiler": "2.5.21",
    "vue-touch": "2.0.0-beta.4",
    "vuedraggable": "2.16.0",
    "vuex": "3.0.1",
    "vuex-class": "0.3.1",
    "vuex-router-sync": "5.0.0"
  },
  "optionalDependencies": {
    "appdmg": "0.5.2"
  },
  "dependencies": {
    "axios": "0.18.0",
    "client-voodoo": "2.2.12",
    "fs-extra": "7.0.0",
    "write-file-atomic": "2.3.0"
  },
  "main": "chrome-extension://game-jolt-client/index.html#/",
  "domain": "game-jolt-client",
  "window": {
    "show": false,
    "width": 1250,
    "height": 700,
    "min_height": 400,
    "min_width": 400,
    "position": "center",
    "frame": true,
    "icon": "static-assets/client/icon-256x256.png"
  },
  "webkit": {
    "plugin": true
  },
  "clientManifestUrl": "https://d.gamejolt.net/data/client/manifest-2.json",
  "joltronVersion": "v2.2.3-beta.loader",
  "chromium-args": "--enable-webgl --ignore-gpu-blacklist --enable-webaudio --child-clean-exit --enable-devtools-experiments",
  "user-agent": "GJClient %ver (+http://gamejolt.com) - Mozilla/5.0 (%osinfo) AppleWebKit/537.36 (KHTML, like Gecko) Chrome/47.0.2526.106 Safari/537.36",
  "platformOverrides": {
    "linux": {
      "main": "chrome-extension://game-jolt-client/package/index.html#/",
      "window": {
        "icon": "package/static-assets/client/icon-256x256.png"
      }
    },
    "win": {
      "main": "chrome-extension://game-jolt-client/package/index.html#/",
      "window": {
        "icon": "package/static-assets/client/icon-256x256.png"
      }
    }
  }
}