{
  "name": "gas-clasp-starter",
  "version": "1.2.1",
  "description": "",
  "main": "index.js",
  "scripts": {
    "lint": "tslint --fix src/**/*.ts",
    "test": "jest",
    "build": "npm run lint && npm run test && rimraf dist && webpack && cpx src/appsscript.json dist",
    "deploy": "npm run build && clasp push"
  },
  "repository": {
    "type": "git",
    "url": "git+https://github.com/howdy39/gas-clasp-starter.git"
  },
  "keywords": [
    "gas",
    "google-apps-script",
    "clasp"
  ],
  "author": "howdy39",
  "license": "MIT",
  "bugs": {
    "url": "https://github.com/howdy39/gas-clasp-starter/issues"
  },
  "homepage": "https://github.com/howdy39/gas-clasp-starter#readme",
  "devDependencies": {
    "@types/google-apps-script": "0.0.37",
    "@types/jest": "^24.0.0",
    "cpx": "^1.5.0",
    "gas-webpack-plugin": "^1.0.2",
    "jest": "^24.1.0",
    "prettier": "^1.16.4",
    "rimraf": "^2.6.3",
    "ts-jest": "^23.10.5",
    "ts-loader": "^5.3.3",
    "tslint": "^5.12.1",
    "tslint-config-prettier": "^1.18.0",
    "tslint-plugin-prettier": "^2.0.1",
    "typescript": "^3.3.3",
    "webpack": "^4.29.3",
    "webpack-cli": "^3.2.3"
  },
  "jest": {
    "transform": {
      "^.+\\.tsx?$": "ts-jest"
    },
    "testRegex": "(src/.+(\\.|/)(test|spec))\\.(jsx?|tsx?)$",
    "moduleFileExtensions": [
      "ts",
      "tsx",
      "js",
      "jsx",
      "json",
      "node"
    ]
  }
}