{
  "name": "gitgraph.js-monorepo",
  "private": true,
  "version": "2.0.0-monorepo",
  "author": "Nicolas Carlo <nicolascarlo.espeon@gmail.com>",
  "description": "A JavaScript library to draw pretty git graphs",
  "contributors": [
    {
      "name": "Fabien Bernard",
      "email": "fabien0102@gmail.com"
    }
  ],
  "repository": {
    "type": "git",
    "url": "https://github.com/nicoespeon/gitgraph.js"
  },
  "license": "MIT",
  "keywords": [
    "git",
    "graph",
    "javascript"
  ],
  "scripts": {
    "lerna": "lerna",
    "build": "lerna run build",
    "watch": "lerna run watch",
    "lint": "tslint packages/**/src/**/*",
    "lint:fix": "npm run lint -- --fix",
    "pretest": "npm run build",
    "test": "jest",
    "clean": "lerna clean"
  },
  "devDependencies": {
    "@types/jest": "23.1.4",
    "husky": "1.1.2",
    "jest": "23.3.0",
    "lerna": "^2.5.1",
    "prettier": "1.13.7",
    "pretty-quick": "1.6.0",
    "ts-jest": "23.0.0",
    "tslint": "5.11.0",
    "tslint-config-prettier": "1.15.0",
    "typescript": "^3.1.3"
  },
  "workspaces": [
    "packages/*"
  ],
  "husky": {
    "hooks": {
      "pre-commit": "npm run lint:fix && pretty-quick --staged"
    }
  }
}