{
  "name": "githunt",
  "version": "0.0.0",
  "license": "MIT",
  "scripts": {
    "ng": "ng",
    "start": "ng serve --port 3000 --proxy-config proxy.conf.json",
    "build": "ng build",
    "build:prod": "npm run build -- --prod",
    "test": "npm run build:prod"
  },
  "private": true,
  "dependencies": {
    "@angular/animations": "^4.2.4",
    "@angular/common": "^4.2.4",
    "@angular/compiler": "^4.2.4",
    "@angular/core": "^4.2.4",
    "@angular/forms": "^4.2.4",
    "@angular/http": "^4.2.4",
    "@angular/platform-browser": "^4.2.4",
    "@angular/platform-browser-dynamic": "^4.2.4",
    "@angular/router": "^4.2.4",
    "angular-emojify": "^0.2.0",
    "angular2-moment": "1.4.0",
    "apollo-angular": "^1.0.0-beta.1",
    "apollo-angular-link-http": "^1.0.0-beta.1",
    "apollo-cache-inmemory": "^1.0.0",
    "apollo-client": "^2.0.1",
    "apollo-link": "^1.0.0",
    "apollo-link-ws": "^1.0.0",
    "core-js": "^2.4.1",
    "graphql": "^0.11.3",
    "graphql-tag": "^2.5.0",
    "ngx-infinite-scroll": "^0.5.1",
    "rxjs": "^5.4.2",
    "zone.js": "^0.8.14"
  },
  "devDependencies": {
    "@angular/cli": "1.5.0-rc.3",
    "@angular/compiler-cli": "^4.2.4",
    "@angular/language-service": "^4.2.4",
    "@types/zen-observable": "^0.5.3",
    "typescript": "~2.3.3"
  }
}