{
  "name": "glimmer-engine",
  "version": "0.39.2",
  "private": true,
  "description": "Glimmer compiles Handlebars templates into document fragments rather than string buffers",
  "license": "MIT",
  "author": "Tilde, Inc.",
  "repository": {
    "type": "git",
    "url": "https://github.com/glimmerjs/glimmer-vm.git"
  },
  "scripts": {
    "build": "ember build --env production --suppress-sizes",
    "build:flags": "RETAIN_FLAGS=true ember build --env production --suppress-sizes",
    "build:typecheck": "tsc -p tsconfig.json --noEmit --pretty false",
    "changelog": "lerna-changelog",
    "browserstack:connect": "ember browserstack:connect",
    "browserstack:disconnect": "ember browserstack:disconnect",
    "browserstack:results": "ember browserstack:results",
    "start": "ember serve --port=7357",
    "test": "ember test",
    "test:browserstack": "ember test --test-port=7774 --host 127.0.0.1 --config-file=testem-browserstack.js",
    "test:node": "node bin/run-qunit.js",
    "test:types": "node bin/run-types-tests.js",
    "test:smoke": "SMOKE_TESTS=true ember test",
    "tslint": "tslint --project tsconfig.json",
    "eslint": "eslint build/",
    "problems": "tsc -p tsconfig.json --noEmit --pretty false",
    "yarn:link": "node bin/yarn-link-all",
    "yarn:unlink": "node bin/yarn-link-all --unlink",
    "link:local": "node bin/yarn-link-local"
  },
  "resolutions": {
    "typescript": "3.2.4",
    "amd-name-resolver": "https://github.com/ember-cli/amd-name-resolver.git"
  },
  "dependencies": {
    "@simple-dom/document": "^1.4.0",
    "@simple-dom/interface": "^1.4.0",
    "@simple-dom/serializer": "^1.4.0",
    "@simple-dom/void-map": "^1.4.0",
    "babel-plugin-debug-macros": "^0.1.11",
    "ember-cli-browserstack": "^0.0.7",
    "handlebars": "^4.0.13",
    "simple-html-tokenizer": "^0.5.7"
  },
  "devDependencies": {
    "@types/qunit": "^2.0.31",
    "amd-name-resolver": "^1.0.0",
    "auto-dist-tag": "^1.0.0",
    "babel-plugin-nukable-import": "^0.4.2",
    "babel-plugin-strip-glimmer-utils": "^0.1.1",
    "babel-plugin-transform-proto-to-assign": "^6.23.0",
    "babel-preset-env": "^1.6.0",
    "benchmark": "^1.0.0",
    "broccoli-babel-transpiler": "^6.1.2",
    "broccoli-concat": "^2.1.0",
    "broccoli-debug": "^0.6.5",
    "broccoli-file-creator": "^1.1.1",
    "broccoli-funnel": "^2.0.1",
    "broccoli-merge-trees": "^3.0.2",
    "broccoli-persistent-filter": "^2.1.1",
    "broccoli-rollup": "^2.0.0",
    "broccoli-source": "^1.1.0",
    "broccoli-typescript-compiler": "^4.1.0",
    "dag-map": "^2.0.2",
    "ember-cli": "~3.6.1",
    "ember-cli-release": "^1.0.0-beta.2",
    "emberjs-build": "^0.19.0",
    "eslint": "^5.10.0",
    "eslint-config-prettier": "^3.6.0",
    "eslint-plugin-prettier": "^3.0.1",
    "glob": "^7.0.5",
    "js-yaml": "^3.10.0",
    "lerna-changelog": "^0.8.2",
    "loader.js": "^4.0.10",
    "mkdirp": "^0.5.1",
    "prettier": "^1.15.3",
    "qunit": "^2.9.1",
    "qunit-tap": "^1.5.1",
    "rimraf": "^2.6.1",
    "rollup-plugin-sourcemaps": "^0.4.2",
    "semver": "^5.3.0",
    "testem-failure-only-reporter": "^0.0.1",
    "toml": "^2.3.3",
    "tslint": "^5.11.0",
    "tslint-config-prettier": "^1.15.0",
    "tslint-plugin-prettier": "^2.0.1"
  },
  "changelog": {
    "repo": "glimmerjs/glimmer-vm",
    "labels": {
      "breaking": ":boom: Breaking Change",
      "enhancement": ":rocket: Enhancement",
      "bug": ":bug: Bug Fix",
      "documentation": ":memo: Documentation",
      "internal": ":house: Internal"
    }
  }
}