{
  "private": true,
  "name": "grafoo",
  "description": "a graphql client and toolkit",
  "repository": "https://github.com/grafoojs/grafoo",
  "author": "malbernaz <albernazmiguel@gmail.com>",
  "license": "MIT",
  "scripts": {
    "bootstrap": "lerna bootstrap",
    "test": "lerna run test",
    "test:coverage": "lerna run test:coverage && codecov",
    "prepare": "node scripts/build.js",
    "clean": "rimraf packages/**/dist"
  },
  "husky": {
    "hooks": {
      "pre-push": "lerna run test",
      "pre-commit": "lint-staged"
    }
  },
  "workspaces": [
    "packages/*"
  ],
  "lint-staged": {
    "ignore": [
      "examples/**/*"
    ],
    "linters": {
      "**/*.js": [
        "eslint",
        "git add"
      ],
      "**/*.{js,ts,tsx,json,graphql,md}": [
        "prettier --write",
        "git add"
      ]
    }
  },
  "prettier": {
    "printWidth": 100
  },
  "eslintConfig": {
    "extends": [
      "eslint:recommended",
      "plugin:import/errors",
      "plugin:import/warnings"
    ],
    "parser": "babel-eslint",
    "parserOptions": {
      "sourceType": "module",
      "ecmaVersion": 2017,
      "ecmaFeatures": {
        "jsx": true
      }
    },
    "plugins": [
      "import"
    ],
    "env": {
      "browser": true,
      "commonjs": true,
      "es6": true,
      "node": true,
      "jest": true
    }
  },
  "devDependencies": {
    "@babel/cli": "^7.0.0",
    "@babel/core": "^7.0.0",
    "@babel/preset-env": "^7.0.0",
    "@babel/preset-react": "^7.0.0",
    "@babel/preset-typescript": "^7.0.0",
    "@babel/register": "^7.0.0",
    "@types/graphql": "^14.0.7",
    "@types/jest": "^24.0.5",
    "@types/node": "^11.9.4",
    "@types/react": "^16.8.3",
    "babel-eslint": "^10.0.1",
    "babel-plugin-jsx-pragmatic": "^1.0.2",
    "babel-plugin-tester": "^6.0.0",
    "casual": "^1.5.19",
    "codecov": "^3.2.0",
    "eslint": "^5.13.0",
    "eslint-plugin-import": "^2.12.0",
    "fetch-mock": "^7.3.0",
    "graphql": "^14.0.2",
    "graphql-tools": "^4.0.3",
    "husky": "^1.2.0",
    "jest": "^24.1.0",
    "lerna": "^3.13.0",
    "lint-staged": "^8.1.4",
    "lowdb": "^1.0.0",
    "node-fetch": "^2.1.2",
    "preact": "^8.3.0",
    "preact-render-spy": "^1.3.0",
    "prettier": "^1.13.4",
    "react": "^16.8.2",
    "react-test-renderer": "^16.8.2",
    "rimraf": "^2.6.2",
    "typescript": "^3.0.1",
    "uuid": "^3.2.1"
  }
}