{
  "name": "grafana-sqldb-datasource",
  "private": true,
  "version": "1.0.0",
  "description": "",
  "main": "index.js",
  "repository": {
    "type": "git",
    "url": "https://github.com/sraoss/grafana-sqldb-datasource"
  },
  "author": "SRA OSS, Inc. Japan",
  "license": "Apache 2.0",
  "bugs": {
    "url": "https://github.com/sraoss/grafana-sqldb-datasource/issues"
  },
  "devDependencies": {
    "babel": "~6.5.1",
    "grunt": "~0.4.5",
    "grunt-babel": "~6.0.0",
    "grunt-contrib-copy": "~0.8.2",
    "grunt-contrib-watch": "^0.6.1",
    "grunt-contrib-uglify": "~0.11.0",
    "grunt-systemjs-builder": "^0.2.5",
    "load-grunt-tasks": "~3.2.0",
    "grunt-contrib-clean": "~0.6.0",
    "grunt-typescript": ""
  },
  "dependencies": {
    "lodash": "~4.0.0",
    "babel-plugin-transform-es2015-modules-systemjs": "^6.5.0",
    "babel-plugin-transform-es2015-for-of": "^6.5.0",
    "babel-preset-es2015": "^6.5.0"
  },
  "homepage": "https://github.com/sraoss/grafana-sqldb-datasource"
}