{
  "private": true,
  "author": {
    "name": "Torkel Ödegaard",
    "company": "Grafana Labs"
  },
  "name": "grafana",
  "version": "6.0.0-pre3",
  "repository": {
    "type": "git",
    "url": "http://github.com/grafana/grafana.git"
  },
  "devDependencies": {
    "@babel/core": "^7.1.2",
    "@babel/plugin-syntax-dynamic-import": "^7.0.0",
    "@babel/preset-env": "^7.1.0",
    "@babel/preset-react": "^7.0.0",
    "@babel/preset-typescript": "^7.1.0",
    "@rtsao/plugin-proposal-class-properties": "^7.0.1-patch.1",
    "@types/chalk": "^2.2.0",
    "@types/classnames": "^2.2.6",
    "@types/commander": "^2.12.2",
    "@types/d3": "^4.10.1",
    "@types/enzyme": "^3.1.13",
    "@types/inquirer": "^0.0.43",
    "@types/jest": "^23.3.2",
    "@types/jquery": "^1.10.35",
    "@types/node": "^8.0.31",
    "@types/react": "^16.7.6",
    "@types/react-dom": "^16.0.9",
    "@types/react-grid-layout": "^0.16.6",
    "@types/react-select": "^2.0.4",
    "@types/react-transition-group": "^2.0.15",
    "@types/react-virtualized": "^9.18.12",
    "angular-mocks": "1.6.6",
    "autoprefixer": "^6.4.0",
    "axios": "^0.17.1",
    "babel-core": "^7.0.0-bridge",
    "babel-jest": "^23.6.0",
    "babel-loader": "^8.0.4",
    "babel-plugin-angularjs-annotate": "^0.9.0",
    "chalk": "^2.4.2",
    "clean-webpack-plugin": "^0.1.19",
    "concurrently": "^4.1.0",
    "css-loader": "^0.28.7",
    "enzyme": "^3.6.0",
    "enzyme-adapter-react-16": "^1.5.0",
    "enzyme-to-json": "^3.3.4",
    "es6-promise": "^3.0.2",
    "es6-shim": "^0.35.3",
    "execa": "^1.0.0",
    "expect.js": "~0.2.0",
    "expose-loader": "^0.7.3",
    "file-loader": "^1.1.11",
    "fork-ts-checker-webpack-plugin": "^0.4.9",
    "gaze": "^1.1.2",
    "glob": "~7.0.0",
    "grunt": "1.0.1",
    "grunt-angular-templates": "^1.1.0",
    "grunt-cli": "~1.2.0",
    "grunt-contrib-clean": "~1.0.0",
    "grunt-contrib-compress": "^1.3.0",
    "grunt-contrib-copy": "~1.0.0",
    "grunt-exec": "^1.0.1",
    "grunt-newer": "^1.3.0",
    "grunt-notify": "^0.4.5",
    "grunt-postcss": "^0.8.0",
    "grunt-sass-lint": "^0.2.4",
    "grunt-usemin": "3.1.1",
    "grunt-webpack": "^3.0.2",
    "html-loader": "^0.5.1",
    "html-webpack-harddisk-plugin": "^0.2.0",
    "html-webpack-plugin": "^3.2.0",
    "husky": "^1.3.1",
    "inquirer": "^6.2.2",
    "jest": "^23.6.0",
    "jest-date-mock": "^1.0.6",
    "lint-staged": "^8.1.3",
    "load-grunt-tasks": "3.5.2",
    "mini-css-extract-plugin": "^0.4.0",
    "mocha": "^4.0.1",
    "monaco-editor": "^0.15.6",
    "ng-annotate-loader": "^0.6.1",
    "ng-annotate-webpack-plugin": "^0.3.0",
    "ngtemplate-loader": "^2.0.1",
    "node-sass": "^4.11.0",
    "npm": "^5.4.2",
    "optimize-css-assets-webpack-plugin": "^4.0.2",
    "ora": "^3.1.0",
    "phantomjs-prebuilt": "^2.1.15",
    "postcss-browser-reporter": "^0.5.0",
    "postcss-loader": "^2.0.6",
    "postcss-reporter": "^5.0.0",
    "prettier": "1.16.4",
    "react-hot-loader": "^4.3.6",
    "react-test-renderer": "^16.5.0",
    "redux-mock-store": "^1.5.3",
    "regexp-replace-loader": "^1.0.1",
    "rimraf": "^2.6.3",
    "sass-lint": "^1.10.2",
    "sass-loader": "^7.0.1",
    "semver": "^5.6.0",
    "sinon": "1.17.6",
    "style-loader": "^0.21.0",
    "systemjs": "0.20.19",
    "systemjs-plugin-css": "^0.1.36",
    "ts-jest": "^23.10.4",
    "ts-loader": "^5.1.0",
    "ts-node": "^8.0.2",
    "tslib": "^1.9.3",
    "tslint": "^5.8.0",
    "tslint-loader": "^3.5.3",
    "tslint-react": "^3.6.0",
    "typescript": "^3.0.3",
    "uglifyjs-webpack-plugin": "^1.2.7",
    "webpack": "4.19.1",
    "webpack-bundle-analyzer": "^2.9.0",
    "webpack-cleanup-plugin": "^0.5.1",
    "webpack-cli": "^2.1.4",
    "webpack-dev-server": "^3.1.0",
    "webpack-merge": "^4.1.0",
    "zone.js": "^0.7.2"
  },
  "scripts": {
    "dev": "webpack --progress --colors --mode development --config scripts/webpack/webpack.dev.js",
    "start": "ts-node --project ./scripts/cli/tsconfig.json ./scripts/cli/index.ts --theme",
    "start:hot": "ts-node --project ./scripts/cli/tsconfig.json ./scripts/cli/index.ts --hot --theme",
    "start:ignoreTheme": "ts-node --project ./scripts/cli/tsconfig.json ./scripts/cli/index.ts --hot",
    "watch": "ts-node --project ./scripts/cli/tsconfig.json ./scripts/cli/index.ts --theme -d watch,start",
    "build": "grunt build",
    "test": "grunt test",
    "tslint": "tslint -c tslint.json --project tsconfig.json",
    "typecheck": "tsc --noEmit",
    "jest": "jest --notify --watch",
    "api-tests": "jest --notify --watch --config=tests/api/jest.js",
    "storybook": "cd packages/grafana-ui && yarn storybook",
    "themes:generate": "ts-node --project ./scripts/cli/tsconfig.json ./scripts/cli/generateSassVariableFiles.ts",
    "prettier:check": "prettier --list-different \"**/*.{ts,tsx,scss}\"",
    "gui:build": "ts-node --project ./scripts/cli/tsconfig.json ./scripts/cli/index.ts --build",
    "gui:release": "ts-node --project ./scripts/cli/tsconfig.json ./scripts/cli/index.ts --release"
  },
  "husky": {
    "hooks": {
      "pre-commit": "lint-staged && grunt precommit"
    }
  },
  "lint-staged": {
    "*.{ts,tsx,json,scss}": [
      "prettier --write",
      "git add"
    ],
    "*pkg/**/*.go": [
      "gofmt -w -s",
      "git add"
    ]
  },
  "prettier": {
    "trailingComma": "es5",
    "singleQuote": true,
    "printWidth": 120
  },
  "license": "Apache-2.0",
  "dependencies": {
    "@babel/polyfill": "^7.0.0",
    "@torkelo/react-select": "2.1.1",
    "@types/reselect": "^2.2.0",
    "angular": "1.6.6",
    "angular-bindonce": "0.3.1",
    "angular-native-dragdrop": "1.2.2",
    "angular-route": "1.6.6",
    "angular-sanitize": "1.6.6",
    "ansicolor": "1.1.78",
    "baron": "^3.0.3",
    "brace": "^0.10.0",
    "classnames": "^2.2.6",
    "clipboard": "^1.7.1",
    "d3": "^4.11.0",
    "d3-scale-chromatic": "^1.3.0",
    "eventemitter3": "^2.0.3",
    "file-saver": "^1.3.3",
    "immutable": "^3.8.2",
    "jquery": "^3.2.1",
    "lodash": "^4.17.10",
    "moment": "^2.22.2",
    "mousetrap": "^1.6.0",
    "mousetrap-global-bind": "^1.1.0",
    "nodemon": "^1.18.10",
    "prismjs": "^1.6.0",
    "prop-types": "^15.6.2",
    "rc-cascader": "^0.14.0",
    "react": "^16.6.3",
    "react-dom": "^16.6.3",
    "react-grid-layout": "0.16.6",
    "react-highlight-words": "0.11.0",
    "react-popper": "^1.3.0",
    "react-redux": "^5.0.7",
    "react-sizeme": "^2.3.6",
    "react-table": "^6.8.6",
    "react-transition-group": "^2.2.1",
    "react-virtualized": "^9.21.0",
    "redux": "^4.0.0",
    "redux-logger": "^3.0.6",
    "redux-thunk": "^2.3.0",
    "remarkable": "^1.7.1",
    "reselect": "^4.0.0",
    "rst2html": "github:thoward/rst2html#990cb89",
    "rxjs": "^6.3.3",
    "slate": "^0.33.4",
    "slate-plain-serializer": "^0.5.10",
    "slate-prism": "^0.5.0",
    "slate-react": "^0.12.4",
    "tether": "^1.4.0",
    "tether-drop": "https://github.com/torkelo/drop/tarball/master",
    "tinycolor2": "^1.4.1",
    "xss": "^1.0.3"
  },
  "resolutions": {
    "caniuse-db": "1.0.30000772",
    "**/@types/react": "16.7.6"
  },
  "workspaces": {
    "packages": [
      "packages/*"
    ],
    "nohoist": [
      "**/@types/*",
      "**/@types/*/**"
    ]
  }
}