{
  "name": "graphql-inspector",
  "private": true,
  "description": "Tooling for GraphQL. Compare GraphQL Schemas, check documents, find breaking changes, find similar types.",
  "keywords": [
    "graphql",
    "graphql-inspector",
    "tools",
    "cli",
    "api",
    "ui"
  ],
  "sideEffects": false,
  "author": {
    "name": "Kamil Kisiela",
    "email": "kamil.kisiela@gmail.com",
    "url": "https://github.com/kamilkisiela"
  },
  "license": "MIT",
  "repository": {
    "type": "git",
    "url": "kamilkisiela/graphql-inspector"
  },
  "scripts": {
    "build": "lerna run build",
    "test": "lerna run test",
    "build:website": "(cd website && yarn install && yarn build)",
    "build:github": "yarn workspace @graphql-inspector/core build && yarn workspace @graphql-inspector/github build && yarn workspace @graphql-inspector/actions build",
    "build:netlify": "yarn build:github && yarn netlify-lambda build functions && ./scripts/fix.js && yarn build:website",
    "format": "prettier --config .prettierrc --write \"**/*.{js,json,md,ts,graphql}\"",
    "release": "lerna publish --exact --force-publish=\"*\"",
    "release:canary": "lerna publish --force-publish=\"*\" --canary --exact",
    "precommit": "lint-staged"
  },
  "devDependencies": {
    "lint-staged": "8.1.0",
    "prettier": "1.15.3"
  },
  "dependencies": {
    "@probot/serverless-lambda": "0.2.0",
    "babel-loader": "8.0.4",
    "husky": "1.2.0",
    "immer": "1.10.0",
    "lerna": "3.6.0",
    "netlify-lambda": "1.4.2",
    "shelljs": "0.8.3"
  },
  "workspaces": [
    "packages/core",
    "packages/cli",
    "packages/api",
    "packages/ui",
    "packages/load",
    "packages/github",
    "packages/github-actions"
  ],
  "lint-staged": {
    "*.{js,json,md,ts,graphql}": [
      "prettier --write",
      "git add"
    ]
  },
  "resoultions": {
    "babel-loader": "8.0.4"
  }
}