{
  "name": "graphql-request",
  "version": "0.0.0-semantic-release",
  "main": "dist/src/index.js",
  "typings": "./dist/src/index.d.ts",
  "files": [
    "dist"
  ],
  "bundlesize": [
    {
      "path": "./dist/src/index.js",
      "maxSize": "15 kB"
    }
  ],
  "repository": {
    "type": "git",
    "url": "git+https://github.com/prisma/graphql-request.git"
  },
  "keywords": [
    "graphql",
    "request",
    "fetch",
    "graphql-client",
    "apollo"
  ],
  "author": "Johannes Schickling <johannes@graph.cool>",
  "license": "MIT",
  "bugs": {
    "url": "https://github.com/prisma/graphql-request/issues"
  },
  "homepage": "https://github.com/prisma/graphql-request",
  "scripts": {
    "prepublish": "npm run build",
    "build": "rm -rf dist && tsc -d",
    "lint": "tslint --project . {examples,src,test}/**/*.ts",
    "test": "npm run lint && npm run build && ava --serial && npm run size",
    "size": "bundlesize"
  },
  "dependencies": {
    "cross-fetch": "2.2.2"
  },
  "devDependencies": {
    "@types/fetch-mock": "5.12.2",
    "@types/node": "8.5.5",
    "ava": "0.25.0",
    "bundlesize": "0.17.0",
    "fetch-cookie": "0.7.2",
    "fetch-mock": "5.13.1",
    "tslint": "5.9.1",
    "tslint-config-standard": "7.0.0",
    "typescript": "2.7.2"
  }
}