{
  "name": "graphql-scraper",
  "version": "1.2.1",
  "description": "Extract structured data from the web using GraphQL.",
  "author": "harry lachenmayer <harrylachenmayer@gmail.com>",
  "license": "MIT",
  "main": "build/index.js",
  "bin": "bin.js",
  "scripts": {
    "build": "tsc",
    "dev": "tsc -w",
    "test": "tsc; ava build/__tests__/",
    "generate-docs": "graphql-markdown ./build/index.js > doc/schema.md"
  },
  "dependencies": {
    "chalk": "^2.3.0",
    "execa": "^0.9.0",
    "get-stdin": "^5.0.1",
    "graphql": "^0.12.3",
    "isomorphic-fetch": "^2.2.1",
    "jsdom": "^11.5.1",
    "minimist": "^1.2.0"
  },
  "devDependencies": {
    "@types/graphql": "^0.12.0",
    "@types/jsdom": "^11.0.4",
    "ava": "^0.24.0",
    "graphql-markdown": "^3.2.0",
    "typescript": "^2.6.2"
  }
}