{
  "name": "graphql-editor",
  "version": "1.0.1",
  "private": false,
  "license": "MIT",
  "description": "Visual node editor for GraphQL",
  "main": "lib/index.js",
  "types": "lib/index.d.ts",
  "scripts": {
    "start": "webpack-dev-server --config ./sandbox/webpack.config.js --content-base ./sandbox/ --port 1569 --hot --inline --open",
    "build": "grunt --force",
    "prettier": "prettier --write \"src/**/*.{ts,tsx,css}\"",
    "cloud": "webpack-dev-server --config ./cloud/webpack.config.dev.js --content-base ./cloud/ --port 1569 --hot --inline --open",
    "build:cloud": "webpack --config ./cloud/webpack.config.production.js --context ./cloud/ -p --progress",
    "docs": "docz dev",
    "build:docs": "docz build",
    "testE2E": "tsc --project cypress/tsconfig.json && cypress run",
    "testE2E:watch": "tsc --watch --project cypress/tsconfig.json | cypress open",
    "test": "grunt test && jest"
  },
  "devDependencies": {
    "@babel/core": "^7.2.2",
    "@types/classnames": "^2.2.6",
    "@types/faker": "^4.1.4",
    "@types/graphql": "^14.0.1",
    "@types/history": "4.7.2",
    "@types/jest": "^23.3.10",
    "@types/node": "^10.12.18",
    "@types/query-string": "^6.1.1",
    "@types/react": "^16.4.14",
    "@types/react-dom": "^16.0.7",
    "@types/react-router": "4.4.3",
    "@types/react-router-dom": "^4.3.1",
    "@types/webpack": "4.4.22",
    "@types/webpack-env": "^1.13.5",
    "babel-loader": "^8.0.4",
    "css-loader": "^2.1.0",
    "cypress": "^3.1.3",
    "docz": "^0.13.7",
    "docz-theme-default": "^0.13.7",
    "file-loader": "^3.0.1",
    "grunt": "^1.0.3",
    "grunt-contrib-clean": "^2.0.0",
    "grunt-contrib-copy": "^1.0.0",
    "grunt-contrib-watch": "^1.1.0",
    "grunt-ts": "^6.0.0-beta.21",
    "html-loader": "^1.0.0-alpha.0",
    "html-webpack-plugin": "^3.0.4",
    "jest": "^23.6.0",
    "mini-css-extract-plugin": "^0.5.0",
    "mocha": "^5.2.0",
    "prettier": "^1.14.3",
    "react-hot-loader": "^4.3.11",
    "style-loader": "^0.23.1",
    "ts-jest": "^23.10.5",
    "ts-loader": "^5.3.2",
    "typescript": "^3.2.2",
    "url-loader": "^1.1.1",
    "webpack": "^4.28.4",
    "webpack-cleanup-plugin": "^0.5.1",
    "webpack-cli": "^3.1.2",
    "webpack-dev-server": "^3.1.14",
    "webpack-merge": "^4.1.5"
  },
  "dependencies": {
    "classnames": "^2.2.5",
    "faker": "^4.1.0",
    "file-saver": "^2.0.0",
    "graphql": "^14.0.2",
    "graphsource": "1.0.0",
    "moment": "^2.21.0",
    "query-string": "^6.2.0",
    "react": "^16.5.2",
    "react-ace": "^6.2.0",
    "react-dom": "^16.5.2",
    "react-router-dom": "^4.3.1",
    "typestyle": "^2.0.1",
    "unstated": "^2.1.1",
    "utility-types": "^3.2.0"
  }
}