{
  "name": "graphql-code-generator",
  "private": true,
  "repository": "git@github.com:dotansimha/graphql-code-generator.git",
  "author": "dotansimha <dotansimha@gmail.com>",
  "license": "MIT",
  "scripts": {
    "clean": "lerna clean --yes && rm -rf node_modules",
    "build": "lerna run build --ignore live-demo",
    "test": "lerna run test --ignore live-demo",
    "lint": "lerna run lint --ignore live-demo",
    "precommit": "lint-staged",
    "test-and-build": "yarn test && yarn build",
    "prerelease": "yarn test-and-build",
    "prerelease:canary": "yarn test-and-build",
    "release": "lerna publish --exact --force-publish=\"*\" --ignore live-demo",
    "release:canary": "lerna publish --force-publish=\"*\" --canary --exact --ignore live-demo",
    "ci:release:canary": "lerna publish --force-publish=\"*\" --canary --exact --yes --ignore live-demo",
    "generate:examples": "./dev-test/generate-all.sh",
    "build-website": "cd website && yarn && yarn build"
  },
  "workspaces": [
    "packages/*",
    "packages/utils/*",
    "packages/plugins/*",
    "website/live-demo",
    "packages/old-templates/*"
  ],
  "dependencies": {
    "lerna": "2.11.0"
  },
  "devDependencies": {
    "@types/glob": "7.1.1",
    "@types/jest": "24.0.9",
    "@types/mkdirp": "0.5.2",
    "@types/node": "10.12.27",
    "@types/request": "2.48.1",
    "@types/common-tags": "1.8.0",
    "@types/graphql": "14.0.7",
    "husky": "1.3.1",
    "lint-staged": "8.1.4",
    "tslint": "5.13.1",
    "typescript": "3.3.3333",
    "graphql": "14.1.1",
    "graphql-tag": "2.10.1",
    "jest": "24.1.0",
    "rimraf": "2.6.3",
    "ts-jest": "24.0.0",
    "graphql-tools": "4.0.4",
    "apollo-link": "1.2.8",
    "awesome-typescript-loader": "5.2.1",
    "raw-loader": "1.0.0",
    "webpack": "4.29.6",
    "webpack-cli": "3.2.3",
    "webpack-node-externals": "1.7.2"
  },
  "lint-staged": {
    "*.{ts,tsx}": [
      "tslint --fix",
      "git add"
    ],
    "*.{js,json,css,md,ts,tsx}": [
      "prettier --write",
      "git add -f"
    ]
  },
  "resolutions": {
    "upath": "1.1.0"
  },
  "prettier": {
    "printWidth": 120,
    "singleQuote": true
  }
}