{
  "name": "great-big-example-application",
  "version": "0.0.0",
  "description": "A collection of demos in one big example",
  "private": true,
  "license": "MIT",
  "cacheDirectories": [
    "node_modules"
  ],
  "dependencies": {
    "@angular/animations": "4.4.3",
    "@angular/common": "4.4.3",
    "@angular/compiler": "4.4.3",
    "@angular/core": "4.4.3",
    "@angular/flex-layout": "2.0.0-rc.1",
    "@angular/forms": "4.4.3",
    "@angular/http": "4.4.3",
    "@angular/material": "2.0.0-beta.7",
    "@angular/platform-browser": "4.4.3",
    "@angular/platform-browser-dynamic": "4.4.3",
    "@angular/router": "4.4.6",
    "@angularclass/form-validators": "^1.0.12",
    "@ng-bootstrap/ng-bootstrap": "1.0.0-beta.5",
    "@ngrx/db": "2.0.2",
    "@ngrx/effects": "4.0.5",
    "@ngrx/router-store": "4.0.4",
    "@ngrx/store": "4.0.3",
    "@ngx-translate/core": "8.0.0",
    "@ngx-translate/http-loader": "2.0.0",
    "@swimlane/ngx-datatable": "9.3.1",
    "amcharts3": "3.21.2",
    "ammap3": "3.21.6",
    "angular-in-memory-web-api": "0.4.6",
    "angular-router-loader": "0.6.0",
    "angular-sortablejs": "2.0.6",
    "angular2-cookie": "1.2.6",
    "angular2-infinite-scroll": "0.3.43",
    "angular2-moment": "1.7.0",
    "angular2-notifications": "0.7.7",
    "angularfire2": "2.0.0-beta.8",
    "angularfire2-offline": "2.0.7",
    "animate.css": "3.5.2",
    "bootstrap": "4.0.0-beta",
    "chart.js": "1.1.1",
    "chartist": "0.11.0",
    "easy-pie-chart": "2.1.7",
    "firebase": "4.4.0",
    "font-awesome": "4.7.0",
    "fullcalendar": "3.5.1",
    "google-maps": "3.2.1",
    "hammerjs": "2.0.8",
    "ionicons": "4.0.0-6",
    "jquery": "3.2.1",
    "jquery-slimscroll": "1.3.8",
    "leaflet-map": "0.2.1",
    "moment": "2.19.3",
    "ng-jhipster": "0.2.12",
    "ng2-handsontable": "1.0.3",
    "ng2-slim-loading-bar": "4.0.0",
    "ng2-webstorage": "1.8.0",
    "ngrx-store-freeze": "0.2.0",
    "ngrx-store-localstorage": "0.2.2",
    "ngx-cookie": "1.0.0",
    "ngx-infinite-scroll": "0.5.1",
    "ngx-pipes": "1.6.5",
    "ngx-uploader": "3.3.11",
    "normalize.css": "7.0.0",
    "reflect-metadata": "0.1.10",
    "roboto-fontface": "0.8.0",
    "simple-peer": "8.1.1",
    "sortablejs": "1.6.1",
    "swagger-ui": "3.2.2",
    "tether": "1.4.0",
    "ts-helpers": "1.1.2",
    "webstomp-client": "1.0.8"
  },
  "devDependencies": {
    "@angular/cli": "1.3.0-rc.0",
    "@angular/compiler-cli": "5.0.0-beta.7",
    "@angularclass/hmr": "2.1.3",
    "@ngrx/store-devtools": "4.0.0",
    "@types/fullcalendar": "3.5.0",
    "@types/hammerjs": "2.0.35",
    "@types/jasmine": "2.6.0",
    "@types/jquery.slimscroll": "1.3.31",
    "@types/leaflet": "1.2.0",
    "@types/localforage": "0.0.34",
    "@types/simple-peer": "6.1.2",
    "@types/uuid": "3.4.2",
    "@types/webpack-env": "1.13.1",
    "add-asset-html-webpack-plugin": "2.1.2",
    "angular2-template-loader": "0.6.2",
    "awesome-typescript-loader": "3.2.1",
    "browser-sync": "2.18.13",
    "browser-sync-webpack-plugin": "1.2.0",
    "codelyzer": "3.2.0",
    "copy-webpack-plugin": "4.0.1",
    "event-stream": "3.3.4",
    "exports-loader": "0.6.4",
    "extract-text-webpack-plugin": "3.0.0",
    "generator-jhipster-bootstrap-material-design": "3.5.1",
    "generator-jhipster-bootswatch": "1.0.2",
    "generator-jhipster-darktheme": "0.0.7",
    "generator-jhipster-entity-audit": "2.6.1",
    "generator-jhipster-fortune": "0.0.2",
    "generator-jhipster-google-analytics": "0.0.1",
    "generator-jhipster-material": "0.0.0",
    "generator-jhipster-nav-element": "1.4.2",
    "generator-jhipster-swagger2markup": "1.2.0",
    "gh-pages-deploy": "0.4.2",
    "html-loader": "0.5.1",
    "html-webpack-plugin": "2.30.1",
    "jasmine-core": "2.8.0",
    "jasmine-marbles": "0.1.0",
    "jasmine-reporters": "2.2.1",
    "jasmine-spec-reporter": "4.2.1",
    "karma": "1.7.1",
    "karma-chrome-launcher": "2.2.0",
    "karma-coverage": "1.1.1",
    "karma-coverage-istanbul-reporter": "1.3.0",
    "karma-intl-shim": "1.0.3",
    "karma-jasmine": "1.1.0",
    "karma-junit-reporter": "1.2.0",
    "karma-notify-reporter": "1.0.1",
    "karma-phantomjs-launcher": "1.0.4",
    "karma-remap-istanbul": "0.6.0",
    "karma-sourcemap-loader": "0.3.7",
    "karma-webpack": "2.0.4",
    "lazypipe": "1.0.1",
    "lcov-parse": "1.0.0",
    "merge-jsons-webpack-plugin": "1.0.11",
    "ng-router-loader": "2.1.0",
    "ngc-webpack": "3.2.2",
    "node-sass": "4.5.3",
    "phantomjs-prebuilt": "2.1.15",
    "protractor": "5.1.2",
    "protractor-jasmine2-screenshot-reporter": "0.4.1",
    "proxy-middleware": "0.15.0",
    "raw-loader": "^0.5.1",
    "run-sequence": "2.2.0",
    "rxjs-tslint-rules": "3.0.1",
    "sass-lint": "1.11.1",
    "sass-loader": "6.0.6",
    "source-map-explorer": "1.5.0",
    "sourcemap-istanbul-instrumenter-loader": "0.2.0",
    "string-replace-webpack-plugin": "0.1.3",
    "sw-precache": "5.2.0",
    "to-string-loader": "1.1.5",
    "ts-node": "3.3.0",
    "tslint": "5.7.0",
    "tslint-loader": "3.5.3",
    "typedoc": "0.8.0",
    "typedoc-plugin-external-module-name": "1.0.9",
    "web-app-manifest-loader": "0.1.1",
    "webdriver-manager": "12.0.6",
    "webpack": "3.6.0",
    "webpack-dev-server": "2.8.2",
    "webpack-notifier": "1.5.0",
    "webpack-visualizer-plugin": "0.1.11",
    "write-file-webpack-plugin": "4.1.0"
  },
  "engines": {
    "node": "6.11.0"
  },
  "scripts": {
    "lint": "tslint 'src/main/webapp/app/**/*.ts' 'src/test/javascript/**/*.ts'",
    "lint:fix": "tslint 'src/main/webapp/app/**/*.ts' 'src/test/javascript/**/*.ts' --fix",
    "ngc": "ngc -p tsconfig-aot.json",
    "cleanup": "rimraf target/{aot,www}",
    "start": "yarn run webpack:dev",
    "webpack:dev": "webpack-dev-server --config webpack/webpack.dev.js --progress --inline --hot --profile --port=9070",
    "webpack:build:vendor": "webpack --config webpack/webpack.vendor.js --progress --profile",
    "webpack:build:dev": "webpack --config webpack/webpack.dev.js --progress --profile",
    "webpack:build": "yarn run cleanup && yarn run webpack:build:vendor && yarn run webpack:build:dev",
    "webpack:prod": "yarn run cleanup && webpack -p --config webpack/webpack.vendor.js --progress --profile && webpack -p --config webpack/webpack.prod.js --progress --profile",
    "webpack:run:prod": "webpack-dev-server --config webpack/webpack.prod.js --progress --inline --hot --profile --port=9070",
    "webpack:test": "yarn run test",
    "webpack-dev-server": "node --max_old_space_size=4096 node_modules/webpack-dev-server/bin/webpack-dev-server.js",
    "webpack": "node --max_old_space_size=4096 node_modules/webpack/bin/webpack.js",
    "test": "karma start karma.conf.js",
    "test:full": "ng lint && npm run sassLint && ng test --watch=false --code-coverage",
    "test:watch": "karma start karma.conf.js --watch",
    "e2e": "protractor protractor.conf.js",
    "postinstall": "webdriver-manager update && node node_modules/phantomjs-prebuilt/install.js",
    "webdriver": "yarn run webpack:build"
  }
}