{
  "name": "growth",
  "author": "Fengda Huang",
  "homepage": "http://grwoth.ren",
  "private": true,
  "scripts": {
    "clean": "ionic-app-scripts clean",
    "build": "ionic-app-scripts build",
    "svg": "gulp svg-font",
    "ionic:build": "ionic-app-scripts build",
    "serve:before": "svg",
    "ionic:serve": "ionic-app-scripts serve",
    "electron": "/Applications/Electron.app/Contents/MacOS/Electron ."
  },
  "dependencies": {
    "@angular/animations": "4.3.6",
    "@angular/common": "4.3.6",
    "@angular/compiler": "4.3.6",
    "@angular/compiler-cli": "4.3.6",
    "@angular/core": "4.3.6",
    "@angular/forms": "4.3.6",
    "@angular/http": "4.3.6",
    "@angular/platform-browser": "4.3.6",
    "@angular/platform-browser-dynamic": "4.3.6",
    "@angular/platform-server": "4.3.6",
    "@ionic-native/app-rate": "^3.13.1",
    "@ionic-native/app-version": "^3.13.1",
    "@ionic-native/clipboard": "^3.13.1",
    "@ionic-native/core": "^3.13.1",
    "@ionic-native/email-composer": "^3.13.1",
    "@ionic-native/google-analytics": "^3.13.1",
    "@ionic-native/in-app-browser": "^3.13.1",
    "@ionic-native/social-sharing": "^3.13.1",
    "@ionic-native/splash-screen": "^3.13.1",
    "@ionic-native/status-bar": "^3.13.1",
    "@ionic/storage": "2.0.1",
    "angular2-moment": "1.3.3",
    "animate.css": "^3.5.2",
    "cordova-android": "^6.2.3",
    "cordova-ios": "^4.4.0",
    "cordova-plugin-app-version": "~0.1.8",
    "cordova-plugin-apprate": "~1.2.0",
    "cordova-plugin-console": "~1.0.5",
    "cordova-plugin-device": "~1.1.4",
    "cordova-plugin-google-analytics": "~1.0.0",
    "cordova-plugin-splashscreen": "~3.2.1",
    "cordova-plugin-statusbar": "~2.2.1",
    "cordova-plugin-whitelist": "~1.3.1",
    "cordova-plugin-wkwebview-engine": "https://github.com/driftyco/cordova-plugin-wkwebview-engine.git",
    "cordova-plugin-x-socialsharing": "~5.1.1",
    "del": "^2.2.2",
    "ionic-angular": "nightly",
    "ionic-plugin-keyboard": "~2.2.1",
    "ionic2-rating": "1.0.0",
    "ionicons": "3.0.0",
    "lodash": "^4.17.2",
    "marked": "^0.3.6",
    "node-sass": "^4.5.1",
    "rxjs": "5.4.3",
    "zone.js": "^0.8.17"
  },
  "devDependencies": {
    "@ionic/app-scripts": "1.3.7",
    "gulp": "^3.9.1",
    "gulp-svg-sprite": "^1.3.6",
    "sw-toolbox": "3.4.0",
    "typescript": "2.3.3"
  },
  "cordovaPlugins": [
    "cordova-plugin-statusbar",
    "cordova-plugin-console",
    "cordova-plugin-splashscreen",
    "ionic-plugin-keyboard",
    "cordova-plugin-whitelist",
    "cordova-plugin-device"
  ],
  "cordovaPlatforms": [
    "ios",
    {
      "platform": "ios",
      "version": "",
      "locator": "ios"
    }
  ],
  "description": "growth-3: An Ionic project",
  "cordova": {
    "platforms": [
      "android",
      "ios"
    ],
    "plugins": {
      "cordova-plugin-app-version": {},
      "cordova-plugin-apprate": {},
      "cordova-plugin-console": {},
      "cordova-plugin-device": {},
      "cordova-plugin-google-analytics": {},
      "cordova-plugin-splashscreen": {},
      "cordova-plugin-statusbar": {},
      "cordova-plugin-whitelist": {},
      "cordova-plugin-wkwebview-engine": {},
      "cordova-plugin-x-socialsharing": {},
      "ionic-plugin-keyboard": {}
    }
  }
}