{
  "name": "gts",
  "version": "1.0.0-0",
  "description": "Google TypeScript Style",
  "repository": "google/gts",
  "main": "build/src/index.js",
  "bin": {
    "gts": "build/src/cli.js"
  },
  "files": [
    "CHANGELOG.md",
    "LICENSE",
    "README.md",
    "build/src",
    "build/types",
    "prettier.config.js",
    "tsconfig-google.json",
    "tsconfig.json",
    "tslint.json"
  ],
  "scripts": {
    "build": "npm run compile",
    "clean": "rimraf ./build/",
    "codecov": "nyc report --reporter=json && codecov -f coverage/*.json",
    "compile": "tsc -p .",
    "format-check": "prettier --list-different src/*.ts test/*.ts",
    "format": "prettier --write src/*.ts test/*.ts",
    "lint": "tslint -c tslint.json  --project . -t codeFrame",
    "lint-fix": "tslint -c tslint.json --project . -t codeFrame --fix",
    "prepare": "npm run compile",
    "test": "nyc ava build/test/test*.js",
    "pretest": "npm run compile",
    "posttest": "npm run lint && npm run format-check && npm run license-check",
    "license-check": "jsgl --local ."
  },
  "engines": {
    "node": ">=8"
  },
  "keywords": [],
  "author": "Google Inc.",
  "license": "Apache-2.0",
  "dependencies": {
    "chalk": "^2.4.1",
    "diff": "^4.0.1",
    "entities": "^1.1.1",
    "inquirer": "^6.0.0",
    "meow": "^5.0.0",
    "pify": "^4.0.0",
    "prettier": "^1.15.3",
    "rimraf": "^2.6.2",
    "tslint": "^5.12.0",
    "update-notifier": "^2.5.0",
    "write-file-atomic": "^2.3.0"
  },
  "devDependencies": {
    "@types/diff": "^4.0.0",
    "@types/entities": "^1.1.0",
    "@types/glob": "^7.0.0",
    "@types/inquirer": "^0.0.44",
    "@types/make-dir": "^1.0.3",
    "@types/meow": "^5.0.0",
    "@types/ncp": "^2.0.1",
    "@types/node": "^10.0.3",
    "@types/pify": "^3.0.2",
    "@types/prettier": "^1.15.2",
    "@types/rimraf": "^2.0.2",
    "@types/tmp": "^0.0.34",
    "@types/update-notifier": "^2.2.0",
    "ava": "^1.0.0",
    "codecov": "^3.0.1",
    "js-green-licenses": "^0.5.0",
    "make-dir": "^2.0.0",
    "ncp": "^2.0.0",
    "nyc": "^13.0.0",
    "source-map-support": "^0.5.5",
    "tmp": "0.0.33",
    "typescript": "~3.3.0"
  },
  "peerDependencies": {
    "typescript": "^3.0.0"
  },
  "ava": {
    "require": [
      "source-map-support/register"
    ]
  },
  "publishConfig": {
    "tag": "next"
  }
}