{
  "name": "angular-seed",
  "version": "1.0.0",
  "description": "",
  "main": "app/main.js",
  "scripts": {
    "start": "tsc && concurrently \"tsc -w\" \"http-server . -c-1 \" "
  },
  "author": "",
  "license": "ISC",
  "dependencies": {
    "@angular/common": "^4.1.0",
    "@angular/compiler": "^4.1.0",
    "@angular/core": "^4.1.0",
    "@angular/platform-browser": "^4.1.0",
    "@angular/platform-browser-dynamic": "^4.1.0",
    "core-js": "^2.4.1",
    "rxjs": "^5.3.0",
    "systemjs": "^0.20.12",
    "zone.js": "^0.8.9"
  },
  "devDependencies": {
    "@types/node": "^7.0.14",
    "concurrently": "^3.4.0",
    "http-server": "^0.9.0",
    "typescript": "^2.3.1"
  }
}