{
  "name": "hexo-theme-lite",
  "version": "1.4.1",
  "description": "Hexo Theme Lite FE",
  "author": "HeskeyBaozi <hezhiyu233@foxmail.com>",
  "scripts": {
    "dev": "webpack-dev-server --inline --progress --config build/webpack.dev.conf.js",
    "start": "npm run dev",
    "build": "node build/build.js"
  },
  "dependencies": {
    "axios": "^0.17.1",
    "color": "^2.0.1",
    "element-ui": "^2.0.7",
    "font-awesome": "^4.7.0",
    "gitment": "^0.0.3",
    "moment": "^2.19.3",
    "normalize.css": "^7.0.0",
    "nprogress": "^0.2.0",
    "vue": "^2.5.2",
    "vue-analytics": "^5.7.1",
    "vue-class-component": "^6.1.1",
    "vue-router": "^3.0.1",
    "vuex": "^3.0.1"
  },
  "devDependencies": {
    "@types/color": "^2.0.0",
    "@types/nprogress": "^0.0.29",
    "autoprefixer": "^7.1.2",
    "babel-core": "^6.26.0",
    "babel-loader": "^7.1.2",
    "babel-plugin-component": "^1.0.0",
    "babel-plugin-transform-runtime": "^6.23.0",
    "babel-preset-env": "^1.6.1",
    "babel-preset-stage-2": "^6.24.1",
    "chalk": "^2.0.1",
    "compression-webpack-plugin": "^1.1.2",
    "copy-webpack-plugin": "^4.0.1",
    "css-loader": "^0.28.0",
    "element-theme-chalk": "^2.0.7",
    "eventsource-polyfill": "^0.9.6",
    "extract-text-webpack-plugin": "^3.0.0",
    "file-loader": "^1.1.4",
    "friendly-errors-webpack-plugin": "^1.6.1",
    "html-loader": "^0.5.1",
    "html-webpack-plugin": "^2.30.1",
    "node-notifier": "^5.1.2",
    "node-sass": "^4.7.2",
    "optimize-css-assets-webpack-plugin": "^3.2.0",
    "ora": "^1.2.0",
    "portfinder": "^1.0.13",
    "postcss-import": "^11.0.0",
    "postcss-loader": "^2.0.8",
    "rimraf": "^2.6.0",
    "sass-loader": "^6.0.6",
    "semver": "^5.3.0",
    "shelljs": "^0.7.6",
    "ts-loader": "^3.2.0",
    "tslint": "^5.8.0",
    "typescript": "^2.6.2",
    "uglifyjs-webpack-plugin": "^1.1.1",
    "url-loader": "^0.5.8",
    "vue-loader": "^13.3.0",
    "vue-style-loader": "^3.0.1",
    "vue-template-compiler": "^2.5.2",
    "webpack": "^3.6.0",
    "webpack-bundle-analyzer": "^2.9.0",
    "webpack-dev-server": "^2.9.1",
    "webpack-merge": "^4.1.0"
  },
  "license": "MIT",
  "engines": {
    "node": ">= 4.0.0",
    "npm": ">= 3.0.0"
  },
  "browserslist": [
    "> 1%",
    "last 2 versions",
    "not ie <= 8"
  ]
}