{
  "name": "highcharts-angular-project",
  "private": true,
  "description": "Project to develop the Highcharts component for Angular. See the ./highcharts-angular folder for published project.",
  "version": "0.0.0",
  "license": "SEE LICENSE IN <LICENSE>",
  "author": "Black Label <start@blacklabel.pl> (http://blacklabel.pl)",
  "scripts": {
    "ng": "ng",
    "start": "node tasks/build.js && ng serve --open",
    "build": "node tasks/build.js",
    "test": "ng test highcharts-angular",
    "lint": "ng lint highcharts-angular",
    "release": "cd ./highcharts-angular && standard-version && cd ../ && node tasks/build.js && node tasks/release.js",
    "e2e": "ng e2e"
  },
  "dependencies": {
    "@angular/animations": "7.1.0",
    "@angular/common": "7.1.0",
    "@angular/compiler": "7.1.0",
    "@angular/core": "7.1.0",
    "@angular/forms": "7.1.0",
    "@angular/http": "7.1.0",
    "@angular/platform-browser": "7.1.0",
    "@angular/platform-browser-dynamic": "7.1.0",
    "@angular/router": "7.1.0",
    "core-js": "2.5.4",
    "rxjs": "6.3.3",
    "tslib": "1.9.0",
    "zone.js": "0.8.26",
    "highcharts": "7.0.1",
    "@highcharts/map-collection": "1.1.2",
    "highcharts-custom-events": "2.2.2"
  },
  "devDependencies": {
    "@angular-devkit/build-angular": "0.11.0",
    "@angular-devkit/build-ng-packagr": "0.11.0",
    "@angular/cli": "7.1.3",
    "@angular/compiler-cli": "7.1.0",
    "@angular/language-service": "7.1.0",
    "@types/node": "8.9.4",
    "@types/jasmine": "2.8.8",
    "@types/jasminewd2": "2.0.3",
    "codelyzer": "4.5.0",
    "jasmine-core": "2.99.1",
    "jasmine-spec-reporter": "4.2.1",
    "karma": "3.1.1",
    "karma-chrome-launcher": "2.2.0",
    "karma-coverage-istanbul-reporter": "2.0.1",
    "karma-jasmine": "1.1.2",
    "karma-jasmine-html-reporter": "0.2.2",
    "ng-packagr": "4.4.0",
    "protractor": "5.4.0",
    "standard-version": "4.4.0",
    "ts-node": "7.0.0",
    "tsickle": "0.25.5",
    "tslint": "5.11.0",
    "typescript": "3.1.6"
  }
}