{
  "name": "@ngx-translate/http-loader",
  "description": "A loader for ngx-translate that loads translations using http",
  "scripts": {
    "build": "ng build",
    "commit": "git-cz",
    "lint": "ng lint",
    "ng": "ng",
    "start": "ng serve",
    "test": "ng test"
  },
  "private": true,
  "dependencies": {
    "@angular/common": "^7.0.0",
    "@angular/compiler": "^7.0.0",
    "@angular/core": "^7.0.0",
    "@angular/platform-browser": "^7.0.0",
    "@angular/platform-browser-dynamic": "^7.0.0",
    "@ngx-translate/core": ">=11.0.0",
    "core-js": "^2.5.7",
    "rxjs": "^6.3.3",
    "zone.js": "^0.8.26"
  },
  "devDependencies": {
    "@angular-devkit/build-angular": "^0.10.2",
    "@angular-devkit/build-ng-packagr": "^0.10.2",
    "@angular/cli": "^7.0.2",
    "@angular/compiler-cli": "^7.0.0",
    "@angular/language-service": "^7.0.0",
    "@types/jasmine": "^2.8.9",
    "@types/jasminewd2": "^2.0.5",
    "@types/node": "^10.12.0",
    "codelyzer": "^4.5.0",
    "commitizen": "2.9.6",
    "cz-conventional-changelog": "2.1.0",
    "jasmine-core": "~2.99.1",
    "jasmine-spec-reporter": "^4.2.1",
    "karma": "^3.1.1",
    "karma-chrome-launcher": "^2.2.0",
    "karma-coverage-istanbul-reporter": "^2.0.4",
    "karma-jasmine": "^1.1.2",
    "karma-jasmine-html-reporter": "^1.3.1",
    "karma-mocha-reporter": "^2.2.5",
    "lerna": "^2.11.0",
    "ng-packagr": "^4.4.0",
    "ts-node": "^7.0.1",
    "tsickle": "^0.33.0",
    "tslib": "^1.9.3",
    "tslint": "^5.11.0",
    "typescript": "^3.1.3"
  },
  "config": {
    "commitizen": {
      "path": "./node_modules/cz-conventional-changelog"
    }
  }
}