{
  "name": "igniteui-dev-demos",
  "version": "0.0.0",
  "scripts": {
    "ng": "ng",
    "start": "ng serve --open --configuration hmr",
    "build": "ng build",
    "test": "ng test",
    "lint": "ng lint",
    "e2e": "ng e2e",
    "test:lib": "ng test igniteui-angular --watch=false --no-progress --code-coverage",
    "test:lib:azure": "ng test igniteui-angular --watch=false --no-progress --code-coverage --karma-config=./projects/igniteui-angular/karma.azure.conf.js",
    "test:lib:watch": "ng test igniteui-angular",
    "test:schematics": "node -r ts-node/register ./node_modules/jasmine/bin/jasmine.js ./projects/igniteui-angular/migrations/**/*.spec.ts ./projects/igniteui-angular/schematics/**/*.spec.ts",
    "build:lib": "ng build igniteui-angular --prod && gulp build-style",
    "build:style": "gulp build-style",
    "build:migration": "gulp copy-migrations && tsc --listEmittedFiles --project ./projects/igniteui-angular/migrations/tsconfig.json",
    "build:schematics": "gulp copy-schematics && tsc --listEmittedFiles --project ./projects/igniteui-angular/schematics/tsconfig.json",
    "build:docs": "gulp typedoc-build:theme && sassdoc projects/igniteui-angular/src/lib/core/styles",
    "lint:lib": "tslint 'projects/igniteui-angular/src/**/*.ts' && stylelint 'projects/igniteui-angular/src/lib/core/styles'",
    "typedoc:dev": "gulp typedoc-serve --silent",
    "typedoc-build:export": "gulp typedoc-build:export",
    "typedoc-build:import": "gulp typedoc-build:import",
    "sassdoc-build:export": "gulp sassdoc-build:export --convert true && gulp sassdoc:clean-docs-dir",
    "sassdoc-build:import": "gulp sassdoc-build:import --render true",
    "build:typedoc:ja:production": "set NODE_ENV=production && gulp typedoc-build:doc:ja:localization",
    "build:typedoc:ja:staging": "set NODE_ENV=staging && gulp typedoc-build:doc:ja:localization",
    "build:typedoc:en:production": "set NODE_ENV=production && gulp typedoc-build:doc:en:localization",
    "build:typedoc:en:staging": "set NODE_ENV=staging && gulp typedoc-build:doc:en:localization",
    "build:sassdoc:en:production": "set NODE_ENV=production && set SASSDOC_LANG=en && gulp sassdoc-build:doc:en:localizaiton",
    "build:sassdoc:en:staging": "set NODE_ENV=staging && set SASSDOC_LANG=en && gulp sassdoc-build:doc:en:localizaiton",
    "build:sassdoc:ja:production": "set NODE_ENV=production && set SASSDOC_LANG=jp && gulp sassdoc-build:doc:ja:localizaiton --render true",
    "build:sassdoc:ja:staging": "set NODE_ENV=staging && set SASSDOC_LANG=jp && gulp sassdoc-build:doc:ja:localizaiton --render true",
    "postinstall": "gulp copy-git-hooks"
  },
  "private": true,
  "dependencies": {
    "@angular/animations": "^7.2.0",
    "@angular/common": "^7.2.0",
    "@angular/compiler": "^7.2.0",
    "@angular/core": "^7.2.0",
    "@angular/forms": "^7.2.0",
    "@angular/http": "^7.2.0",
    "@angular/platform-browser": "^7.2.0",
    "@angular/platform-browser-dynamic": "^7.2.0",
    "@angular/router": "^7.2.0",
    "@types/hammerjs": "^2.0.36",
    "@types/source-map": "^0.5.2",
    "core-js": "^2.6.2",
    "hammerjs": "^2.0.8",
    "jszip": "^3.1.5",
    "rxjs": "^6.3.3",
    "web-animations-js": "^2.3.1",
    "zone.js": "^0.8.27"
  },
  "devDependencies": {
    "@angular-devkit/build-angular": "~0.12.1",
    "@angular-devkit/build-ng-packagr": "~0.12.1",
    "@angular-devkit/schematics": "^7.2.1",
    "@angular/cli": "~7.2.1",
    "@angular/compiler-cli": "^7.2.0",
    "@angular/language-service": "^7.2.0",
    "@angularclass/hmr": "^2.1.3",
    "@types/jasmine": "~3.3.5",
    "@types/jasminewd2": "~2.0.6",
    "@types/node": "~10.12.18",
    "@types/webpack-env": "^1.13.6",
    "browser-sync": "^2.26.3",
    "codelyzer": "~4.5.0",
    "coveralls": "^3.0.2",
    "gulp": "^3.9.1",
    "gulp-concat": "^2.6.1",
    "gulp-postcss": "^8.0.0",
    "gulp-sass": "^4.0.2",
    "gulp-shell": "^0.6.5",
    "gulp-sourcemaps": "^2.6.4",
    "gulp-typescript": "^5.0.0-alpha.3",
    "gulp-uglify": "^3.0.1",
    "hammer-simulator": "0.0.1",
    "jasmine": "~3.3.1",
    "jasmine-core": "~3.3.0",
    "jasmine-spec-reporter": "~4.2.1",
    "karma": "~3.1.4",
    "karma-chrome-launcher": "~2.2.0",
    "karma-coverage-istanbul-reporter": "~2.0.4",
    "karma-jasmine": "~2.0.1",
    "karma-jasmine-html-reporter": "~1.4.0",
    "karma-junit-reporter": "^1.2.0",
    "karma-spec-reporter": "~0.0.32",
    "lunr": "^2.3.5",
    "ng-packagr": "^4.5.0",
    "protractor": "~5.4.2",
    "sassdoc": "^2.5.1",
    "sassdoc-plugin-localization": "^1.4.1",
    "stylelint": "^9.8.0",
    "stylelint-scss": "^3.5.0",
    "themeleon": "^3.0.2",
    "ts-node": "~7.0.1",
    "tsickle": "0.34.0",
    "tslib": "^1.9.3",
    "tslint": "~5.12.1",
    "typedoc": "^0.14.1",
    "typedoc-plugin-localization": "^1.4.1",
    "typescript": "~3.2.2",
    "webpack-sources": "1.3.0"
  }
}