{
  "name": "imageoptim-cli",
  "description": "Automates ImageOptim, ImageAlpha, and JPEGmini for Mac to make batch optimisation of images part of your automated build process.",
  "version": "2.3.5",
  "author": "Jamie Mason <jamie@foldleft.io> (https://github.com/JamieMason)",
  "bin": {
    "imageoptim": "dist/imageoptim"
  },
  "bugs": "https://github.com/JamieMason/ImageOptim-CLI/issues",
  "contributors": [
    "Azusa Tomita (@azusa-tomita)",
    "David Newton (@nwtn)",
    "Elaine Osbourn (@kittysquee)",
    "Fernando Barros (@fbbarros)",
    "James Stout (@jamesstout)",
    "Jamie Mason (@JamieMason)",
    "Jason Grant (@oo12)",
    "Martin Schürrer (@MSch)",
    "Niklas Vosskötter (@neikei)",
    "Patrick Eriksson (@paleite)",
    "Peter van Westen (@regularlabs)",
    "Ramiro Araujo (@ramiroaraujo)",
    "Simen Brekken (@sbrekken)",
    "Stefan Crain (@stefancrain)",
    "The Gitter Badger (@gitter-badger)",
    "Tom Chen (@tomchentw)"
  ],
  "dependencies": {
    "chalk": "2.4.2",
    "commander": "2.19.0",
    "execa": "1.0.0",
    "fs-extra": "7.0.1",
    "globby": "9.0.0",
    "pretty-bytes": "5.1.0"
  },
  "devDependencies": {
    "@types/execa": "0.9.0",
    "@types/fs-extra": "5.0.4",
    "@types/globby": "8.0.0",
    "@types/node": "10.12.21",
    "nexe": "2.0.0-rc.34",
    "prettier": "1.16.3",
    "rimraf": "2.6.3",
    "tslint": "5.12.1",
    "typescript": "3.3.1"
  },
  "engines": {
    "node": ">=8.0.0"
  },
  "files": [
    "dist",
    "osascript"
  ],
  "homepage": "https://github.com/JamieMason/ImageOptim-CLI",
  "keywords": [
    "advpng",
    "compress",
    "compress images",
    "gifsicle",
    "image compression",
    "image optimisation",
    "imagealpha",
    "imagemin",
    "imageoptim",
    "images",
    "jpegmini",
    "jpegoptim",
    "jpegtran",
    "optimise images",
    "optipng",
    "pngcrush",
    "pngout",
    "pngquant",
    "smushit",
    "tinypng"
  ],
  "license": "MIT",
  "repository": "JamieMason/ImageOptim-CLI",
  "scripts": {
    "build": "npm run build:ts && npm run build:bin",
    "build:bin": "nexe --target 'mac-x64-10.13.0' --input dist/imageoptim.js --output dist/imageoptim",
    "build:ts": "tsc --project .",
    "format": "prettier --write '**/*.md' './src/**/*.ts'",
    "lint": "tslint --fix --project ./tsconfig.json",
    "postbuild": "rimraf dist/*.js",
    "prebuild": "rimraf dist ./test/dist",
    "prelint": "npm run format",
    "prepack": "npm run build"
  }
}