{
  "name": "intern-tutorial",
  "version": "4.0.0-alpha.12",
  "description": "Intern tutorial. Learn how to use Intern by following this tutorial!",
  "repository": {
    "type": "git",
    "url": "https://github.com/theintern/intern-tutorial.git"
  },
  "license": "BSD-3-Clause",
  "bugs": "https://github.com/theintern/intern-tutorial/issues",
  "homepage": "http://theintern.io/",
  "dependencies": {
    "systemjs": "~0.19.47",
    "tslib": "~1.8.0"
  },
  "devDependencies": {
    "@types/systemjs": "~0.20.2",
    "concurrently": "~3.5.0",
    "cpx": "~1.5.0",
    "typescript": "~2.4.1"
  },
  "scripts": {
    "build": "concurrently \"npm run compile\" \"npm run copy\"",
    "build:watch": "concurrently \"npm run compile:watch\" \"npm run copy:watch\"",
    "compile": "tsc -p .",
    "compile:watch": "tsc -p . --watch",
    "copy": "cpx \"src/**/*.{js,html,css}\" _dist/src",
    "copy:watch": "cpx \"src/**/*.{js,html,css}\" _dist/src --watch",
    "pretest": "npm run build",
    "test": "intern"
  }
}