{
  "name": "interweave-root",
  "private": true,
  "scripts": {
    "build": "beemo run-script build",
    "coverage": "yarn run jest --coverage",
    "eslint": "beemo eslint",
    "jest": "beemo jest",
    "posttest": "yarn run eslint",
    "pretest": "yarn run type",
    "test": "yarn run jest",
    "test:bundle": "yarn run build && beemo create-config typescript && webpack && serve ./tests/",
    "prettier": "beemo prettier",
    "prerelease": "yarn test && yarn run build",
    "release": "lerna publish",
    "type": "beemo typescript --workspaces=* --noEmit"
  },
  "devDependencies": {
    "@milesj/build-tools": "^0.29.0",
    "@types/react": "^16.8.5",
    "@types/react-dom": "^16.8.2",
    "babel-loader": "^8.0.5",
    "emojibase": "^2.2.0",
    "emojibase-test-utils": "^3.2.0",
    "lerna": "^3.13.0",
    "react": "^16.8.3",
    "serve": "^10.1.2",
    "webpack": "^4.29.5",
    "webpack-cli": "^3.2.3"
  },
  "workspaces": [
    "packages/*"
  ],
  "beemo": {
    "module": "@milesj/build-tools",
    "drivers": [
      "babel",
      "eslint",
      "jest",
      "prettier",
      "typescript"
    ],
    "settings": {
      "react": true
    },
    "eslint": {
      "rules": {
        "import/no-named-as-default": "off",
        "require-unicode-regexp": "off",
        "react/jsx-no-literals": "off",
        "react/no-unused-prop-types": "off",
        "react/default-props-match-prop-types": "off",
        "@typescript-eslint/camelcase": "off"
      }
    }
  },
  "browserslist": [
    "ie 10"
  ]
}