{
  "name": "@interactjs/_dev",
  "private": "true",
  "version": "0.0.0",
  "bin": {
    "_dev": "scripts/_dev",
    "@build": "scripts/build.js",
    "@bump": "scripts/bump.js",
    "@docs": "docs/index.js",
    "@lint": "scripts/lint.js",
    "@run_test": "scripts/test.sh"
  },
  "scripts": {
    "bootstrap": "npx lerna bootstrap --ci",
    "start": "cd packages/interactjs; ../../scripts/build.js --watch",
    "build": "cd packages/interactjs; ../../scripts/build.js --docs",
    "lint": "scripts/lint.js",
    "test": "scripts/test.sh",
    "tsc_lint_test": "tsc -b -f && tsc -b --clean && npm run lint -- --fail-on-error && npm test",
    "docs": "node docs --go",
    "release": "sh ./scripts/release.sh",
    "pre-release": "npm run release -- prerelease",
    "bump": "scripts/bump.js $@"
  },
  "dependencies": {
    "@babel/core": "latest",
    "@babel/plugin-proposal-class-properties": "latest",
    "@babel/plugin-transform-runtime": "latest",
    "@babel/preset-env": "latest",
    "@babel/preset-typescript": "latest",
    "@babel/register": "latest",
    "@babel/runtime": "latest",
    "@types/node": "latest",
    "@types/tape": "latest",
    "@typescript-eslint/eslint-plugin": "latest",
    "@typescript-eslint/eslint-plugin-tslint": "latest",
    "@typescript-eslint/parser": "latest",
    "babel-eslint": "latest",
    "babel-plugin-istanbul": "latest",
    "babel-plugin-transform-es2015-modules-commonjs": "latest",
    "babelify": "latest",
    "browser-pack-flat": "latest",
    "browserify": "latest",
    "combine-source-map": "latest",
    "common-shakeify": "latest",
    "domator": "latest",
    "envify": "latest",
    "errorify": "latest",
    "eslint": "latest",
    "eslint-config-standard": "latest",
    "eslint-plugin-import": "latest",
    "eslint-plugin-node": "latest",
    "eslint-plugin-promise": "latest",
    "eslint-plugin-require-path-exists": "latest",
    "eslint-plugin-standard": "latest",
    "fs-extra": "latest",
    "glob": "latest",
    "husky": "latest",
    "jsdoc": "github:taye/jsdoc#master",
    "jsdoc-babel": "latest",
    "jsdoc-stale": "github:taye/jsdoc-stale#master",
    "jsdom": "latest",
    "lerna": "latest",
    "mkdirp": "latest",
    "nyc": "latest",
    "semver": "latest",
    "tap-spec": "latest",
    "tape": "latest",
    "through2": "latest",
    "tslint": "latest",
    "typescript": "latest",
    "uglify-js": "latest",
    "watchify": "latest",
    "yargs": "latest"
  },
  "devDependencies": {
    "ts-node": "latest"
  },
  "husky": {
    "hooks": {
      "pre-commit": "npm run lint -- --fail-on-error",
      "pre-push": "npm run tsc_lint_test"
    }
  }
}