{
  "name": "dojo",
  "version": "2.0.0-pre",
  "description": "Dojo 2 core. The Dojo 2 core library provides TypeScript & JavaScript authors with a complete set of tools for developing well-structured, highly maintainable applications.",
  "homepage": "http://dojotoolkit.org",
  "bugs": {
    "url": "https://github.com/dojo/dojo2/issues"
  },
  "license": "BSD-3-Clause",
  "repository": {
    "type": "git",
    "url": "https://github.com/dojo/dojo2.git"
  },
  "devDependencies": {
    "dts-generator": "1.3.1",
    "grunt": "0.4.5",
    "grunt-contrib-clean": "0.6.0",
    "grunt-contrib-copy": "0.8.0",
    "grunt-ts": "3.0.0",
    "grunt-tslint": "2.0.0",
    "tslint": "2.0.1",
    "intern": "3.0.6",
    "typescript": "https://github.com/csnover/TypeScript/archive/0.20150422.0+378b5ffd1af2249658c8b7a3dc7465d911af93ff.tar.gz"
  }
}