{
  "name": "inversify-express-example",
  "version": "1.0.0",
  "description": "Examples for using inversify with expressjs",
  "author": "lholznagel",
  "license": "MIT",
  "scripts": {
    "test": "nyc --clean --all --require ts-node/register --require reflect-metadata/Reflect --extension .ts -- mocha --exit --timeout 5000",
    "test:all": "npm test **/*.spec.ts"
  },
  "dependencies": {
    "body-parser": "1.18.3",
    "express": "4.16.2",
    "helmet": "3.15.1",
    "inversify": "5.0.1",
    "inversify-binding-decorators": "3.2.0",
    "inversify-express-utils": "6.2.0",
    "inversify-logger-middleware": "3.1.0",
    "mongodb": "3.1.11",
    "morgan": "1.9.1",
    "pg": "7.8.0",
    "reflect-metadata": "0.1.13",
    "typeorm": "0.2.13"
  },
  "devDependencies": {
    "@types/bluebird": "3.5.25",
    "@types/body-parser": "1.17.0",
    "@types/chai": "4.1.4",
    "@types/express": "4.16.1",
    "@types/helmet": "0.0.42",
    "@types/mocha": "5.2.3",
    "@types/mongodb": "3.1.19",
    "@types/morgan": "1.7.35",
    "chai": "4.1.2",
    "mocha": "5.2.0",
    "nyc": "13.2.0",
    "ts-node": "8.0.2",
    "typescript": "2.7.2"
  },
  "nyc": {
    "exclude": [
      "**/*.spec.ts"
    ]
  }
}