{
  "name": "italia-app",
  "version": "0.1.0",
  "private": true,
  "scripts": {
    "start": "node node_modules/react-native/local-cli/cli.js start",
    "postinstall": "patch-package && rn-nodeify --install path,buffer && chmod +x ./bin/add-ios-source-maps.sh && ./bin/add-ios-source-maps.sh && chmod +x ./bin/add-ios-env-config.sh && ./bin/add-ios-env-config.sh",
    "test": "jest",
    "prettify": "prettier --write \"ts/**/*.ts*\"",
    "packager:clear": "rm -rf $TMPDIR/react-native-packager-cache-* && rm -rf $TMPDIR/metro-bundler-cache-*",
    "bundle:android": "node node_modules/react-native/local-cli/cli.js bundle --platform android --dev true --entry-file index.js --bundle-output ./bundles/index.android.bundle",
    "tsc:noemit": "tsc --noemit",
    "lint": "tslint -p . -c tslint.json -t verbose",
    "lint-autofix": "tslint -p . -c tslint.json -t verbose --fix",
    "generate:pagopa-api-definitions": "rimraf definitions/pagopa && mkdir -p definitions/pagopa && gen-api-models --api-spec https://acardste.vaservices.eu:443/pp-restapi-CD/v2/api-docs --out-dir ./definitions/pagopa --request-types --response-decoders --default-error-type Error",
    "generate:api-definitions": "rimraf definitions/backend && mkdir -p definitions/backend && gen-api-models --api-spec https://raw.githubusercontent.com/teamdigitale/italia-backend/v0.3.0/api_proxy.yaml --out-dir ./definitions/backend --request-types --response-decoders  && gen-api-models --api-spec https://raw.githubusercontent.com/teamdigitale/italia-backend/v0.3.0/api_public.yaml --out-dir ./definitions/backend",
    "bundle:android-release": "node node_modules/react-native/local-cli/cli.js bundle --platform android --dev false --entry-file index.js --bundle-output android/app/src/main/assets/index.android.bundle --assets-dest android/app/src/main/res/",
    "generate:locales": "ts-node --skip-project -O '{\"lib\":[\"es2015\"]}' scripts/make-locales.ts",
    "generate:content-definitions": "rimraf definitions/content && mkdir -p definitions/content && gen-api-models --api-spec https://raw.githubusercontent.com/teamdigitale/italia-services-metadata/master/definitions.yml --out-dir ./definitions/content",
    "generate:all": "npm-run-all generate:api-definitions generate:pagopa-api-definitions generate:content-definitions generate:locales"
  },
  "dependencies": {
    "abort-controller": "^1.0.2",
    "async-mutex": "^0.1.3",
    "buffer": "^4.9.1",
    "color": "^3.0.0",
    "date-fns": "^1.29.0",
    "email-validator": "^2.0.4",
    "fp-ts": "^1.6.2",
    "hoist-non-react-statics": "^3.0.1",
    "instabug-reactnative": "^8.0.14",
    "io-ts": "^1.4.2",
    "io-ts-types": "^0.4.0",
    "italia-pagopa-commons": "^0.0.2",
    "italia-ts-commons": "^3.1.2",
    "lodash": "^4.17.11",
    "native-base": "2.10.0",
    "native-base-shoutem-theme": "^0.2.2",
    "path-browserify": "0.0.0",
    "react": "16.6.3",
    "react-native": "0.57.8",
    "react-native-background-timer": "2.1.1",
    "react-native-calendar-events": "1.6.4",
    "react-native-camera": "1.2.0",
    "react-native-config": "0.11.7",
    "react-native-device-info": "^0.22",
    "react-native-exception-handler": "2.10.0",
    "react-native-gesture-handler": "^1.0.16",
    "react-native-i18n": "^2.0.15",
    "react-native-keychain": "^3.0.0",
    "react-native-mixpanel": "^1.1.1",
    "react-native-offline": "3.11.0",
    "react-native-popup-menu": "^0.14.0",
    "react-native-push-notification": "git://github.com/zo0r/react-native-push-notification#aaf2d19925db4666d6018c0ab1ff0d7d4c90a21d",
    "react-native-qrcode-scanner": "^1.1.0",
    "react-native-sha256": "1.2.3",
    "react-native-splash-screen": "^3.1.1",
    "react-native-svg": "^6.5.2",
    "react-native-text-input-mask": "^0.8.0",
    "react-native-touch-id": "git://github.com/naoufal/react-native-touch-id#d2ff356f5dbed4ad647b26110f5053ed41f522a4",
    "react-native-vector-icons": "^4.6.0",
    "react-native-webview": "^3.1.2",
    "react-navigation": "^3.3.0",
    "react-navigation-redux-helpers": "^3.0.0",
    "react-redux": "6.0.0",
    "redux": "4.0.1",
    "redux-logger": "3.0.6",
    "redux-persist": "5.10.0",
    "redux-saga": "0.16.2",
    "remark": "10.0.1",
    "remark-custom-blocks": "2.3.1",
    "remark-html": "9.0.0",
    "reselect": "4.0.0",
    "source-map": "^0.6.1",
    "stacktrace-js": "^2.0.0",
    "tslib": "^1.9.3",
    "typesafe-actions": "^2.0.4",
    "uuid": "^3.3.2",
    "validator": "^10.7.0",
    "whatwg-fetch": "git://github.com/github/fetch#141665b1477bb25ac1427b2cb3e05203453e30cb"
  },
  "devDependencies": {
    "@babel/core": "^7.2.2",
    "@types/chalk": "^2.2.0",
    "@types/color": "^3.0.0",
    "@types/fs-extra": "^5.0.4",
    "@types/hoist-non-react-statics": "^3.0.1",
    "@types/jest": "23.3.12",
    "@types/js-yaml": "^3.11.2",
    "@types/lodash": "^4.14.116",
    "@types/node": "^10.1.0",
    "@types/node-fetch": "^2.1.1",
    "@types/prettier": "^1.13.2",
    "@types/react": "16.7.18",
    "@types/react-native": "0.57.24",
    "@types/react-native-background-timer": "^2.0.0",
    "@types/react-native-i18n": "^2.0.0",
    "@types/react-native-loading-spinner-overlay": "^0.5.1",
    "@types/react-native-push-notification": "^3.0.2",
    "@types/react-native-text-input-mask": "^0.7.2",
    "@types/react-native-vector-icons": "^4.6.3",
    "@types/react-navigation": "^3.0.3",
    "@types/react-redux": "6.0.12",
    "@types/react-test-renderer": "16.0.3",
    "@types/redux-logger": "^3.0.6",
    "@types/redux-saga": "^0.10.5",
    "@types/stacktrace-js": "^0.0.32",
    "@types/uuid": "^3.4.4",
    "@types/validator": "^9.4.2",
    "babel-core": "^7.0.0-bridge.0",
    "babel-jest": "^23.6.0",
    "babel-preset-react-native": "^4.0.1",
    "chalk": "^2.4.1",
    "danger": "^3.8.0",
    "danger-plugin-digitalcitizenship": "^0.3.1",
    "fs-extra": "^7.0.0",
    "italia-tslint-rules": "^0.1.1",
    "italia-utils": "^3.14.16",
    "jest": "23.6.0",
    "js-yaml": "^3.12.0",
    "metro-react-native-babel-preset": "0.51.1",
    "node-fetch": "^2.2.0",
    "npm-run-all": "^4.1.3",
    "patch-package": "^5.1.1",
    "postinstall-postinstall": "^1.0.0",
    "prettier": "1.14.2",
    "react-native-typescript-transformer": "^1.2.10",
    "react-test-renderer": "16.6.3",
    "redux-saga-test-plan": "^3.7.0",
    "rn-nodeify": "^10.0.1",
    "ts-jest": "23.10.5",
    "ts-node": "^7.0.1",
    "tslint": "^5.11.0",
    "tslint-config-prettier": "^1.15.0",
    "tslint-eslint-rules": "^5.4.0",
    "tslint-immutable": "^4.7.0",
    "tslint-plugin-prettier": "^1.3.0",
    "tslint-react": "^3.6.0",
    "tslint-sonarts": "^1.7.0",
    "typescript": "3.2.2",
    "typestrict": "^1.0.0"
  },
  "resolutions": {
    "@types/react": "16.7.18",
    "@types/prop-types": "15.5.5",
    "io-ts-types/io-ts": "1.4.2"
  },
  "rnpm": {
    "assets": [
      "./assets/fonts/TitilliumWeb",
      "./assets/fonts/io-icon-font",
      "./assets/fonts/RobotoMono"
    ]
  },
  "detox": {
    "test-runner": "jest",
    "specs": "e2e",
    "runner-config": "jest-e2e.config.js",
    "configurations": {
      "ios.sim.debug": {
        "binaryPath": "ios/build/Build/Products/Debug-iphonesimulator/ItaliaApp.app",
        "build": "xcodebuild -workspace ios/ItaliaApp.xcworkspace -scheme ItaliaApp -configuration Debug -sdk iphonesimulator -derivedDataPath ios/build",
        "type": "ios.simulator",
        "name": "iPhone 6, iOS 10.3"
      },
      "ios.sim.release": {
        "binaryPath": "ios/build/Build/Products/Release-iphonesimulator/ItaliaApp.app",
        "build": "xcodebuild -workspace ios/ItaliaApp.xcworkspace -scheme ItaliaApp -configuration Release -sdk iphonesimulator -derivedDataPath ios/build",
        "type": "ios.simulator",
        "name": "iPhone 6, iOS 10.3"
      }
    }
  },
  "react-native": {
    "path": "path-browserify"
  },
  "browser": {
    "path": "path-browserify"
  }
}