{
  "name": "CNodeClub",
  "version": "0.0.1",
  "author": "Ionic Framework",
  "homepage": "http://ionicframework.com/",
  "private": true,
  "scripts": {
    "clean": "ionic-app-scripts clean",
    "build": "ionic-app-scripts build",
    "lint": "ionic-app-scripts lint",
    "ionic:build": "ionic-app-scripts build",
    "ionic:serve": "ionic-app-scripts serve"
  },
  "dependencies": {
    "@angular/common": "4.1.3",
    "@angular/compiler": "4.1.3",
    "@angular/compiler-cli": "4.1.3",
    "@angular/core": "4.1.3",
    "@angular/forms": "4.1.3",
    "@angular/http": "4.1.3",
    "@angular/platform-browser": "4.1.3",
    "@angular/platform-browser-dynamic": "4.1.3",
    "@ionic-native/app-version": "^3.12.1",
    "@ionic-native/badge": "^3.12.1",
    "@ionic-native/barcode-scanner": "^3.12.1",
    "@ionic-native/core": "3.10.2",
    "@ionic-native/in-app-browser": "^3.12.1",
    "@ionic-native/social-sharing": "^3.12.1",
    "@ionic-native/splash-screen": "3.10.2",
    "@ionic-native/status-bar": "3.10.2",
    "@ionic/storage": "2.0.1",
    "cordova-android": "^6.2.3",
    "cordova-ios": "^4.4.0",
    "cordova-plugin-app-version": "^0.1.9",
    "cordova-plugin-badge": "^0.8.1",
    "cordova-plugin-browsertab": "^0.2.0",
    "cordova-plugin-compat": "^1.1.0",
    "cordova-plugin-console": "^1.0.5",
    "cordova-plugin-device": "^1.1.4",
    "cordova-plugin-inappbrowser": "^1.7.1",
    "cordova-plugin-splashscreen": "^4.0.3",
    "cordova-plugin-statusbar": "^2.2.2",
    "cordova-plugin-whitelist": "^1.3.1",
    "cordova-plugin-x-socialsharing": "^5.1.8",
    "es6-promise-plugin": "^4.1.0",
    "ionic-angular": "3.4.2",
    "ionic-plugin-keyboard": "^2.2.1",
    "ionicons": "3.0.0",
    "phonegap-plugin-barcodescanner": "^6.0.6",
    "rxjs": "5.4.0",
    "sw-toolbox": "3.6.0",
    "zone.js": "0.8.12"
  },
  "devDependencies": {
    "@ionic/app-scripts": "1.3.7",
    "@ionic/cli-plugin-cordova": "1.4.0",
    "@ionic/cli-plugin-ionic-angular": "1.3.1",
    "typescript": "2.3.3"
  },
  "description": "An Ionic project",
  "cordova": {
    "plugins": {
      "cordova-plugin-console": {},
      "cordova-plugin-device": {},
      "cordova-plugin-splashscreen": {},
      "cordova-plugin-statusbar": {},
      "cordova-plugin-whitelist": {},
      "ionic-plugin-keyboard": {},
      "cordova-plugin-app-version": {},
      "cordova-plugin-badge": {},
      "phonegap-plugin-barcodescanner": {
        "CAMERA_USAGE_DESCRIPTION": " "
      },
      "cordova-plugin-inappbrowser": {},
      "cordova-plugin-x-socialsharing": {}
    },
    "platforms": [
      "android",
      "ios"
    ]
  }
}