{
  "name": "ionic-hello-world",
  "author": "Ionic Framework",
  "homepage": "http://ionicframework.com/",
  "private": true,
  "scripts": {
    "clean": "ionic-app-scripts clean",
    "build": "ionic-app-scripts build",
    "ionic:build": "ionic-app-scripts build",
    "ionic:serve": "ionic-app-scripts serve"
  },
  "dependencies": {
    "@angular/common": "5.0.0",
    "@angular/compiler": "5.0.0",
    "@angular/compiler-cli": "5.0.0",
    "@angular/core": "5.0.0",
    "@angular/forms": "5.0.0",
    "@angular/http": "5.0.0",
    "@angular/platform-browser": "5.0.0",
    "@angular/platform-browser-dynamic": "5.0.0",
    "@ionic-native/core": "3.4.2",
    "@ionic-native/splash-screen": "3.4.2",
    "@ionic-native/status-bar": "3.4.2",
    "@ionic/storage": "2.1.3",
    "ionic-angular": "3.9.0",
    "ionicons": "3.0.0",
    "ng-lottie": "^0.2.2",
    "rxjs": "5.5.2",
    "sw-toolbox": "3.4.0",
    "zone.js": "0.8.18"
  },
  "devDependencies": {
    "@ionic/app-scripts": "3.1.0",
    "@ionic/cli-plugin-ionic-angular": "1.4.1",
    "ionic": "3.19.0",
    "typescript": "2.4.2"
  },
  "cordovaPlugins": [
    "cordova-plugin-whitelist",
    "cordova-plugin-console",
    "cordova-plugin-statusbar",
    "cordova-plugin-device",
    "cordova-plugin-splashscreen",
    "ionic-plugin-keyboard"
  ],
  "cordovaPlatforms": [],
  "description": "ionic2Lottie: An Ionic project"
}