{
  "name": "elm",
  "version": "0.1.0",
  "author": "nuonuoge",
  "homepage": "https://github.com/nuonuoge/ionic4_angular6_elm",
  "scripts": {
    "ng": "ng",
    "start": "ng serve --port 5555 --proxy-config proxy.config.json",
    "build": "ng build --prod --aot",
    "test": "ng test",
    "lint": "ng lint",
    "e2e": "ng e2e"
  },
  "private": true,
  "dependencies": {
    "@angular/common": "^7.2.2",
    "@angular/core": "^7.2.2",
    "@angular/forms": "^7.2.2",
    "@angular/http": "^7.2.2",
    "@angular/platform-browser": "^7.2.2",
    "@angular/platform-browser-dynamic": "^7.2.2",
    "@angular/router": "^7.2.2",
    "@ionic-native/core": "^5.0.0",
    "@ionic-native/splash-screen": "^5.0.0",
    "@ionic-native/status-bar": "^5.0.0",
    "@ionic/angular": "^4.0.0",
    "core-js": "^2.5.4",
    "rxjs": "~6.3.3",
    "zone.js": "~0.8.29"
  },
  "devDependencies": {
    "@angular-devkit/architect": "~0.12.3",
    "@angular-devkit/build-angular": "~0.12.3",
    "@angular-devkit/core": "~7.2.3",
    "@angular-devkit/schematics": "~7.2.3",
    "@angular/animations": "^7.2.2",
    "@angular/cli": "~7.2.3",
    "@angular/compiler": "~7.2.2",
    "@angular/compiler-cli": "~7.2.2",
    "@angular/language-service": "~7.2.2",
    "@ionic/angular-toolkit": "~1.2.0",
    "@types/jasmine": "~2.8.8",
    "@types/jasminewd2": "~2.0.3",
    "@types/node": "~10.12.0",
    "codelyzer": "~4.5.0",
    "jasmine-core": "~2.99.1",
    "jasmine-spec-reporter": "~4.2.1",
    "karma": "~3.1.4",
    "karma-chrome-launcher": "~2.2.0",
    "karma-coverage-istanbul-reporter": "~2.0.1",
    "karma-jasmine": "~1.1.2",
    "karma-jasmine-html-reporter": "^0.2.2",
    "protractor": "~5.4.0",
    "ts-node": "~8.0.0",
    "tslint": "~5.12.0",
    "typescript": "~3.1.6"
  },
  "description": "An Elm project"
}