{
  "name": "ionic2-reddit-reader",
  "author": "smartapant",
  "version": "1.0.0",
  "private": false,
  "scripts": {
    "ionic:build": "ionic-app-scripts build",
    "ionic:serve": "ionic-app-scripts serve"
  },
  "dependencies": {
    "@angular/common": "2.1.1",
    "@angular/compiler": "2.1.1",
    "@angular/compiler-cli": "2.1.1",
    "@angular/core": "2.1.1",
    "@angular/forms": "2.1.1",
    "@angular/http": "2.1.1",
    "@angular/platform-browser": "2.1.1",
    "@angular/platform-browser-dynamic": "2.1.1",
    "@angular/platform-server": "2.1.1",
    "@ionic/storage": "1.1.6",
    "angular2-moment": "^1.0.0-beta.rc.1",
    "ionic-angular": "2.0.0-rc.3",
    "ionic-native": "2.2.3",
    "ionicons": "3.0.0",
    "rxjs": "5.0.0-beta.12",
    "sw-toolbox": "3.4.0",
    "zone.js": "0.6.26"
  },
  "devDependencies": {
    "@ionic/app-scripts": "1.0.0",
    "typescript": "2.0.9"
  },
  "cordovaPlugins": [
    "cordova-plugin-whitelist",
    "cordova-plugin-console",
    "cordova-plugin-statusbar",
    "cordova-plugin-device",
    "cordova-plugin-splashscreen",
    "ionic-plugin-keyboard"
  ],
  "cordovaPlatforms": [],
  "description": "ionic2-reddit-reader: An Ionic project"
}