{
  "name": "@stencil/starter",
  "private": true,
  "version": "0.0.1",
  "description": "Stencil Starter App",
  "files": [
    "dist"
  ],
  "scripts": {
    "build": "stencil build --prerender",
    "dev": "sd concurrent \"stencil build --dev --watch\" \"stencil-dev-server\" ",
    "serve": "stencil-dev-server",
    "start": "npm run dev",
    "devTest": "sd concurrent \"stencil build --dev --watch\" \"http-server www/\" ",
    "deploy": "npm run build && firebase deploy"
  },
  "dependencies": {
    "@ionic/core": "0.1.5-1",
    "@stencil/core": "0.7.6",
    "@stencil/router": "0.0.28"
  },
  "devDependencies": {
    "@stencil/dev-server": "latest",
    "@stencil/sass": "0.0.3",
    "@stencil/utils": "latest"
  },
  "repository": {
    "type": "git",
    "url": "git+https://github.com/ionic-team/stencil-starter.git"
  },
  "author": "Ionic Team",
  "license": "MIT",
  "bugs": {
    "url": "https://github.com/ionic-team/stencil"
  },
  "homepage": "https://github.com/ionic-team/stencil"
}