{
  "name": "ionic3-chat",
  "author": "Ionic Framework",
  "homepage": "http://ionicframework.com/",
  "private": true,
  "scripts": {
    "clean": "ionic-app-scripts clean",
    "build": "ionic-app-scripts build",
    "lint": "ionic-app-scripts lint",
    "ionic:build": "ionic-app-scripts build",
    "ionic:serve": "ionic-app-scripts serve"
  },
  "dependencies": {
    "@angular/common": "5.1.2",
    "@angular/compiler": "5.1.2",
    "@angular/compiler-cli": "5.1.2",
    "@angular/core": "5.1.2",
    "@angular/forms": "5.1.2",
    "@angular/http": "5.1.2",
    "@angular/platform-browser": "5.1.2",
    "@angular/platform-browser-dynamic": "5.1.2",
    "@ionic-native/core": "4.5.2",
    "@ionic-native/splash-screen": "4.5.2",
    "@ionic-native/status-bar": "4.5.2",
    "@ionic/storage": "2.1.3",
    "cordova-android": "~7.0.0",
    "cordova-browser": "~5.0.3",
    "cordova-ios": "^4.5.4",
    "cordova-plugin-console": "1.1.0",
    "cordova-plugin-device": "2.0.0",
    "cordova-plugin-splashscreen": "~5.0.0",
    "cordova-plugin-statusbar": "2.4.0",
    "cordova-plugin-whitelist": "1.3.3",
    "date-fns": "^1.29.0",
    "ionic-angular": "3.9.2",
    "ionic-plugin-keyboard": "~2.2.1",
    "ionicons": "3.0.0",
    "rxjs": "5.5.6",
    "sw-toolbox": "3.6.0",
    "zone.js": "0.8.19"
  },
  "devDependencies": {
    "@ionic/app-scripts": "3.1.7",
    "cross-spawn": "^5.1.0",
    "ionic": "3.19.0",
    "typescript": "2.6.2"
  },
  "cordovaPlugins": [
    "cordova-plugin-whitelist",
    "cordova-plugin-console",
    "cordova-plugin-statusbar",
    "ionic-plugin-keyboard",
    "cordova-plugin-splashscreen",
    "cordova-plugin-device"
  ],
  "cordovaPlatforms": [
    "ios",
    {
      "platform": "ios",
      "version": "",
      "locator": "ios"
    }
  ],
  "description": "chat: An Ionic project",
  "cordova": {
    "platforms": [
      "android",
      "browser",
      "ios"
    ],
    "plugins": {
      "cordova-plugin-console": {},
      "cordova-plugin-device": {},
      "cordova-plugin-splashscreen": {},
      "cordova-plugin-statusbar": {},
      "cordova-plugin-whitelist": {},
      "ionic-plugin-keyboard": {}
    }
  }
}