{
  "name": "ionic-JD",
  "version": "0.0.1",
  "author": "Ionic Framework",
  "homepage": "http://ionicframework.com/",
  "private": true,
  "scripts": {
    "clean": "ionic-app-scripts clean",
    "build": "ionic-app-scripts build",
    "lint": "ionic-app-scripts lint",
    "ionic:build": "ionic-app-scripts build",
    "ionic:serve": "ionic-app-scripts serve"
  },
  "dependencies": {
    "@angular/common": "5.0.3",
    "@angular/compiler": "5.0.3",
    "@angular/compiler-cli": "5.0.3",
    "@angular/core": "5.0.3",
    "@angular/forms": "5.0.3",
    "@angular/http": "5.0.3",
    "@angular/platform-browser": "5.0.3",
    "@angular/platform-browser-dynamic": "5.0.3",
    "@ionic-native/core": "4.4.0",
    "@ionic-native/splash-screen": "4.4.0",
    "@ionic-native/status-bar": "4.4.0",
    "@ionic/pro": "1.0.16",
    "@ionic/storage": "2.1.3",
    "hoek": "^5.0.3",
    "ionic-angular": "3.9.2",
    "ionicons": "3.0.0",
    "rxjs": "5.5.2",
    "sw-toolbox": "3.6.0",
    "zone.js": "0.8.18"
  },
  "devDependencies": {
    "@ionic/app-scripts": "3.1.5",
    "typescript": "2.4.2"
  },
  "description": "An Ionic project"
}