{
  "name": "ionic3chat",
  "version": "0.0.1",
  "author": "Ionic Framework",
  "homepage": "http://ionicframework.com/",
  "private": true,
  "scripts": {
    "clean": "ionic-app-scripts clean",
    "build": "ionic-app-scripts build",
    "lint": "ionic-app-scripts lint",
    "ionic:build": "ionic-app-scripts build",
    "ionic:serve": "ionic-app-scripts serve"
  },
  "dependencies": {
    "@angular/common": "4.1.2",
    "@angular/compiler": "4.1.2",
    "@angular/compiler-cli": "4.1.2",
    "@angular/core": "4.1.2",
    "@angular/forms": "4.1.2",
    "@angular/http": "4.1.2",
    "@angular/platform-browser": "4.1.2",
    "@angular/platform-browser-dynamic": "4.1.2",
    "@ionic-native/core": "3.10.2",
    "@ionic-native/file": "^3.12.1",
    "@ionic-native/file-chooser": "^3.12.1",
    "@ionic-native/splash-screen": "3.10.2",
    "@ionic-native/status-bar": "3.10.2",
    "@ionic/storage": "2.0.1",
    "angularfire2": "^4.0.0-rc.1",
    "firebase": "^4.1.1",
    "ionic-angular": "3.3.0",
    "ionicons": "3.0.0",
    "rxjs": "5.1.1",
    "sw-toolbox": "3.6.0",
    "zone.js": "0.8.11"
  },
  "devDependencies": {
    "@ionic/app-scripts": "1.3.7",
    "@ionic/cli-plugin-cordova": "1.6.2",
    "@ionic/cli-plugin-ionic-angular": "1.4.1",
    "ionic": "3.12.0",
    "typescript": "2.3.3"
  },
  "description": "An Ionic project"
}