{
  "name": "ionic-app-base",
  "author": "Ionic Framework",
  "homepage": "http://ionicframework.com/",
  "private": true,
  "scripts": {
    "build": "ionic-app-scripts build",
    "watch": "ionic-app-scripts watch",
    "serve:before": "watch",
    "emulate:before": "build",
    "deploy:before": "build",
    "build:before": "build",
    "run:before": "build"
  },
  "dependencies": {
    "ionic-native": "^2.0.3",
    "ionicons": "^3.0.0",
    "jquery": "^3.1.1",
    "lodash": "^4.16.2",
    "@angular/common": "2.1.1",
    "@angular/compiler": "2.1.1",
    "@angular/compiler-cli": "2.1.1",
    "@angular/core": "2.1.1",
    "@angular/forms": "2.1.1",
    "@angular/http": "2.1.1",
    "@angular/platform-browser": "2.1.1",
    "@angular/platform-browser-dynamic": "2.1.1",
    "@angular/platform-server": "2.1.1",
    "@ionic/storage": "1.1.6",
    "ionic-angular": "2.0.0-rc.2"
  },
  "devDependencies": {
    "@ionic/app-scripts": "0.0.39",
    "@types/lodash": "4.14.36",
    "typescript": "^2.0.3"
  }
}