{
  "name": "multi-level-side-menu",
  "author": "Sebastian Ferreras",
  "homepage": "http://www.flioh.com/",
  "private": true,
  "scripts": {
    "clean": "ionic-app-scripts clean",
    "build": "ionic-app-scripts build",
    "ionic:build": "ionic-app-scripts build",
    "ionic:serve": "ionic-app-scripts serve"
  },
  "dependencies": {
    "@angular/common": "5.0.1",
    "@angular/compiler": "5.0.1",
    "@angular/compiler-cli": "5.0.1",
    "@angular/core": "5.0.1",
    "@angular/forms": "5.0.1",
    "@angular/http": "5.0.1",
    "@angular/platform-browser": "5.0.1",
    "@angular/platform-browser-dynamic": "5.0.1",
    "@angular/tsc-wrapped": "5.0.0-beta.7",
    "@ionic-native/core": "4.4.2",
    "@ionic-native/splash-screen": "4.4.2",
    "@ionic-native/status-bar": "4.4.2",
    "@ionic/storage": "2.1.3",
    "cordova-android": "~6.1.0",
    "cordova-ios": "^4.4.0",
    "cordova-plugin-console": "1.0.5",
    "cordova-plugin-device": "1.1.4",
    "cordova-plugin-splashscreen": "~4.0.1",
    "cordova-plugin-statusbar": "2.2.1",
    "cordova-plugin-whitelist": "1.3.1",
    "ionic-angular": "3.9.2",
    "ionic-plugin-keyboard": "~2.2.1",
    "ionicons": "3.0.0",
    "rxjs": "5.5.2",
    "sw-toolbox": "3.6.0",
    "zone.js": "0.8.18"
  },
  "devDependencies": {
    "@ionic/app-scripts": "3.1.7",
    "typescript": "2.4.2"
  },
  "cordovaPlugins": [
    "cordova-plugin-whitelist",
    "cordova-plugin-console",
    "cordova-plugin-statusbar",
    "cordova-plugin-device",
    "cordova-plugin-splashscreen",
    "ionic-plugin-keyboard"
  ],
  "cordovaPlatforms": [
    "ios",
    {
      "platform": "ios",
      "version": "",
      "locator": "ios"
    }
  ],
  "description": "Ionic 2/3 demo of a two-level side menu.",
  "cordova": {
    "platforms": [
      "android",
      "ios"
    ],
    "plugins": {
      "cordova-plugin-console": {},
      "cordova-plugin-device": {},
      "cordova-plugin-splashscreen": {},
      "cordova-plugin-statusbar": {},
      "cordova-plugin-whitelist": {},
      "ionic-plugin-keyboard": {}
    }
  }
}