{
  "dependencies": {
    "angular2": "2.0.0-beta.15",
    "es6-promise": "3.1.2",
    "es6-shim": "0.35.0",
    "ionic-angular": "2.0.0-beta.6",
    "ionic-native": "^1.1.0",
    "ionicons": "3.0.0-alpha.3",
    "reflect-metadata": "0.1.2",
    "rxjs": "5.0.0-beta.2",
    "zone.js": "0.6.10"
  },
  "devDependencies": {
    "del": "2.2.0",
    "gulp": "3.9.1",
    "gulp-watch": "4.3.5",
    "ionic-gulp-browserify-typescript": "^1.0.0",
    "ionic-gulp-fonts-copy": "^1.0.0",
    "ionic-gulp-html-copy": "^1.0.0",
    "ionic-gulp-sass-build": "^1.0.0",
    "ionic-gulp-scripts-copy": "^1.0.0",
    "run-sequence": "1.1.5"
  },
  "cordovaPlugins": [
    "cordova-plugin-device",
    "cordova-plugin-console",
    "cordova-plugin-whitelist",
    "cordova-plugin-statusbar",
    "ionic-plugin-keyboard",
    "cordova-plugin-app-version",
    "cordova-plugin-inappbrowser",
    "cordova-plugin-x-socialsharing",
    "cordova-plugin-x-toast",
    "phonegap-plugin-barcodescanner",
    {
      "locator": "https://github.com/apache/cordova-plugin-splashscreen.git",
      "id": "cordova-plugin-splashscreen"
    }
  ],
  "cordovaPlatforms": [
    "ios",
    {
      "platform": "ios",
      "version": "",
      "locator": "ios"
    },
    "android"
  ],
  "name": "ionicclub",
  "description": "IonicClub: An Ionic project"
}