{
  "name": "ionic-conference-app",
  "version": "0.0.0",
  "description": "Ionic Conference App",
  "license": "Apache-2.0",
  "scripts": {
    "ng": "ng",
    "start": "ng serve",
    "build": "ng build",
    "test": "ng test",
    "lint": "ng lint",
    "precommit": "npm run lint"
  },
  "repository": {
    "type": "git",
    "url": "https://github.com/ionic-team/ionic-conference-app.git"
  },
  "private": true,
  "dependencies": {
    "@angular/common": "7.2.1",
    "@angular/core": "7.2.1",
    "@angular/forms": "7.2.1",
    "@angular/http": "~7.2.1",
    "@angular/platform-browser": "7.2.1",
    "@angular/platform-browser-dynamic": "7.2.1",
    "@angular/pwa": "0.11.0",
    "@angular/router": "7.2.1",
    "@angular/service-worker": "~7.2.1",
    "@ionic-native/core": "5.0.0-beta.15",
    "@ionic-native/in-app-browser": "5.0.0-beta.15",
    "@ionic-native/splash-screen": "5.0.0-beta.15",
    "@ionic-native/status-bar": "5.0.0-beta.15",
    "@ionic/angular": "4.0.0",
    "@ionic/storage": "^2.1.3",
    "cordova-android": "7.0.0",
    "cordova-ios": "^4.5.5",
    "cordova-plugin-device": "^2.0.2",
    "cordova-plugin-inappbrowser": "^3.0.0",
    "cordova-plugin-ionic-keyboard": "^2.1.2",
    "cordova-plugin-ionic-webview": "^2.0.0",
    "cordova-plugin-splashscreen": "^5.0.2",
    "cordova-plugin-statusbar": "^2.4.2",
    "cordova-plugin-whitelist": "^1.3.2",
    "core-js": "^2.5.7",
    "rxjs": "6.3.3",
    "sw-toolbox": "3.6.0",
    "tslib": "^1.9.0",
    "zone.js": "^0.8.26"
  },
  "devDependencies": {
    "@angular-devkit/architect": "0.11.0",
    "@angular-devkit/build-angular": "~0.11.0",
    "@angular-devkit/core": "7.1.2",
    "@angular-devkit/schematics": "7.1.2",
    "@angular/cli": "7.1.0",
    "@angular/compiler": "7.2.1",
    "@angular/compiler-cli": "7.2.1",
    "@angular/language-service": "~7.2.1",
    "@ionic/angular-toolkit": "1.2.0",
    "@ionic/lab": "^1.0.0",
    "@types/jasmine": "2.8.11",
    "@types/jasminewd2": "2.0.6",
    "@types/node": "10.12.9",
    "codelyzer": "^4.4.4",
    "husky": "^0.14.3",
    "jasmine-core": "2.99.1",
    "jasmine-spec-reporter": "4.2.1",
    "karma": "3.1.1",
    "karma-chrome-launcher": "2.2.0",
    "karma-coverage-istanbul-reporter": "2.0.4",
    "karma-jasmine": "1.1.2",
    "karma-jasmine-html-reporter": "0.2.2",
    "protractor": "5.4.1",
    "puppeteer": "1.11.0",
    "ts-node": "7.0.1",
    "tslint": "^5.11.0",
    "typescript": "~3.1.6"
  },
  "cordova": {
    "platforms": [
      "ios",
      "android"
    ],
    "plugins": {
      "cordova-plugin-device": {},
      "cordova-plugin-inappbrowser": {},
      "cordova-plugin-splashscreen": {},
      "cordova-plugin-whitelist": {},
      "cordova-plugin-ionic-webview": {},
      "cordova-plugin-statusbar": {},
      "cordova-plugin-ionic-keyboard": {}
    }
  }
}