{
  "name": "ionic3-seed-jwt",
  "version": "0.0.1",
  "author": "Venelin Manchev",
  "homepage": "http://toxic.digital",
  "private": true,
  "scripts": {
    "clean": "ionic-app-scripts clean",
    "build": "ionic-app-scripts build",
    "lint": "ionic-app-scripts lint",
    "ionic:build": "ionic-app-scripts build",
    "ionic:serve": "ionic-app-scripts serve"
  },
  "dependencies": {
    "@angular/common": "4.1.0",
    "@angular/compiler": "4.1.0",
    "@angular/compiler-cli": "4.1.0",
    "@angular/core": "4.1.0",
    "@angular/forms": "4.1.0",
    "@angular/http": "4.1.0",
    "@angular/platform-browser": "4.1.0",
    "@angular/platform-browser-dynamic": "4.1.0",
    "@ionic-native/core": "3.7.0",
    "@ionic-native/splash-screen": "3.7.0",
    "@ionic-native/status-bar": "3.7.0",
    "@ionic/storage": "2.0.1",
    "@ngx-translate/core": "^6.0.1",
    "@ngx-translate/http-loader": "0.0.3",
    "angular2-jwt": "^0.2.3",
    "ionic-angular": "3.2.0",
    "ionicons": "3.0.0",
    "rxjs": "5.1.1",
    "sw-toolbox": "3.6.0",
    "zone.js": "0.8.10"
  },
  "devDependencies": {
    "@ionic/app-scripts": "1.3.7",
    "typescript": "2.2.1"
  },
  "cordovaPlugins": [
    "cordova-plugin-whitelist",
    "cordova-plugin-console",
    "cordova-plugin-statusbar",
    "cordova-plugin-device",
    "cordova-plugin-splashscreen",
    "ionic-plugin-keyboard"
  ],
  "cordovaPlatforms": [
    "ios",
    {
      "platform": "ios",
      "version": "",
      "locator": "ios"
    }
  ],
  "description": "Ionic 3 seed project with JWT support"
}