{
  "name": "ionic-messebger-starter",
  "version": "0.0.1",
  "author": "sdey0081@gmail.com",
  "homepage": "https://ionic-messenger-starter.firebaseapp.com",
  "scripts": {
    "ng": "ng",
    "start": "ionic serve",
    "build": "ionic build",
    "test": "ng test",
    "lint": "ng lint",
    "e2e": "ng e2e"
  },
  "private": true,
  "dependencies": {
    "@angular/common": "6.1.9",
    "@angular/core": "6.1.9",
    "@angular/fire": "^5.0.0",
    "@angular/forms": "6.1.9",
    "@angular/http": "6.1.9",
    "@angular/platform-browser": "6.1.9",
    "@angular/platform-browser-dynamic": "6.1.9",
    "@angular/router": "6.1.9",
    "@ionic-native/core": "5.0.0-beta.21",
    "@ionic-native/splash-screen": "5.0.0-beta.21",
    "@ionic-native/status-bar": "5.0.0-beta.21",
    "@ionic/angular": "4.0.0-beta.3",
    "@ionic/ng-toolkit": "1.0.7",
    "@ionic/schematics-angular": "1.0.5",
    "core-js": "^2.5.3",
    "date-fns": "^1.29.0",
    "firebase": "^5.3.0",
    "rxjs": "6.3.3",
    "zone.js": "^0.8.26"
  },
  "devDependencies": {
    "@angular/cli": "6.2.3",
    "@angular/compiler": "6.1.9",
    "@angular/compiler-cli": "6.1.9",
    "@angular/language-service": "6.1.9",
    "@angular-devkit/architect": "0.8.3",
    "@angular-devkit/build-angular": "0.8.3",
    "@angular-devkit/core": "0.8.3",
    "@angular-devkit/schematics": "0.8.3",
    "@types/jasmine": "~2.8.6",
    "@types/jasminewd2": "~2.0.3",
    "@types/node": "~10.11.0",
    "codelyzer": "~4.4.2",
    "jasmine-core": "~2.99.1",
    "jasmine-spec-reporter": "~4.2.1",
    "karma": "~2.0.2",
    "karma-chrome-launcher": "~2.2.0",
    "karma-coverage-istanbul-reporter": "~2.0.0",
    "karma-jasmine": "~1.1.1",
    "karma-jasmine-html-reporter": "^0.2.2",
    "protractor": "~5.4.0",
    "ts-node": "~7.0.0",
    "tslint": "~5.11.0",
    "typescript": "~2.9.0"
  },
  "description": "An Ionic project"
}