{
  "name": "iov-monorepo-root",
  "description": "IOV JavaScript packages",
  "private": true,
  "author": "IOV SAS <admin@iov.one>",
  "license": "Apache-2.0",
  "homepage": "https://github.com/iov-one/iov-core",
  "repository": {
    "type": "git",
    "url": "https://github.com/iov-one/iov-core.git"
  },
  "bugs": {
    "url": "https://github.com/iov-one/iov-core/issues"
  },
  "workspaces": [
    "packages/*"
  ],
  "scripts": {
    "bootstrap": "lerna bootstrap",
    "format": "lerna run format",
    "lint": "lerna run lint",
    "test": "lerna run test",
    "build": "lerna run build",
    "docs": "lerna run docs",
    "release": "lerna run build && lerna publish",
    "clean": "rm -rf ./packages/*/docs/"
  },
  "devDependencies": {
    "@types/jasmine": "^3.3.7",
    "@types/memdown": "^3.0.0",
    "cross-env": "^5.2.0",
    "jasmine": "^3.3.1",
    "jasmine-console-reporter": "^3.0.2",
    "jasmine2-custom-message": "^0.9.1",
    "karma": "^3.1.4",
    "karma-chrome-launcher": "^2.2.0",
    "karma-edge-launcher": "^0.4.2",
    "karma-firefox-launcher": "^1.1.0",
    "karma-jasmine": "^2",
    "karma-jasmine-html-reporter": "^1.4",
    "karma-safari-launcher": "^1.0.0",
    "lerna": "^3.10.6",
    "memdown": "^3.0.0",
    "prettier": "^1.16.0",
    "shx": "^0.3.2",
    "source-map-support": "^0.5.6",
    "tslint": "^5.12.1",
    "tslint-config-prettier": "^1.13.0",
    "tslint-immutable": "^5.1.0",
    "typedoc": "^0.14.2",
    "typescript": "~3.2",
    "webpack": "^4.12.0",
    "webpack-cli": "^3.2.0"
  }
}