{
  "name": "irodr",
  "version": "1.0.0",
  "private": true,
  "description": "inoreader RSS reader client on browser",
  "repository": {
    "type": "git",
    "url": "https://github.com/azu/irodr"
  },
  "homepage": "https://azu.github.io/irodr",
  "author": "azu",
  "license": "MIT",
  "dependencies": {
    "@immutable-array/prototype": "^1.0.4",
    "@types/classnames": "^2.2.6",
    "@types/combokeys": "^2.4.5",
    "@types/debug": "^0.0.30",
    "@types/jest": "^23.3.1",
    "@types/lodash.debounce": "^4.0.4",
    "@types/lodash.groupby": "^4.6.4",
    "@types/lodash.keyby": "^4.6.4",
    "@types/lodash.maxby": "^4.6.4",
    "@types/lodash.sortby": "^4.7.4",
    "@types/lodash.throttle": "^4.1.4",
    "@types/node": "^10.9.2",
    "@types/prop-types": "^15.5.5",
    "@types/react": "^16.0.16",
    "@types/react-dom": "^16.0.2",
    "@types/sanitize-html": "^1.18.0",
    "@uifabric/icons": "^5.4.0",
    "almin": "^0.18.1",
    "almin-logger": "^6.2.3",
    "almin-react-container": "^0.7.3",
    "classnames": "^2.2.5",
    "client-oauth2": "^4.1.0",
    "combokeys": "^3.0.0",
    "date-fns": "^1.29.0",
    "ddd-base": "^0.3.1",
    "debug": "^3.1.0",
    "he": "^1.1.1",
    "intersection-observer": "^0.5.0",
    "localforage": "^1.5.2",
    "localforage-memoryStorageDriver": "^0.9.2",
    "lodash.debounce": "^4.0.8",
    "lodash.groupby": "^4.6.0",
    "lodash.keyby": "^4.6.0",
    "lodash.maxby": "^4.6.0",
    "lodash.sortby": "^4.7.0",
    "lodash.throttle": "^4.1.1",
    "map-like": "^2.0.0",
    "most-visible": "^1.2.1",
    "office-ui-fabric-react": "^5.38.0",
    "popsicle": "^9.1.0",
    "react": "^16.2.0",
    "react-dom": "^16.2.0",
    "react-icons": "^2.2.7",
    "react-render-html": "^0.6.0",
    "requestidlecallback": "^0.3.0",
    "sanitize-html": "^1.18.2",
    "ulid": "^2.3.0"
  },
  "scripts": {
    "prettier": "prettier --write '{src,resources}/**/*.{css,js,ts,tsx}'",
    "start": "PORT=13245 react-scripts-ts start",
    "build": "react-scripts-ts build && react-snap",
    "test": "react-scripts-ts test",
    "eject": "react-scripts-ts eject",
    "netlify": "dotenv -e .env.netlify react-scripts-ts build",
    "pwmerics": "pwmetrics --config ./pwmetrics-config.js",
    "pwmerics:ci": "CI=true NODE_ENV=production pwmetrics --config ./pwmetrics-config.js"
  },
  "lint-staged": {
    "*.{js,ts,tsx,css}": [
      "prettier --write",
      "git add"
    ]
  },
  "proxy": {
    "/cors": {
      "target": "https://www.inoreader.com",
      "pathRewrite": {
        "^/cors": ""
      },
      "changeOrigin": true
    },
    "/api": {
      "target": "https://www.inoreader.com/reader",
      "changeOrigin": true
    }
  },
  "devDependencies": {
    "@alrra/travis-scripts": "^3.0.1",
    "dotenv-cli": "^1.4.0",
    "husky": "^1.0.1",
    "lint-staged": "^7.3.0",
    "prettier": "^1.14.3",
    "pwmetrics": "^4.0.1",
    "react-scripts-ts": "3.1.0",
    "react-snap": "^1.10.1",
    "typescript": "^3.1.1"
  },
  "husky": {
    "hooks": {
      "post-commit": "git reset",
      "pre-commit": "lint-staged"
    }
  }
}