{
  "name": "issue-zero",
  "version": "0.0.0",
  "license": "MIT",
  "angular-cli": {},
  "scripts": {
    "start": "ng server",
    "postinstall": "typings install",
    "lint": "tslint \"src/**/*.ts\"",
    "format": "clang-format -i -style=file --glob=src/**/*.ts",
    "test": "ng test",
    "pree2e": "webdriver-manager update",
    "e2e": "protractor"
  },
  "private": true,
  "dependencies": {
    "@angular/app-shell": "0.0.0",
    "@angular/common": "2.0.0-rc.1",
    "@angular/compiler": "2.0.0-rc.1",
    "@angular/core": "2.0.0-rc.1",
    "@angular/http": "2.0.0-rc.1",
    "@angular/platform-browser": "2.0.0-rc.1",
    "@angular/platform-browser-dynamic": "2.0.0-rc.1",
    "@angular/router": "2.0.0-rc.1",
    "@angular2-material/button": "^2.0.0-alpha.4",
    "@angular2-material/card": "^2.0.0-alpha.4",
    "@angular2-material/checkbox": "^2.0.0-alpha.4",
    "@angular2-material/core": "^2.0.0-alpha.4",
    "@angular2-material/icon": "^2.0.0-alpha.4",
    "@angular2-material/input": "^2.0.0-alpha.4",
    "@angular2-material/list": "^2.0.0-alpha.4",
    "@angular2-material/progress-circle": "^2.0.0-alpha.4",
    "@angular2-material/sidenav": "^2.0.0-alpha.4",
    "@angular2-material/toolbar": "^2.0.0-alpha.4",
    "@ngrx/store": "^1.5.0",
    "angular-cli": "^1.0.0-beta.4",
    "angularfire2": "^2.0.0-beta.0",
    "es6-shim": "^0.35.0",
    "firebase": "^2.4.2",
    "hammerjs": "^2.0.8",
    "material-design-icons": "^2.2.3",
    "reflect-metadata": "0.1.3",
    "rxjs": "5.0.0-beta.6",
    "systemjs": "0.19.26",
    "zone.js": "^0.6.12"
  },
  "devDependencies": {
    "@angular/platform-server": "2.0.0-rc.1",
    "@angular/router-deprecated": "2.0.0-rc.1",
    "@angular/service-worker": "^0.2.0",
    "angular2-broccoli-prerender": "^0.11.0",
    "angular2-universal": "^0.100.3",
    "angular2-universal-polyfills": "^0.4.1",
    "preboot": "^2.0.10",
    "angular-cli": "^1.0.0-beta.2-mobile.2",
    "clang-format": "^1.0.35",
    "codelyzer": "0.0.14",
    "ember-cli-inject-live-reload": "^1.4.0",
    "jasmine-core": "^2.4.1",
    "jasmine-spec-reporter": "^2.4.0",
    "karma": "^0.13.15",
    "karma-chrome-launcher": "^0.2.3",
    "karma-jasmine": "^0.3.8",
    "protractor": "^3.3.0",
    "ts-node": "^0.5.5",
    "tslint": "^3.6.0",
    "typescript": "^1.8.10",
    "typings": "^0.8.1"
  }
}