{
  "name": "kitch",
  "productName": "kitch",
  "desktopName": "kitch",
  "version": "25.4.0",
  "description": "itch.io desktop client",
  "keywords": [
    "itch.io",
    "games"
  ],
  "repository": "https://github.com/itchio/itch",
  "bugs": "https://github.com/itchio/itch/issues",
  "author": "itch.io team <support@itch.io>",
  "contributors": [
    {
      "name": "Amos Wenger",
      "email": "amos@itch.io"
    },
    {
      "name": "Leaf Corcoran",
      "email": "leafo@itch.io"
    }
  ],
  "main": "dist/main/main.bundle.js",
  "license": "MIT",
  "dependencies": {
    "@types/emojione": "^2.2.2",
    "@types/lru-cache": "^4.1.1",
    "array-move": "^1.0.0",
    "btoa": "^1.2.1",
    "butlerd": "^11.3.0",
    "classnames": "^2.2.6",
    "clean-webpack-plugin": "^0.1.19",
    "colorgram": "^0.1.5",
    "colors": "^1.3.2",
    "crc-32": "^1.2.0",
    "deep-assign": "^2.0.0",
    "deep-equal": "^1.0.1",
    "electron-is-dev": "^0.1.2",
    "fast-memoize": "^2.4.0",
    "ftl-redux-electron-store": "^1.7.0",
    "intl-messageformat": "1.3.0",
    "logrotate-stream": "^0.2.5",
    "lru-cache": "^4.1.3",
    "marked-extra": "^0.2.6",
    "memory-streams": "^0.1.2",
    "mime-types": "^2.1.19",
    "mkdirp": "^0.5.1",
    "multi-write-stream": "^2.0.1",
    "node-emoji": "^1.8.1",
    "polished": "^1.0.3",
    "progress-stream": "^2.0.0",
    "react": "^16.4.2",
    "react-dom": "^16.4.2",
    "react-fast-compare": "^2.0.2",
    "react-hint": "^3.1.1",
    "react-intl": "^2.4.0",
    "react-json-inspector": "^7.1.1",
    "react-loadable": "^5.5.0",
    "react-onclickoutside": "^5.0.1",
    "react-redux": "^5.0.5",
    "react-sortable-hoc": "^0.6.7",
    "react-tabs": "^2.2.2",
    "redux": "^3.6.0",
    "redux-cli-logger": "^2.1.0",
    "redux-logger": "^2.6.1",
    "reselect": "^3.0.1",
    "rimraf": "^2.6.1",
    "semver": "^5.5.1",
    "shell-quote": "^1.6.0",
    "source-map-support": "^0.5.9",
    "split2": "^2.1.1",
    "styled-components": "^3.4.5",
    "systeminformation": "^3.42.9",
    "term-color": "^1.0.1",
    "tinycolor2": "^1.3.0",
    "tmp": "0.0.29",
    "triangulr": "^1.0.0",
    "underscore": "^1.9.1",
    "vivus": "^0.4.4",
    "webpack-command": "^0.3.1",
    "which": "^1.3.1",
    "yauzl": "^2.9.2"
  },
  "devDependencies": {
    "@types/bluebird": "^3.5.23",
    "@types/chai": "^4.1.4",
    "@types/chai-as-promised": "^7.1.0",
    "@types/classnames": "^2.2.6",
    "@types/clone": "^0.1.30",
    "@types/colors": "^1.2.1",
    "@types/deep-equal": "^1.0.1",
    "@types/intl-messageformat": "^1.3.0",
    "@types/mime-types": "^2.1.0",
    "@types/mocha": "^2.2.48",
    "@types/node": "^8.10.27",
    "@types/node-emoji": "^1.8.0",
    "@types/prop-types": "^15.5.5",
    "@types/react": "^16.4.11",
    "@types/react-dom": "^16.0.7",
    "@types/react-hot-loader": "^3.0.4",
    "@types/react-intl": "^2.3.9",
    "@types/react-json-tree": "^0.6.8",
    "@types/react-loadable": "^5.4.1",
    "@types/react-redux": "^5.0.21",
    "@types/react-tabs": "^1.0.5",
    "@types/rimraf": "^2.0.2",
    "@types/semver": "^5.5.0",
    "@types/split2": "^2.1.5",
    "@types/systeminformation": "^3.23.0",
    "@types/tmp": "0.0.33",
    "@types/vivus": "^0.4.0",
    "@types/which": "^1.3.1",
    "@types/yauzl": "^2.9.0",
    "babel-plugin-transform-async-to-module-method": "^6.24.1",
    "babel-plugin-transform-node-env-inline": "^0.3.0",
    "bluebird": "^3.5.1",
    "chai": "^4.1.2",
    "chai-as-promised": "^7.1.1",
    "clarify": "^2.1.0",
    "codecov": "^3.0.2",
    "cross-env": "^5.2.0",
    "css-loader": "^0.28.11",
    "electron": "^2.0.8",
    "file-loader": "^1.1.11",
    "happypack": "^5.0.0",
    "hard-source-webpack-plugin": "^0.8.1",
    "html-webpack-plugin": "^3.2.0",
    "husky": "^0.14.0",
    "lint-staged": "^4.0.0",
    "mocha": "^5.2.0",
    "node-loader": "^0.6.0",
    "prettier": "^1.14.2",
    "react-container-dimensions": "^1.4.1",
    "react-hot-loader": "^3.0.0-beta.6",
    "react-lint": "^3.3.0",
    "react-lint-service": "^1.1.0",
    "recursive-copy": "^2.0.9",
    "style-loader": "^0.21.0",
    "ts-loader": "^4.5.0",
    "ts-node": "^5.0.1",
    "tsconfig-paths": "^3.5.0",
    "tsconfig-paths-webpack-plugin": "^3.2.0",
    "typescript": "^3.0.1",
    "uglify-es": "^3.3.10",
    "webpack": "^4.17.1",
    "webpack-build-notifier": "^0.1.29",
    "webpack-dev-server": "^3.1.14",
    "webpack-log": "^1.2.0",
    "webpack-merge": "^4.1.4",
    "ws": "^5.2.2"
  },
  "scripts": {
    "start": "node develop.js",
    "compile": "webpack-command --progress --mode production",
    "compile-profile": "webpack-command --mode production --reporter json > stats.json",
    "precommit": "lint-staged",
    "test": "cross-env TS_NODE_PROJECT=tsconfig.test.json mocha -r ts-node/register -r tsconfig-paths/register ./src/**/*.spec.ts",
    "single-test": "mocha -r ts-node/register -r tsconfig-paths/register",
    "integration-tests": "node release/ci-integration-tests.js",
    "upload-coverage": "codecov -f ./coverage/lcov.info",
    "i18n": "node release/ci-i18n-check.js",
    "ts-check": "tsc --noEmit --skipLibCheck",
    "react-lint": "react-lint ./src/renderer/index.tsx"
  },
  "lint-staged": {
    "*.{ts,tsx}": [
      "prettier --trailing-comma es5 --write",
      "git add"
    ]
  },
  "electronWebpack": {
    "whiteListedModules": [
      "react",
      "react-dom",
      "react-intl",
      "react-tabs",
      "intl-messageformat",
      "ftl-redux-electron-store",
      "color-convert",
      "create-react-class",
      "marked-extra",
      "underscore",
      "debug",
      "react-onclickoutside",
      "color-name",
      "lru-cache",
      "fast-memoize",
      "react-json-inspector",
      "intl-relativeformat",
      "react-redux",
      "react-contextmenu",
      "combokeys-ftl",
      "md5-o-matic",
      "react-sortable-hoc",
      "intl-format-cache",
      "redux-logger",
      "react-loadable",
      "styled-components",
      "polished",
      "crc-32",
      "deep-assign",
      "deep-equal",
      "node-emoji",
      "btoa",
      "classnames",
      "colorgram",
      "colors",
      "react-hint",
      "redux",
      "reselect",
      "tinycolor2",
      "triangulr",
      "vivus",
      "through2",
      "readable-stream",
      "multi-write-stream",
      "electron-is-dev",
      "split2",
      "log-rotate",
      "butlerd",
      "querystring"
    ],
    "renderer": {
      "webpackConfig": "custom.webpack.additions.js"
    },
    "main": {
      "webpackConfig": "custom.webpack.additions.js",
      "extraEntries": [
        "./src/renderer/inject/inject-game.ts",
        "./src/renderer/inject/inject-captcha.ts"
      ]
    }
  }
}