{
  "name": "ix",
  "private": true,
  "version": "2.5.1",
  "description": "The Interactive Extensions for JavaScript",
  "scripts": {
    "lerna": "lerna",
    "commit": "git-cz",
    "start": "gulp",
    "test": "gulp test",
    "build": "gulp build",
    "clean": "gulp clean",
    "debug": "gulp debug",
    "lint": "run-p lint:*",
    "release": "./npm-release.sh",
    "doc": "shx rm -rf ./doc && esdoc",
    "commitmsg": "validate-commit-msg",
    "test:coverage": "gulp test -t src --coverage",
    "lint:src": "tslint --fix --project -p tsconfig.json -c tslint.json \"src/**/*.ts\"",
    "lint:spec": "tslint --fix --project -p spec/tsconfig.json -c tslint.json \"spec/**/*.ts\"",
    "prepublishOnly": "echo \"Error: do 'npm run release' instead of 'npm publish'\" && exit 1"
  },
  "author": "Matthew Podwysocki <matthewp@microsoft.com>",
  "homepage": "https://github.com/ReactiveX/IxJS#readme",
  "bugs": {
    "url": "https://github.com/ReactiveX/IxJS/issues"
  },
  "repository": {
    "type": "git",
    "url": "git+https://github.com/ReactiveX/IxJS.git"
  },
  "license": "MIT",
  "keywords": [
    "Iterator",
    "Iterable",
    "Promise",
    "Async",
    "AsyncIterable",
    "AsyncIterator"
  ],
  "files": [
    "targets",
    "LICENSE",
    "readme.md",
    "CHANGELOG.md"
  ],
  "dependencies": {
    "@types/node": "^10.12.18",
    "is-stream": "1.1.0",
    "tslib": "^1.9.3"
  },
  "devDependencies": {
    "@mattiasbuelens/web-streams-polyfill": "0.2.1",
    "@types/glob": "7.1.1",
    "@types/jest": "23.3.11",
    "async-done": "1.3.1",
    "benchmark": "2.1.4",
    "command-line-args": "4.0.7",
    "commitizen": "3.0.5",
    "conventional-changelog": "3.0.5",
    "conventional-changelog-cli": "2.0.11",
    "conventional-commits-detector": "1.0.2",
    "conventional-github-releaser": "3.1.2",
    "conventional-recommended-bump": "4.0.4",
    "coveralls": "3.0.2",
    "cz-conventional-changelog": "2.1.0",
    "del": "3.0.0",
    "esdoc": "1.1.0",
    "esdoc-standard-plugin": "1.0.0",
    "esm": "3.0.84",
    "glob": "7.1.3",
    "google-closure-compiler": "20181210.0.0",
    "gulp": "4.0.0",
    "gulp-json-transform": "0.4.6",
    "gulp-rename": "1.4.0",
    "gulp-sourcemaps": "2.6.4",
    "gulp-typescript": "5.0.0",
    "husky": "1.3.0",
    "jest": "23.6.0",
    "jest-codemods": "0.19.1",
    "jest-environment-node-debug": "2.0.0",
    "jest-silent-reporter": "0.1.1",
    "json": "9.0.6",
    "lerna": "3.8.4",
    "lint-staged": "8.1.0",
    "mkdirp": "0.5.1",
    "npm-run-all": "4.1.5",
    "pre-git": "3.17.1",
    "prettier": "1.15.3",
    "rimraf": "2.6.3",
    "rxjs": "5.5.11",
    "shx": "0.3.2",
    "source-map-loader": "0.2.4",
    "terser-webpack-plugin": "1.2.1",
    "ts-jest": "23.10.5",
    "ts-node": "7.0.1",
    "tslint": "5.12.0",
    "typedoc": "0.13.0",
    "typescript": "3.2.2",
    "validate-commit-msg": "2.14.0",
    "web-stream-tools": "0.0.1",
    "webpack": "4.28.3"
  },
  "config": {
    "commitizen": {
      "path": "cz-conventional-changelog"
    },
    "pre-git": {
      "allow-untracked-files": true,
      "pre-commit": [
        "npx lint-staged"
      ],
      "pre-push": [],
      "post-commit": [],
      "post-checkout": [],
      "post-merge": []
    }
  },
  "lint-staged": {
    "*.@(ts)": [
      "prettier --config .prettierrc --write",
      "tslint --fix",
      "git add"
    ]
  },
  "esdoc": {
    "source": "./targets/es2015/esm",
    "destination": "./doc",
    "test": {
      "type": "tape",
      "source": "./spec"
    },
    "experimentalProposal": {
      "asyncGenerators": true
    }
  },
  "greenkeeper": {
    "ignore": [
      "ts-node"
    ]
  },
  "release": {
    "analyzeCommits": "simple-commit-message"
  },
  "engines": {
    "node": ">=10.0"
  }
}