{
  "name": "jackblog-angular2",
  "version": "1.5.0",
  "description": "Jackblog angular 2.x 版",
  "scripts": {
    "start": "npm-run-all --sequential build start:dist",
    "dev": "webpack-dev-server --open --progress --profile --watch",
    "build": "npm-run-all clean --parallel compile",
    "compile": "cross-env NODE_ENV=production webpack --progress --profile --bail",
    "start:dist": "cross-env NODE_ENV=production nodemon ./server.js",
    "clean": "rimraf dist",
    "pm2-start": "pm2 start --no-daemon process.json"
  },
  "repository": {
    "type": "git",
    "url": "git+https://github.com/jackhutu/jackblog-angular2.git"
  },
  "keywords": [
    "angular2",
    "jackblog"
  ],
  "author": "Jack Hu",
  "license": "MIT",
  "bugs": {
    "url": "https://github.com/jackhutu/jackblog-angular2/issues"
  },
  "homepage": "https://github.com/jackhutu/jackblog-angular2#readme",
  "bin": "./node_modules/.bin",
  "dependencies": {
    "express": "^4.14.0",
    "serve-favicon": "^2.3.2"
  },
  "devDependencies": {
    "@angular/common": "2.4.1",
    "@angular/compiler": "2.4.1",
    "@angular/core": "2.4.1",
    "@angular/forms": "2.4.1",
    "@angular/http": "2.4.1",
    "@angular/platform-browser": "2.4.1",
    "@angular/platform-browser-dynamic": "2.4.1",
    "@angular/router": "3.4.1",
    "@angularclass/hmr": "1.2.2",
    "@angularclass/hmr-loader": "3.0.2",
    "@types/hammerjs": "2.0.33",
    "@types/node": "6.0.48",
    "@types/webpack": "2.0.0",
    "angular2-cookies": "^0.1.0",
    "angular2-router-loader": "0.3.4",
    "angular2-template-loader": "0.6.0",
    "angular2-toaster": "2.0.0",
    "awesome-typescript-loader": "3.0.0-beta.17",
    "bootstrap": "3.3.7",
    "copy-webpack-plugin": "^4.1.1",
    "core-js": "2.4.1",
    "cross-env": "3.1.3",
    "css-loader": "0.26.0",
    "enhanced-resolve": "3.0.2",
    "extract-text-webpack-plugin": "2.0.0-beta.4",
    "file-loader": "0.9.0",
    "font-awesome": "4.7.0",
    "html-webpack-plugin": "2.24.1",
    "ie-shim": "0.1.0",
    "image-webpack-loader": "3.0.0",
    "jackblog-sass": "^1.0.6",
    "ng2-bootstrap": "1.1.16",
    "npm-run-all": "^4.0.0",
    "raw-loader": "0.5.1",
    "rimraf": "2.5.4",
    "rxjs": "5.0.2",
    "source-map-loader": "0.1.5",
    "style-loader": "0.13.1",
    "to-string-loader": "1.1.5",
    "tslint": "4.0.2",
    "tslint-loader": "3.2.0",
    "typedoc": "0.5.1",
    "typescript": "2.1.4",
    "url-loader": "^0.5.7",
    "webpack": "2.1.0-beta.27",
    "webpack-dev-server": "2.1.0-beta.12",
    "zone.js": "0.7.4"
  }
}