{
  "name": "ng2-jalali-date-picker",
  "author": "Mojtaba Zarei",
  "version": "2.2.7",
  "license": "MIT",
  "main": "index.js",
  "scripts": {
    "ng": "ng",
    "start": "ng serve -o",
    "build": "ng build",
    "test": "ng test",
    "coverage": "export CODACY_PROJECT_TOKEN=a92cd223e71b45ff99f24f7350ea89c3 ; ng test --watch=false --code-coverage && cat ./coverage/lcov.info | ./node_modules/.bin/codacy-coverage",
    "lint": "ng lint",
    "e2e": "ng e2e",
    "e2e:headless": "ng e2e -- headless",
    "build:demo": "rm -rf demo/*.js && rm -rf demo/*.css && ng build --prod --aot=false --bh /jalali-angular-datepicker/ && npm run build:index && cp dist/* demo",
    "build:index": "cd build-helpers && node index-maker.js",
    "build:prod": "ng-packagr -p package.json && cp -R screenshots bin",
    "release": "npm run build:prod && npm publish bin",
    "pack": "cd bin && npm pack"
  },
  "repository": {
    "type": "git",
    "url": "https://github.com/fingerpich/angular-datepicker.git"
  },
  "private": false,
  "keywords": [
    "angular",
    "jalali",
    "shamsi",
    "khorshidi",
    "persian",
    "date",
    "picker",
    "datepicker",
    "datepicker farsi",
    "typescript",
    "ts",
    "farsi"
  ],
  "dependencies": {
    "jalali-moment": "^3.2.3"
  },
  "devDependencies": {
    "@angular/cli": "^1.6.1",
    "@angular/common": "^5.1.1",
    "@angular/compiler": "^5.1.1",
    "@angular/compiler-cli": "^5.1.1",
    "@angular/core": "^5.1.1",
    "@angular/forms": "^5.1.1",
    "@angular/platform-browser": "^5.1.1",
    "@angular/platform-browser-dynamic": "^5.1.1",
    "@angular/router": "^5.1.1",
    "@types/google.analytics": "0.0.33",
    "@types/jasmine": "https://registry.npmjs.org/@types/jasmine/-/jasmine-2.5.38.tgz",
    "@types/node": "https://registry.npmjs.org/@types/node/-/node-6.0.94.tgz",
    "classlist.js": "^1.1.20150312",
    "codelyzer": "^4.0.2",
    "core-js": "^2.4.1",
    "jasmine-core": "~2.5.2",
    "jasmine-spec-reporter": "~3.2.0",
    "karma": "~1.4.1",
    "karma-chrome-launcher": "~2.0.0",
    "karma-cli": "~1.0.1",
    "karma-coverage-istanbul-reporter": "^1.3.0",
    "karma-jasmine": "~1.1.0",
    "karma-jasmine-html-reporter": "^0.2.2",
    "less": "^2.7.2",
    "ncp": "^2.0.0",
    "ng-packagr": "^1.6.0",
    "protractor": "^5.2.0",
    "rimraf": "^2.6.1",
    "rxjs": "^5.1.0",
    "ts-node": "^4.0.2",
    "tslint": "~5.8.0",
    "typescript": "~2.4.2",
    "uglify-js": "^2.8.12",
    "web-animations-js": "^2.2.5",
    "zone.js": "^0.8.4"
  },
  "angularCompilerOptions": {
    "skipTemplateCodegen": true,
    "strictMetadataEmit": true
  },
  "ngPackage": {
    "lib": {
      "entryFile": "src/app/index.ts",
      "externals": {
        "jalali-moment": "jalali-moment"
      }
    },
    "dest": "bin"
  }
}