{
  "name": "@jdl2/parent",
  "version": "2.0.0-alpha-1",
  "scripts": {
    "start": "start-storybook -p 9001 -c .storybook",
    "test": "jest",
    "precommit": "pretty-quick --staged",
    "prettier": "prettier --write '**/*.{ts,tsx,scss}'",
    "bootstrap": "lerna bootstrap --hoist",
    "clean": "lerna clean --yes && lerna run --bail=false clean && lerna exec --bail=false 'rm -f *.d.ts' && lerna exec --bail=false 'rm -f *.js' && lerna exec --bail=false 'rm -f *.map'",
    "build": "lerna run build",
    "exec": "lerna exec",
    "add": "lerna add",
    "prepublish": "npm run clean && npm run bootstrap && lerna run prepublishOnly && npm test",
    "publish": "npm run prepublish && lerna publish",
    "publish-beta": "npm run prepublish && lerna publish --preid=alpha --force-publish --cd-version prerelease",
    "styleguide": "styleguidist server",
    "styleguide-build": "styleguidist build",
    "generate": "./jdl-component-creator.js",
    "glyder": "glyder serve",
    "lint": "tslint components/*/*.tsx"
  },
  "dependencies": {
    "prop-types": "*",
    "react": "*",
    "react-addons-css-transition-group": "*",
    "react-dom": "*"
  },
  "devDependencies": {
    "@storybook/addon-jest": "^3.4.8",
    "@storybook/addon-knobs": "^3.4.8",
    "@storybook/cli": "^3.4.6",
    "@storybook/react": "^3.3.13",
    "@types/enzyme": "^3.1.9",
    "@types/enzyme-adapter-react-16": "^1.0.2",
    "@types/expect": "^1.20.3",
    "@types/jest": "22.1.0",
    "@types/node": "9.3.0",
    "@types/prop-types": "*",
    "@types/react": "*",
    "@types/react-addons-css-transition-group": "*",
    "@types/react-dom": "*",
    "@types/react-test-renderer": "^16.0.1",
    "@types/storybook__react": "^3.0.7",
    "@types/webpack": "^3.8.7",
    "a11y": "^0.5.1",
    "enzyme": "^3.3.0",
    "enzyme-adapter-react-16": "^1.1.1",
    "expect": "^22.3.0",
    "expose-loader": "^0.7.4",
    "html-webpack-plugin": "^2.30.1",
    "husky": "^0.14.3",
    "identity-obj-proxy": "^3.0.0",
    "inquirer": "^6.0.0",
    "jest": "^22.4.2",
    "jest-junit": "^5.1.0",
    "js-beautify": "^1.7.5",
    "lerna": "^2.11.0",
    "less": "2.7.3",
    "less-loader": "4.0.5",
    "mock-require": "^3.0.1",
    "node-sass": "^4.9.2",
    "path": "^0.12.7",
    "prettier": "^1.10.2",
    "pretty-quick": "^1.4.1",
    "raw-loader": "^0.5.1",
    "react-addons-test-utils": "^15.6.2",
    "react-docgen-typescript": "^1.6.1",
    "react-scripts-ts": "^2.13.0",
    "react-styleguidist": "^7.0.19",
    "sass-loader": "^6.0.6",
    "storybook-addon-specifications": "^2.1.2",
    "svg-inline-loader": "^0.8.0",
    "ts-loader": "^3.5.0",
    "tslint-config-airbnb": "^5.9.2",
    "tslint-config-prettier": "^1.13.0",
    "tslint-react-a11y": "^1.0.0",
    "typescript": "*",
    "typewebjest": "^0.5.7",
    "webpack": "^3.11.0",
    "webpack-sources": "^1.1.0"
  },
  "jest": {
    "collectCoverageFrom": [
      "utils/**/*.{ts,tsx}",
      "components/**/*.{ts,tsx}",
      "!**/*.{d,stories,test}.{ts,tsx}"
    ],
    "collectCoverage": true,
    "coverageReporters": [
      "lcov",
      "text",
      "html"
    ],
    "setupFiles": [
      "typewebjest/polyfills",
      "typewebjest/enzyme-adapter-react-16"
    ],
    "reporters": [
      "default",
      "jest-junit"
    ],
    "testMatch": [
      "<rootDir>/[^.]**/*.test.ts?(x)"
    ],
    "testURL": "http://localhost",
    "transform": {
      "^.+\\.(js|jsx|ts|tsx)$": "typewebjest/transforms/ts",
      "^.+\\.css$": "typewebjest/transforms/css",
      "^(?!.*\\.(js|jsx|mjs|css|json)$)": "typewebjest/transforms/file"
    },
    "transformIgnorePatterns": [
      "[/\\\\]node_modules[/\\\\].+\\.(js|jsx|mjs|ts|tsx)$"
    ],
    "moduleNameMapper": {
      "^react-native$": "react-native-web",
      "\\.(jpg|jpeg|png|gif|eot|otf|webp|svg|ttf|woff|woff2|mp4|webm|wav|mp3|m4a|aac|oga)$": "identity-obj-proxy",
      "\\.(css|less|scss)$": "identity-obj-proxy"
    },
    "moduleFileExtensions": [
      "ts",
      "tsx",
      "js",
      "jsx",
      "json"
    ],
    "automock": false
  },
  "glyder": {
    "copyright": "© %Y Kohsuke Kawaguchi, Sun Microsystems, Inc., and a number of other of contributors"
  }
}