{
  "name": "Jigsaw",
  "version": "0.0.0",
  "license": "MIT",
  "scripts": {
    "ng": "ng",
    "start": "ng serve --poll 500 --proxy-config proxy-config.json",
    "build": "ng build -prod -aot --delete-output-path",
    "test": "ng test",
    "lint": "ng lint",
    "e2e": "ng e2e"
  },
  "private": true,
  "dependencies": {
    "@angular/animations": "~5.2.11",
    "@angular/common": "~5.2.11",
    "@angular/compiler": "~5.2.11",
    "@angular/core": "~5.2.11",
    "@angular/forms": "~5.2.11",
    "@angular/platform-browser": "~5.2.11",
    "@angular/platform-browser-dynamic": "~5.2.11",
    "@angular/router": "~5.2.11",
    "@ngx-translate/core": "^v8.0.0",
    "@types/marked": "~0.3.0",
    "core-js": "~2.5.1",
    "echarts": "~3.5.4",
    "eonasdan-bootstrap-datetimepicker": "~4.17.47",
    "font-awesome": "~4.7.0",
    "jquery": "~3.1.1",
    "marked": "~0.3.6",
    "ngx-perfect-scrollbar": "~5.0.2",
    "perfect-scrollbar": "^1.2.0",
    "peity": "~3.2.1",
    "rxjs": "~5.5.0",
    "web-animations-js": "~2.3.1",
    "zone.js": "~0.8.18",
    "ztree": "~3.5.24"
  },
  "devDependencies": {
    "@angular/cli": "1.6.8",
    "@angular/compiler-cli": "~5.2.11",
    "@angular/language-service": "~5.2.11",
    "@angular/tsc-wrapped": "~4.3.3",
    "@rdkmaster/icon-font": "^1.0.5",
    "@types/chalk": "~0.4.31",
    "@types/fs-extra": "~3.0.1",
    "@types/glob": "~5.0.32",
    "@types/gulp": "4.0.3",
    "@types/jasmine": "2.5.45",
    "@types/minimist": "~1.2.0",
    "@types/node": "~7.0.48",
    "@types/run-sequence": "~0.0.30",
    "@types/rx": "2.5.33",
    "chalk": "~1.1.3",
    "codelyzer": "~3.0.1",
    "coveralls": "~2.13.3",
    "estraverse": "~4.2.0",
    "fs-extra": "~3.0.1",
    "glob": "~7.1.2",
    "gulp": "~3.9.1",
    "gulp-clean": "~0.3.2",
    "gulp-clean-css": "~3.9.0",
    "gulp-connect": "~5.0.0",
    "gulp-htmlmin": "~3.0.0",
    "gulp-if": "~2.0.2",
    "gulp-rename": "~1.2.2",
    "gulp-sass": "~3.1.0",
    "http-rewrite-middleware": "~0.1.6",
    "jasmine-core": "~2.6.2",
    "jasmine-spec-reporter": "~4.1.0",
    "karma": "~1.7.1",
    "karma-chrome-launcher": "~2.1.1",
    "karma-cli": "~1.0.1",
    "karma-coverage-istanbul-reporter": "~1.2.1",
    "karma-jasmine": "~1.1.0",
    "karma-jasmine-html-reporter": "~0.2.2",
    "karma-phantomjs-launcher": "~1.0.4",
    "minimist": "~1.2.0",
    "node-sass": "^4.5.3",
    "protractor": "~5.1.2",
    "resolve-bin": "~0.4.0",
    "rollup": "~0.41.6",
    "rollup-plugin-node-resolve": "~3.0.0",
    "run-sequence": "~1.2.2",
    "scss-bundle": "~2.1.0",
    "sorcery": "~0.10.0",
    "ts-node": "~3.3.0",
    "tslib": "~1.7.1",
    "tslint": "~5.3.2",
    "typescript": "2.4.2",
    "uglify-js": "~2.8.14"
  }
}