{
  "name": "root",
  "private": true,
  "scripts": {
    "lerna": "lerna",
    "init": "lerna bootstrap",
    "tsc": "lerna exec npm run tsc --ignore jovo-examples-*",
    "tslint": "lerna exec npm run tslint --ignore jovo-examples-*",
    "test": "lerna exec npm test --ignore jovo-examples-*",
    "clean": "lerna clean",
    "list": "lerna list -l",
    "bootstrap": "lerna bootstrap --hoist --no-ci",
    "devsetup": "npm run bootstrap && npm run tsc",
    "typedoc": "npm run lerna exec npm run typedoc",
    "changelog": "lerna-changelog",
    "preparePublish": "npm run tsc && npm run tslint && npm run test",
    "publish": "lerna publish --no-push"
  },
  "devDependencies": {
    "@types/jest": "^23.3.1",
    "@types/lodash": "^4.14.109",
    "@types/node": "^10.3.1",
    "jest": "^23.4.2",
    "lerna": "^3.5.1",
    "lerna-changelog": "^0.8.2",
    "source-map-support": "^0.5.8",
    "ts-jest": "^23.10.5",
    "tslint": "^5.10.0",
    "typedoc": "^0.13.0",
    "typescript": "^3.1.6"
  },
  "changelog": {
    "repo": "jovotech/jovo-framework-nodejs",
    "labels": {
      "tag: new feature": ":rocket: New Feature",
      "tag: breaking change": ":boom: Breaking Change",
      "tag: bug fix": ":bug: Bug Fix",
      "tag: enhancement": ":nail_care: Enhancement",
      "tag: documentation": ":memo: Documentation"
    },
    "cacheDir": ".changelog"
  }
}