{
  "name": "jsxstyle-monorepo",
  "description": "The monorepo for jsxstyle and tools built for jsxstyle",
  "license": "Apache-2.0",
  "private": true,
  "homepage": "https://github.com/jsxstyle/jsxstyle#readme",
  "scripts": {
    "build": "yarn reset && rollup -c && yarn tsc && prettier --write \"packages/{*,*/*}/lib/**/*.{js,ts}\"",
    "clean": "find . -name 'node_modules' -type d -prune -exec echo {} \\; -exec rm -rf {} \\;",
    "example": "ts-node examples/run.ts",
    "jest": "yarn build && yarn --cwd \"tests\" run jest",
    "jest-update-snapshot": "yarn build && yarn --cwd \"tests\" run jest-update-snapshot",
    "postinstall": "grep -q \"twitter.biz\" ./yarn.lock && echo \"Error: found internal URL in yarn.lock!\" && exit 1 || exit 0",
    "prettier": "prettier --write \"{packages/**/*,examples/**/*}.{js,ts,tsx,css,md}\"",
    "release": "yarn jest && lerna publish",
    "reset": "rimraf packages/{*,*/*}/lib/",
    "tsc": "tsc -p packages/jsxstyle-webpack-plugin/tsconfig.json",
    "tslint": "tslint",
    "tslint-all": "find . -type f -name 'tsconfig.json' -not -path '*/node_modules/*' -exec echo {} \\; -exec tslint -p {} \\;",
    "tslint-fix-all": "find . -type f -name 'tsconfig.json' -not -path '*/node_modules/*' -exec echo {} \\; -exec tslint -p {} \\;",
    "tsc-check-all": "find . -type f -name 'tsconfig.json' -not -path '*/node_modules/*' -exec echo {} \\; -exec tsc --noEmit --pretty --project {} \\;",
    "update-readme": "echo \"$(<./misc/monorepo-preamble.md)\\n\\n---\\n\\n$(<./packages/jsxstyle/README.md)\" > README.md"
  },
  "workspaces": {
    "packages": [
      "packages/*",
      "examples/*",
      "tests"
    ],
    "nohoist": [
      "jsxstyle-preact-cli-example",
      "jsxstyle-preact-cli-typescript-example"
    ]
  },
  "dependencies": {
    "@babel/core": "^7.0.0",
    "@babel/plugin-proposal-object-rest-spread": "^7.0.0",
    "@babel/plugin-transform-object-assign": "^7.0.0",
    "@babel/preset-env": "^7.0.0",
    "@babel/preset-react": "^7.0.0",
    "@types/invariant": "*",
    "@types/lodash": "*",
    "@types/node": "*",
    "@types/react": "*",
    "@types/webpack": "*",
    "@types/webpack-env": "*",
    "inquirer": "^6.0.0",
    "lerna": "^3.4.0",
    "preact": "^8.2.6",
    "prettier": "^1.12.0",
    "react": "^16.0.0",
    "react-dom": "^16.0.0",
    "rimraf": "^2.6.2",
    "rollup": "^0.66.1",
    "rollup-plugin-typescript2": "^0.17.0",
    "ts-node": "^7.0.1",
    "tslint": "^5.11.0",
    "tslint-config-prettier": "^1.15.0",
    "tslint-react": "^3.6.0",
    "typescript": "~2.9"
  },
  "prettier": {
    "singleQuote": true,
    "trailingComma": "es5"
  }
}