{
  "name": "jupyterlab_voyager",
  "version": "0.2.0",
  "description": "A JupyterLab extension for rendering CSV",
  "author": "Saul Shanabrook <s.shanabrook@gmail.com>，Ji Zhang <zzhangjii@gmail.com>",
  "main": "lib/index.js",
  "license": "BSD-3-Clause",
  "keywords": [
    "jupyter",
    "jupyterlab",
    "jupyterlab extension"
  ],
  "files": [
    "lib/*.d.ts",
    "lib/*.js",
    "lib/*.js.map",
    "style/**/*.{css,eot,gif,html,jpg,json,png,svg,woff2,ttf}",
    "tutorial/*.{md,png,jpg}"
  ],
  "jupyterlab": {
    "extension": true
  },
  "scripts": {
    "build": "tsc",
    "watch": "tsc -w",
    "prepublish": "npm run build",
    "extension:install": "jupyter labextension install jupyterlab_voyager",
    "extension:uninstall": "jupyter labextension uninstall  jupyterlab_voyager",
    "extension:enable": "jupyter labextension enable jupyterlab_voyager",
    "extension:disable": "jupyter labextension disable jupyterlab_voyager"
  },
  "dependencies": {
    "@jupyterlab/application": "^0.18.4",
    "@jupyterlab/apputils": "^0.18.4",
    "@jupyterlab/cells": "^0.18.4",
    "@jupyterlab/console": "^0.18.4",
    "@jupyterlab/coreutils": "^2.1.4",
    "@jupyterlab/docmanager": "^0.18.4",
    "@jupyterlab/docregistry": "^0.18.4",
    "@jupyterlab/filebrowser": "^0.18.6",
    "@jupyterlab/mainmenu": "^0.7.4",
    "@jupyterlab/notebook": "0.18.4",
    "@jupyterlab/rendermime": "^0.18.4",
    "@jupyterlab/rendermime-interfaces": "^1.1.2",
    "@phosphor/widgets": "^1.6.0",
    "datavoyager": "2.0.0-alpha.23",
    "node-sass": "^4.9.0",
    "react": "^16.3.2",
    "react-dom": "^16.3.2",
    "vega": "4.0.0-rc.1",
    "webpack": "^4.8.3"
  },
  "devDependencies": {
    "@types/node": "^9.6.5",
    "typescript": "~2.4.1",
    "watch": "^1.0.2"
  }
}