{
  "name": "jupyterlab_app",
  "version": "0.2.0",
  "description": "A native app for JupyterLab, based on electron.",
  "main": "./build/out/main/main.js",
  "scripts": {
    "start": "electron .",
    "start:windows": "electron . --windows-ui",
    "start:linux": "electron . --linux-ui",
    "start:mac": "electron . --mac-ui",
    "test": "echo \"Error: no test specified\" && exit 1",
    "clean": "rm -fr build dist",
    "watch:pack": "webpack --progress --colors --watch --config webpack.browser.js",
    "watch:tsc": "tsc -w",
    "watch:assets": "node ./scripts/extract.js && node ./scripts/copyassets.js watch",
    "watch": "concurrently \"yarn watch:tsc\" \"yarn watch:assets\" \"yarn watch:pack\" ",
    "build:pack": "webpack --config webpack.browser.js",
    "build": "tsc && node ./scripts/extract.js && node ./scripts/copyassets.js && yarn build:pack",
    "build:all": "yarn build && yarn start",
    "extract": "node scripts/extract.js",
    "pack": "yarn build && electron-builder --dir",
    "dist": "yarn build && electron-builder",
    "dist:linux": "yarn build && electron-builder --linux",
    "dockerdist:linux": "docker run --rm -ti -v ${PWD}:/project -v ${PWD##*/}-node-modules:/project/node_modules -v ~/.electron:/root/.electron electronuserland/electron-builder:wine /bin/bash -c \"yarn && yarn dist:linux\"",
    "dist:mac": "yarn build && electron-builder --macos",
    "dist:win": "yarn build && electron-builder --win",
    "dockerdist:win": "docker run --rm -ti -v ${PWD}:/project -v ${PWD##*/}-node-modules:/project/node_modules -v ~/.electron:/root/.electron electronuserland/electron-builder:wine /bin/bash -c \"yarn && yarn dist:win\"",
    "release": "electron-builder --publish onTagOrDraft"
  },
  "build": {
    "productName": "JupyterLab",
    "artifactName": "${productName}.${ext}",
    "directories": {
      "buildResources": "dist-resources"
    },
    "fileAssociations": {
      "ext": [
        "ipynb"
      ]
    },
    "files": [
      "!**/*.d.ts"
    ],
    "linux": {
      "target": [
        "deb",
        "rpm",
        "tar.gz",
        "AppImage"
      ],
      "desktop": {
        "Categories": "Science;Development;"
      }
    },
    "win": {
      "target": [
        "nsis",
        "portable"
      ]
    },
    "rpm": {
      "depends": [
        "libXScrnSaver"
      ]
    },
    "nsis": {
      "oneClick": "false",
      "artifactName": "${productName}-Setup.${ext}",
      "perMachine": true,
      "deleteAppDataOnUninstall": true,
      "license": "LICENSE",
      "language": "1033",
      "installerSidebar": "installerSidebar.bmp"
    },
    "dmg": {
      "icon": "dist-resources/icon.icns",
      "background": "dist-resources/background.png",
      "title": "${productName}-Setup",
      "artifactName": "${productName}.${ext}",
      "window": {
        "height": 380,
        "width": 540
      }
    }
  },
  "author": {
    "name": "Project Jupyter",
    "email": "project.jupyter@gmail.com",
    "url": "http://jupyter.org"
  },
  "bugs": {
    "url": "https://github.com/jupyterlab/jupyterlab_app/issues"
  },
  "homepage": "https://github.com/jupyterlab/jupyterlab_app#readme",
  "repository": "github:jupyterlab/jupyterlab",
  "license": "BSD-3-Clause",
  "devDependencies": {
    "concurrently": "^3.5.0",
    "css-loader": "~0.28.7",
    "devtron": "^1.4.0",
    "electron": "^1.8.2",
    "electron-builder": "^19.13.0",
    "extract-text-webpack-plugin": "^3.0.2",
    "file": "^0.2.2",
    "file-loader": "~0.10.1",
    "fs-extra": "~4.0.2",
    "json-loader": "^0.5.4",
    "node-loader": "^0.6.0",
    "node-watch": "^0.5.5",
    "raw-loader": "^0.5.1",
    "read-package-tree": "^5.1.6",
    "source-map-loader": "~0.2.1",
    "style-loader": "~0.13.2",
    "ts-lint": "^4.5.1",
    "typescript": "~2.6.2",
    "url-loader": "~0.5.9",
    "webpack": "^3.10.0"
  },
  "dependencies": {
    "@jupyterlab/application": "^0.15.4",
    "@jupyterlab/application-extension": "^0.15.4",
    "@jupyterlab/apputils": "^0.15.5",
    "@jupyterlab/apputils-extension": "^0.15.4",
    "@jupyterlab/cells": "^0.15.4",
    "@jupyterlab/codeeditor": "^0.15.4",
    "@jupyterlab/codemirror": "^0.15.4",
    "@jupyterlab/codemirror-extension": "^0.15.4",
    "@jupyterlab/completer": "^0.15.4",
    "@jupyterlab/completer-extension": "^0.15.4",
    "@jupyterlab/console": "^0.15.4",
    "@jupyterlab/console-extension": "^0.15.4",
    "@jupyterlab/coreutils": "^1.0.9",
    "@jupyterlab/csvviewer": "^0.15.4",
    "@jupyterlab/csvviewer-extension": "^0.15.4",
    "@jupyterlab/docmanager": "^0.15.5",
    "@jupyterlab/docmanager-extension": "^0.15.4",
    "@jupyterlab/docregistry": "^0.15.5",
    "@jupyterlab/faq-extension": "^0.15.5",
    "@jupyterlab/filebrowser": "^0.15.4",
    "@jupyterlab/filebrowser-extension": "^0.15.5",
    "@jupyterlab/fileeditor": "^0.15.4",
    "@jupyterlab/fileeditor-extension": "^0.15.4",
    "@jupyterlab/help-extension": "^0.15.4",
    "@jupyterlab/imageviewer": "^0.15.4",
    "@jupyterlab/imageviewer-extension": "^0.15.4",
    "@jupyterlab/inspector": "^0.15.4",
    "@jupyterlab/inspector-extension": "^0.15.4",
    "@jupyterlab/json-extension": "^0.15.4",
    "@jupyterlab/launcher": "^0.15.4",
    "@jupyterlab/launcher-extension": "^0.15.4",
    "@jupyterlab/mainmenu": "^0.4.4",
    "@jupyterlab/mainmenu-extension": "^0.4.5",
    "@jupyterlab/markdownviewer-extension": "^0.15.4",
    "@jupyterlab/mathjax2-extension": "^0.3.4",
    "@jupyterlab/notebook": "^0.15.6",
    "@jupyterlab/notebook-extension": "^0.15.4",
    "@jupyterlab/observables": "^1.0.6",
    "@jupyterlab/outputarea": "^0.15.5",
    "@jupyterlab/pdf-extension": "^0.7.4",
    "@jupyterlab/rendermime": "^0.15.4",
    "@jupyterlab/rendermime-extension": "^0.9.4",
    "@jupyterlab/rendermime-interfaces": "^1.0.6",
    "@jupyterlab/running": "^0.15.4",
    "@jupyterlab/running-extension": "^0.15.4",
    "@jupyterlab/services": "^1.1.4",
    "@jupyterlab/settingeditor": "^0.4.4",
    "@jupyterlab/settingeditor-extension": "^0.10.4",
    "@jupyterlab/shortcuts-extension": "^0.15.4",
    "@jupyterlab/tabmanager-extension": "^0.15.4",
    "@jupyterlab/terminal": "^0.15.4",
    "@jupyterlab/terminal-extension": "^0.15.4",
    "@jupyterlab/theme-dark-extension": "^0.15.4",
    "@jupyterlab/theme-light-extension": "^0.15.4",
    "@jupyterlab/tooltip": "^0.15.4",
    "@jupyterlab/tooltip-extension": "^0.15.4",
    "@jupyterlab/vdom-extension": "^0.15.4",
    "@jupyterlab/vega2-extension": "^0.15.5",
    "@types/node": "^9.4.6",
    "@types/react": "~16.0.19",
    "@types/react-dom": "^16.0.4",
    "@types/semver": "^5.4.0",
    "@types/yargs": "^11.0.0",
    "bottlejs": "^1.6.1",
    "electron-debug": "^1.2.0",
    "electron-log": "^2.2.14",
    "es6-promise": "^4.1.1",
    "fix-path": "^2.1.0",
    "font-awesome": "^4.7.0",
    "jshint": "^2.9.5",
    "react": "~16.2.0",
    "react-dom": "~16.2.0",
    "semver": "^5.4.1",
    "which": "^1.3.0",
    "winreg": "^1.2.4",
    "xterm": "^3.0.2",
    "yargs": "^11.0.0"
  },
  "resolutions": {
    "@types/react-dom/@types/react": "~16.0.19"
  }
}