{
  "name": "jews",
  "description": "just news",
  "version": "1.0.0",
  "author": {
    "name": "JongChan Choi",
    "url": "https://github.com/disjukr"
  },
  "contributors": [
    {
      "name": "ChaYoung You",
      "url": "https://github.com/yous"
    }
  ],
  "scripts": {
    "build:dev": "NODE_ENV=development TS_NODE_PROJECT=\"./dev/tsconfig-for-ts-node.json\" webpack --config ./dev/webpack.config.ts --require ts-node/register",
    "build": "NODE_ENV=production TS_NODE_PROJECT=\"./dev/tsconfig-for-ts-node.json\" webpack --config ./dev/webpack.config.ts --require ts-node/register",
    "test": "TS_NODE_PROJECT=\"./dev/tsconfig-for-ts-node.json\" ts-node ./src/test"
  },
  "repository": {
    "type": "git",
    "url": "https://github.com/disjukr/jews.git"
  },
  "bugs": {
    "url": "https://github.com/disjukr/jews/issues"
  },
  "license": "MIT",
  "main": "jews.user.js",
  "keywords": [
    "jews",
    "news",
    "userscript"
  ],
  "engines": {
    "node": ">= 9.5.0"
  },
  "dependencies": {
    "jquery": "^3.3.1",
    "lodash.escaperegexp": "^4.1.2",
    "moment": "^2.22.2"
  },
  "devDependencies": {
    "@sucrase/webpack-loader": "^1.0.2",
    "@types/jquery": "^3.3.2",
    "@types/node": "^9.6.20",
    "@types/uglifyjs-webpack-plugin": "^1.1.0",
    "@types/webpack": "^4.4.0",
    "sucrase": "^2.2.0",
    "ts-node": "^4.1.0",
    "typescript": "^2.9.1",
    "uglifyjs-webpack-plugin": "^1.2.5",
    "webpack": "^4.10.2",
    "webpack-command": "^0.2.0"
  },
  "private": true
}