{
  "name": "kaitai_struct_webide",
  "description": "Web IDE for Kaitai Struct",
  "directories": {
    "doc": "docs"
  },
  "dependencies": {
    "ace-builds": "^1.2.8",
    "big-integer": "^1.6.25",
    "bootstrap": "^3.3.7",
    "bootswatch": "^3.3.7",
    "bowser": "^1.7.3",
    "dateformat": "^2.0.0",
    "font-awesome": "^4.7.0",
    "golden-layout": "^1.5.9",
    "jquery": "^3.2.1",
    "jstree": "^3.3.4",
    "kaitai-struct": "next",
    "kaitai-struct-compiler": "^0.8.0-SNAPSHOT.20180126.2450",
    "localforage": "^1.5.0",
    "pako": "^1.0.6",
    "require-from-string": "^1.2.1",
    "requirejs": "^2.3.5",
    "smooth-scrollbar": "^7.4.1",
    "text-encoding": "^0.6.4",
    "thenby": "^1.2.3",
    "vue": "^2.4.4",
    "yamljs": "^0.3.0"
  },
  "devDependencies": {
    "tslint": "^5.7.0",
    "typescript": "^2.5.2"
  },
  "scripts": {
    "test": "echo \"Error: no test specified\" && exit 1",
    "install": "python vendor_build.py"
  },
  "repository": {
    "type": "git",
    "url": "git+https://github.com/kaitai-io/kaitai_struct_webide.git"
  },
  "author": "",
  "license": "GPL-3.0",
  "bugs": {
    "url": "https://github.com/kaitai-io/kaitai_struct_webide/issues"
  },
  "homepage": "https://github.com/kaitai-io/kaitai_struct_webide#readme"
}