{
  "name": "kashti",
  "version": "0.0.0",
  "license": "MIT",
  "registry": "deis",
  "tag": "latest",
  "scripts": {
    "ng": "ng",
    "start": "ng serve",
    "start prod": "ng serve --prod",
    "build": "ng build",
    "docker-build": "docker build -t ${DOCKER_REGISTRY:-$npm_package_registry}/$npm_package_name:$npm_package_tag .",
    "docker-push": "docker push ${DOCKER_REGISTRY:-$npm_package_registry}/$npm_package_name:${TAG:-$npm_package_tag}",
    "docker-tag": "docker tag ${DOCKER_REGISTRY:-$npm_package_registry}/$npm_package_name:$npm_package_tag ${DOCKER_REGISTRY:-$npm_package_registry}/$npm_package_name:${TAG:-$(git describe --tags --always)}",
    "test": "ng lint && ng test",
    "test-ci": "ng lint && ng test --single-run && ng e2e",
    "lint": "ng lint",
    "e2e": "ng e2e",
    "e2e:watch": "watch 'ng e2e -s false' src e2e --wait=1"
  },
  "private": true,
  "dependencies": {
    "@angular/animations": "^5.0.0",
    "@angular/common": "^5.0.0",
    "@angular/compiler": "^5.0.0",
    "@angular/core": "^5.0.0",
    "@angular/forms": "^5.0.0",
    "@angular/http": "^5.0.0",
    "@angular/platform-browser": "^5.0.0",
    "@angular/platform-browser-dynamic": "^5.0.0",
    "@angular/router": "^5.0.0",
    "angular-in-memory-web-api": "^0.5.2",
    "angular2-moment": "^1.7.1",
    "core-js": "^2.4.1",
    "foundation-sites": "^6.4.4-rc1",
    "ionicons": "^3.0.0",
    "jquery": "^3.2.1",
    "rxjs": "^5.5.2",
    "webpack": "^4.16.1",
    "zone.js": "^0.8.14"
  },
  "devDependencies": {
    "@angular-devkit/build-angular": "~0.6.8",
    "@angular/cli": "^6.0.8",
    "@angular/compiler-cli": "^5.0.0",
    "@angular/language-service": "^5.0.0",
    "@types/jasmine": "~2.5.53",
    "@types/jasminewd2": "~2.0.2",
    "@types/jquery": "^3.2.17",
    "@types/moment": "^2.13.0",
    "@types/node": "~6.0.60",
    "codelyzer": "^4.0.1",
    "factory.ts": "^0.2.2",
    "jasmine-core": "~2.6.2",
    "jasmine-spec-reporter": "~4.1.0",
    "karma": "~1.7.0",
    "karma-chrome-launcher": "~2.1.1",
    "karma-cli": "~1.0.1",
    "karma-coverage-istanbul-reporter": "^1.2.1",
    "karma-jasmine": "~1.1.0",
    "karma-jasmine-html-reporter": "^0.2.2",
    "protractor": "^5.3.2",
    "ts-node": "~3.2.0",
    "tslint": "~5.7.0",
    "typescript": "~2.4.2",
    "watch": "^1.0.2"
  }
}