{
  "name": "learnrelay",
  "private": true,
  "graphql": {
    "request": {
      "url": "https://api.graph.cool/relay/v1/cisegq36a0qxy0118mae69n36"
    }
  },
  "dependencies": {
    "@types/commonmark": "^0.22.29",
    "@types/immutable": "^3.8.4",
    "@types/js-cookie": "^2.0.28",
    "@types/lodash": "^4.14.35",
    "@types/react": "^0.14.35",
    "@types/react-dom": "^0.14.17",
    "commonmark": "^0.26.0",
    "commonmark-react-renderer": "^4.3.1",
    "cuid": "^1.3.8",
    "graphcool-styles": "^0.1.7",
    "graphiql": "^0.7.8",
    "graphql": "^0.7.0",
    "immutable": "^3.8.1",
    "js-cookie": "^2.1.3",
    "lodash": "^4.16.1",
    "react": "^15.3.2",
    "react-addons-pure-render-mixin": "^15.3.2",
    "react-copy-to-clipboard": "^4.2.3",
    "react-dom": "^15.3.2",
    "react-prism": "^4.0.0",
    "react-relay": "^0.9.3",
    "react-router": "^2.8.1",
    "react-router-relay": "^0.13.5",
    "react-router-scroll": "^0.3.2",
    "slug": "^0.9.1",
    "whatwg-fetch": "^1.0.0"
  },
  "scripts": {
    "start": "webpack-dev-server --hot --inline --progress --history-api-fallback --host 0.0.0.0 --port 4300",
    "build": "rm -rf dist && NODE_ENV=production webpack --config webpack.config.build.js && cp -r static/* dist && npm run prep",
    "prep": "tsc --outDir .prep custom.d.ts prep.ts && prep-cloud -c .prep/prep.js dist",
    "deploy": "npm run build && netlify deploy -p dist -s learnrelay -t $NETLIFY_TOKEN"
  },
  "devDependencies": {
    "@types/node": "^6.0.39",
    "awesome-typescript-loader": "^3.1.2",
    "babel-cli": "^6.14.0",
    "babel-jest": "^15.0.0",
    "babel-loader": "^6.4.1",
    "babel-plugin-react-relay": "^0.9.3-3",
    "babel-plugin-transform-react-constant-elements": "^6.9.1",
    "babel-plugin-transform-react-remove-prop-types": "^0.2.9",
    "babel-plugin-transform-runtime": "^6.15.0",
    "babel-preset-es2015": "^6.14.0",
    "babel-preset-react": "^6.11.1",
    "babel-preset-react-hmre": "^1.1.1",
    "babel-preset-stage-0": "^6.5.0",
    "babel-runtime": "^6.11.6",
    "css-loader": "^0.25.0",
    "cssnano": "^3.7.5",
    "file-loader": "^0.9.0",
    "html-webpack-plugin": "^2.22.0",
    "json-loader": "^0.5.4",
    "netlify-cli": "^1.0.2",
    "postcss-css-variables": "^0.5.2",
    "postcss-loader": "^0.13.0",
    "prep": "^1.1.6",
    "prep-cloud": "0.0.8",
    "raw-loader": "^0.5.1",
    "style-loader": "^0.13.1",
    "stylus": "^0.54.5",
    "stylus-loader": "^2.3.1",
    "svgo-loader": "^1.2.1",
    "tachyons": "^4.5.2",
    "tslint": "^3.15.1",
    "tslint-config-standard": "^1.3.0",
    "tslint-loader": "^2.1.5",
    "typescript": "^2.2.1",
    "webpack": "^2.3.0",
    "webpack-dev-server": "^2.4.2"
  }
}