{
  "name": "lisk-elements-monorepo",
  "private": true,
  "version": "1.0.0",
  "description": "Reusable packages for use with the Lisk ecosystem",
  "author": "Lisk Foundation <admin@lisk.io>, lightcurve GmbH <admin@lightcurve.io>",
  "license": "GPL-3.0",
  "keywords": [
    "lisk",
    "blockchain"
  ],
  "homepage": "https://github.com/LiskHQ/lisk-elements#readme",
  "repository": {
    "type": "git",
    "url": "git+https://github.com/LiskHQ/lisk-elements.git"
  },
  "bugs": {
    "url": "https://github.com/LiskHQ/lisk-elements/issues"
  },
  "engines": {
    "node": ">=8.10 <=10",
    "npm": ">=3 <=6"
  },
  "scripts": {
    "bootstrap": "lerna bootstrap --hoist",
    "clean": "lerna run clean",
    "clean:node_modules": "lerna clean --yes",
    "format": "npm run format:root && lerna run format",
    "format:root": "prettier types/**/*.ts --write",
    "lint": "npm run lint:root && lerna run lint",
    "lint:fix": "npm run lint:root -- --fix && lerna run lint:fix",
    "lint:root": "tslint -p tsconfig.json types/**/*.ts",
    "test": "lerna run test",
    "test:node": "lerna run test:node",
    "test:browser": "lerna run test:browser",
    "build": "lerna run build",
    "build:browsertest": "lerna run build:browsertest",
    "cover": "lerna run cover",
    "init": "./scripts/init.sh",
    "postinstall": "npm run bootstrap",
    "precommit": "lint-staged && npm run lint",
    "prepush": "npm run lint && npm test"
  },
  "devDependencies": {
    "@types/node": "10.12.21",
    "@types/sinon": "7.0.5",
    "husky": "1.3.1",
    "lerna": "3.10.8",
    "lint-staged": "8.1.3",
    "prettier": "1.16.4",
    "tslint": "5.12.1",
    "tslint-config-prettier": "1.18.0",
    "tslint-immutable": "5.1.2",
    "typescript": "3.3.1"
  },
  "dependencies": {}
}