{
  "name": "llparse",
  "version": "6.0.1",
  "description": "Compile parsers to LLVM bitcode",
  "main": "lib/api.js",
  "types": "lib/api.d.ts",
  "files": [
    "lib",
    "src"
  ],
  "scripts": {
    "build": "tsc",
    "clean": "rm -rf lib",
    "prepare": "npm run clean && npm run build",
    "lint": "tslint -c tslint.json src/**/*.ts test/**/*.ts",
    "fix-lint": "npm run lint -- --fix",
    "mocha": "mocha --timeout=10000 -r ts-node/register/type-check --reporter spec test/*-test.ts",
    "test": "npm run mocha && npm run lint"
  },
  "repository": {
    "type": "git",
    "url": "git+ssh://git@github.com/indutny/llparse.git"
  },
  "keywords": [
    "llparse",
    "compiler",
    "bitcode"
  ],
  "author": "Fedor Indutny <fedor@indutny.com> (http://darksi.de/)",
  "license": "MIT",
  "bugs": {
    "url": "https://github.com/indutny/llparse/issues"
  },
  "homepage": "https://github.com/indutny/llparse#readme",
  "devDependencies": {
    "esm": "^3.2.0",
    "@types/debug": "0.0.30",
    "@types/mocha": "^5.2.5",
    "@types/node": "^10.12.21",
    "llparse-test-fixture": "git://github.com/indutny/llparse-test-fixture.git#master",
    "mocha": "^5.2.0",
    "ts-node": "^7.0.1",
    "tslint": "^5.12.1",
    "typescript": "^3.3.1"
  },
  "dependencies": {
    "bitcode": "^1.2.0",
    "debug": "^3.2.6",
    "llparse-frontend": "^1.2.1"
  }
}