{
  "name": "loklak-search",
  "version": "0.0.0",
  "license": "MIT",
  "angular-cli": {},
  "scripts": {
    "start": "node server.js",
    "lint": "tslint \"src/**/*.ts\" and sass-lint 'src/**/*.scss' -v -q",
    "test": "ng test --watch=false --code-coverage",
    "pree2e": "webdriver-manager update",
    "e2e": "protractor",
    "deploy": "ng build --prod --build-optimizer --aot --base-href=/loklak_search/ && cp ./dist/index.html ./dist/404.html && ./node_modules/.bin/angular-cli-ghpages --no-silent",
    "analyze": "webpack-bundle-analyzer dist/stats.json",
    "postinstall": "ng build --prod --build-optimizer --aot"
  },
  "private": true,
  "dependencies": {
    "@angular/animations": "^6.0.3",
    "@angular/cdk": "^6.3.2",
    "@angular/cli": "~6.0.5",
    "@angular/common": "^6.0.3",
    "@angular/compiler": "^6.0.3",
    "@angular/compiler-cli": "^6.0.3",
    "@angular/core": "^6.0.3",
    "@angular/forms": "^6.0.3",
    "@angular/http": "^6.0.3",
    "@angular/material": "^6.3.2",
    "@angular/platform-browser": "^6.0.3",
    "@angular/platform-browser-dynamic": "^6.0.3",
    "@angular/router": "^6.0.3",
    "@angular/service-worker": "^6.0.3",
    "@ngrx/effects": "^6.0.1",
    "@ngrx/router-store": "^6.0.1",
    "@ngrx/store": "^6.0.1",
    "@ngrx/store-devtools": "^6.0.1",
    "@types/node": "~8.9.4",
    "adm-zip": "^0.4.11",
    "angularfire2": "^5.0.0-rc.11",
    "core-js": "^2.5.4",
    "express": "^4.16.3",
    "firebase": "^5.1.0",
    "hammerjs": "2.0.8",
    "hoek": "^5.0.3",
    "intersection-observer": "^0.5.0",
    "jasmine": "^3.1.0",
    "masonry-layout": "^4.2.1",
    "moment": "^2.22.1",
    "ng2-charts": "^1.6.0",
    "path": "^0.12.7",
    "reselect": "^3.0.1",
    "rxjs": "^6.0.0",
    "screenfull": "^3.2.2",
    "sw-precache": "^5.2.1",
    "sw-toolbox": "^3.6.0",
    "ts-helpers": "^1.1.2",
    "typescript": "~2.7.2",
    "wicg-inert": "^1.1.6",
    "zone.js": "^0.8.26"
  },
  "devDependencies": {
    "@angular-devkit/build-angular": "^0.13.1",
    "@angular/cli": "~6.0.5",
    "@angular/compiler-cli": "^6.0.3",
    "@angular/language-service": "^6.0.3",
    "@types/jasmine": "~2.8.6",
    "@types/jasminewd2": "~2.0.3",
    "@types/node": "~8.9.4",
    "angular-cli-ghpages": "^0.5.2",
    "codelyzer": "~4.3.0",
    "enhanced-resolve": "^3.3.0",
    "jasmine-core": "~2.99.1",
    "jasmine-marbles": "^0.3.1",
    "jasmine-spec-reporter": "~4.2.1",
    "karma": "^3.1.4",
    "karma-chrome-launcher": "~2.2.0",
    "karma-cli": "~1.0.1",
    "karma-coverage-istanbul-reporter": "~1.4.2",
    "karma-jasmine": "~1.1.1",
    "karma-jasmine-html-reporter": "^0.2.2",
    "karma-remap-istanbul": "^0.6.0",
    "ngrx-store-freeze": "^0.2.3",
    "ngx-color-picker": "^6.3.3",
    "protractor": "^5.4.1",
    "sass-lint": "1.12.1",
    "ts-node": "~5.0.1",
    "tslint": "~5.9.1",
    "typescript": "~2.7.2",
    "webpack-bundle-analyzer": "^2.13.1"
  },
  "engines": {
    "node": "8.11.3",
    "npm": "6.1.0"
  }
}