{
  "name": "loona-monorepo",
  "private": true,
  "dependencies": {
    "lerna": "3.13.1"
  },
  "scripts": {
    "build": "lerna run build --ignore example-react-basic",
    "clean": "lerna clean",
    "format": "prettier --write **/{src,tests}/**/*.{js,jsx,ts,tsx,graphql}",
    "test": "lerna run test",
    "test:coverage": "lerna run test:coverage",
    "coverage": "codecov",
    "size": "bundlesize",
    "set-version": "node ./scripts/version.js",
    "release": "./scripts/release.sh",
    "build:angular": "yarn workspace @loona/angular run build",
    "build:core": "yarn workspace @loona/core run build",
    "build:react": "yarn workspace @loona/react run build",
    "build:schematics": "yarn workspace @loona/schematics run build",
    "example": "node ./scripts/example.js",
    "build:examples": "yarn example build-all",
    "precommit": "lint-staged"
  },
  "workspaces": {
    "packages": [
      "packages/core",
      "packages/angular",
      "packages/react",
      "packages/schematics",
      "examples/react/basic"
    ]
  },
  "devDependencies": {
    "@angular-devkit/build-angular": "0.13.4",
    "@angular/animations": "7.2.7",
    "@angular/cdk": "7.3.3",
    "@angular/cli": "7.3.4",
    "@angular/common": "7.2.7",
    "@angular/compiler": "7.2.7",
    "@angular/compiler-cli": "7.2.7",
    "@angular/core": "7.2.7",
    "@angular/forms": "7.2.7",
    "@angular/http": "7.2.7",
    "@angular/language-service": "7.2.7",
    "@angular/material": "7.3.3",
    "@angular/platform-browser": "7.2.7",
    "@angular/platform-browser-dynamic": "7.2.7",
    "@angular/router": "7.2.7",
    "@types/graphql": "14.0.7",
    "@types/node": "10.12.29",
    "apollo-angular": "1.5.0",
    "apollo-angular-link-http": "1.5.0",
    "apollo-cache-inmemory": "1.5.1",
    "apollo-client": "2.5.1",
    "apollo-link": "1.2.8",
    "bundlesize": "0.17.1",
    "codecov": "3.2.0",
    "core-js": "2.6.5",
    "graphql": "14.1.1",
    "graphql-tag": "2.10.1",
    "husky": "1.3.1",
    "lint-staged": "8.1.5",
    "listr": "0.14.3",
    "prettier": "1.16.4",
    "rxjs": "6.4.0",
    "semver": "5.6.0",
    "shelljs": "0.8.3",
    "ts-node": "8.0.2",
    "typescript": "3.2.4",
    "zone.js": "0.8.29"
  },
  "lint-staged": {
    "**/{src,tests}/**/*.{ts,tsx,graphql}": [
      "prettier --write",
      "git add"
    ]
  },
  "prettier": {
    "bracketSpacing": false,
    "singleQuote": true,
    "trailingComma": "all"
  },
  "bundlesize": [
    {
      "path": "./packages/core/build/bundles/loona.core.umd.min.js",
      "maxSize": "4 kB"
    },
    {
      "path": "./packages/angular/build/bundles/loona.angular.umd.min.js",
      "maxSize": "3 kB"
    },
    {
      "path": "./packages/react/build/loona.react.umd.min.js",
      "maxSize": "2 kB"
    }
  ],
  "resolutions": {
    "jest": "23.6.0",
    "webpack-dev-server": "3.1.9"
  }
}