{
  "name": "lwjgl.org",
  "version": "1.1.0",
  "private": true,
  "license": "BSD-3-Clause",
  "description": "The website of LWJGL",
  "author": "Apostolos Tsakpinis",
  "repository": {
    "type": "git",
    "url": "https://github.com/LWJGL/lwjgl3-www.git"
  },
  "bugs": {
    "url": "https://github.com/LWJGL/lwjgl3-www/issues"
  },
  "homepage": "https://github.com/LWJGL/lwjgl3-www#readme",
  "prettier": {
    "printWidth": 120,
    "singleQuote": true,
    "trailingComma": "es5",
    "tabWidth": 2,
    "useTabs": false,
    "semi": true,
    "bracketSpacing": true
  },
  "browserslist": [
    "defaults",
    "chrome >= 41"
  ],
  "postcss": {
    "plugins": {
      "autoprefixer": {}
    }
  },
  "dependencies": {
    "aws-sdk": "2.412.0",
    "body-parser": "1.18.3",
    "chalk": "2.4.2",
    "compression": "1.7.3",
    "express": "5.0.0-alpha.7",
    "helmet": "3.15.1",
    "http-proxy-middleware": "0.19.1",
    "pug": "2.0.3",
    "request": "2.88.0",
    "request-promise-native": "1.0.7",
    "serve-favicon": "2.5.0",
    "yargs": "13.2.1"
  },
  "devDependencies": {
    "@babel/core": "7.3.4",
    "@babel/plugin-proposal-class-properties": "7.3.4",
    "@babel/plugin-syntax-dynamic-import": "7.2.0",
    "@babel/plugin-transform-react-constant-elements": "7.2.0",
    "@babel/polyfill": "7.2.5",
    "@babel/preset-env": "7.3.4",
    "@babel/preset-react": "7.0.0",
    "@babel/preset-typescript": "7.3.3",
    "@emotion/babel-preset-css-prop": "10.0.7",
    "@emotion/core": "10.0.7",
    "@emotion/styled": "10.0.7",
    "@reach/router": "1.3.0-alpha.1",
    "@types/jszip": "3.1.5",
    "@types/lodash-es": "4.17.2",
    "@types/reach__router": "1.2.3",
    "@types/react-dom": "16.8.2",
    "@types/remarkable": "1.7.2",
    "@types/three": "0.93.22",
    "async-sema": "3.0.0",
    "autoprefixer": "9.4.9",
    "babel-loader": "8.0.5",
    "babel-plugin-optimize-react": "0.0.4",
    "babel-plugin-transform-react-pure-class-to-function": "1.0.1",
    "babel-plugin-transform-react-remove-prop-types": "0.4.24",
    "benchmark": "2.1.4",
    "bootstrap": "4.3.1",
    "cli-table": "0.3.1",
    "cross-env": "5.2.0",
    "css-loader": "2.1.0",
    "cssnano": "4.1.10",
    "exports-loader": "0.7.0",
    "fast-async": "7.0.6",
    "fbjs": "1.0.0",
    "fg-loadcss": "2.1.0",
    "focus-trap": "4.0.2",
    "gzip-size": "5.0.0",
    "highlight.js": "9.15.6",
    "immer": "2.1.0",
    "lodash-es": "4.17.11",
    "node-sass": "4.11.0",
    "postcss-loader": "3.0.0",
    "prettier": "1.16.4",
    "react": "16.8.3",
    "react-cache": "2.0.0-alpha.1",
    "react-dom": "16.8.3",
    "react-fast-compare": "2.0.4",
    "react-hot-loader": "4.7.1",
    "sass-loader": "7.1.0",
    "scroll-into-view-if-needed": "2.2.20",
    "style-loader": "0.23.1",
    "terser": "3.16.1",
    "three": "0.102.0",
    "typescript-styled-plugin": "0.14.0",
    "webpack": "5.0.0-alpha.11",
    "webpack-bundle-analyzer": "3.0.4",
    "webpack-cli": "3.2.1",
    "webpack-dev-middleware": "3.6.0",
    "webpack-hot-middleware": "2.24.3",
    "whatwg-fetch": "3.0.0"
  },
  "resolutions": {
    "upath": "1.1.0",
    "fbjs": "1.0.0",
    "core-js": "2.6.5"
  },
  "scripts": {
    "start": "node server",
    "test-production": "cross-env NODE_ENV=production node server --test --s3proxy --nocache --pretty",
    "run-production": "cross-env NODE_ENV=production node server --s3proxy",
    "watch": "nodemon --watch server server/index.js",
    "watch-production": "cross-env NODE_ENV=production nodemon --watch server server/index.js --test --s3proxy --nocache --pretty",
    "styles": "node ./scripts/build-styles.js",
    "vendor": "webpack --config webpack.vendor.config.js",
    "bundle-analyzer-dev": "cross-env NODE_ENV=development webpack --progress --json > webpack-dev.manifest.json && webpack-bundle-analyzer webpack-dev.manifest.json",
    "bundle-analyzer-prod": "cross-env NODE_ENV=production webpack --progress --json > webpack-prod.manifest.json && webpack-bundle-analyzer webpack-prod.manifest.json",
    "bundle-verbose": "cross-env NODE_ENV=production webpack --progress --display-error-details",
    "production": "cross-env NODE_ENV=production webpack --bail --progress --json > ./public/js/webpack.manifest.json",
    "profiling": "yarn production --profiling",
    "profile": "yarn run profiling && yarn run post-production && yarn test-production",
    "post-production": "node ./scripts/post-production.js",
    "release-js": "yarn run production && yarn run post-production",
    "release": "yarn run styles && yarn run production && yarn run post-production",
    "deploy": "node ./scripts/deploy.js",
    "format": "prettier --write \"{client,server,scripts}/**/*.{ts,tsx,js,md,scss}*\"",
    "ncu": "yarn upgrade-interactive --latest -E",
    "ncut": "npx npm-check-updates -t",
    "ncun": "npx npm-check-updates -n"
  }
}