{
  "name": "@machinomy/monorepo",
  "private": true,
  "version": "1.0.0",
  "repository": "git@github.com:machinomy/machinomy.git",
  "author": "Sergey Ukustov <sergey.ukustov@machinomy.com>",
  "license": "Apache-2.0",
  "workspaces": {
    "packages": [
      "packages/*"
    ],
    "nohoist": [
      "**/openzeppelin-solidity",
      "**/openzeppelin-solidity/**",
      "**/db-migrate-plugin-typescript",
      "**/db-migrate-plugin-typescript/**"
    ]
  },
  "scripts": {
    "build": "wsrun build $PKG --fast-exit -r --serial",
    "lint": "wsrun lint $PKG",
    "test": "wsrun test $PKG",
    "coverage": "wsrun coverage $PKG",
    "bootstrap": "lerna bootstrap"
  },
  "devDependencies": {
    "coveralls": "^3.0.1",
    "lerna": "^2.11.0",
    "typescript": "^2.8.3",
    "wsrun": "^2.2.0",
    "ts-node": "^7.0.x"
  },
  "resolutions": {
    "natives": "^1.1.3",
    "upath": "^1.0.5",
    "nan": "^2.10.0",
    "sha3": "^1.2.2"
  }
}