{
  "name": "magic8bot",
  "version": "0.0.0-dev",
  "description": "Cryptocurrency trading bot",
  "bugs": "https://github.com/magic8bot/magic8bot/issues",
  "license": "MIT",
  "repository": {
    "type": "git",
    "url": "https://github.com/magic8bot/magic8bot.git"
  },
  "main": "./magic8bot.js",
  "bin": {
    "magic8bot": "./magic8bot.sh"
  },
  "scripts": {
    "clean": "rimraf ./dist",
    "build": "tsc",
    "dist": "npm run build",
    "rebuild": "npm run clean && npm run dist",
    "start": "node ./magic8bot.js",
    "start:dev": "cross-env NODE_ENV=development nodemon -w ./src -e ts ./magic8bot.js",
    "lint": "tslint -p ./tsconfig.json",
    "lint:fix": "npm run lint -- --fix",
    "test": "jest --detectOpenHandles --runInBand --forceExit"
  },
  "dependencies": {
    "@magic8bot/event-bus": "^1.1.1",
    "@magic8bot/timebucket": "^1.1.0",
    "body-parser": "^1.18.3",
    "bottleneck": "^2.6.0",
    "ccxt": "^1.12.97",
    "codecov": "^3.0.4",
    "compression": "^1.7.3",
    "cors": "^2.8.4",
    "cross-env": "5.2.0",
    "dotenv": "^6.0.0",
    "errorhandler": "^1.5.0",
    "express": "^4.16.3",
    "module-alias": "^2.1.0",
    "mongodb": "^3.1.1",
    "semver": "^5.4.1",
    "tulind": "^0.8.10",
    "winston": "^3.0.0",
    "winston-daily-rotate-file": "^3.3.0",
    "ws": "^5.2.2"
  },
  "devDependencies": {
    "@types/body-parser": "^1.17.0",
    "@types/compression": "^0.0.36",
    "@types/cors": "^2.8.4",
    "@types/dotenv": "^4.0.3",
    "@types/errorhandler": "^0.0.32",
    "@types/express": "^4.16.0",
    "@types/jest": "^23.3.0",
    "@types/mongodb": "^3.1.0",
    "@types/mongodb-memory-server": "^1.8.0",
    "@types/semver": "^5.5.0",
    "@types/ws": "^5.1.2",
    "jest": "^23.4.1",
    "jest-environment-node": "^23.4.0",
    "mongodb-memory-server": "^1.9.0",
    "nodemon": "^1.18.4",
    "pre-commit": "^1.2.2",
    "pre-push": "^0.1.1",
    "rimraf": "^2.6.2",
    "ts-jest": "^23.0.1",
    "ts-node": "^7.0.0",
    "tsconfig-paths": "^3.4.2",
    "tslint": "^5.11.0",
    "typescript": "^3.0.1"
  },
  "engines": {
    "node": "^10.0.0"
  },
  "pre-commit": [
    "lint"
  ],
  "pre-push": [
    "test"
  ],
  "_moduleAliases": {
    "@lib": "dist/lib/index.js",
    "@core": "dist/core/index.js",
    "@engine": "dist/engine/index.js",
    "@exchange": "dist/exchange/index.js",
    "@strategy": "dist/strategy/index.js",
    "@store": "dist/store/index.js",
    "@m8bTypes": "dist/types/index.js",
    "@util": "dist/util/index.js"
  }
}