{
  "name": "linode-manager",
  "author": "Linode",
  "description": "The Linode Manager website",
  "version": "0.49.0",
  "private": true,
  "engines": {
    "node": ">= 8.11.2"
  },
  "bugs": {
    "url": "https://github.com/Linode/manager/issues"
  },
  "license": "BSD-3-Clause",
  "repository": {
    "type": "git",
    "url": "https://github.com/Linode/manager.git"
  },
  "dependencies": {
    "@material-ui/core": "^3.8.3",
    "@material-ui/icons": "^3.0.2",
    "@sentry/browser": "^4.5.3",
    "algoliasearch": "^3.30.0",
    "axios": "^0.18.0",
    "axios-mock-adapter": "^1.15.0",
    "bluebird": "^3.5.1",
    "browser-detect": "^0.2.28",
    "chart.js": "^2.7.2",
    "classnames": "^2.2.5",
    "copy-to-clipboard": "^3.0.8",
    "downshift": "^1.31.7",
    "flag-icon-css": "^3.0.0",
    "font-logos": "^0.10.0",
    "formik": "^1.3.2",
    "he": "^1.2.0",
    "invariant": "^2.2.4",
    "js-cookie": "^2.2.0",
    "jspdf": "^1.5.3",
    "logic-query-parser": "^0.0.5",
    "md5": "^2.2.1",
    "memoizee": "^0.4.14",
    "moment": "^2.21.0",
    "moment-timezone": "^0.5.16",
    "notistack": "^0.4.1",
    "novnc-node": "^0.5.3",
    "promise": "8.0.1",
    "promise.prototype.finally": "^3.1.0",
    "qrcode.react": "^0.8.0",
    "qs": "^6.6.0",
    "ramda": "^0.25.0",
    "react": "^16.8.0",
    "react-async-script-loader": "^0.3.0",
    "react-chartjs-2": "^2.7.0",
    "react-csv": "^1.1.1",
    "react-currency-formatter": "^1.1.0",
    "react-dom": "^16.8.0",
    "react-ga": "^2.5.3",
    "react-loadable": "^5.3.1",
    "react-number-format": "^3.5.0",
    "react-redux": "^5.0.7",
    "react-router": "^4.2.0",
    "react-router-dom": "^4.2.2",
    "react-select": "^2.0.0",
    "react-sticky": "^6.0.3",
    "react-text-mask": "^5.4.3",
    "react-waypoint": "^8.0.3",
    "recompose": "^0.30.0",
    "redux": "^4.0.1",
    "redux-thunk": "^2.3.0",
    "reselect": "^4.0.0",
    "rxjs": "^5.5.6",
    "search-string": "^3.1.0",
    "throttle-debounce": "^2.0.0",
    "typeface-lato": "^0.0.54",
    "typeface-ubuntu-mono": "^0.0.54",
    "typescript-fsa": "^3.0.0-beta-2",
    "xml2js": "^0.4.19",
    "xterm": "^3.3.0",
    "yup": "^0.26.3",
    "zxcvbn": "^4.4.2"
  },
  "scripts": {
    "axe": "npx wdio ./e2e/config/wdio.axe.conf.js",
    "format": "prettier 'src/**/*.{ts,tsx}' --write",
    "compare": "./scripts/jira-changelog.sh",
    "docker:e2e": "docker-compose -f integration-test.yml up --exit-code-from manager-e2e",
    "docker:test": "docker build -f Dockerfile . -t 'manager' && docker run -it --rm -v $(pwd)/src:/src/src manager test",
    "docker:local": "docker build -f Dockerfile . -t 'manager' && docker run -it --rm -p 3000:3000 -v $(pwd)/src:/src/src manager start",
    "docker:storybook": "docker build -f Dockerfile . -t 'storybook' && docker run -it --rm -p 6006:6006 -v $(pwd)/src:/src/src storybook storybook",
    "docker:storybook:test": "docker-compose -f storybook-test.yml up --build --exit-code-from storybook-test",
    "start": "node scripts/start.js",
    "lint": "tslint 'src/**/*.ts' 'src/**/*.tsx'",
    "build": "node scripts/build.js",
    "prepush": "./scripts/pre-push.sh",
    "mock": "./scripts/mb.js",
    "test": "node scripts/test.js --env=jsdom",
    "storybook": "start-storybook -p 6006",
    "storybook-static": "build-storybook -c .storybook -o .out",
    "storybook:e2e": "./node_modules/.bin/wdio ./e2e/config/wdio.storybook.conf.js",
    "storyshots": "docker-compose -f storyshots.yml up --build --exit-code-from manager-storyshots && docker-compose -f storyshots.yml down -v",
    "storyshots:update": "export UPDATE=-u && docker-compose -f storyshots.yml up --build --exit-code-from manager-storyshots && unset UPDATE && docker-compose -f storyshots.yml down -v",
    "storyshots:test": "npx jest --config ./.storybook/storyshots.jest.config.js src/components/Storyshots.test.tsx --env=jsdom",
    "build-storybook": "build-storybook",
    "serve": "node testServer.js",
    "selenium": "npx selenium-standalone install --config=./e2e/config/selenium-config.js && ./node_modules/.bin/selenium-standalone start --config=./e2e/config/selenium-config.js",
    "e2e": "npx wdio ./e2e/config/wdio.conf.js",
    "e2e:all": "npx wdio ./e2e/config/wdio.conf.js; ./node_modules/.bin/wdio ./e2e/config/wdio.storybook.conf.js",
    "e2e:modified": "./scripts/e2e-modified.sh",
    "e2e:browserstack": "npx wdio ./e2e/config/browserstack.conf.js",
    "mb": "npx mb",
    "release": "./scripts/release_changelog.sh"
  },
  "husky": {
    "hooks": {
      "pre-commit": "lint-staged && npx madge --circular --extensions ts src/ && ./scripts/pre-commit.sh",
      "pre-push": "yarn prepush"
    }
  },
  "lint-staged": {
    "*.{ts,tsx}": [
      "prettier --write",
      "git add"
    ]
  },
  "devDependencies": {
    "@babel/core": "^7.2.2",
    "@babel/preset-env": "^7.2.3",
    "@babel/preset-typescript": "^7.1.0",
    "@babel/register": "^7.0.0",
    "@storybook/addon-actions": "^4.1.6",
    "@storybook/addon-knobs": "^4.1.6",
    "@storybook/addon-links": "^4.1.6",
    "@storybook/addon-storyshots": "^4.1.6",
    "@storybook/addons": "^4.1.6",
    "@storybook/react": "^4.2.0-alpha.11",
    "@types/algoliasearch": "^3.27.5",
    "@types/bluebird": "^3.5.20",
    "@types/chart.js": "^2.7.13",
    "@types/classnames": "^2.2.3",
    "@types/enzyme": "^3.1.9",
    "@types/hapi": "^17.0.17",
    "@types/he": "^1.1.0",
    "@types/inert": "^5.1.1",
    "@types/invariant": "^2.2.29",
    "@types/jest": "^22.1.3",
    "@types/js-cookie": "^2.2.0",
    "@types/jspdf": "^1.2.2",
    "@types/md5": "^2.1.32",
    "@types/memoizee": "^0.4.2",
    "@types/moment-timezone": "^0.5.4",
    "@types/node": "^9.4.6",
    "@types/normalizr": "^2.0.18",
    "@types/promise.prototype.finally": "^2.0.2",
    "@types/qrcode.react": "^0.8.0",
    "@types/qs": "^6.5.1",
    "@types/ramda": "^0.25.18",
    "@types/react": "^16.7.18",
    "@types/react-currency-formatter": "^1.1.1",
    "@types/react-dom": "^16.0.6",
    "@types/react-loadable": "^5.3.3",
    "@types/react-redux": "^5.0.15",
    "@types/react-router-dom": "^4.2.2",
    "@types/react-select": "^2.0.2",
    "@types/react-sticky": "^5.0.6",
    "@types/recompose": "^0.30.0",
    "@types/redux": "^3.6.0",
    "@types/redux-thunk": "^2.1.0",
    "@types/storybook__addon-actions": "^3.4.1",
    "@types/storybook__addon-knobs": "^4.0.0",
    "@types/storybook__react": "^4.0.0",
    "@types/throttle-debounce": "^1.0.0",
    "@types/url-parse": "^1.4.1",
    "@types/uuid": "^3.4.3",
    "@types/xml2js": "^0.4.3",
    "@types/yup": "^0.24.9",
    "@types/zxcvbn": "^4.4.0",
    "autoprefixer": "^9.4.8",
    "axe-core": "^3.1.1",
    "babel-core": "^7.0.0-bridge.0",
    "babel-jest": "^23.6.0",
    "babel-loader": "^8.0.5",
    "babel-preset-react-app": "^7.0.0",
    "case-sensitive-paths-webpack-plugin": "^2.2.0",
    "chalk": "^2.4.2",
    "core-js": "^2.6.5",
    "coveralls": "^3.0.2",
    "css-loader": "^2.1.0",
    "csstype": "^2.5.5",
    "dotenv": "^6.2.0",
    "enzyme": "^3.9.0",
    "enzyme-adapter-react-16": "^1.9.1",
    "eslint": "4.19.1",
    "file-loader": "^3.0.1",
    "fork-ts-checker-webpack-plugin": "^0.5.2",
    "fs-extra": "^7.0.1",
    "hapi": "^17.5.3",
    "html-webpack-plugin": "^4.0.0-beta.5",
    "husky": "^1.3.1",
    "inert": "^5.1.0",
    "inquirer": "^6.2.0",
    "jest": "^24.1.0",
    "lint-staged": "^8.1.0",
    "madge": "^3.4.3",
    "mini-css-extract-plugin": "^0.5.0",
    "mountebank": "^1.14.1",
    "otplib": "^10.0.1",
    "postcss-flexbugs-fixes": "^4.1.0",
    "postcss-loader": "^3.0.0",
    "prettier": "1.16.1",
    "react-dev-utils": "^7.0.3",
    "reselect-tools": "^0.0.7",
    "selenium-standalone": "^6.13.0",
    "source-map-loader": "^0.2.4",
    "storybook-react-router": "^1.0.2",
    "style-loader": "^0.23.1",
    "svgr": "^1.9.0",
    "sw-precache-webpack-plugin": "^0.11.5",
    "ts-jest": "^24.0.0",
    "ts-loader": "^5.3.3",
    "tsconfig-paths-webpack-plugin": "^3.2.0",
    "tslint": "^5.12.1",
    "tslint-config-airbnb": "^5.6.0",
    "tslint-config-prettier": "^1.17.0",
    "tslint-react": "^3.6.0",
    "typescript": "^3.2.2",
    "url-loader": "^1.1.2",
    "utility-types": "^2.1.0",
    "wdio-browserstack-service": "^0.1.16",
    "wdio-dot-reporter": "0.0.9",
    "wdio-jasmine-framework": "^0.3.8",
    "wdio-junit-reporter": "^0.4.2",
    "wdio-selenium-standalone-service": "^0.0.12",
    "wdio-spec-reporter": "^0.1.5",
    "webdriverio": "4.12.0",
    "webpack": "^4.29.5",
    "webpack-cli": "^3.2.1",
    "webpack-dev-server": "^3.2.0",
    "webpack-manifest-plugin": "^2.0.4",
    "yargs": "11.0.0"
  },
  "jest": {
    "collectCoverageFrom": [
      "src/**/*.{js,jsx,ts,tsx}"
    ],
    "setupFiles": [
      "<rootDir>/config/polyfills.js"
    ],
    "setupFilesAfterEnv": [
      "<rootDir>/config/testSetup.js"
    ],
    "testMatch": [
      "<rootDir>/src/**/__tests__/**/*.ts?(x)",
      "<rootDir>/src/**/?(*.)(spec|test).ts?(x)"
    ],
    "testEnvironment": "node",
    "testPathIgnorePatterns": [
      "<rootDir>/src/components/Storyshots.test.tsx"
    ],
    "testURL": "http://localhost",
    "transform": {
      "^.+\\.tsx?$": "<rootDir>/config/jest/typescriptTransform.js",
      "^.+\\.css$": "<rootDir>/config/jest/cssTransform.js",
      "^(?!.*\\.(js|jsx|mjs|css|json)$)": "<rootDir>/config/jest/fileTransform.js"
    },
    "transformIgnorePatterns": [
      "[/\\\\]node_modules[/\\\\].+\\.(js|jsx|mjs|ts|tsx)$"
    ],
    "moduleNameMapper": {
      "\\.svg$": "<rootDir>/src/components/NullComponent",
      "^react-native$": "react-native-web",
      "^src/(.*)": "<rootDir>/src/$1"
    },
    "moduleFileExtensions": [
      "mjs",
      "web.ts",
      "ts",
      "web.tsx",
      "tsx",
      "web.js",
      "js",
      "web.jsx",
      "jsx",
      "json",
      "node"
    ],
    "globals": {
      "ts-jest": {
        "tsConfig": "tsconfig.test.json"
      }
    }
  },
  "babel": {
    "presets": [
      "@babel/preset-env",
      "@babel/preset-typescript"
    ]
  },
  "eslintConfig": {
    "extends": "react-app"
  }
}