{
  "name": "material-community-components",
  "version": "3.4.0",
  "license": "MIT",
  "scripts": {
    "ng": "ng",
    "start": "ng serve",
    "build": "ng build --prod",
    "build:docs": "ng build --prod --output-path docs --base-href material-community-components && cp docs/index.html docs/404.html",
    "test": "ng test",
    "lint": "ng lint",
    "e2e": "ng e2e",
    "packagr": "ng-packagr -p src/lib/package.json && cp README.md src/lib/dist/",
    "commitmsg": "validate-commit-msg"
  },
  "private": true,
  "peerDependencies": {
    "core-js": "^2.4.1"
  },
  "devDependencies": {
    "@angular-devkit/build-angular": "^0.11.2",
    "@angular-devkit/core": "0.3.1",
    "@angular/animations": "7.1.3",
    "@angular/cdk": "^7.1.1",
    "@angular/cli": "7.1.2",
    "@angular/common": "7.1.3",
    "@angular/compiler": "7.1.3",
    "@angular/compiler-cli": "7.1.3",
    "@angular/core": "7.1.3",
    "@angular/forms": "7.1.3",
    "@angular/language-service": "7.1.3",
    "@angular/material": "^7.1.1",
    "@angular/platform-browser": "7.1.3",
    "@angular/platform-browser-dynamic": "7.1.3",
    "@angular/router": "7.1.3",
    "@types/jasmine": "~2.6.0",
    "@types/jasminewd2": "~2.0.2",
    "@types/node": "^8.0.31",
    "codelyzer": "^4.5.0",
    "conventional-changelog": "^1.1.7",
    "core-js": "^2.5.4",
    "cz-conventional-changelog": "^2.1.0",
    "husky": "^0.14.3",
    "jasmine-core": "~2.99.1",
    "jasmine-spec-reporter": "~4.2.1",
    "karma": "~3.1.1",
    "karma-chrome-launcher": "~2.2.0",
    "karma-coverage-istanbul-reporter": "~2.0.1",
    "karma-jasmine": "~1.1.2",
    "karma-jasmine-html-reporter": "^0.2.2",
    "ng-packagr": "^4.2.0",
    "protractor": "~5.4.0",
    "rxjs": "6.3.3",
    "rxjs-compat": "^6.0.0-rc.0",
    "ts-node": "~7.0.0",
    "tslint": "~5.11.0",
    "tslib": "1.9.0",
    "tsickle": ">=0.29.0",
    "typescript": "3.1.3",
    "uglify-es": "3.3.8",
    "validate-commit-msg": "^2.14.0",
    "zone.js": "0.8.26"
  },
  "config": {
    "validate-commit-msg": {
      "types": [
        "feat",
        "fix",
        "docs",
        "style",
        "refactor",
        "perf",
        "test",
        "chore",
        "revert",
        "release",
        "ci",
        "build"
      ],
      "warnOnFail": false,
      "maxSubjectLength": 100,
      "subjectPattern": ".+",
      "subjectPatternErrorMsg": "subject does not match subject pattern!",
      "helpMessage": ""
    },
    "commitizen": {
      "path": "./node_modules/cz-conventional-changelog"
    }
  }
}