{
  "name": "m2-app",
  "version": "0.0.0",
  "license": "MIT",
  "angular-cli": {},
  "scripts": {
    "start": "ng serve",
    "lint": "tslint \"src/**/*.ts\"",
    "test": "ng test",
    "pree2e": "webdriver-manager update",
    "e2e": "protractor"
  },
  "private": true,
  "dependencies": {
    "@angular/common": "^2.0.0",
    "@angular/compiler": "^2.0.0",
    "@angular/core": "^2.0.0",
    "@angular/forms": "^2.0.0",
    "@angular/http": "^2.0.0",
    "@angular/platform-browser": "^2.0.0",
    "@angular/platform-browser-dynamic": "^2.0.0",
    "@angular/material": "2.0.0-alpha.10",
    "@angular/router": "^3.0.0",
    "core-js": "^2.4.0",
    "rxjs": "5.0.0-beta.12",
    "ts-helpers": "^1.1.1",
    "zone.js": "^0.6.21"
  },
  "devDependencies": {
    "@angular/compiler-cli": "^2.0.0",
    "@angular/platform-server": "^2.0.0",
    "@types/hammerjs": "^2.0.32",
    "@types/jasmine": "^2.2.30",
    "angular-cli": "^1.0.0-beta.16",
    "codelyzer": "~0.0.26",
    "firebase-tools": "^3.0.7",
    "jasmine-core": "2.4.1",
    "jasmine-spec-reporter": "2.5.0",
    "karma": "0.13.22",
    "karma-chrome-launcher": "0.2.3",
    "karma-jasmine": "0.3.8",
    "karma-remap-istanbul": "^0.2.1",
    "protractor": "4.0.3",
    "ts-node": "1.2.1",
    "tslint": "3.13.0",
    "typescript": "^2.0.2"
  }
}