{
  "name": "material2-start",
  "version": "0.0.0",
  "license": "MIT",
  "scripts": {
    "ng": "ng",
    "start": "ng serve",
    "build": "ng build",
    "lint": "ng lint",
    "workshop": "ts-node ./workshop-cli"
  },
  "private": true,
  "dependencies": {
    "@angular/animations": "^5.0.1",
    "@angular/cdk": "^5.0.0-rc0",
    "@angular/common": "^5.0.1",
    "@angular/compiler": "^5.0.1",
    "@angular/core": "^5.0.1",
    "@angular/flex-layout": "^2.0.0-beta.11",
    "@angular/forms": "^5.0.1",
    "@angular/http": "^5.0.1",
    "@angular/material": "^5.0.0-rc0",
    "@angular/platform-browser": "^5.0.1",
    "@angular/platform-browser-dynamic": "^5.0.1",
    "@angular/router": "^5.0.1",
    "core-js": "^2.5.1",
    "hammerjs": "^2.0.8",
    "rxjs": "^5.5.2",
    "zone.js": "^0.8.18"
  },
  "devDependencies": {
    "@angular/cli": "^1.5.0",
    "@angular/compiler-cli": "^5.0.1",
    "@angular/language-service": "^5.0.1",
    "@types/jasmine": "2.5.46",
    "@types/node": "~7.0.12",
    "codelyzer": "~3.0.1",
    "simple-git": "^1.69.0",
    "simple-terminal-menu": "^1.1.3",
    "ts-node": "~3.0.4",
    "tslint": "~5.3.2",
    "typescript": "^2.4.2"
  }
}