{
  "name": "material-angular-io",
  "version": "0.0.0",
  "license": "MIT",
  "angular-cli": {},
  "scripts": {
    "start": "npm run build-themes && ng serve",
    "start-jit": "npm run build-themes && ng serve --aot=false",
    "lint": "tslint -p src/tsconfig.json",
    "test": "npm run build-themes && ng test",
    "pree2e": "webdriver-manager update",
    "e2e": "protractor",
    "build-themes": "bash ./tools/build-themes.sh",
    "prod-build": "npm run build-themes && ng build --aot --prod",
    "postinstall": "webdriver-manager update --gecko false && bash ./tools/build-themes.sh",
    "publish-prod": "bash ./tools/deploy.sh stable prod",
    "publish-dev": "bash ./tools/deploy.sh",
    "publish-beta": "bash ./tools/deploy.sh stable beta"
  },
  "private": true,
  "dependencies": {
    "@angular/animations": "^7.1.4",
    "@angular/cdk": "^7.2.1",
    "@angular/common": "^7.1.4",
    "@angular/compiler": "^7.1.4",
    "@angular/core": "^7.1.4",
    "@angular/forms": "^7.1.4",
    "@angular/http": "^7.1.4",
    "@angular/material": "^7.2.1",
    "@angular/material-examples": "https://github.com/angular/material2-docs-content.git",
    "@angular/material-moment-adapter": "^7.2.1",
    "@angular/platform-browser": "^7.1.4",
    "@angular/platform-browser-dynamic": "^7.1.4",
    "@angular/router": "^7.1.4",
    "core-js": "^2.6.1",
    "hammerjs": "^2.0.8",
    "moment": "^2.23.0",
    "rxjs": "^6.3.3",
    "zone.js": "^0.8.26"
  },
  "devDependencies": {
    "@angular-devkit/build-angular": "^0.11.4",
    "@angular/cli": "^7.1.4",
    "@angular/compiler-cli": "^7.1.4",
    "@types/jasmine": "^3.3.5",
    "@types/node": "^10.12.18",
    "firebase-tools": "^6.2.2",
    "jasmine-core": "~2.99.1",
    "jasmine-spec-reporter": "~4.2.1",
    "karma": "^3.1.4",
    "karma-chrome-launcher": "^2.2.0",
    "karma-firefox-launcher": "^1.1.0",
    "karma-jasmine": "^1.1.2",
    "karma-jasmine-html-reporter": "^0.2.2",
    "node-sass": "^4.11.0",
    "protractor": "~5.3.0",
    "ts-node": "^6.0.3",
    "tslint": "^5.10.0",
    "typescript": "~3.1.3"
  }
}