{
  "name": "matrix-multiplication",
  "version": "0.0.0",
  "private": true,
  "author": "Andre Staltz",
  "license": "MIT",
  "dependencies": {
    "@cycle/dom": "21.0.0-experimental.4",
    "@cycle/isolate": "3.4",
    "@cycle/run": "4.4",
    "cycle-onionify": "6.1",
    "immutable": "^3.8.1",
    "typestyle": "1.0.0",
    "xstream": "11.7"
  },
  "devDependencies": {
    "browserify": "13.1.1",
    "mkdirp": "0.5.x",
    "typescript": "2.8.4",
    "uglify-js": "^2.7.4"
  },
  "scripts": {
    "prebrowserify": "mkdirp dist && tsc",
    "browserify": "browserify lib/index.js --outfile dist/main.js",
    "postbrowserify": "uglifyjs dist/main.js -o dist/main.min.js",
    "start": "npm install && npm run browserify && echo 'OPEN index.html IN YOUR BROWSER'"
  }
}