{
  "name": "mean-rsvp-auth0",
  "version": "0.2.0",
  "license": "MIT",
  "scripts": {
    "ng": "ng",
    "start": "ng serve",
    "dev": "concurrently \"ng serve\" \"NODE_ENV=dev node server\"",
    "build": "ng build",
    "test": "ng test",
    "lint": "ng lint",
    "e2e": "ng e2e"
  },
  "private": true,
  "dependencies": {
    "@angular/animations": "6.1.3",
    "@angular/common": "6.1.3",
    "@angular/compiler": "6.1.3",
    "@angular/core": "6.1.3",
    "@angular/forms": "6.1.3",
    "@angular/platform-browser": "6.1.3",
    "@angular/platform-browser-dynamic": "6.1.3",
    "@angular/router": "6.1.3",
    "auth0-js": "^9.7.3",
    "body-parser": "^1.17.1",
    "core-js": "^2.4.1",
    "cors": "^2.8.3",
    "express": "^4.15.2",
    "express-jwt": "^5.3.1",
    "jwks-rsa": "^1.3.0",
    "method-override": "^2.3.8",
    "mongoose": "^5.0.11",
    "rxjs": "^6.2.2",
    "zone.js": "^0.8.26"
  },
  "devDependencies": {
    "@angular-devkit/build-angular": "~0.6.0",
    "@angular-devkit/core": "0.6.0",
    "@angular-devkit/schematics": "0.6.0",
    "@angular/cli": "6.1.4",
    "@angular/compiler-cli": "6.1.3",
    "@angular/language-service": "6.1.3",
    "@types/jasmine": "~2.5.53",
    "@types/jasminewd2": "~2.0.2",
    "@types/node": "~6.0.60",
    "ajv": "^6.1.1",
    "codelyzer": "4.3.0",
    "concurrently": "^3.5.1",
    "jasmine-core": "~2.6.2",
    "jasmine-spec-reporter": "~4.1.0",
    "karma": "~1.7.0",
    "karma-chrome-launcher": "~2.1.1",
    "karma-cli": "~1.0.1",
    "karma-coverage-istanbul-reporter": "^1.2.1",
    "karma-jasmine": "~1.1.0",
    "karma-jasmine-html-reporter": "^0.2.2",
    "protractor": "^5.4.0",
    "ts-node": "~3.2.0",
    "tslint": "5.10.0",
    "typescript": "2.9.2"
  }
}