{
  "name": "metastream",
  "productName": "Metastream",
  "version": "0.12.0",
  "description": "",
  "license": "MIT",
  "main": "main.js",
  "scripts": {
    "build-dll": "cross-env NODE_ENV=development node --trace-warnings -r babel-register ./node_modules/webpack/bin/webpack --config webpack.config.renderer.dev.dll.js --progress --profile --colors",
    "build-main-dev": "cross-env NODE_ENV=development node --trace-warnings -r babel-register ./node_modules/webpack/bin/webpack --config webpack.config.main.dev.js --colors",
    "build-main": "cross-env NODE_ENV=production node --trace-warnings -r babel-register ./node_modules/webpack/bin/webpack --config webpack.config.main.prod.js --progress --profile --colors",
    "build-renderer": "cross-env NODE_ENV=production node --trace-warnings -r babel-register ./node_modules/webpack/bin/webpack --config webpack.config.renderer.prod.js --progress --profile --colors",
    "build": "concurrently \"npm run build-main\" \"npm run build-renderer\"",
    "dev": "cross-env START_HOT=1 npm run start-renderer-dev",
    "package-all": "npm run build && build -mwl",
    "package-linux": "npm run build && build --linux",
    "package-win": "npm run build && build --win --x64",
    "package": "npm run build && build --publish never",
    "postinstall": "concurrently \"npm run build-dll\" \"install-app-deps\" \"node node_modules/fbjs-scripts/node/check-dev-engines.js package.json\"",
    "prestart": "npm run build",
    "start-main-dev": "cross-env npm run build-main-dev && npm run start-main-dev-real",
    "start-main-dev-real": "cross-env HOT=1 NODE_ENV=development electron ./app/main.dev.js",
    "start-renderer-dev": "cross-env NODE_ENV=development node --trace-warnings -r babel-register ./node_modules/webpack-dev-server/bin/webpack-dev-server --config webpack.config.renderer.dev.js",
    "start": "cross-env NODE_ENV=production electron ./app/"
  },
  "browserslist": "Chrome >= 67",
  "build": {
    "productName": "Metastream",
    "appId": "com.samuelmaddock.metastream",
    "copyright": "Samuel Maddock © 2018. All rights reserved.",
    "muonVersion": "7.1.6",
    "nodeGypRebuild": false,
    "npmRebuild": false,
    "afterPack": "scripts/after-pack.js",
    "files": [
      "assets/",
      "dist/",
      "node_modules/",
      "!node_modules/*/{build,src,deps,tmp,LICENSE*,*.md,.git*}",
      "!node_modules/*/prebuilds/{linux*,win32-ia32}",
      "!node_modules/*/prebuilds/*/{electron*,node-4*,node-5*}",
      "browser/resources/",
      "styles/*.global.css",
      "styles/common",
      "styles/components",
      "app.html",
      "main.prod.js",
      "main.prod.js.map",
      "package.json"
    ],
    "extraResources": [
      {
        "from": "app/extensions/enhanced-media-viewer",
        "to": "extensions/enhanced-media-viewer"
      },
      {
        "from": "app/extensions/media-remote",
        "to": "extensions/media-remote"
      },
      {
        "from": "main.licenses.txt",
        "to": "LICENSES.browser.txt"
      },
      {
        "from": "app/dist/main.licenses.txt",
        "to": "LICENSES.renderer.txt"
      }
    ],
    "nsis": {
      "artifactName": "${name}-setup-${version}.${ext}",
      "license": "resources/license_en.txt"
    },
    "nsisWeb": {
      "artifactName": "${name}-setup-${version}.${ext}",
      "license": "resources/license_en.txt"
    },
    "dmg": {
      "contents": [
        {
          "x": 130,
          "y": 220
        },
        {
          "x": 410,
          "y": 220,
          "type": "link",
          "path": "/Applications"
        }
      ]
    },
    "win": {
      "target": [
        "dir",
        "nsis",
        "zip"
      ]
    },
    "mac": {
      "artifactName": "${name}-${version}-${os}.${ext}"
    },
    "linux": {
      "target": [
        "deb",
        "AppImage"
      ]
    },
    "directories": {
      "buildResources": "resources",
      "output": "release"
    },
    "electronDist": "node_modules/electron/dist"
  },
  "repository": {
    "type": "git",
    "url": "https://github.com/samuelmaddock/metastream"
  },
  "devDependencies": {
    "@types/cheerio": "^0.22.3",
    "@types/classnames": "^2.2.3",
    "@types/deep-diff": "^0.0.31",
    "@types/electron-settings": "^3.1.1",
    "@types/fs-extra": "^5.0.0",
    "@types/history": "^4.6.1",
    "@types/i18next": "^11.9.3",
    "@types/libsodium-wrappers": "^0.7.0",
    "@types/lodash": "^4.14.115",
    "@types/marked": "^0.4.1",
    "@types/node": "^8.0.46",
    "@types/prop-types": "^15.5.2",
    "@types/react": "^16.0.18",
    "@types/react-dom": "^16.0.2",
    "@types/react-hot-loader": "^3.0.4",
    "@types/react-redux": "^5.0.10",
    "@types/react-router-dom": "^4.0.8",
    "@types/react-router-redux": "^5.0.8",
    "@types/redux": "^3.6.0",
    "@types/redux-logger": "^3.0.5",
    "@types/request": "^2.0.6",
    "@types/semver": "^5.5.0",
    "@types/shortid": "^0.0.29",
    "@types/simple-peer": "^6.1.4",
    "awesome-typescript-loader": "^5.0.0",
    "babel-core": "^6.24.1",
    "babel-loader": "^7.1.4",
    "babel-plugin-add-module-exports": "^0.2.1",
    "babel-plugin-dev-expression": "^0.2.1",
    "babel-plugin-dynamic-import-webpack": "^1.0.1",
    "babel-plugin-transform-class-properties": "^6.24.1",
    "babel-plugin-transform-es2015-classes": "^6.24.1",
    "babel-preset-env": "^1.4.0",
    "babel-preset-react": "^6.24.1",
    "babel-preset-react-hmre": "^1.1.1",
    "babel-preset-react-optimize": "^1.0.1",
    "babel-preset-stage-0": "^6.24.1",
    "babel-register": "^6.24.1",
    "chalk": "^1.1.3",
    "concurrently": "^3.4.0",
    "cross-env": "^4.0.0",
    "cross-spawn": "^5.1.0",
    "css-loader": "^0.28.11",
    "dat-swarm-defaults": "^1.0.0",
    "dotenv-webpack": "^1.5.7",
    "electron": "brave/electron-prebuilt",
    "electron-builder": "20.20.4",
    "electron-devtools-installer": "^2.2.1",
    "electron-discord-register": "^1.0.0",
    "electron-ipc-stream": "^0.2.0",
    "electron-settings": "^3.2.0",
    "express": "^4.15.2",
    "extract-text-webpack-plugin": "^4.0.0-beta.0",
    "fbjs-scripts": "^0.7.1",
    "file-loader": "^1.1.11",
    "fs-extra": "^5.0.0",
    "html-webpack-plugin": "^3.2.0",
    "identity-obj-proxy": "^3.0.0",
    "is-ip": "^2.0.0",
    "libsodium-wrappers": "^0.7.3",
    "license-webpack-plugin": "^1.3.1",
    "redux-logger": "^3.0.1",
    "style-loader": "^0.21.0",
    "swarm-peer-server": "1.0.9",
    "typescript": "2.8.4",
    "url-loader": "^1.0.1",
    "username": "^3.0.0",
    "walkdir": "^0.0.12",
    "webpack": "4.8.1",
    "webpack-bundle-analyzer": "^2.9.0",
    "webpack-cli": "^2.1.3",
    "webpack-dev-server": "^3.1.11",
    "webpack-merge": "^4.1.0",
    "webpack-node-externals": "^1.6.0"
  },
  "dependencies": {
    "cheerio": "^1.0.0-rc.2",
    "classnames": "^2.2.5",
    "deep-diff": "^0.3.8",
    "discord-rpc": "^3.0.1",
    "electron-debug": "^1.4.0",
    "electron-localshortcut": "^2.0.2",
    "electron-updater": "3.1.1",
    "firebase": "^5.5.3",
    "history": "^4.7.2",
    "html-parse-stringify2": "^2.0.1",
    "i18next": "^12.0.0",
    "iso8601-duration": "^1.1.1",
    "length-prefixed-stream": "^1.6.0",
    "lodash": "^4.17.10",
    "marked": "^0.5.1",
    "material-ui": "^1.0.0-beta.47",
    "qs": "6.5.1",
    "react": "^16.0.0",
    "react-dom": "^16.0.0",
    "react-hot-loader": "^3.1.1",
    "react-i18next": "^8.3.8",
    "react-redux": "^5.0.6",
    "react-router": "^4.2.0",
    "react-router-dom": "^4.2.2",
    "react-router-redux": "5.0.0-alpha.8",
    "redux": "^4.0.0",
    "redux-persist": "^5.9.1",
    "redux-thunk": "^2.3.0",
    "request": "^2.81.0",
    "shortid": "^2.2.8",
    "simple-peer": "^8.1.1",
    "simple-websocket": "^7.0.2",
    "source-map-support": "^0.4.14"
  },
  "resolutions": {
    "node-fetch": "2.1.2"
  },
  "devEngines": {
    "node": ">=7.x",
    "npm": ">=4.x",
    "yarn": ">=0.21.3"
  },
  "prettier": {
    "printWidth": 100,
    "singleQuote": true,
    "jsonEnable": false,
    "semi": false
  }
}