{
  "name": "mindmapp",
  "version": "0.7.16",
  "description": "Desktop application to draw mind maps.",
  "homepage": "https://mindmapp.github.io",
  "repository": {
    "type": "git",
    "url": "https://github.com/Mindmapp/mindmapp.git"
  },
  "author": {
    "name": "Omar Desogus",
    "email": "omardesogus9@gmail.com"
  },
  "license": "MIT",
  "keywords": [
    "electron",
    "mmp",
    "mindmap",
    "node",
    "branch",
    "map",
    "mind",
    "infovis"
  ],
  "main": "app.js",
  "scripts": {
    "start": "electron . --dev",
    "ng:build": "ng build --watch",
    "pack": "ng build --prod && electron-builder --dir",
    "release": "ng build --prod && electron-builder"
  },
  "dependencies": {
    "electron-log": "2.2.17",
    "electron-updater": "3.1.6"
  },
  "devDependencies": {
    "@angular-devkit/build-angular": "0.10.4",
    "@angular/animations": "7.0.2",
    "@angular/cdk": "7.0.2",
    "@angular/cli": "7.0.4",
    "@angular/common": "7.0.2",
    "@angular/compiler": "7.0.2",
    "@angular/compiler-cli": "7.0.2",
    "@angular/core": "7.0.2",
    "@angular/forms": "7.0.2",
    "@angular/http": "7.0.2",
    "@angular/language-service": "7.0.2",
    "@angular/material": "7.0.2",
    "@angular/platform-browser": "7.0.2",
    "@angular/platform-browser-dynamic": "7.0.2",
    "@ngx-translate/core": "11.0.0",
    "@ngx-translate/http-loader": "4.0.0",
    "@types/mousetrap": "1.6.0",
    "@types/node": "10.12.2",
    "core-js": "2.5.7",
    "electron": "2.0.13",
    "electron-builder": "20.31.2",
    "electron-reload": "1.2.5",
    "hammerjs": "2.0.8",
    "jspdf": "1.4.1",
    "material-design-icons": "3.0.1",
    "minimist": "1.2.0",
    "mmp": "0.2.15",
    "mousetrap": "1.6.2",
    "ngx-color-picker": "7.0.1",
    "rxjs": "6.3.3",
    "ts-node": "7.0.1",
    "typescript": "3.1.6",
    "zone.js": "0.8.26"
  }
}