{
  "name": "prisma-app",
  "version": "0.5.2",
  "author": "Prisma",
  "homepage": "https://prisma.care",
  "private": true,
  "scripts": {
    "clean": "ionic-app-scripts clean",
    "build": "ionic-app-scripts build",
    "lint": "ionic-app-scripts lint",
    "ionic:build": "ionic-app-scripts build",
    "ionic:serve": "ionic-app-scripts serve",
    "format": "prettier --single-quote --bracket-spacing=false --write 'src/**/*.ts'",
    "precommit": "lint-staged"
  },
  "dependencies": {
    "@angular/common": "^4.4.3",
    "@angular/compiler": "^4.4.3",
    "@angular/compiler-cli": "^4.4.3",
    "@angular/core": "^4.4.3",
    "@angular/forms": "^4.4.3",
    "@angular/http": "^4.4.3",
    "@angular/platform-browser": "^4.4.3",
    "@angular/platform-browser-dynamic": "^4.4.3",
    "@ionic-native/camera": "^3.14.0",
    "@ionic-native/core": "3.12.1",
    "@ionic-native/dialogs": "^4.1.0",
    "@ionic-native/file": "^4.0.1",
    "@ionic-native/file-chooser": "^4.0.0",
    "@ionic-native/file-path": "^4.0.1",
    "@ionic-native/file-transfer": "^4.0.1",
    "@ionic-native/mixpanel": "^4.2.1",
    "@ionic-native/native-page-transitions": "^4.1.0",
    "@ionic-native/network": "^4.3.1",
    "@ionic-native/splash-screen": "3.12.1",
    "@ionic-native/status-bar": "3.12.1",
    "@ionic-native/transfer": "^3.14.0",
    "@ionic-native/youtube-video-player": "^4.2.1",
    "@ionic/storage": "^2.0.1",
    "@ngx-translate/core": "^7.1.0",
    "@ngx-translate/http-loader": "^0.1.0",
    "@types/lodash": "^4.14.85",
    "com.telerik.plugins.nativepagetransitions": "^0.6.5",
    "cordova-android": "6.4.0",
    "cordova-browser": "^4.1.0",
    "cordova-plugin-camera": "^2.4.1",
    "cordova-plugin-compat": "^1.2.0",
    "cordova-plugin-console": "^1.1.0",
    "cordova-plugin-device": "^1.1.7",
    "cordova-plugin-dialogs": "^1.3.4",
    "cordova-plugin-file": "^5.0.0",
    "cordova-plugin-file-transfer": "^1.7.0",
    "cordova-plugin-filepath": "^1.1.0",
    "cordova-plugin-mixpanel": "^4.1.0",
    "cordova-plugin-network-information": "^1.3.4",
    "cordova-plugin-splashscreen": "^4.1.0",
    "cordova-plugin-statusbar": "^2.3.0",
    "cordova-plugin-whitelist": "^1.3.3",
    "cordova-plugin-youtube-video-player": "^1.0.6",
    "ionic-angular": "3.9.2",
    "ionic-plugin-keyboard": "^2.2.1",
    "ionicons": "3.0.0",
    "lodash": "^4.17.4",
    "rxjs": "^5.5.2",
    "sw-toolbox": "3.6.0",
    "zone.js": "^0.8.17"
  },
  "devDependencies": {
    "@angular/cli": "^1.2.3",
    "@ionic/app-scripts": "^3.0.0",
    "@types/jasmine": "^2.5.53",
    "@types/node": "^8.0.15",
    "angular-mocks": "^1.6.5",
    "angular2-template-loader": "^0.6.2",
    "codecov": "^2.2.0",
    "codelyzer": "^4.0.1",
    "gulp": "^3.9.1",
    "gulp-preprocess": "^2.0.0",
    "husky": "^0.14.3",
    "ionic": "3.19.0",
    "jasmine-core": "^2.6.4",
    "jasmine-spec-reporter": "^4.1.1",
    "karma": "^1.7.0",
    "karma-chrome-launcher": "^2.2.0",
    "karma-jasmine": "^1.1.0",
    "karma-mocha-reporter": "^2.2.3",
    "karma-remap-istanbul": "^0.6.0",
    "karma-sourcemap-loader": "^0.3.7",
    "karma-webpack": "^2.0.4",
    "lint-staged": "^5.0.0",
    "null-loader": "^0.1.1",
    "prettier": "^1.8.2",
    "sourcemap": "^0.1.0",
    "ts-loader": "^2.3.1",
    "ts-node": "^3.2.1",
    "tslint": "^5.8.0",
    "typescript": "2.6.1",
    "webpack": "^3.3.0"
  },
  "description": "An Ionic project",
  "cordova": {
    "plugins": {
      "cordova-plugin-console": {},
      "cordova-plugin-device": {},
      "cordova-plugin-splashscreen": {},
      "cordova-plugin-statusbar": {},
      "cordova-plugin-whitelist": {},
      "ionic-plugin-keyboard": {},
      "cordova-plugin-camera": {},
      "cordova-plugin-file-transfer": {},
      "cordova-plugin-filepath": {},
      "cordova-plugin-dialogs": {},
      "com.telerik.plugins.nativepagetransitions": {},
      "cordova-plugin-network-information": {},
      "cordova-plugin-youtube-video-player": {},
      "cordova-plugin-mixpanel": {},
      "cordova-plugin-file": {}
    },
    "platforms": [
      "android",
      "browser"
    ]
  },
  "lint-staged": {
    "*.ts": [
      "prettier --write --single-quote --bracket-spacing=false",
      "tslint",
      "git add"
    ]
  },
  "config": {
    "ionic_source_map": "source-map"
  }
}