{
  "name": "moneyleash",
  "author": "Luis Cabrera",
  "homepage": "http://luiscabrera.site/",
  "private": true,
  "scripts": {
    "clean": "ionic-app-scripts clean",
    "build": "ionic-app-scripts build",
    "ionic:build": "ionic-app-scripts build",
    "ionic:serve": "ionic-app-scripts serve"
  },
  "dependencies": {
    "@angular/common": "4.1.2",
    "@angular/compiler": "4.1.2",
    "@angular/compiler-cli": "4.1.2",
    "@angular/core": "4.1.2",
    "@angular/forms": "4.1.2",
    "@angular/http": "4.1.2",
    "@angular/platform-browser": "4.1.2",
    "@angular/platform-browser-dynamic": "4.1.2",
    "@ionic-native/app-version": "^3.11.0",
    "@ionic-native/camera": "^3.11.0",
    "@ionic-native/core": "^3.11.0",
    "@ionic-native/in-app-browser": "^3.11.0",
    "@ionic-native/splash-screen": "^3.11.0",
    "@ionic-native/status-bar": "^3.11.0",
    "@ionic-native/touch-id": "^3.11.0",
    "@ionic/cloud-angular": "^0.12.0",
    "@ionic/storage": "2.0.1",
    "angularfire2": "^4.0.0-rc.1",
    "firebase": "4.1.1",
    "font-awesome": "^4.7.0",
    "gsap": "^1.19.1",
    "ionic-angular": "3.3.0",
    "ionicons": "3.0.0",
    "moment": "2.18.1",
    "ng2-translate": "^5.0.0",
    "rxjs": "5.1.1",
    "sw-toolbox": "3.6.0",
    "zone.js": "0.8.11"
  },
  "devDependencies": {
    "@ionic/app-scripts": "^1.3.7",
    "@ionic/cli-plugin-cordova": "1.3.0",
    "@ionic/cli-plugin-ionic-angular": "^1.3.0",
    "typescript": "2.3.3"
  },
  "cordovaPlugins": [
    "cordova-plugin-whitelist",
    "cordova-plugin-console",
    "cordova-plugin-statusbar",
    "cordova-plugin-device",
    "cordova-plugin-splashscreen",
    "ionic-plugin-keyboard"
  ],
  "cordovaPlatforms": [],
  "description": "Don't let your money run wild. Keep it on a leash!",
  "config": {
    "ionic_copy": "./scripts/copy-custom-libs.js"
  }
}