{
  "name": "monobase",
  "version": "3.1.1",
  "author": "Koen Bok",
  "license": "MIT",
  "main": "./dist/index.js",
  "types": "./dist/index.d.ts",
  "bin": {
    "monobase": "./dist/cli.js"
  },
  "jest": {
    "transform": {
      "^.+\\.tsx?$": "ts-jest"
    },
    "testRegex": "((\\.|/)(test|spec))\\.(jsx?|tsx?)$",
    "globals": {
      "ts-jest": {
        "diagnostics": false
      }
    },
    "moduleFileExtensions": [
      "ts",
      "tsx",
      "js",
      "jsx",
      "json",
      "node"
    ]
  },
  "dependencies": {
    "@babel/core": "^7.1.5",
    "@babel/plugin-proposal-class-properties": "^7.1.0",
    "@babel/plugin-proposal-object-rest-spread": "^7.0.0",
    "@babel/preset-env": "^7.1.5",
    "@babel/preset-react": "^7.0.0",
    "@babel/preset-typescript": "^7.1.0",
    "@mdx-js/loader": "0.15",
    "@types/express": "^4.11.0",
    "@types/jest": "^23.3.9",
    "@types/lodash": "^4.14.118",
    "@types/minimist": "^1.2.0",
    "@types/mocha": "^5.2.5",
    "@types/morgan": "^1.7.35",
    "@types/ncp": "^2.0.1",
    "@types/node": "^8.5.1",
    "@types/prop-types": "^15.5.2",
    "@types/react": "^16.7.6",
    "@types/react-dom": "^16.0.9",
    "@types/styled-components": "^4.1.8",
    "@types/watch": "^1.0.0",
    "@types/webpack": "^3.8.1",
    "babel": "^6.23.0",
    "babel-loader": "^8.0.4",
    "babel-plugin-styled-components": "^1.8.0",
    "chalk": "^2.3.0",
    "commander": "^2.12.2",
    "connect-inject": "^0.4.0",
    "count-files": "^2.6.2",
    "cross-spawn": "^5.1.0",
    "express": "^4.16.2",
    "express-ws": "^3.0.0",
    "first-open-port": "^0.1.2",
    "gaze": "^1.1.2",
    "glob": "^7.1.2",
    "invalidate-module": "^1.0.0",
    "is-reachable": "^3.0.0",
    "jest": "^22.0.4",
    "js-cookie": "^2.2.0",
    "lodash": "^4.17.11",
    "memory-fs": "^0.4.1",
    "minimist": "^1.2.0",
    "mkcert": "^1.2.0",
    "mkdirp": "^0.5.1",
    "morgan": "^1.9.0",
    "my-local-ip": "^1.0.0",
    "ncp": "^2.0.0",
    "opn": "^5.1.0",
    "platform-folders": "^0.3.2",
    "pretty-bytes": "^4.0.2",
    "prop-types": "^15.6.0",
    "react": "^16.8.1",
    "react-dom": "^16.8.1",
    "react-remarkable": "^1.1.3",
    "relative": "^3.0.2",
    "remove-markdown": "^0.2.2",
    "serve-favicon": "^2.5.0",
    "socketio": "^1.0.0",
    "styled-components": "^4.1.3",
    "terser-webpack-plugin": "^1.1.0",
    "ts-jest": "^23.10.4",
    "ts-node": "^4.0.2",
    "tsconfig-paths": "^3.1.1",
    "typescript": "^3.1.6",
    "watch": "^1.0.2",
    "webpack": "^4.29.3"
  }
}