{
  "name": "monolite",
  "version": "0.8.0",
  "description": "Structural-sharing tree object modifier",
  "main": "lib/monolite/index.js",
  "types": "lib/monolite/index.d.ts",
  "scripts": {
    "test": "jest",
    "build": "webpack",
    "precommit": "lint-staged"
  },
  "authors": [
    {
      "name": "Chris Feijoo",
      "url": "https://github.com/kube"
    },
    {
      "name": "Benjamin Lechiara",
      "url": "https://github.com/corseman"
    }
  ],
  "license": "MIT",
  "devDependencies": {
    "@babel/core": "^7.1.2",
    "@babel/traverse": "^7.1.4",
    "@babel/types": "^7.1.3",
    "@types/babel__core": "^7.0.1",
    "@types/babel__traverse": "^7.0.0",
    "@types/jest": "^23.3.5",
    "@types/webpack": "^4.4.17",
    "dts-bundle-webpack": "^1.0.1",
    "husky": "^1.1.2",
    "jest": "^23.6.0",
    "kube-header": "1.0.5",
    "lint-staged": "^7.3.0",
    "prettier": "^1.14.3",
    "ts-jest": "^23.10.4",
    "ts-loader": "^5.2.2",
    "typescript": "^3.1.2",
    "webpack": "^4.20.2",
    "webpack-cli": "^3.1.2"
  },
  "lint-staged": {
    "*.{ts,js,json}": [
      "prettier --write",
      "header format --write",
      "git add"
    ]
  }
}