{
  "private": true,
  "name": "motorcyclejs",
  "version": "1.0.0",
  "description": "Type-Safe Functional and Reactive Web Framework",
  "scripts": {
    "clean": "northbrook exec -- rimraf yarn.lock node_modules && rimraf yarn.lock node_modules",
    "build": "northbrook tsc",
    "test": "northbrook tslint && northbrook mocha && northbrook karma",
    "test:ci": "northbrook tslint --changed && northbrook mocha --changed && northbrook karma --changed",
    "prerelease": "npm run build",
    "preversion": "northbrook tsc --changed",
    "release": "northbrook release --comver",
    "postinstall": "northbrook exec -- yarn && northbrook link && northbrook tsc"
  },
  "repository": {
    "type": "git",
    "url": "git+https://github.com/motorcyclejs/motorcyclejs.git"
  },
  "keywords": [
    "motorcyclejs",
    "motorcycle",
    "cyclejs",
    "cycle",
    "functional",
    "reactive",
    "typescript",
    "typesafe",
    "type-safe",
    "most",
    "mostjs",
    "most.js",
    "web",
    "framework"
  ],
  "author": "Tylor Steinberger <tlsteinberger167@gmail.com>",
  "license": "MIT",
  "bugs": {
    "url": "https://github.com/motorcyclejs/motorcyclejs/issues"
  },
  "homepage": "https://github.com/motorcyclejs/motorcyclejs#readme",
  "devDependencies": {
    "@motorcycle/tslint": "^2.0.6",
    "@northbrook/mocha": "^3.1.1",
    "@northbrook/tsc": "^1.0.8",
    "@northbrook/tslint": "^2.1.8",
    "@types/node": "^7.0.14",
    "@types/sinon": "^2.1.3",
    "istanbul": "^0.4.5",
    "karma": "^1.6.0",
    "karma-chrome-launcher": "^2.0.0",
    "karma-firefox-launcher": "^1.0.1",
    "karma-mocha": "^1.3.0",
    "karma-typescript": "^3.0.1",
    "mkdirp": "^0.5.1",
    "northbrook": "^4.6.3",
    "rimraf": "^2.6.1",
    "sinon": "^2.1.0",
    "ts-node": "^3.0.2",
    "tslint": "^5.1.0",
    "typed-prompts": "^1.5.0",
    "typescript": "^2.3.2"
  }
}