{
  "name": "omscentral",
  "version": "1.1.0",
  "license": "MIT",
  "scripts": {
    "ng": "ng",
    "start": "ng serve",
    "prod": "ng serve --prod",
    "build": "ng build --prod -c=dev && sw-precache --root=dist --config=precache-config.js",
    "build:prod": "ng build --prod && sw-precache --root=dist --config=precache-config.js",
    "test": "ng test",
    "lint": "ng lint",
    "e2e": "ng e2e",
    "deploy": "ng build --prod -c=dev && sw-precache --root=dist --config=precache-config.js && firebase use staging && firebase deploy --only hosting",
    "deploy:prod": "ng build --prod && sw-precache --root=dist --config=precache-config.js && firebase use production && firebase deploy --only hosting",
    "prettier": "prettier --write \"**/*.ts\""
  },
  "private": true,
  "dependencies": {
    "@angular/animations": "7.1.4",
    "@angular/cdk": "7.2.0",
    "@angular/common": "7.1.4",
    "@angular/compiler": "7.1.4",
    "@angular/core": "7.1.4",
    "@angular/fire": "^5.1.0",
    "@angular/flex-layout": "7.0.0-beta.19",
    "@angular/forms": "7.1.4",
    "@angular/http": "7.1.4",
    "@angular/material": "7.2.0",
    "@angular/platform-browser": "7.1.4",
    "@angular/platform-browser-dynamic": "7.1.4",
    "@angular/router": "7.1.4",
    "@ngrx/effects": "6.1.2",
    "@ngrx/entity": "6.1.2",
    "@ngrx/router-store": "6.1.2",
    "@ngrx/store": "6.1.2",
    "@ngrx/store-devtools": "6.1.2",
    "@webcomponents/custom-elements": "1.1.0",
    "core-js": "^2.5.5",
    "firebase": "5.5.7",
    "font-awesome": "^4.7.0",
    "ngrx-store-freeze": "^0.2.3",
    "ngx-markdown": "7.0.3",
    "raven-js": "3.25.2",
    "rxjs": "^6.1.0",
    "sw-precache-webpack-plugin": "^0.11.5",
    "zone.js": "^0.8.26"
  },
  "devDependencies": {
    "@angular-devkit/build-angular": "~0.10.4",
    "@angular/cli": "^7.0.4",
    "@angular/compiler-cli": "^7.0.3",
    "@angular/language-service": "^7.0.3",
    "@ngrx/schematics": "^6.1.2",
    "@types/jasmine": "~2.8.7",
    "@types/jasminewd2": "~2.0.3",
    "@types/node": "~10.0.3",
    "angular-github-buttons": "2.0.0",
    "codelyzer": "~4.3.0",
    "firebase-tools": "6.0.1",
    "jasmine-core": "~3.1.0",
    "jasmine-spec-reporter": "~4.2.1",
    "karma": "~2.0.2",
    "karma-chrome-launcher": "~2.2.0",
    "karma-cli": "~1.0.1",
    "karma-coverage-istanbul-reporter": "^1.4.2",
    "karma-jasmine": "~1.1.2",
    "karma-jasmine-html-reporter": "^1.0.0",
    "karma-phantomjs-launcher": "^1.0.4",
    "prettier": "1.12.1",
    "protractor": "~5.3.1",
    "ts-node": "~6.0.2",
    "tslint": "~5.10.0",
    "typescript": "3.1.6"
  }
}