{
  "name": "polyonic",
  "productName": "Polyonic App",
  "description": "An Ionic project",
  "version": "2.0.0",
  "author": {
    "name": "Your Name",
    "email": "email@your-email.com",
    "url": "http://yourwebsite.com"
  },
  "repository": "https://github.com/paulsutherland/polyonic",
  "copyright": "© 2018, Your Name",
  "private": true,
  "main": "electron.js",
  "scripts": {
    "build:electron": "npm run postinstall:electron && ng build --base-href ./",
    "build:electron:dev": "npm run build:electron -- -c dev",
    "build:electron:prod": "npm run build:electron -- -c production",
    "electron:dev": "npm run postinstall:electron && npm-run-all -p ng:serve electron:serve",
    "electron:serve": "wait-on http-get://localhost:4200/ && run-electron . --serve",
    "electron:local": "npm run build:electron:prod && run-electron .",
    "electron:linux": "npm run build:electron:prod && npx electron-builder build --linux",
    "electron:windows": "npm run build:electron:prod && npx electron-builder build --windows",
    "electron:mac": "npm run build:electron:prod && npx electron-builder build --mac",
    "ionic": "npm run ng:serve:web",
    "emulate:ios-dev": "node config/disable-deploy && node config/postinstall-web && ionic cordova emulate ios --l -- --buildFlag='-UseModernBuildSystem=0'",
    "run:ios-dev": "node config/disable-deploy && node config/postinstall-web && ionic cordova run ios --l --device -- --buildFlag='-UseModernBuildSystem=0'",
    "emulate:ios": "node config/disable-deploy && node config/postinstall-web && ionic cordova emulate ios -- --buildFlag='-UseModernBuildSystem=0'",
    "run:ios": "node config/disable-deploy && node config/postinstall-web && ionic cordova run ios --device -- --buildFlag='-UseModernBuildSystem=0'",
    "release:ios": "node config/enable-deploy && node config/postinstall-web && ionic cordova build ios --prod --release -- --buildFlag='-UseModernBuildSystem=0'",
    "emulate:android-dev": "node config/disable-deploy && node config/postinstall-web && ionic cordova emulate android --l",
    "run:android-dev": "node config/disable-deploy && node config/postinstall-web && ionic cordova run android --device --l",
    "emulate:android": "node config/disable-deploy && node config/postinstall-web && ionic cordova emulate android",
    "run:android": "node config/disable-deploy && node config/postinstall-web && ionic cordova run android --device",
    "release:android": "node config/enable-deploy && node config/postinstall-web && ionic cordova build android --prod --release ",
    "ng": "ng",
    "ng:serve": "ng serve",
    "ng:serve:web": "npm run postinstall:web && ng serve -o",
    "postinstall": "npm run postinstall:electron && npx electron-builder install-app-deps && ionic cordova resources",
    "postinstall:web": "node config/postinstall-web",
    "postinstall:electron": "node config/postinstall",
    "precommit": "node config/enable-deploy && git add config.xml",
    "test": "npm run postinstall:web && ng test",
    "e2e": "npm run postinstall:web && ng e2e",
    "xcode": "open -a Xcode platforms/ios/"
  },
  "dependencies": {
    "@angular/common": "~7.2.2",
    "@angular/core": "~7.2.2",
    "@angular/forms": "~7.2.2",
    "@angular/http": "~7.2.2",
    "@angular/platform-browser": "~7.2.2",
    "@angular/platform-browser-dynamic": "~7.2.2",
    "@angular/router": "~7.2.2",
    "@ionic-native/core": "5.0.0",
    "@ionic-native/splash-screen": "5.0.0",
    "@ionic-native/status-bar": "5.0.0",
    "@ionic/angular": "4.0.0",
    "cordova-android": "^8.0.0",
    "cordova-ios": "5.0.0",
    "cordova-plugin-device": "^2.0.2",
    "cordova-plugin-ionic-keyboard": "^2.1.3",
    "cordova-plugin-ionic-webview": "^3.1.1",
    "cordova-plugin-splashscreen": "^5.0.2",
    "cordova-plugin-statusbar": "^2.4.2",
    "cordova-plugin-whitelist": "^1.3.3",
    "cordova-sqlcipher-adapter": "0.3.0",
    "core-js": "^2.6.3",
    "level": "^4.0.0",
    "ngx-electron": "^2.1.1",
    "polyonic-secure-pouch": "^1.0.3",
    "pouchdb": "^7.0.0",
    "pouchdb-adapter-cordova-sqlite": "^2.0.5",
    "run-electron": "^0.1.0",
    "rxjs": "6.3.3",
    "zone.js": "^0.8.29"
  },
  "devDependencies": {
    "@angular-devkit/architect": "~0.12.3",
    "@angular-devkit/build-angular": "~0.12.3",
    "@angular-devkit/core": "~7.2.3",
    "@angular-devkit/schematics": "~7.2.3",
    "@angular/cli": "~7.2.3",
    "@angular/compiler": "~7.2.2",
    "@angular/compiler-cli": "^7.2.5",
    "@angular/language-service": "~7.2.2",
    "@ionic/angular-toolkit": "^1.2.2",
    "@types/jasmine": "~3.3.7",
    "@types/jasminewd2": "~2.0.6",
    "@types/node": "~10.12.18",
    "codelyzer": "~4.5.0",
    "electron": "~4.0.2",
    "electron-builder": "20.38.5",
    "electron-reload": "1.4.0",
    "husky": "^1.3.1",
    "jasmine-core": "~3.3.0",
    "jasmine-spec-reporter": "~4.2.1",
    "karma": "~4.0.0",
    "karma-chrome-launcher": "~2.2.0",
    "karma-coverage-istanbul-reporter": "~2.0.4",
    "karma-jasmine": "~2.0.1",
    "karma-jasmine-html-reporter": "^1.4.0",
    "npm-run-all": "^4.1.5",
    "protractor": "~5.4.2",
    "ts-node": "~8.0.1",
    "tslint": "~5.12.1",
    "typescript": "3.2.4",
    "wait-on": "^3.2.0"
  },
  "cordova": {
    "plugins": {
      "cordova-plugin-whitelist": {},
      "cordova-plugin-statusbar": {},
      "cordova-plugin-device": {},
      "cordova-plugin-splashscreen": {},
      "cordova-plugin-ionic-webview": {},
      "cordova-plugin-ionic-keyboard": {},
      "cordova-sqlcipher-adapter": {}
    },
    "platforms": [
      "android",
      "ios"
    ]
  }
}