{
  "name": "powerbi-client",
  "version": "2.7.1",
  "description": "JavaScript library for embedding Power BI into your apps. Provides service which makes it easy to embed different types of components and an object model which allows easy interaction with these components such as changing pages, applying filters, and responding to data selection.",
  "main": "dist/powerbi.js",
  "typings": "dist/powerbi-client.d.ts",
  "files": [
    "dist"
  ],
  "directories": {
    "test": "test"
  },
  "scripts": {
    "build": "gulp build",
    "start": "http-server ./demo",
    "gulpversion": "gulp build && git add .",
    "prepublish": "typings install && gulp build",
    "prestart": "cd demo && npm install",
    "test": "gulp test",
    "gulp": "gulp",
    "typings": "typings"
  },
  "keywords": [
    "microsoft",
    "powerbi",
    "embedded",
    "visuals"
  ],
  "repository": {
    "type": "git",
    "url": "https://github.com/Microsoft/PowerBI-JavaScript.git"
  },
  "author": "Microsoft",
  "license": "MIT",
  "devDependencies": {
    "del": "^2.2.2",
    "es6-promise": "^3.2.1",
    "gulp": "^3.9.0",
    "gulp-concat": "^2.6.0",
    "gulp-flatten": "^0.2.0",
    "gulp-gh-pages": "^0.5.4",
    "gulp-header": "^1.8.7",
    "gulp-help": "^1.6.1",
    "gulp-rename": "^1.2.2",
    "gulp-replace": "^0.5.4",
    "gulp-sourcemaps": "^1.6.0",
    "gulp-tslint": "^4.3.4",
    "gulp-typedoc": "^2.0.0",
    "gulp-typescript": "^2.12.1",
    "gulp-uglify": "^1.5.1",
    "http-server": "^0.9.0",
    "ignore-loader": "^0.1.1",
    "jasmine": "^2.4.1",
    "jasmine-core": "^2.4.1",
    "jquery": "^3.3.1",
    "json-loader": "^0.5.4",
    "karma": "^0.13.19",
    "karma-chrome-launcher": "^0.2.3",
    "karma-coverage": "^0.5.5",
    "karma-firefox-launcher": "^1.0.0",
    "karma-jasmine": "^0.3.8",
    "karma-phantomjs-launcher": "^1.0.2",
    "karma-spec-reporter": "0.0.23",
    "moment": "^2.14.1",
    "phantomjs-prebuilt": "^2.1.3",
    "run-sequence": "^1.1.5",
    "ts-loader": "^0.8.1",
    "tslint": "^3.6.0",
    "typedoc": "^0.4.4",
    "typescript": "^1.8.10",
    "typings": "^1.3.2",
    "webpack": "^1.12.14",
    "webpack-stream": "^3.1.0",
    "yargs": "^4.4.0"
  },
  "dependencies": {
    "http-post-message": "^0.2",
    "powerbi-models": "^1.1.0",
    "powerbi-router": "^0.1",
    "window-post-message-proxy": "^0.2"
  },
  "publishConfig": {
    "tag": "beta"
  }
}