{
  "name": "pt-plugin-plus",
  "version": "1.0.0",
  "private": true,
  "author": {
    "name": "ronggang",
    "url": "https://github.com/ronggang"
  },
  "displayName": "PT 助手 Plus",
  "homepage": "https://github.com/ronggang/PT-Plugin-Plus",
  "scripts": {
    "serve": "vue-cli-service serve",
    "build": "vue-cli-service build && webpack --config webpack/prod.js && node ./test/dist/buildResource.js && web-ext build -s ./dist -a ./releases -o",
    "lint": "vue-cli-service lint",
    "background": "webpack --config webpack/prod.js",
    "dev": "vue-cli-service build --mode=development && webpack --config webpack/dev.js && node ./test/dist/buildResource.js",
    "dev-s": "cd test && yarn install && tsc && node ./dist/index.js",
    "res": "cd test && yarn install && tsc && node ./dist/buildResource.js"
  },
  "dependencies": {
    "basiccontext": "^3.5.1",
    "blueimp-md5": "^2.10.0",
    "extend": "^3.0.2",
    "file-saver": "^2.0.0",
    "moment": "^2.23.0",
    "url-parse": "^1.4.4",
    "vue": "^2.5.17",
    "vue-class-component": "^6.3.2",
    "vue-property-decorator": "^7.0.0",
    "vue-router": "^3.0.1",
    "vuetify": "^1.3.0",
    "vuex": "^3.0.1"
  },
  "devDependencies": {
    "@types/blueimp-md5": "^2.7.0",
    "@types/chrome": "^0.0.75",
    "@types/extend": "^3.0.0",
    "@types/file-saver": "^2.0.0",
    "@types/jquery": "^3.3.22",
    "@types/url-parse": "^1.4.2",
    "@vue/cli-plugin-babel": "^3.0.5",
    "@vue/cli-plugin-eslint": "^3.0.5",
    "@vue/cli-plugin-typescript": "^3.2.0",
    "@vue/cli-service": "^3.0.5",
    "@vue/eslint-config-typescript": "^3.2.0",
    "babel-eslint": "^10.0.1",
    "copy-webpack-plugin": "^4.6.0",
    "eslint": "^5.8.0",
    "eslint-plugin-vue": "^5.0.0-0",
    "node-sass": "^4.10.0",
    "sass-loader": "^7.1.0",
    "stylus": "^0.54.5",
    "stylus-loader": "^3.0.1",
    "ts-loader": "^5.3.1",
    "typescript": "^3.0.0",
    "uglifyjs-webpack-plugin": "^2.0.1",
    "vue-cli-plugin-vuetify": "^0.4.6",
    "vue-template-compiler": "^2.5.17",
    "vuetify-loader": "^1.0.5",
    "webpack": "^4.26.1",
    "webpack-cli": "^3.1.2",
    "webpack-merge": "^4.1.4"
  },
  "eslintConfig": {
    "root": true,
    "env": {
      "node": true
    },
    "extends": [
      "plugin:vue/essential",
      "eslint:recommended",
      "@vue/typescript"
    ],
    "rules": {
      "no-console": 0
    },
    "parserOptions": {
      "parser": "typescript-eslint-parser"
    }
  },
  "postcss": {
    "plugins": {
      "autoprefixer": {}
    }
  },
  "browserslist": [
    "> 1%",
    "last 2 versions",
    "not ie <= 8"
  ]
}