{
  "name": "mvp",
  "version": "0.0.0",
  "license": "MIT",
  "scripts": {
    "ng": "ng",
    "commit": "git-cz",
    "commit:ci": "commitlint --from 6ad48da9b99cdfb420f7866034223fa2e97bcdf5",
    "format": "prettier --write \"src/**/*.{ts, js, json}\"",
    "format:ci": "prettier --list-different \"src/**/*.{ts, js, json}\"",
    "start": "ng serve",
    "dev:aot": "ng serve --aot",
    "dev:https": "ng serve --ssl",
    "build": "ng build --prod --aot",
    "test": "ng test",
    "lint": "ng lint",
    "postinstall": "node ./scripts/patch.js",
    "dev:e2e": "ng serve --configuration=e2e",
    "e2e": "node e2e/run.js"
  },
  "prettier": {
    "singleQuote": true,
    "trailingComma": "es5"
  },
  "husky": {
    "hooks": {
      "commit-msg": "commitlint -E HUSKY_GIT_PARAMS"
    }
  },
  "private": true,
  "dependencies": {
    "@0xproject/subproviders": "0.8.5",
    "@angular/animations": "^6.1.4",
    "@angular/cdk": "^6.4.6",
    "@angular/cli": "^6.1.5",
    "@angular/common": "^6.1.4",
    "@angular/compiler": "6.1.1",
    "@angular/core": "^6.1.4",
    "@angular/forms": "^6.1.4",
    "@angular/http": "^6.1.4",
    "@angular/material": "^6.4.6",
    "@angular/material-moment-adapter": "^6.4.3",
    "@angular/platform-browser": "^6.1.4",
    "@angular/platform-browser-dynamic": "^6.1.4",
    "@angular/platform-server": "^6.1.4",
    "@angular/router": "^6.1.4",
    "@requestnetwork/request-network.js": "0.9.0",
    "angular-blockies": "1.1.1",
    "angularx-qrcode": "^1.2.2",
    "bootstrap": "^4.1.3",
    "core-js": "^2.5.7",
    "font-awesome": "^4.7.0",
    "hammerjs": "^2.0.8",
    "moment": "^2.22.2",
    "ngx-clipboard": "^11.1.3",
    "ngx-popover": "0.0.16",
    "requestnetwork-data-format": "^0.1.2",
    "rxjs": "^6.1.0",
    "wallet-address-validator": "^0.1.7",
    "web3": "1.0.0-beta.34",
    "web3-provider-engine": "^14.0.5",
    "zone.js": "^0.8.26"
  },
  "devDependencies": {
    "@angular-devkit/build-angular": "^0.7.1",
    "@angular/compiler-cli": "^6.1.4",
    "@angular/language-service": "^6.1.4",
    "@commitlint/cli": "^7.2.0",
    "@commitlint/config-conventional": "^7.1.2",
    "@types/jasmine": "^2.8.8",
    "@types/jasminewd2": "~2.0.2",
    "@types/node": "^10.5.5",
    "chai": "^4.1.2",
    "codelyzer": "^4.4.2",
    "commitizen": "^3.0.2",
    "dappeteer": "^0.2.1",
    "eth-lightwallet": "^3.0.1",
    "ganache-cli": "^6.1.6",
    "go-ipfs-dep": "^0.4.17",
    "hooked-web3-provider": "^1.0.0",
    "husky": "^1.1.2",
    "ipfsd-ctl": "^0.39.0",
    "jasmine-core": "^3.1.0",
    "jasmine-spec-reporter": "^4.2.1",
    "karma": "^2.0.5",
    "karma-chrome-launcher": "^2.2.0",
    "karma-cli": "^1.0.1",
    "karma-coverage-istanbul-reporter": "^1.2.1",
    "karma-jasmine": "^1.1.2",
    "karma-jasmine-html-reporter": "^1.2.0",
    "portscanner": "^2.2.0",
    "prettier": "1.14.0",
    "protractor": "^5.4.0",
    "puppeteer": "^1.6.1",
    "ts-node": "~3.2.0",
    "tslint": "^5.11.0",
    "typescript": "^2.9.2",
    "web3-hdwallet-provider": "^0.1.4"
  },
  "config": {
    "commitizen": {
      "path": "node_modules/cz-conventional-changelog"
    }
  }
}