{
  "name": "restool",
  "version": "0.0.0",
  "license": "ISC",
  "angular-cli": {},
  "scripts": {
    "start": "ng serve",
    "lint": "tslint \"src/**/*.ts\"",
    "test": "ng test",
    "pree2e": "webdriver-manager update",
    "e2e": "protractor"
  },
  "private": true,
  "repository": {
    "type": "git",
    "url": "git+https://github.com/outbrain/Restool.git"
  },
  "dependencies": {
    "@angular/animations": "^7.2.0",
    "@angular/common": "^7.2.0",
    "@angular/compiler": "^7.2.0",
    "@angular/compiler-cli": "^7.2.0",
    "@angular/core": "^7.2.0",
    "@angular/forms": "^7.2.0",
    "@angular/http": "^7.2.0",
    "@angular/platform-browser": "^7.2.0",
    "@angular/platform-browser-dynamic": "^7.2.0",
    "@angular/platform-server": "^7.2.0",
    "@angular/router": "^7.2.0",
    "@ngrx/core": "^1.2.0",
    "@ngrx/store": "^7.0.0",
    "core-js": "^2.6.2",
    "natural-orderby": "^2.0.0",
    "ngx-toastr": "^9.1.1",
    "purecss": "^1.0.0",
    "rxjs": "6.3.3",
    "rxjs-compat": "^6.3.3",
    "ts-helpers": "^1.1.1",
    "tslib": "^1.9.0",
    "zone.js": "~0.8.26"
  },
  "devDependencies": {
    "@angular-devkit/build-angular": "~0.12.0",
    "@angular/cli": "^7.2.0",
    "@angular/compiler-cli": "^7.2.0",
    "@types/jasmine": "^2.8.14",
    "@types/jasminewd2": "~2.0.3",
    "@types/node": "^10.12.18",
    "codelyzer": "~4.5.0",
    "jasmine-core": "~2.99.1",
    "jasmine-spec-reporter": "2.5.0",
    "karma": "^3.1.4",
    "karma-chrome-launcher": "~2.2.0",
    "karma-coverage-istanbul-reporter": "~2.0.1",
    "karma-jasmine": "~1.1.2",
    "karma-jasmine-html-reporter": "^0.2.2",
    "protractor": "^5.4.2",
    "ts-node": "7.0.1",
    "tslint": "3.13.0",
    "typescript": "3.2.2",
    "webdriver-manager": "^12.1.1"
  },
  "bugs": {
    "url": "https://github.com/outbrain/Restool/issues"
  },
  "homepage": "https://github.com/outbrain/Restool#readme"
}