{
  "name": "@riim/rionite-packages",
  "version": "1.0.0",
  "description": "Реактивная обёртка над [custom-elements](https://www.w3.org/TR/custom-elements/).",
  "main": "index.js",
  "scripts": {
    "test": "echo \"Error: no test specified\" && exit 1"
  },
  "repository": {
    "type": "git",
    "url": "git+https://github.com/Riim/Rionite.git"
  },
  "author": "Dmitry Vibe",
  "license": "MIT",
  "bugs": {
    "url": "https://github.com/Riim/Rionite/issues"
  },
  "homepage": "https://github.com/Riim/Rionite#readme",
  "devDependencies": {
    "lerna": "^3.11.1",
    "typescript": "^3.3.3"
  }
}