{
  "name": "runtime-type-checks",
  "version": "0.0.4",
  "description": "Runtime type checks for JavaScript and TypeScript",
  "main": "index.js",
  "scripts": {
    "test": "echo \"Error: no test specified\" && exit 1"
  },
  "author": "Victor Savkin",
  "license": "MIT",
  "dependencies": {
    "reflect-metadata": "^0.1.2"
  },
  "devDependencies": {
    "jasmine-core": "^2.3.4",
    "karma": "^0.13.14",
    "karma-chrome-launcher": "^0.2.1",
    "karma-jasmine": "^0.3.6",
    "karma-sourcemap-loader": "^0.3.6",
    "karma-webpack": "^1.7.0",
    "ts-loader": "^0.6.0",
    "tsd": "^0.6.5",
    "typescript": "^1.6.2",
    "webpack": "^1.12.2"
  }
}