{
  "name": "soltsice",
  "private": false,
  "version": "0.11.5",
  "description": "Solidity & TypeScript Integration, Configuration and Examples",
  "main": "dist/index.js",
  "types": "dist/index.d.ts",
  "repository": {
    "type": "git",
    "url": "https://github.com/dbrainio/Soltsice.git"
  },
  "keywords": [
    "Solidity",
    "Ethereum",
    "TypeScript",
    "web3",
    "dapp"
  ],
  "author": "dbrain.io",
  "authors": [
    {
      "name": "Victor Baybekov",
      "email": "Victor@dbrain.io",
      "url": "https://github.com/buybackoff"
    },
    {
      "name": "Yury Alexandrov",
      "email": "Yury@dbrain.io",
      "homepage": "https://github.com/dizer"
    }
  ],
  "license": "MIT",
  "bugs": {
    "url": "https://github.com/dbrainio/Soltsice/issues"
  },
  "homepage": "https://github.com/dbrainio/Soltsice#readme",
  "devDependencies": {
    "@types/jest": "^21.1.2",
    "@types/node": "^8.0.28",
    "@types/utf8": "^2.1.6",
    "copyfiles": "^1.2.0",
    "ganache-cli": "^6.0.3",
    "jest": "^21.2.1",
    "ts-jest": "^21.0.1",
    "tslint": "^5.7.0",
    "tslint-react": "^3.2.0",
    "typescript": "^2.6.2",
    "zeppelin-solidity": "^1.6.0"
  },
  "dependencies": {
    "@types/command-line-args": "^4.0.2",
    "bignumber.js": "^4.0.0",
    "command-line-args": "^5.0.2",
    "ethereumjs-tx": "^1.3.3",
    "ethereumjs-util": "^5.1.2",
    "keythereum": "^1.0.2",
    "truffle-contract": "^3.0.0",
    "utf8": "^2.1.2",
    "web3": "^0.20.4"
  },
  "peerDependencies": {
    "bignumber.js": "^4.0.0"
  },
  "scripts": {
    "test": "jest --watch",
    "build:contracts": "truffle compile",
    "testrpc": "testrpc -v -m dbrainio -i 314 --account=\"0x1ce01934dbcd6fd84e68faca8c6aebca346162823d20f0562135fe3e4f275bce,1000000000000000000000000\" --account=\"0x058f98c376f9bf8e3bf167821ceabfdb15202408bc9a288c30a2339152341a27,1000000000000000000000000\" --account=\"0x98295a1bbe25893261d962e56419da5064a45af2864052612498ef01346a5cd2,1000000000000000000000000\" --account=\"0xb11ca488b6881322b141510bc2568a9434b74c25b5a315ac3699bcb6d4677eac,1000000000000000000000000\" --account=\"0xcebd6eb5764cb4dbaa42ddf62db0834bc58a9fb93f5776bff32d2f97544bc500,1000000000000000000000000\" ",
    "soltsice": "tsc && copyfiles -u 2 build/contracts/**/* src/artifacts && copyfiles -u 2 build/contracts/**/* dist/artifacts && npm run soltsice:gen && tsc",
    "soltsice:gen": "copyfiles -u 2 build/contracts/**/* src/artifacts && node ./dist/soltsice.bin.js ./src/artifacts ./src/contracts ..",
    "_prepublishOnly": "npm run soltsice && jest",
    "travis": "npm run build:contracts && npm run soltsice && jest",
    "docs": "typedoc --excludePrivate --excludeProtected --excludeExternals --hideGenerator --exclude \"**/*+(test|.bin|index|DummyContract).ts\" --theme ./misc/theme --name Soltsice --mode file --out ./docs ./src"
  },
  "bin": {
    "soltsice": "dist/soltsice.bin.js"
  },
  "jest": {
    "transform": {
      "^.+\\.tsx?$": "<rootDir>/node_modules/ts-jest/preprocessor.js"
    },
    "testMatch": [
      "<rootDir>/src/**/__tests__/**/*.ts?(x)",
      "<rootDir>/src/**/?(*.)(spec|test).ts?(x)"
    ],
    "moduleFileExtensions": [
      "ts",
      "tsx",
      "js",
      "jsx",
      "json"
    ]
  }
}