{
  "name": "static-script",
  "version": "0.8.1",
  "description": "",
  "main": "index.js",
  "typings": "staticscript.d.ts",
  "scripts": {
    "build": "tsc",
    "snapshots": "node tests/runner.js",
    "test": "npm run snapshots"
  },
  "author": "Dmitry Patsura <talk@dmtry.me>",
  "license": "MIT",
  "keywords": [
    "StaticScript",
    "compiler",
    "language",
    "javascript"
  ],
  "bin": {
    "ssc": "./bin/ssc"
  },
  "devDependencies": {
    "@types/node": "10.12.2",
    "commander": "^2.19.0"
  },
  "dependencies": {
    "@static-script/runtime": "0.12.1",
    "llvm-node": "github:MichaReiser/llvm-node#5d6cbc993ba20a7fcd5d59aed506c729755e33f1",
    "typescript": "3.2.2"
  }
}