{
  "name": "tabattack",
  "private": true,
  "author": "Jannes Meyer <jannes.meyer@gmail.com>",
  "repository": "JannesMeyer/TabAttack",
  "scripts": {
    "start": "webpack -w",
    "pack": "rm TabAttack.zip && webpack -p && zip -vx '*.DS_Store' -r TabAttack.zip src",
    "postinstall": "rm -r ./node_modules/@types/node",
    "clean": "rm -r ./src/build ./TabAttack.zip"
  },
  "dependencies": {
    "@types/chrome": "^0.0.56",
    "@types/firefox-webext-browser": "^58.0.0",
    "@types/lodash.throttle": "^4.1.3",
    "@types/marked": "^0.3.0",
    "@types/react": "^16.0.28",
    "@types/react-dom": "^16.0.3",
    "brace": "^0.11.0",
    "clipboard-tool": "1.x",
    "date-tool": "1.x",
    "keypress-tool": "^2.0.0",
    "lodash.throttle": "^4.1.1",
    "marked": "^0.3.3",
    "react": "^16.2.0",
    "react-dom": "^16.2.0",
    "ts-loader": "^3.2.0",
    "typescript": "^2.6.2",
    "webextension-polyfill": "^0.2.1",
    "webpack": "^3.10.0"
  }
}