{
  "name": "tsjs-lib-generator",
  "private": true,
  "scripts": {
    "build": "tsc --p ./tsconfig.json && node ./lib/index.js",
    "fetch-idl": "tsc --p ./tsconfig.json && node ./lib/idlfetcher.js",
    "fetch-mdn": "npm run build && node ./lib/mdnfetcher.js",
    "fetch": "echo This could take a few minutes... && npm run fetch-idl && npm run fetch-mdn",
    "baseline-accept": "cpx \"generated\\*\" baselines\\",
    "test": "tsc --p ./tsconfig.json && node ./lib/index.js && node ./lib/test.js"
  },
  "dependencies": {
    "@types/jsdom": "^11.0.4",
    "@types/node": "^9.4.6",
    "@types/node-fetch": "^1.6.7",
    "@types/webidl2": "^10.2.1",
    "cpx": "^1.5.0",
    "jsdom": "^11.11.0",
    "node-fetch": "^2.1.1",
    "print-diff": "^0.1.1",
    "typescript": "next",
    "webidl2": "^13.0.2"
  }
}