{
  "name": "wechat-typescript-sample",
  "description": "Sample for developing with wechat JSSDK and TypeScript",
  "version": "0.0.1",
  "private": true,
  "license": "MIT",
  "author": "Microsoft",
  "engines": {
    "node": ">=6.9.1"
  },
  "scripts": {
    "start": "node index.js",
    "build-ts": "node ./node_modules/typescript/bin/tsc"
  },
  "dependencies": {
    "ejs": "^2.5.6",
    "express": "^4.15.2",
    "request": "^2.81.0",
    "sha1": "^1.1.1"
  },
  "devDependencies": {
    "@types/express": "^4.0.35",
    "@types/node": "^7.0.18",
    "@types/request": "2.0.7",
    "@types/sha1": "^1.1.0",
    "typescript": "^2.3.2"
  }
}