{
  "private": true,
  "name": "vortex_devel",
  "version": "0.0.1",
  "main": "out/main.js",
  "author": "Black Tree Gaming Ltd.",
  "repository": {
    "type": "git",
    "url": "https://github.com/Nexus-Mods/Vortex"
  },
  "vortex": {
    "electron": "2.0.16"
  },
  "scripts": {
    "_assets_out": "node InstallAssets.js out",
    "_assets_app": "node InstallAssets.js app",
    "_install_app": "cd app && rm-local-modules && yarn install --non-interactive --check-files",
    "subprojects": "node BuildSubprojects.js out",
    "subprojects_app": "node BuildSubprojects.js app",
    "build_api": "cd api && yarn run build",
    "build_rest": "yarn run _assets_out && yarn run build_api && yarn run subprojects",
    "build_dist": "webpack --config webpack.main.config.js && webpack --config webpack.renderer.config.js",
    "package": "electron-builder --config electron-builder-oneclick.json && electron-builder --config electron-builder-advanced.json",
    "predist": "yarn run --non-interactive build_api && yarn run --non-interactive _install_app && yarn run --non-interactive subprojects_app && yarn run --non-interactive _assets_app",
    "dist": "yarn run build_dist && yarn run package",
    "ci": "node checkPackages.js && yarn run predist && yarn run build_dist && electron-builder --config electron-builder-ci.json --publish never",
    "start": "cross-env NODE_ENV=development electron .",
    "clean": "yarn add rm-local-modules && rm-local-modules && yarn install --check-files",
    "preinstall": "git submodule update --init --recursive",
    "test": "jest --no-cache",
    "build": "yarn run build_rest && tsc -p .",
    "buildwatch": "yarn run build_rest && tsc -p . -w"
  },
  "jest": {
    "transform": {
      "^.+\\.(ts|tsx)$": "<rootDir>/node_modules/ts-jest/preprocessor.js",
      "^.+\\.(js|jsx)$": "<rootDir>/node_modules/babel-jest"
    },
    "testRegex": "(/__tests__/.*|\\.(test|spec))\\.(js|jsx|ts|tsx)$",
    "testPathIgnorePatterns": [
      "/node_modules/",
      "/dist/",
      "/app/"
    ],
    "moduleFileExtensions": [
      "js",
      "json",
      "jsx",
      "ts",
      "tsx"
    ],
    "collectCoverage": true,
    "setupTestFrameworkScriptFile": "<rootDir>setupTests.js"
  },
  "parserOptions": {
    "ecmaFeatures": {
      "jsx": true,
      "modules": true
    }
  },
  "publish": {
    "provider": "github"
  },
  "devDependencies": {
    "@types/babel-core": "^6.25.3",
    "@types/babel-template": "^6.25.0",
    "@types/babel-traverse": "^6.25.3",
    "@types/babel-types": "^7.0.0",
    "@types/babylon": "^6.16.2",
    "@types/classnames": "^2.2.3",
    "@types/content-disposition": "^0.5.2",
    "@types/content-type": "^1.1.1",
    "@types/d3": "^5.0.0",
    "@types/debug": "^0.0.30",
    "@types/enzyme": "^3.1.14",
    "@types/ffi": "^0.2.0",
    "@types/form-data": "^2.2.0",
    "@types/fs-extra-promise": "^1.0.4",
    "@types/graphlib": "^2.1.4",
    "@types/i18next": "*",
    "@types/immutability-helper": "^2.0.15",
    "@types/jest": "^23.3.0",
    "@types/levelup": "^0.0.30",
    "@types/libxmljs": "^0.18.0",
    "@types/lodash": "^4.14.78",
    "@types/minimatch": "^3.0.1",
    "@types/node": "^10.5.3",
    "@types/node-ipc": "^9.1.0",
    "@types/node-uuid": "^0.0.28",
    "@types/opn": "^5.1.0",
    "@types/react": "^16.0.34",
    "@types/react-bootstrap": "^0.32.11",
    "@types/react-datepicker": "^1.1.2",
    "@types/react-dom": "^16.0.3",
    "@types/react-i18next": "^7.8.0",
    "@types/react-redux": "^6.0.5",
    "@types/react-router": "^4.0.16",
    "@types/react-sortable-tree": "^0.2.2",
    "@types/react-test-renderer": "^16.0.0",
    "@types/react-transition-group": "^2.0.6",
    "@types/redux": "^3.6.0",
    "@types/redux-devtools": "^3.0.42",
    "@types/redux-devtools-log-monitor": "^1.0.32",
    "@types/ref": "^0.0.28",
    "@types/ref-struct": "^0.0.29",
    "@types/ref-union": "^0.0.28",
    "@types/request": "^2.0.6",
    "@types/reselect": "^2.2.0",
    "@types/resolve": "^0.0.8",
    "@types/rimraf": "^2.0.2",
    "@types/semver": "^5.5.0",
    "@types/shortid": "^0.0.29",
    "@types/tmp": "^0.0.33",
    "@types/uuid": "^3.4.3",
    "@types/webpack": "^3.3.7",
    "@types/winreg": "^1.2.30",
    "@types/winston": "^2.3.7",
    "@types/ws": "^5.1.2",
    "@yarnpkg/lockfile": "*",
    "babel-core": "^6.26.3",
    "babel-jest": "^23.4.0",
    "babel-preset-es2015": "^6.24.1",
    "babel-preset-react": "^6.24.1",
    "babel-preset-stage-0": "^6.24.1",
    "bootswatch": "^4.1.3",
    "concurrently": "^3.5.0",
    "copyfiles": "^2.0.0",
    "cross-env": "^5.1.0",
    "devtron": "^1.4.0",
    "electron": "2.0.16",
    "electron-builder": "20.15.0",
    "electron-devtools-installer": "^2.2.1",
    "electron-download-tf": "^4.3.4",
    "electron-rebuild": "^1.8.2",
    "enzyme": "^3.7.0",
    "enzyme-adapter-react-16": "^1.6.0",
    "jest": "^23.4.1",
    "jest-cli": "^23.4.1",
    "json-loader": "^0.5.7",
    "license-checker": "^20.1.0",
    "minimist": "^1.2.0",
    "react-shallow-testutils": "^3.0.0",
    "react-test-renderer": "^16.2.0",
    "redux-devtools": "^3.4.1",
    "redux-devtools-dispatch": "^2.2.1",
    "redux-devtools-log-monitor": "^1.4.0",
    "redux-freeze": "^0.1.5",
    "rm-local-modules": "^0.0.2",
    "rollup-plugin-typescript": "^0.8.1",
    "ts-jest": "^23.0.1",
    "ts-loader": "^5.3.0",
    "tslint": "^5.8.0",
    "tslint-eslint-rules": "^5.3.1",
    "tslint-react": "^3.2.0",
    "typescript": "^2.9.2",
    "webpack": "^4.25.1",
    "webpack-cli": "^3.1.2",
    "webpack-node-externals": "^1.7.2"
  },
  "dependencies": {
    "bbcode-to-react": "TanninOne/bbcode-to-react",
    "bluebird": "^3.5.1",
    "bootstrap-sass": "^3.3.7",
    "classnames": "^2.2.6",
    "commander": "^2.16.0",
    "content-disposition": "^0.5.2",
    "content-type": "^1.0.4",
    "crash-dump": "Nexus-Mods/node-crash-dump",
    "d3": "^5.5.0",
    "diskusage": "^1.0.0",
    "dnd-core": "^4.0.5",
    "draggabilly": "^2.2.0",
    "drivelist": "^6.4.0",
    "electron-edge-js": "^8.3.8",
    "electron-redux": "TanninOne/electron-redux",
    "electron-updater": "^3.1.2",
    "encoding-down": "^5.0.4",
    "exe-version": "Nexus-Mods/node-exe-version",
    "feedparser": "^2.2.9",
    "fomod-installer": "Nexus-Mods/fomod-installer",
    "fs-extra-promise": "^1.0.1",
    "fuzzball": "^1.1.5",
    "graphlib": "^2.1.5",
    "i18next": "^11.6.0",
    "i18next-node-fs-backend": "^2.0.0",
    "icon-extract": "Nexus-Mods/node-icon-extract",
    "iconv-lite": "^0.4.23",
    "immutability-helper": "^2.7.1",
    "is-admin": "^2.1.1",
    "leveldown": "^4.0.1",
    "levelup": "^3.1.1",
    "libxmljs": "^0.19.5",
    "lodash": "^4.17.10",
    "minimatch": "^3.0.4",
    "modmeta-db": "Nexus-Mods/modmeta-db",
    "moment": "^2.22.2",
    "nbind": "^0.3.15",
    "nexus-api": "Nexus-Mods/node-nexus-api",
    "node-7z": "Nexus-Mods/node-7z",
    "node-ipc": "^9.1.1",
    "node-sass": "^4.9.3",
    "opn": "TanninOne/opn",
    "packery": "^2.1.2",
    "permissions": "Nexus-Mods/node-permissions",
    "prop-types": "^15.6.2",
    "re-reselect": "^2.1.0",
    "react": "^16.4.2",
    "react-bootstrap": "^0.32.1",
    "react-datepicker": "^1.6.0",
    "react-dnd": "^3.0.2",
    "react-dnd-html5-backend": "^3.0.2",
    "react-dom": "^16.4.2",
    "react-i18next": "^7.10.1",
    "react-markdown": "^3.4.1",
    "react-overlays": "^0.8.3",
    "react-redux": "^5.0.7",
    "react-resize-detector": "^3.1.1",
    "react-safe-html": "^0.6.0",
    "react-select": "^1.2.1",
    "react-sortable-tree": "^2.2.0",
    "recharts": "^1.1.0",
    "redux": "^4.0.0",
    "redux-act": "^1.7.4",
    "redux-thunk": "^2.3.0",
    "redux-watcher": "^1.0.1",
    "request": "^2.88.0",
    "reselect": "^3.0.1",
    "resolve": "^1.8.1",
    "rimraf": "TanninOne/rimraf",
    "semver": "^5.6.0",
    "semvish": "^1.1.0",
    "shortid": "^2.2.13",
    "simple-vdf": "^1.1.1",
    "source-map-support": "^0.5.9",
    "string-template": "^1.0.0",
    "tmp": "^0.0.33",
    "turbowalk": "Nexus-Mods/node-turbowalk",
    "uuid": "^3.3.2",
    "vortex-parse-ini": "Nexus-Mods/vortex-parse-ini",
    "vortex-run": "file:src/util/vortex-run",
    "wholocks": "Nexus-Mods/node-wholocks",
    "winapi-bindings": "Nexus-Mods/node-winapi-bindings",
    "winston": "^2.4.3",
    "ws": "^6.0.0"
  }
}