{
  "version": "3.8.0",
  "name": "webclipper",
  "private": true,
  "description": "The core of the OneNote Web Clipper found at https://www.onenote.com/clipper",
  "homepage": "https://github.com/OneNoteDev/WebClipper#readme",
  "author": "Microsoft Corporation",
  "license": "MIT",
  "scripts": {
    "build-only": "gulp buildOnly",
    "watch": "gulp watch",
    "build": "gulp build",
    "full": "gulp full",
    "clean": "gulp clean"
  },
  "repository": {
    "type": "git",
    "url": "git+https://github.com/OneNoteDev/WebClipper.git"
  },
  "devDependencies": {
    "@types/chrome": "0.0.40",
    "@types/es6-promise": "0.0.32",
    "@types/jquery": "2.0.40",
    "@types/lodash": "4.14.52",
    "@types/mithril": "0.0.31",
    "@types/pdf": "0.0.31",
    "@types/popper.js": "0.4.5",
    "@types/qunit": "1.16.30",
    "@types/rangy": "0.0.27",
    "@types/safari-extension": "0.0.27",
    "@types/sanitize-html": "1.13.31",
    "@types/sinon": "1.16.35",
    "@types/urijs": "1.15.31",
    "@types/velocity-animate": "1.2.29",
    "browserify": "14.1.0",
    "del": "2.2.2",
    "es5-shim": "4.5.9",
    "es6-promise": "4.0.5",
    "file-exists": "2.0.0",
    "forever": "0.15.3",
    "globby": "6.1.0",
    "gulp": "3.9.1",
    "gulp-concat": "2.6.1",
    "gulp-cssnano": "2.1.2",
    "gulp-less": "3.3.0",
    "gulp-merge-json": "0.6.0",
    "gulp-msx": "0.4.0",
    "gulp-open": "2.0.0",
    "gulp-plumber": "1.1.0",
    "gulp-rename": "1.2.2",
    "gulp-rtlcss": "1.0.0",
    "gulp-shell": "0.5.2",
    "gulp-tslint": "6.1.2",
    "gulp-typescript": "3.1.4",
    "gulp-uglify": "2.0.1",
    "gulp-zip": "4.0.0",
    "json3": "3.3.2",
    "lodash": "4.17.4",
    "merge-stream": "1.0.1",
    "mithril": "0.2.5",
    "node-qunit-phantomjs": "1.5.0",
    "node-static": "0.7.9",
    "onenoteapi": "1.1.0",
    "onenotepicker": "1.0.9",
    "pdfjs-dist": "1.7.290",
    "popper.js": "1.0.6",
    "qunitjs": "1.20.0",
    "rangy": "1.3.0",
    "run-sequence": "1.2.2",
    "sanitize-html": "1.14.1",
    "sinon": "1.17.7",
    "sinon-qunit": "2.0.0",
    "ssl-root-cas": "1.2.3",
    "tslint": "3.15.1",
    "typescript": "2.1.6",
    "urijs": "1.18.7",
    "velocity-animate": "1.4.2",
    "vinyl-source-stream": "1.1.0",
    "yargs": "6.6.0"
  }
}