{
  "name": "whatsapp-server-express",
  "description": "A newly created Tortilla project",
  "private": true,
  "repository": {
    "type": "git",
    "url": "https://Urigo@github.com/Urigo/WhatsApp-Clone-Server.git"
  },
  "scripts": {
    "build": "tsc",
    "generate": "gql-gen",
    "generate:watch": "nodemon --exec yarn generate -e graphql",
    "start:server": "ts-node index.ts",
    "start:server:watch": "nodemon --exec yarn start:server -e ts",
    "dev": "concurrently \"yarn generate:watch\" \"yarn start:server:watch\"",
    "start": "yarn generate && yarn start:server"
  },
  "devDependencies": {
    "@types/bcrypt-nodejs": "^0.0.30",
    "@types/body-parser": "^1.17.0",
    "@types/cors": "^2.8.4",
    "@types/express": "^4.16.1",
    "@types/graphql": "^14.0.7",
    "@types/graphql-iso-date": "^3.3.1",
    "@types/multer": "^1.3.7",
    "@types/node": "^11.9.5",
    "@types/passport": "^1.0.0",
    "@types/passport-http": "^0.3.7",
    "@types/pg": "^7.4.13",
    "@types/tmp": "^0.0.34",
    "concurrently": "^4.1.0",
    "graphql-codegen-typescript-common": "^0.17.0",
    "graphql-codegen-typescript-resolvers": "^0.17.0",
    "graphql-codegen-typescript-server": "^0.17.0",
    "nodemon": "^1.18.10",
    "ts-node": "^8.0.2",
    "typescript": "^3.3.3333"
  },
  "dependencies": {
    "@graphql-modules/core": "^0.4.2",
    "@graphql-modules/sonar": "^0.4.0",
    "apollo-server-express": "^2.4.6",
    "bcrypt-nodejs": "^0.0.3",
    "body-parser": "^1.18.3",
    "cloudinary": "^1.13.2",
    "cors": "^2.8.5",
    "dotenv": "^6.2.0",
    "express": "^4.16.4",
    "graphql": "^14.1.1",
    "graphql-code-generator": "^0.17.0",
    "graphql-iso-date": "^3.6.1",
    "moment": "^2.24.0",
    "multer": "^1.4.1",
    "passport": "^0.4.0",
    "passport-http": "^0.3.0",
    "pg": "^7.8.1",
    "reflect-metadata": "^0.1.13",
    "tmp": "^0.0.33",
    "typeorm": "^0.2.14"
  }
}