{
  "name": "whatsapp-clone-client",
  "version": "0.1.0",
  "private": true,
  "repository": {
    "type": "git",
    "url": "https://Urigo@github.com/Urigo/WhatsApp-Clone-Client-React.git"
  },
  "dependencies": {
    "@material-ui/core": "3.9.2",
    "@material-ui/icons": "3.0.2",
    "@types/moment": "2.13.0",
    "apollo-cache-inmemory": "1.4.3",
    "apollo-client": "2.4.13",
    "apollo-link": "1.2.8",
    "apollo-link-context": "1.0.14",
    "apollo-link-http": "1.5.11",
    "apollo-link-ws": "1.0.14",
    "apollo-utilities": "1.1.3",
    "graphql": "14.1.1",
    "graphql-tag": "2.10.1",
    "moment": "2.24.0",
    "react": "16.8.3",
    "react-apollo-hooks": "0.4.1",
    "react-dom": "16.8.3",
    "react-fast-compare": "2.0.4",
    "react-router-dom": "4.3.1",
    "react-router-transition": "1.2.1",
    "react-scripts": "2.1.5",
    "styled-components": "4.1.3",
    "subscriptions-transport-ws": "0.9.15",
    "uniqid": "5.0.3"
  },
  "devDependencies": {
    "@types/graphql": "14.0.7",
    "@types/node": "11.9.5",
    "concurrently": "4.1.0",
    "graphql-code-generator": "0.17.0",
    "graphql-codegen-typescript-client": "0.17.0",
    "graphql-codegen-typescript-common": "0.17.0",
    "nodemon": "1.18.10",
    "ts-node": "8.0.2"
  },
  "scripts": {
    "start": "concurrently \"yarn generate:watch\" \"react-scripts start\"",
    "build": "react-scripts build",
    "test": "react-scripts test",
    "eject": "react-scripts eject",
    "generate": "gql-gen",
    "generate:watch": "nodemon --exec yarn generate -e graphql"
  },
  "eslintConfig": {
    "extends": "react-app"
  },
  "browserslist": [
    ">0.2%",
    "not dead",
    "not ie <= 11",
    "not op_mini all"
  ]
}