{
  "name": "@0x/metacoin",
  "version": "0.0.44",
  "engines": {
    "node": ">=6.12"
  },
  "private": true,
  "description": "Example solidity project using 0x dev tools",
  "scripts": {
    "lint": "tslint --format stylish --project . --exclude **/src/contract_wrappers/**/*",
    "build": "yarn pre_build && tsc -b",
    "build:ci": "yarn build",
    "pre_build": "run-s compile generate_contract_wrappers copy_artifacts",
    "clean": "shx rm -rf lib artifacts src/contract_wrappers",
    "copy_artifacts": "copyfiles './artifacts/**/*' './contracts/**/*' ./lib",
    "test": "yarn run_mocha",
    "rebuild_and_test": "run-s build test",
    "test:coverage": "SOLIDITY_COVERAGE=true run-s build run_mocha coverage:report:text coverage:report:lcov",
    "test:profile": "SOLIDITY_PROFILER=true run-s build run_mocha profiler:report:html",
    "run_mocha": "mocha --require source-map-support/register --require make-promises-safe lib/test/**/*_test.js lib/test/global_hooks.js --bail --exit --timeout 10000",
    "generate_contract_wrappers": "abi-gen --abis 'artifacts/Metacoin.json' --template ../../node_modules/@0x/abi-gen-templates/contract.handlebars --partials '../../node_modules/@0x/abi-gen-templates/partials/**/*.handlebars' --output src/contract_wrappers --backend ethers",
    "coverage:report:text": "istanbul report text",
    "coverage:report:html": "istanbul report html && open coverage/index.html",
    "profiler:report:html": "istanbul report html && open coverage/index.html",
    "coverage:report:lcov": "istanbul report lcov",
    "test:circleci": "yarn test:coverage",
    "compile": "sol-compiler",
    "watch": "sol-compiler -w"
  },
  "author": "",
  "license": "Apache-2.0",
  "dependencies": {
    "@0x/abi-gen": "^2.0.6",
    "@0x/abi-gen-templates": "^2.0.1",
    "@0x/base-contract": "^5.0.2",
    "@0x/sol-coverage": "^3.0.0",
    "@0x/sol-profiler": "^3.1.2",
    "@0x/sol-trace": "^2.0.8",
    "@0x/subproviders": "^4.0.2",
    "@0x/tslint-config": "^3.0.0",
    "@0x/types": "^2.1.1",
    "@0x/typescript-typings": "^4.1.0",
    "@0x/utils": "^4.2.2",
    "@0x/web3-wrapper": "^6.0.2",
    "@types/mocha": "^2.2.42",
    "copyfiles": "^2.0.0",
    "ethereum-types": "^2.1.0",
    "ethers": "~4.0.4",
    "lodash": "^4.17.11",
    "run-s": "^0.0.0"
  },
  "devDependencies": {
    "@0x/contracts-test-utils": "^3.0.8",
    "@0x/dev-utils": "^2.1.3",
    "@0x/sol-compiler": "^3.1.3",
    "chai": "^4.0.1",
    "chai-as-promised": "^7.1.0",
    "chai-bignumber": "^3.0.0",
    "dirty-chai": "^2.0.1",
    "make-promises-safe": "^1.1.0",
    "npm-run-all": "^4.1.2",
    "shx": "^0.2.2",
    "tslint": "5.11.0",
    "typescript": "3.0.1"
  }
}