{
  "name": "@0x/pipeline",
  "version": "1.0.14",
  "private": true,
  "description": "Data pipeline for offline analysis",
  "scripts": {
    "build": "yarn tsc -b",
    "build:ci": "yarn build",
    "test": "yarn run_mocha",
    "rebuild_and_test": "run-s build test:all",
    "test:db": "yarn run_mocha:db",
    "test:all": "run-s test test:db",
    "test:circleci": "yarn test:coverage",
    "run_mocha": "mocha --require source-map-support/register --require make-promises-safe 'lib/test/!(entities|queries)/**/*_test.js' --bail --exit",
    "run_mocha:db": "mocha --require source-map-support/register --require make-promises-safe lib/test/db_global_hooks.js 'lib/test/{entities,queries}/*_test.js' --bail --exit --timeout 60000",
    "test:coverage": "nyc npm run test:all --all && yarn coverage:report:lcov",
    "coverage:report:lcov": "nyc report --reporter=text-lcov > coverage/lcov.info",
    "clean": "shx rm -rf lib",
    "lint": "tslint --project . --format stylish --exclude ./migrations/**/* --exclude ./test/fixtures/**/**/*.json",
    "migrate:run": "yarn typeorm migration:run --config ./lib/src/ormconfig",
    "migrate:revert": "yarn typeorm migration:revert --config ./lib/src/ormconfig",
    "migrate:create": "yarn typeorm migration:create --config ./lib/src/ormconfig --dir migrations"
  },
  "repository": {
    "type": "git",
    "url": "https://github.com/0xProject/0x-monorepo"
  },
  "license": "Apache-2.0",
  "devDependencies": {
    "@0x/tslint-config": "^3.0.0",
    "@types/axios": "^0.14.0",
    "@types/ramda": "^0.25.38",
    "chai": "^4.0.1",
    "chai-as-promised": "^7.1.0",
    "chai-bignumber": "^3.0.0",
    "dirty-chai": "^2.0.1",
    "mocha": "^4.1.0",
    "tslint": "5.11.0",
    "typescript": "3.0.1"
  },
  "dependencies": {
    "@0x/connect": "^5.0.2",
    "@0x/contract-addresses": "^2.2.2",
    "@0x/contract-artifacts": "^1.3.0",
    "@0x/contract-wrappers": "^8.0.3",
    "@0x/dev-utils": "^2.1.3",
    "@0x/order-utils": "^7.0.2",
    "@0x/subproviders": "^4.0.2",
    "@0x/types": "^2.1.1",
    "@0x/utils": "^4.2.2",
    "@0x/web3-wrapper": "^6.0.2",
    "@radarrelay/types": "^1.2.1",
    "@types/dockerode": "^2.5.9",
    "@types/p-limit": "^2.0.0",
    "async-parallel": "^1.2.3",
    "axios": "^0.18.0",
    "bottleneck": "^2.13.2",
    "dockerode": "^2.5.7",
    "ethereum-types": "^2.1.0",
    "pg": "^7.5.0",
    "prettier": "^1.16.3",
    "ramda": "^0.25.0",
    "reflect-metadata": "^0.1.12",
    "sqlite3": "^4.0.2",
    "typeorm": "^0.2.7"
  }
}