{
  "name": "1backend",
  "version": "0.0.0",
  "license": "AGPLv3",
  "author": {
    "email": "dobronszki@gmail.com",
    "name": "Dobronszki János"
  },
  "scripts": {
    "ng": "ng",
    "start": "ng serve",
    "build": "ng build",
    "test": "ng test",
    "lint": "ng lint",
    "e2e": "ng e2e"
  },
  "private": true,
  "dependencies": {
    "@angular/animations": "^5.0.0",
    "@angular/cdk": "^5.0.0-rc0",
    "@angular/common": "^5.0.0",
    "@angular/compiler": "^5.0.0",
    "@angular/core": "^5.2.2",
    "@angular/flex-layout": "^2.0.0-beta.11",
    "@angular/forms": "^5.0.0",
    "@angular/http": "^5.2.2",
    "@angular/material": "^5.0.0-rc0",
    "@angular/platform-browser": "^5.0.0",
    "@angular/platform-browser-dynamic": "^5.0.0",
    "@angular/platform-server": "^5.0.0",
    "@angular/router": "^5.0.0",
    "angular2-cookie": "^1.2.6",
    "angular2-markdown": "^1.6.0",
    "angular2-moment": "^1.7.0",
    "angular2-notifications": "^0.9.6",
    "core-js": "^2.4.1",
    "devicon": "^2.0.0",
    "hammerjs": "^2.0.8",
    "monaco-editor": "^0.10.1",
    "ng2-ace-editor": "^0.3.1",
    "ng2-cookies": "^1.0.12",
    "ng2-markdown-to-html": "^1.3.2",
    "ng2-monaco-editor": "0.0.1",
    "ng2-page-scroll": "^4.0.0-beta.12",
    "ngx-showdown": "^3.1.0",
    "node-sass": "^4.6.0",
    "rxjs": "^5.5.2",
    "showdown": "^1.8.6",
    "zone.js": "^0.8.14"
  },
  "devDependencies": {
    "@angular/cli": "^1.5.3",
    "@angular/compiler-cli": "^5.0.0",
    "@angular/language-service": "^4.4.3",
    "@types/jasmine": "~2.5.53",
    "@types/jasminewd2": "~2.0.2",
    "@types/node": "~6.0.60",
    "codelyzer": "~3.1.1",
    "enhanced-resolve": "3.3.0",
    "jasmine-core": "~2.6.2",
    "jasmine-spec-reporter": "~4.1.0",
    "karma": "~1.7.0",
    "karma-chrome-launcher": "~2.1.1",
    "karma-cli": "~1.0.1",
    "karma-coverage-istanbul-reporter": "^1.2.1",
    "karma-jasmine": "~1.1.0",
    "karma-jasmine-html-reporter": "^0.2.2",
    "protractor": "~5.1.2",
    "ts-node": "~3.2.0",
    "tslint": "~5.3.2",
    "typescript": "^2.4.2"
  }
}