{
  "name": "vimStyle",
  "displayname": "Vim Style",
  "description": "Vim emulator for VSCode",
  "icon": "vim.png",
  "galleryBanner": {
    "color": "#229932",
    "theme": "dark"
  },
  "license": "MIT License",
  "bugs": {
    "url": "https://github.com/74th/vscode-vim/issues"
  },
  "homepage": "https://github.com/74th/vscode-vim",
  "repository": {
    "type": "git",
    "url": "https://github.com/74th/vscode-vim.git"
  },
  "version": "0.5.7",
  "publisher": "74th",
  "engines": {
    "vscode": "^1.31.0"
  },
  "keywords": [
    "vim"
  ],
  "categories": [
    "Other",
    "Keymaps"
  ],
  "activationEvents": [
    "*"
  ],
  "main": "./out/src/extension",
  "contributes": {
    "configuration": {
      "type": "object",
      "title": "vim style configuration",
      "properties": {
        "vimStyle.showMode": {
          "type": "boolean",
          "default": true,
          "description": "Show mode in status bar"
        },
        "vimStyle.useErgonomicKeyForMotion": {
          "type": "boolean",
          "default": false,
          "description": "move a cursor by `jkl;` keys"
        },
        "vimStyle.changeCursorStyle": {
          "type": "boolean",
          "default": true,
          "description": "change cursor by mode"
        },
        "vimStyle.defaultMode": {
          "type": "string",
          "default": "normal",
          "description": "default mode",
          "enum": [
            "normal",
            "insert"
          ]
        },
        "vimStyle.enabled": {
          "type": "boolean",
          "default": true
        },
        "vimStyle.imapEsc": {
          "type": "string",
          "default": "",
          "description": "keys go to normal mode from insert mode"
        },
        "vimStyle.vimrc": {
          "type": "array",
          "default": [
            ""
          ],
          "description": "some vim style settings"
        }
      }
    },
    "keybindings": [
      {
        "command": "vim.Esc",
        "key": "escape",
        "when": "editorTextFocus && vim.enabled"
      }
    ]
  },
  "scripts": {
    "vscode:prepublish": "tsc -p ./",
    "compile": "tsc -watch -p ./",
    "postinstall": "node ./node_modules/vscode/bin/install"
  },
  "devDependencies": {
    "@types/mocha": "^2.2.42",
    "@types/node": "^10.12.21",
    "async-file": "^2.0.2",
    "mocha": "^5.2.0",
    "source-map-support": "^0.4.7",
    "tslint": "^5.12.1",
    "typescript": "^3.2.4",
    "vscode": "^1.1.29"
  },
  "__metadata": {
    "id": "c7009534-d65e-4619-bd71-27742a7965c5",
    "publisherDisplayName": "74th",
    "publisherId": "3cef02ed-b83e-4b08-b16f-d427ad5fa333"
  },
  "dependencies": {}
}