{
  "name": "ngx-lite-chartjs",
  "version": "0.0.0",
  "scripts": {
    "ng": "ng",
    "start": "ng serve",
    "build": "ng build --prod --base-href '/ng-chartjs/'",
    "release": "ng build --prod",
    "build:lib": "ng build --prod ng-chartjs",
    "deploy": "ngh --dir=dist/ngx-lite-chartjs",
    "test": "ng test",
    "lint": "ng lint",
    "e2e": "ng e2e"
  },
  "private": true,
  "dependencies": {
    "@angular/animations": "^7.2.7",
    "@angular/cdk": "^7.3.3",
    "@angular/common": "^7.2.7",
    "@angular/compiler": "^7.2.7",
    "@angular/core": "^7.2.7",
    "@angular/forms": "^7.2.7",
    "@angular/http": "^7.2.7",
    "@angular/material": "^7.3.3",
    "@angular/platform-browser": "^7.2.7",
    "@angular/platform-browser-dynamic": "^7.2.7",
    "@angular/router": "^7.2.7",
    "chart.js": "^2.7.3",
    "chartjs-plugin-annotation": "^0.5.7",
    "chartjs-plugin-piechart-outlabels-compact": "^0.1.3",
    "core-js": "^2.6.5",
    "hammerjs": "^2.0.8",
    "rxjs": "^6.4.0",
    "zone.js": "~0.8.29"
  },
  "devDependencies": {
    "@angular-devkit/build-angular": "~0.13.0",
    "@angular-devkit/build-ng-packagr": "~0.13.0",
    "@angular/cli": "~7.3.4",
    "@angular/compiler-cli": "^7.2.7",
    "@angular/language-service": "^7.2.7",
    "@types/chart.js": "^2.7.45",
    "@types/jasmine": "~3.3.9",
    "@types/jasminewd2": "~2.0.6",
    "@types/node": "~11.10.4",
    "codelyzer": "^4.5.0",
    "jasmine-core": "~3.3.0",
    "jasmine-spec-reporter": "~4.2.1",
    "karma": "~4.0.1",
    "karma-chrome-launcher": "~2.2.0",
    "karma-coverage-istanbul-reporter": "~2.0.5",
    "karma-jasmine": "~2.0.1",
    "karma-jasmine-html-reporter": "^1.4.0",
    "ng-packagr": "^4.7.1",
    "protractor": "~5.4.2",
    "ts-node": "^8.0.2",
    "tsickle": "^0.34.3",
    "tslib": "^1.9.0",
    "tslint": "^5.13.1",
    "typescript": "~3.2.4"
  }
}