{
  "name": "luoo.qy",
  "productName": "luoo.qy",
  "version": "2.0.0",
  "description": "",
  "main": "./dist",
  "scripts": {
    "start": "./node_modules/.bin/electron .",
    "dev:view": "cd ./view; npm start",
    "dev:main": "cd ./app; npm start",
    "build:view": "cd ./view; npm run build",
    "build:main": "cd ./app; npm run build",
    "pack": "cp -rf ./app/static/db ./dist & rm -rf ./out & node ./build",
    "clean": "rm -rf ./app/dist ./dist ./out",
    "debug": "node --inspect -r /usr/local/lib/node_modules/ts-node/register ./app"
  },
  "devDependencies": {
    "electron": "4.0.6",
    "electron-packager": "^13.1.0",
    "eslint": "5.6.0",
    "eslint-config-airbnb": "^17.1.0",
    "open": "0.0.5"
  },
  "keywords": [],
  "author": "qingyang",
  "license": "MIT"
}