{
  "name": "application",
  "version": "0.0.0",
  "license": "MIT",
  "scripts": {
    "ng": "ng",
    "start": "ng serve",
    "build": "ng build",
    "test": "ng test --preserve-symlinks",
    "lint": "ng lint",
    "e2e": "ng e2e",
    "prod": "ng serve --aot --prod"
  },
  "private": true,
  "dependencies": {
    "@angular-devkit/schematics": "0.5.10",
    "@angular/animations": "^6.0.0-rc.6",
    "@angular/common": "^6.0.0-rc.6",
    "@angular/compiler": "^6.0.0-rc.6",
    "@angular/core": "^6.0.0-rc.6",
    "@angular/forms": "^6.0.0-rc.6",
    "@angular/http": "^6.0.0-rc.6",
    "@angular/platform-browser": "^6.0.0-rc.6",
    "@angular/platform-browser-dynamic": "^6.0.0-rc.6",
    "@angular/router": "^6.0.0-rc.6",
    "core-js": "^2.4.1",
    "rxjs": "6.0.0",
    "rxjs-compat": "^6.0.0",
    "zone.js": "^0.8.26"
  },
  "devDependencies": {
    "@angular-devkit/build-angular": "^0.5.13",
    "@angular/cli": "^6.0.0-rc.7",
    "@angular/compiler-cli": "^6.0.0-rc.6",
    "@angular/language-service": "^6.0.0-rc.6",
    "@types/jasmine": "~2.5.53",
    "@types/jasminewd2": "~2.0.2",
    "@types/node": "~6.0.60",
    "codelyzer": "~3.0.1",
    "enhanced-resolve": "3.3.0",
    "jasmine-core": "~2.6.2",
    "jasmine-spec-reporter": "~4.1.0",
    "karma": "~1.7.0",
    "karma-chrome-launcher": "~2.1.1",
    "karma-cli": "~1.0.1",
    "karma-coverage-istanbul-reporter": "^1.2.1",
    "karma-jasmine": "~1.1.0",
    "karma-jasmine-html-reporter": "^0.2.2",
    "protractor": "~5.1.2",
    "ts-node": "~3.0.4",
    "tslint": "~5.3.2",
    "typescript": "2.7.2"
  }
}