{
  "name": "li18nt",
  "description": "Style checker for ADF translation files",
  "author": "Alfresco Software",
  "license": "Apache-2.0",
  "version": "0.0.1",
  "publisher": "vscode",
  "repository": {
    "type": "git",
    "url": "https://github.com/Alfresco/alfresco-ng2-components"
  },
  "scripts": {
    "postinstall": "cd server && npm install && cd ../client && npm install && cd ..",
    "compile": "tsc -p client/tsconfig.json && cd server && npm run installServer && cd .. && tsc -p server/tsconfig.json",
    "compile:client": "tsc -p client/tsconfig.json",
    "watch:client": "tsc -w -p client/tsconfig.json",
    "compile:server": "cd server && npm run installServer && cd .. && tsc -p server/tsconfig.json",
    "watch:server": "cd server && npm run installServer && cd .. && tsc -w -p server/tsconfig.json"
  },
  "devDependencies": {}
}