{
  "name": "li18nt",
  "description": "Style checker for ADF translation files.",
  "author": "Alfresco Software",
  "license": "Apache-2.0",
  "version": "0.0.1",
  "publisher": "vscode",
  "repository": {
    "type": "git",
    "url": "https://github.com/Alfresco/alfresco-ng2-components"
  },
  "engines": {
    "vscode": "^1.22.0"
  },
  "categories": [
    "Other"
  ],
  "activationEvents": [
    "onLanguage:json"
  ],
  "main": "./out/src/extension",
  "contributes": {
    "configuration": {
      "type": "object",
      "title": "Main configuration",
      "properties": {
        "li18nt.maxNumberOfProblems": {
          "scope": "resource",
          "type": "number",
          "default": 100,
          "description": "Controls the maximum number of problems produced by the server."
        },
        "li18nt.trace.server": {
          "scope": "window",
          "type": "string",
          "enum": [
            "off",
            "messages",
            "verbose"
          ],
          "default": "off",
          "description": "Traces the communication between VSCode and the language server."
        }
      }
    }
  },
  "scripts": {
    "vscode:prepublish": "tsc -p ./",
    "compile": "tsc -p ./",
    "watch": "tsc -w -p ./",
    "update-vscode": "node ./node_modules/vscode/bin/install",
    "postinstall": "node ./node_modules/vscode/bin/install"
  },
  "dependencies": {
    "vscode": "^1.1.17",
    "vscode-languageclient": "^4.1.3"
  }
}