{
  "name": "li18nt",
  "description": "Style checker for ADF translation files.",
  "version": "0.0.1",
  "author": "Alfresco Software",
  "license": "Apache-2.0",
  "engines": {
    "node": "*"
  },
  "repository": {
    "type": "git",
    "url": "https://github.com/Alfresco/alfresco-ng2-components"
  },
  "dependencies": {
    "vscode-languageserver": "^4.1.2"
  },
  "scripts": {
    "installServer": "installServerIntoExtension ../client ./package.json ./tsconfig.json",
    "compile": "installServerIntoExtension ../client ./package.json ./tsconfig.json && tsc -p .",
    "watch": "installServerIntoExtension ../client ./package.json ./tsconfig.json && tsc -w -p ."
  }
}