{
  "name": "ng-hybrid-pinterest",
  "version": "0.0.1",
  "description": "toy pinterest clone in ng1/ng2 hybrid",
  "contributors": [
    "Nate Murray <nate@fullstack.io>",
    "Felipe Coury <felipe@ng-book.com>"
  ],
  "main": "index.js",
  "private": true,
  "scripts": {
    "clean": "rm -f ts/*.js ts/*.js.map ts/components/*.js ts/components/*.js.map ts/services/*.js ts/services.js.map",
    "tsc": "./node_modules/.bin/tsc",
    "tsc:w": "./node_modules/.bin/tsc -w",
    "serve": "./node_modules/.bin/live-server --host=localhost --port=8080 .",
    "e2e:serve": "npm run tsc && ./node_modules/.bin/live-server --host=localhost --port=8080 --no-browser .",
    "go": "concurrent \"npm run tsc:w\" \"npm run serve\" "
  },
  "dependencies": {
    "@angular/common": "2.4.8",
    "@angular/compiler": "2.4.8",
    "@angular/core": "2.4.8",
    "@angular/forms": "2.4.8",
    "@angular/http": "2.4.8",
    "@angular/platform-browser": "2.4.8",
    "@angular/platform-browser-dynamic": "2.4.8",
    "@angular/router": "3.4.8",
    "@angular/upgrade": "2.0.0-rc.6",
    "@types/jasmine": "2.5.40",
    "core-js": "2.4.1",
    "es6-shim": "0.35.0",
    "reflect-metadata": "0.1.3",
    "rxjs": "5.0.1",
    "systemjs": "0.19.6",
    "ts-helpers": "1.1.1",
    "tslint": "3.7.0-dev.2",
    "zone.js": "0.7.2"
  },
  "devDependencies": {
    "@types/jasmine": "2.2.30",
    "@types/node": "6.0.42",
    "concurrently": "1.0.0",
    "jasmine-spec-reporter": "2.5.0",
    "karma": "0.12.22",
    "karma-chrome-launcher": "0.1.4",
    "karma-jasmine": "0.1.5",
    "live-server": "0.9.0",
    "protractor": "4.0.14",
    "ts-node": "1.2.1",
    "typescript": "2.0.2",
    "@angular/compiler-cli": "2.4.8"
  }
}