{
  "name": "angular2-reddit",
  "version": "0.0.0",
  "license": "MIT",
  "angular-cli": {},
  "scripts": {
    "go": "npm run start",
    "clean": "true",
    "start": "ng serve",
    "lint": "tslint \"src/**/*.ts\"",
    "test": "ng test",
    "pree2e": "webdriver-manager update",
    "e2e": "protractor"
  },
  "private": true,
  "dependencies": {
    "@angular/common": "2.4.10",
    "@angular/compiler": "2.4.10",
    "@angular/core": "2.4.10",
    "@angular/forms": "2.4.10",
    "@angular/http": "2.4.10",
    "@angular/platform-browser": "2.4.10",
    "@angular/platform-browser-dynamic": "2.4.10",
    "@angular/router": "3.4.10",
    "@types/jasmine": "2.5.40",
    "core-js": "2.4.1",
    "reflect-metadata": "0.1.3",
    "rxjs": "5.0.1",
    "ts-helpers": "1.1.1",
    "zone.js": "0.7.2"
  },
  "devDependencies": {
    "@types/jasmine": "2.2.30",
    "@types/node": "6.0.42",
    "@angular/cli": "1.0.0-rc.0",
    "codelyzer": "1.0.0-beta.1",
    "jasmine-core": "2.4.1",
    "jasmine-spec-reporter": "2.5.0",
    "karma": "1.2.0",
    "karma-chrome-launcher": "2.0.0",
    "karma-cli": "1.0.1",
    "karma-jasmine": "1.0.2",
    "karma-remap-istanbul": "0.2.1",
    "protractor": "4.0.9",
    "ts-node": "1.2.1",
    "tslint": "3.13.0",
    "typescript": "2.0.2",
    "@angular/compiler-cli": "2.4.10"
  }
}