{
  "name": "ng-book2-inventory-app",
  "version": "1.0.0",
  "private": true,
  "scripts": {
    "clean": "rm -f ./*.js; rm -f ./*.js.map",
    "tsc": "./node_modules/.bin/tsc",
    "tsc:w": "./node_modules/.bin/tsc -w",
    "serve": "./node_modules/.bin/live-server --host=localhost --port=8080 .",
    "go": "concurrent \"npm run tsc:w\" \"npm run serve\" "
  },
  "license": "ISC",
  "dependencies": {
    "angular2": "2.0.0-beta.14",
    "es6-promise": "3.0.2",
    "es6-shim": "0.35.0",
    "reflect-metadata": "0.1.2",
    "rxjs": "5.0.0-beta.2",
    "systemjs": "0.19.6",
    "zone.js": "0.6.6"
  },
  "devDependencies": {
    "concurrently": "1.0.0",
    "live-server": "0.9.0",
    "typescript": "1.7.3"
  }
}