{
  "name": "redux-counter",
  "version": "0.0.0",
  "license": "MIT",
  "scripts": {
    "ng": "ng",
    "start": "ng serve",
    "build": "ng build",
    "test": "ng test",
    "lint": "ng lint",
    "e2e": "ng e2e"
  },
  "private": true,
  "dependencies": {
    "@angular/common": "2.4.10",
    "@angular/compiler": "2.4.10",
    "@angular/core": "2.4.10",
    "@angular/forms": "2.4.10",
    "@angular/http": "2.4.10",
    "@angular/platform-browser": "2.4.10",
    "@angular/platform-browser-dynamic": "2.4.10",
    "@angular/router": "3.4.10",
    "core-js": "2.4.1",
    "redux": "3.6.0",
    "rxjs": "5.0.1",
    "zone.js": "0.7.2",
    "reflect-metadata": "0.1.3",
    "@types/jasmine": "2.5.40"
  },
  "devDependencies": {
    "@angular/cli": "1.0.0-rc.1",
    "@angular/compiler-cli": "2.4.10",
    "@types/jasmine": "2.5.38",
    "@types/node": "~6.0.60",
    "codelyzer": "~2.0.0",
    "jasmine-core": "~2.5.2",
    "jasmine-spec-reporter": "~3.2.0",
    "karma": "~1.4.1",
    "karma-chrome-launcher": "~2.0.0",
    "karma-cli": "~1.0.1",
    "karma-jasmine": "~1.1.0",
    "karma-jasmine-html-reporter": "0.2.2",
    "karma-coverage-istanbul-reporter": "0.2.0",
    "protractor": "~5.1.0",
    "ts-node": "~2.0.0",
    "tslint": "~4.4.2",
    "typescript": "2.0.2"
  }
}