{
  "name": "ngx-auth-firebaseui",
  "version": "1.0.0",
  "license": "MIT",
  "description": "Demo app for ngx-auth-firebaseui",
  "scripts": {
    "ng": "ng",
    "build": "ng build",
    "build:doc": "cd ../ && gulp build:doc",
    "build:prod": "ng build --prod ",
    "build:client-and-server-bundles": "ng build --prod --preserve-symlinks &&  ng run ngx-auth-firebaseui:server:production",
    "build:prerender": "npm run build:client-and-server-bundles && npm run webpack:server && npm run generate:prerender",
    "build:ssr": "npm run build:client-and-server-bundles && npm run webpack:server",
    "compile:server": "tsc -p server.tsconfig.json",
    "deploy:firebase": "npm run build:prod && npm run build:doc && firebase deploy",
    "e2e": "ng e2e",
    "generate:prerender": "cd dist && node prerender",
    "lint": "ng lint",
    "test": "ng test",
    "postinstall": "npm run link",
    "link": "npm link ngx-auth-firebaseui",
    "start": "ng serve",
    "serve:prod": "ng serve --prod",
    "serve:prerender": "cd dist/browser && http-server",
    "serve:ssr": "node dist/server",
    "webpack:server": "webpack --config webpack.server.config.js --progress --colors"
  },
  "private": true,
  "dependencies": {
    "@angular/animations": "^7.2.6",
    "@angular/cdk": "^7.3.3",
    "@angular/common": "^7.2.6",
    "@angular/compiler": "^7.2.6",
    "@angular/core": "^7.2.6",
    "@angular/fire": "^5.1.1",
    "@angular/flex-layout": "^7.0.0-beta.22",
    "@angular/forms": "^7.2.6",
    "@angular/http": "^7.2.6",
    "@angular/material": "^7.3.3",
    "@angular/platform-browser": "^7.2.6",
    "@angular/platform-browser-dynamic": "^7.2.6",
    "@angular/platform-server": "^7.2.6",
    "@angular/router": "^7.2.6",
    "@angular/service-worker": "^7.2.6",
    "@ng-bootstrap/ng-bootstrap": "^4.0.4",
    "angulartics2": "^7.2.4",
    "bootstrap": "^4.3.1",
    "core-js": "^2.6.5",
    "firebase": "^5.8.4",
    "font-awesome": "^4.7.0",
    "hammerjs": "^2.0.8",
    "highlight.js": "^9.14.2",
    "include-media": "^1.4.9",
    "material-design-icons": "^3.0.1",
    "ngx-clipboard": "^11.1.9",
    "ngx-highlightjs": "^3.0.3",
    "ngx-material-pages": "^1.3.2",
    "rxjs": "^6.4.0",
    "tslib": "^1.9.3",
    "zone.js": "^0.8.29"
  },
  "devDependencies": {
    "@angular-devkit/build-angular": "^0.13.3",
    "@angular/cli": "^7.3.3",
    "@angular/compiler-cli": "^7.2.6",
    "@angular/language-service": "^7.2.6",
    "@angularclass/hmr": "~2.1.3",
    "@nguniversal/express-engine": "^7.0.2",
    "@nguniversal/module-map-ngfactory-loader": "^7.0.2",
    "@types/jasmine": "^3.3.9",
    "@types/jasminewd2": "^2.0.6",
    "@types/node": "^10.12.26",
    "codelyzer": "^4.5.0",
    "express": "^4.16.4",
    "firebase-tools": "^6.4.0",
    "http-server": "^0.11.1",
    "jasmine-core": "~3.3.0",
    "jasmine-spec-reporter": "~4.2.1",
    "karma": "^4.0.0",
    "karma-chrome-launcher": "~2.2.0",
    "karma-cli": "~2.0.0",
    "karma-coverage-istanbul-reporter": "^2.0.5",
    "karma-jasmine": "~2.0.1",
    "karma-jasmine-html-reporter": "^1.4.0",
    "protractor": "~5.4.1",
    "reflect-metadata": "~0.1.10",
    "ts-loader": "^5.3.2",
    "ts-node": "^8.0.2",
    "tslint": "^5.13.0",
    "typescript": "~3.2.4",
    "webpack-cli": "^3.2.3",
    "webpack-node-externals": "~1.7.2"
  },
  "engines": {
    "node": ">=8.0.0"
  },
  "greenkeeper": {
    "ignore": [
      "@angular/core",
      "@angular/common",
      "@angular/compiler",
      "@angular/platform-server",
      "@angular/platform-browser",
      "@angular/platform-browser-dynamic",
      "@angular/compiler-cli",
      "zone.js",
      "rxjs",
      "tslint",
      "gulp-tslint",
      "typescript",
      "awesome-typescript-loader",
      "codelyzer",
      "@angular/animations",
      "@types/jasmine"
    ]
  },
  "commitplease": {
    "style": "angular",
    "types": [
      "feat",
      "fix",
      "docs",
      "style",
      "refactor",
      "perf",
      "test",
      "chore",
      "revert",
      "demo"
    ],
    "scope": "\\S+.*"
  }
}