{
  "name": "ngx-auth-firebaseui",
  "description": "Open Source Library for Angular Web Apps to integrate a material user interface for firebase authentication",
  "version": "2.4.0",
  "homepage": "https://github.com/anthonynahas/ngx-auth-firebaseui",
  "author": {
    "name": "anthonynahas",
    "url": "https://github.com/anthonynahas"
  },
  "repository": {
    "type": "git",
    "url": "git://github.com/anthonynahas/ngx-auth-firebaseui.git"
  },
  "license": "MIT",
  "keywords": [
    "ng",
    "library",
    "angular",
    "@angular/fire",
    "firebase",
    "firebaseui",
    "firebase auth",
    "authentication",
    "firebaseauthentication",
    "firestore",
    "material",
    "material design",
    "ssr"
  ],
  "bugs": {
    "url": "https://github.com/anthonynahas/ngx-auth-firebaseui/issues"
  },
  "private": true,
  "scripts": {
    "build": "gulp build",
    "build:watch": "gulp build:watch",
    "build:watch:fast": "gulp build:watch-fast",
    "build:demo": "gulp build:demo",
    "build:doc": "gulp build:doc",
    "es5": "babel dist -d dist --presets @babel/preset-env",
    "serve:demo": "gulp serve:demo",
    "serve:demo:ssr": "gulp serve:demo-ssr",
    "serve:doc": "gulp serve:doc",
    "link": "gulp link",
    "unlink": "gulp unlink",
    "test": " gulp test",
    "test:watch": " gulp test:watch",
    "demo": " gulp build:demo",
    "extract": "ng xi18n --output-path=locale",
    "check-travis": " travis-status --repo=anthonynahas/ngx-auth-firebaseui --branch=master --fail-pending || echo 'Not yet passing'"
  },
  "dependencies": {
    "@angular-material-extensions/password-strength": "^3.4.1",
    "@angular/animations": "^7.2.7",
    "@angular/cdk": "^7.3.3",
    "@angular/common": "^7.2.7",
    "@angular/core": "^7.2.7",
    "@angular/fire": "^5.1.1",
    "@angular/flex-layout": "^7.0.0-beta.23",
    "@angular/forms": "^7.2.7",
    "@angular/material": "^7.3.3",
    "@angular/router": "^7.2.7",
    "firebase": "^5.8.4"
  },
  "devDependencies": {
    "@angular/compiler": "^7.2.7",
    "@angular/compiler-cli": "^7.2.7",
    "@angular/platform-browser": "^7.2.7",
    "@angular/platform-browser-dynamic": "^7.2.7",
    "@angular/platform-server": "^7.2.7",
    "@babel/cli": "^7.2.3",
    "@babel/core": "^7.3.4",
    "@babel/preset-env": "^7.3.4",
    "@babel/preset-es2015": "^7.0.0-beta.53",
    "@compodoc/gulp-compodoc": "^0.0.10",
    "@types/jasmine": "^3.3.9",
    "@types/jest": "^24.0.9",
    "@types/lodash": "^4.14.121",
    "@types/node": "^10.12.27",
    "angular-cli-ghpages": "^0.5.3",
    "angular2-template-loader": "0.6.2",
    "autoprefixer": "^9.4.9",
    "awesome-typescript-loader": "^5.2.1",
    "codelyzer": "^4.5.0",
    "commitplease": "3.2.0",
    "conventional-github-releaser": "2.0.2",
    "core-js": "^2.6.4",
    "css-loader": "^2.1.0",
    "cssnano": "^4.1.10",
    "del": "3.0.0",
    "gulp": "3.9.1",
    "gulp-bump": "^3.1.3",
    "gulp-conventional-changelog": "^2.0.10",
    "gulp-coveralls": "0.1.4",
    "gulp-file": "0.4.0",
    "gulp-git": "^2.9.0",
    "gulp-hub": "0.8.0",
    "gulp-imagemin": "^4.1.0",
    "gulp-inline-ng2-template": "^5.0.1",
    "gulp-tslint": "^8.1.4",
    "gulp-util": "3.0.8",
    "html-loader": "0.5.5",
    "imagemin-gifsicle": "^5.2.0",
    "imagemin-jpegoptim": "^5.2.0",
    "imagemin-optipng": "^5.2.1",
    "imagemin-svgo": "^6.0.0",
    "is-docker": "1.1.0",
    "istanbul-instrumenter-loader": "^3.0.1",
    "jasmine-core": "^3.3.0",
    "jest": "^24.1.0",
    "jest-cli": "^24.1.0",
    "jest-preset-angular": "^6.0.2",
    "lodash": "^4.17.11",
    "node-sass": "^4.11.0",
    "postcss": "^7.0.14",
    "postcss-strip-inline-comments": "0.1.5",
    "pump": "^3.0.0",
    "raw-loader": "^1.0.0",
    "rollup": "^1.3.2",
    "rollup-plugin-commonjs": "^9.2.1",
    "rollup-plugin-node-resolve": "^4.0.1",
    "rollup-plugin-sourcemaps": "0.4.2",
    "rollup-plugin-uglify": "3.0.0",
    "run-sequence": "2.2.1",
    "rxjs": "^6.4.0",
    "sass-loader": "^7.1.0",
    "source-map-loader": "^0.2.4",
    "to-string-loader": "1.1.5",
    "travis-status": "^3.0.1",
    "tsickle": "^0.34.3",
    "tslint": "~5.13.0",
    "typescript": "~3.2.4",
    "webpack": "^4.29.6",
    "webpack-dev-middleware": "^3.6.0",
    "webpack-dev-server": "^3.2.1",
    "yargs": "^12.0.5",
    "zone.js": "^0.8.29"
  },
  "engines": {
    "node": ">=8.0.0"
  },
  "jest": {
    "preset": "jest-preset-angular",
    "roots": [
      "<rootDir>/src/"
    ],
    "coverageReporters": [
      "lcov",
      "text"
    ],
    "coveragePathIgnorePatterns": [
      "/node_modules/",
      "/config",
      "/dist/"
    ],
    "setupTestFrameworkScriptFile": "<rootDir>/config/setupJest.ts"
  },
  "greenkeeper": {
    "ignore": [
      "@angular/core",
      "@angular/common",
      "@angular/compiler",
      "@angular/platform-server",
      "@angular/platform-browser",
      "@angular/platform-browser-dynamic",
      "@angular/compiler-cli",
      "webpack",
      "zone.js",
      "rxjs",
      "tslint",
      "gulp-tslint",
      "typescript",
      "awesome-typescript-loader",
      "codelyzer",
      "@angular/animations",
      "@types/jasmine",
      "gulp-inline-ng2-template",
      "conventional-github-releaser",
      "rollup-plugin-uglify"
    ]
  },
  "commitplease": {
    "style": "angular",
    "types": [
      "feat",
      "fix",
      "docs",
      "style",
      "refactor",
      "perf",
      "test",
      "chore",
      "revert",
      "demo"
    ],
    "scope": "\\S+.*"
  }
}