{
  "name": "@arkecosystem/core-debugger-cli",
  "description": "Debugger CLI for Ark Core",
  "version": "2.1.2",
  "contributors": [
    "Brian Faust <brian@ark.io>"
  ],
  "license": "MIT",
  "main": "dist/index.js",
  "files": [
    "/bin",
    "/dist",
    "/oclif.manifest.json"
  ],
  "bin": {
    "debugger": "./bin/run"
  },
  "scripts": {
    "debugger": "./bin/run",
    "prepublishOnly": "yarn build",
    "pretest": "yarn lint && yarn build",
    "prepack": "oclif-dev manifest && npm shrinkwrap",
    "postpack": "rm -f oclif.manifest.json",
    "compile": "../../node_modules/typescript/bin/tsc",
    "build": "yarn clean && yarn compile",
    "build:watch": "yarn clean && yarn compile -w",
    "clean": "del dist",
    "docs": "../../node_modules/typedoc/bin/typedoc src --out docs",
    "lint": "../../node_modules/tslint/bin/tslint -c ../../tslint.json 'src/**/*.ts' '__tests__/**/*.ts' --fix",
    "test": "cross-env CORE_ENV=test jest --runInBand --forceExit",
    "test:coverage": "cross-env CORE_ENV=test jest --coverage --coveragePathIgnorePatterns='/(defaults.ts|index.ts)$' --runInBand --forceExit",
    "test:debug": "cross-env CORE_ENV=test node --inspect-brk ../../node_modules/.bin/jest --runInBand",
    "test:watch": "cross-env CORE_ENV=test jest --runInBand --watch",
    "test:watch:all": "cross-env CORE_ENV=test jest --runInBand --watchAll",
    "updates": "../../node_modules/npm-check-updates/bin/npm-check-updates -a"
  },
  "dependencies": {
    "@arkecosystem/crypto": "^2.1.0",
    "@oclif/command": "^1.5.8",
    "@oclif/config": "^1.12.4",
    "@oclif/plugin-help": "^2.1.6",
    "@oclif/plugin-not-found": "^1.2.2",
    "@types/clipboardy": "^1.1.0",
    "clipboardy": "^1.2.3"
  },
  "publishConfig": {
    "access": "public"
  },
  "engines": {
    "node": ">=10.x"
  },
  "jest": {
    "preset": "../../jest-preset.json"
  },
  "oclif": {
    "commands": "./dist/commands",
    "bin": "debugger",
    "plugins": [
      "@oclif/plugin-help",
      "@oclif/plugin-not-found"
    ]
  }
}