{
  "name": "ts-tools",
  "description": "TypeScript Tools for Node.js",
  "workspaces": [
    "packages/*"
  ],
  "scripts": {
    "clean": "lerna run clean --stream --parallel",
    "prebuild": "yarn clean",
    "build": "lerna run build --stream",
    "lint": "lerna run lint --stream --parallel",
    "pretest": "run-p build lint",
    "test": "lerna run test --stream --parallel -- --colors"
  },
  "devDependencies": {
    "@types/chai": "^4.1.7",
    "@types/loader-utils": "^1.1.3",
    "@types/mocha": "^5.2.6",
    "@types/node": "8",
    "@types/react": "^16.8.6",
    "@types/react-dom": "^16.8.2",
    "@types/source-map-support": "^0.4.2",
    "@types/webpack": "^4.4.25",
    "chai": "^4.2.0",
    "lerna": "^3.13.1",
    "mocha": "^6.0.2",
    "npm-run-all": "^4.1.5",
    "react": "^16.8.3",
    "react-dom": "^16.8.3",
    "rimraf": "^2.6.3",
    "tslint": "^5.13.1",
    "typescript": "~3.3.3333",
    "webpack": "^4.29.6"
  },
  "author": "Avi Vahl <avi.vahl@wix.com>",
  "license": "MIT",
  "private": true
}