{
  "name": "app-service-fusion",
  "version": "0.1.0",
  "private": true,
  "dependencies": {
    "@reach/router": "^1.2.1",
    "@uifabric/variants": "^6.14.0",
    "applicationinsights-js": "^1.0.20",
    "axios": "^0.18.0",
    "formik": "^1.5.0",
    "i18next": "^15.0.0",
    "i18next-chained-backend": "^1.0.0",
    "i18next-localstorage-backend": "^2.0.0",
    "i18next-xhr-backend": "^2.0.0",
    "lodash-es": "^4.17.11",
    "monaco-editor": "^0.15.6",
    "office-ui-fabric-react": "^6.141.1",
    "react": "16.8.1",
    "react-app-polyfill": "^0.2.0",
    "react-app-rewired": "^2.1.0",
    "react-dom": "16.8.1",
    "react-i18next": "^10.0.4",
    "react-scripts": "^2.1.3",
    "react-svg": "^7.2.6",
    "react-use": "^5.4.1",
    "rxjs": "^6.4.0",
    "typestyle": "^2.0.1",
    "yup": "^0.26.10"
  },
  "scripts": {
    "start": "react-app-rewired start",
    "build": "react-app-rewired build",
    "test": "react-app-rewired test --env=jsdom --transformIgnorePatterns \"node_modules/(?!(office-ui-fabric-react)/)\"",
    "test:ci": "react-app-rewired test --env=jsdom --testResultsProcessor ./node_modules/jest-junit --coverage",
    "test:debug": "react-app-rewired --inspect-brk test --no-cache --verbose=false --runInBand",
    "storybook": "start-storybook -p 9009 -s public",
    "analyze": "react-scripts build --stats && webpack-bundle-analyzer build/bundle-stats.json -m static -r build/bundle-stats.html -O",
    "build-storybook": "build-storybook -s public"
  },
  "devDependencies": {
    "@storybook/addon-actions": "^4.1.11",
    "@storybook/addon-links": "^4.1.11",
    "@storybook/addons": "^4.1.11",
    "@storybook/react": "^4.1.11",
    "@types/applicationinsights-js": "^1.0.9",
    "@types/enzyme": "^3.1.17",
    "@types/enzyme-adapter-react-16": "^1.0.3",
    "@types/i18next-xhr-backend": "^1.4.1",
    "@types/jest": "^24.0.0",
    "@types/lodash-es": "^4.17.1",
    "@types/node": "^10.12.24",
    "@types/reach__router": "^1.2.3",
    "@types/react": "^16.8.2",
    "@types/react-dom": "^16.8.0",
    "@types/react-i18next": "^8.1.0",
    "@types/webpack-env": "^1.13.7",
    "@types/yup": "^0.26.9",
    "axios-mock-adapter": "^1.16.0",
    "core-js": "^2.6.4",
    "enzyme": "^3.8.0",
    "enzyme-adapter-react-16": "^1.9.1",
    "jest-date-mock": "^1.0.7",
    "jest-junit": "^6.2.1",
    "jest-mock-axios": "^2.1.11",
    "monaco-editor-webpack-plugin": "^1.7.0",
    "react-test-renderer": "^16.8.1",
    "tslint-config-airbnb": "^5.11.1",
    "tslint-config-prettier": "^1.18.0",
    "typescript": "^3.3.3",
    "webpack-bundle-analyzer": "^3.0.3",
    "tslint": "^5.12.1",
    "tslint-react-hooks": "^1.1.0"
  },
  "workspaces": {
    "nohoist": [
      "**"
    ]
  },
  "proxy": "https://localhost:44300",
  "jest": {
    "collectCoverageFrom": [
      "src/**/*.{ts}",
      "!src/**/*.stories.ts",
      "!src/**/*.d.ts",
      "!src/**/*.styles.ts",
      "!src/**/*.types.ts",
      "!src/theme/**",
      "!<rootDir>/node_modules/",
      "!src/mocks/**",
      "!src/*",
      "!src/models/**",
      "!src/modules/services.ts",
      "!src/utils/Guid.ts",
      "!src/utils/scenario-checker/**"
    ],
    "coverageReporters": [
      "text",
      "cobertura",
      "html"
    ]
  },
  "browserslist": [
    ">0.2%",
    "not dead",
    "not ie <= 10",
    "not op_mini all"
  ]
}