{
  "name": "azure-functions-client",
  "version": "0.0.0",
  "license": "MIT",
  "angular-cli": {},
  "scripts": {
    "ng": "ng",
    "watch": "ng b -w",
    "start": "ng serve",
    "build": "ng build",
    "test": "ng test",
    "lint": "ng lint",
    "e2e": "ng e2e",
    "bundle-report": "webpack-bundle-analyzer ../server/src/public/ng-full/stats.json",
    "coveralls": "cat ./coverage/lcov.info | ./node_modules/coveralls/bin/coveralls.js"
  },
  "private": true,
  "workspaces": {
    "nohoist": [
      "**"
    ]
  },
  "dependencies": {
    "@angular/cli": "^1.7.4",
    "@angular/animations": "^5.2.11",
    "@angular/common": "^5.0.0",
    "@angular/compiler": "^5.0.0",
    "@angular/core": "^5.0.0",
    "@angular/forms": "^5.0.0",
    "@angular/http": "^5.0.0",
    "@angular/platform-browser": "^5.0.0",
    "@angular/platform-browser-dynamic": "^5.0.0",
    "@angular/platform-server": "^5.0.0",
    "ngx-datatable-accessable": "^13.1.0",
    "@angular/router": "^5.0.0",
    "@ng-select/ng-select": "^1.5.0",
    "@ngx-translate/core": "^9.1.1",
    "angular2-uuid": "^1.1.1",
    "bootstrap": "^3.3.7",
    "core-js": "^2.4.1",
    "font-awesome": "^4.7.0",
    "jsonschema": "^1.1.1",
    "lodash-es": "^4.17.8",
    "marked": "^0.3.9",
    "moment-mini-ts": "^2.20.1",
    "monaco-editor": "^0.10.0",
    "ng-sidebar": "^7.1.0",
    "ng2-cookies": "^1.0.3",
    "ng2-file-upload": "~1.2.1",
    "ng2-popover": "^0.0.14",
    "ngx-markdown": "^1.5.2",
    "ngx-uploader": "^4.2.4",
    "node-sass": "^4.7.2",
    "pako": "^1.0.6",
    "prismjs": "^1.13.0",
    "rxjs": "^5.5.2",
    "swagger-editor": "git+https://github.com/azure/swagger-editor.git#5c7736ff93ffe36569e1f21efd72a91c9c1f9f77",
    "ts-helpers": "^1.1.1",
    "zone.js": "^0.8.20",
    "yaml-lint": "^1.2.4"
  },
  "devDependencies": {
    "@angular/cli": "^1.7.3",
    "@angular/compiler-cli": "^5.0.0",
    "@types/jasmine": "2.5.38",
    "@types/jsonschema": "^1.1.1",
    "@types/lodash-es": "^4.17.0",
    "@types/node": "~6.0.60",
    "@types/prismjs": "^1.9.0",
    "codelyzer": "~2.0.0",
    "jasmine-core": "~2.5.2",
    "jasmine-spec-reporter": "~3.2.0",
    "karma": "~1.4.1",
    "karma-chrome-launcher": "^2.2.0",
    "karma-cli": "~1.0.1",
    "karma-coverage-istanbul-reporter": "^0.2.0",
    "karma-jasmine": "~1.1.0",
    "karma-jasmine-html-reporter": "^0.2.2",
    "protractor": "~5.1.0",
    "ts-node": "~2.0.0",
    "tslint": "~4.5.0",
    "typescript": "2.4.2",
    "webpack-bundle-analyzer": "^2.11.1",
    "puppeteer": "^1.2.0",
    "karma-junit-reporter": "^1.2.0",
    "karma-mocha-reporter": "^1.3.0",
    "coveralls": "^3.0.0",
    "ng-mocks": "^5.3.0"
  }
}