{
  "name": "@blaze/site",
  "version": "3.2.3",
  "private": true,
  "description": "Open Source UI Toolkit - Site",
  "keywords": [
    "javascript",
    "html",
    "sass",
    "scss",
    "css",
    "bem",
    "itcss",
    "bemit",
    "ui",
    "ux",
    "framework",
    "components",
    "webcomponents",
    "stencil",
    "stenciljs",
    "monorepo"
  ],
  "author": "Gregory Pratt",
  "license": "MIT",
  "repository": {
    "type": "git",
    "url": "https://github.com/BlazeUI/blaze.git"
  },
  "bugs": {
    "url": "https://github.com/BlazeUI/blaze/issues"
  },
  "homepage": "https://www.blazeui.com",
  "dependencies": {
    "@blaze/atoms": "^5.2.1",
    "@blaze/css": "^2.1.3"
  },
  "devDependencies": {
    "workbox-build": "3.4.1"
  }
}