{
  "name": "vscode-nextgenas",
  "displayName": "ActionScript & MXML",
  "description": "Language support for ActionScript and MXML",
  "version": "0.18.0-SNAPSHOT",
  "publisher": "bowlerhatllc",
  "homepage": "https://as3mxml.com/",
  "repository": {
    "type": "git",
    "url": "https://github.com/BowlerHatLLC/vscode-as3mxml.git"
  },
  "bugs": {
    "url": "https://github.com/BowlerHatLLC/vscode-as3mxml/issues"
  },
  "license": "Apache-2.0",
  "private": true,
  "categories": [
    "Programming Languages",
    "Debuggers"
  ],
  "keywords": [
    "Flash",
    "AIR",
    "Royale",
    "Flex",
    "multi-root ready"
  ],
  "main": "extension",
  "icon": "as3.png",
  "scripts": {
    "postinstall": "node ./node_modules/vscode/bin/install",
    "build": "mvn clean package",
    "build-debug": "mvn package"
  },
  "engines": {
    "vscode": "^1.30.0"
  },
  "devDependencies": {
    "@types/json5": "0.0.30",
    "@types/mocha": "^5.2.5",
    "@types/node": "^8.10.39",
    "mocha": "^5.2.0",
    "typescript": "^3.2.4",
    "vsce": "^1.55.0",
    "vscode": "^1.1.28"
  },
  "dependencies": {
    "@rgrove/parse-xml": "^1.1.1",
    "json5": "^2.1.0",
    "vscode-jsonrpc": "^4.0.0",
    "vscode-languageclient": "^5.2.1"
  },
  "activationEvents": [
    "onLanguage:nextgenas",
    "onLanguage:mxml",
    "workspaceContains:**/asconfig.json",
    "workspaceContains:**/asconfig.*.json",
    "workspaceContains:.actionScriptProperties",
    "onView:actionScriptSourcePaths",
    "onCommand:as3mxml.organizeImportsInUri",
    "onCommand:as3mxml.organizeImportsInDirectory",
    "onCommand:as3mxml.saveSessionPassword",
    "onCommand:as3mxml.selectWorkspaceSDK",
    "onCommand:as3mxml.restartServer",
    "onCommand:as3mxml.importFlashBuilderProject",
    "onCommand:as3mxml.quickCompile",
    "onCommand:as3mxml.quickCompileAndDebug",
    "onCommand:workbench.action.tasks.runTask"
  ],
  "contributes": {
    "commands": [
      {
        "command": "as3mxml.saveSessionPassword",
        "title": "Save Session Password",
        "category": "Adobe AIR"
      },
      {
        "command": "as3mxml.selectWorkspaceSDK",
        "title": "Select Workspace SDK",
        "category": "ActionScript"
      },
      {
        "command": "as3mxml.restartServer",
        "title": "Restart ActionScript/MXML server",
        "category": "ActionScript"
      },
      {
        "command": "as3mxml.organizeImportsInUri",
        "title": "Organize Imports"
      },
      {
        "command": "as3mxml.organizeImportsInDirectory",
        "title": "Organize Imports (Recursive)"
      },
      {
        "command": "as3mxml.quickCompileAndDebug",
        "title": "Quick Compile & Debug (Experimental)",
        "category": "ActionScript"
      },
      {
        "command": "as3mxml.importFlashBuilderProject",
        "title": "Import Adobe Flash Builder Project",
        "category": "ActionScript"
      }
    ],
    "keybindings": [
      {
        "key": "ctrl+enter",
        "mac": "cmd+enter",
        "command": "as3mxml.quickCompileAndDebug"
      }
    ],
    "menus": {
      "commandPalette": [
        {
          "command": "as3mxml.saveSessionPassword",
          "when": "false"
        },
        {
          "command": "as3mxml.organizeImportsInUri",
          "when": "false"
        },
        {
          "command": "as3mxml.organizeImportsInDirectory",
          "when": "false"
        }
      ],
      "explorer/context": [
        {
          "command": "as3mxml.organizeImportsInDirectory",
          "when": "explorerResourceIsFolder"
        }
      ]
    },
    "views": {
      "explorer": [
        {
          "id": "actionScriptSourcePaths",
          "name": "ActionScript Source Path",
          "when": "resourceLangId =~ /(nextgenas|mxml)/"
        }
      ]
    },
    "languages": [
      {
        "id": "nextgenas",
        "extensions": [
          ".as"
        ],
        "aliases": [
          "ActionScript",
          "AS3",
          "as3",
          "AS",
          "as"
        ],
        "configuration": "./actionscript.configuration.json"
      },
      {
        "id": "mxml",
        "extensions": [
          ".mxml"
        ],
        "aliases": [
          "MXML",
          "mxml"
        ],
        "configuration": "./mxml.configuration.json"
      },
      {
        "id": "jsonc",
        "filenames": [
          "asconfig.json"
        ]
      }
    ],
    "grammars": [
      {
        "language": "nextgenas",
        "scopeName": "source.actionscript.3",
        "path": "./syntaxes/AS3.tmLanguage"
      },
      {
        "language": "mxml",
        "scopeName": "text.mxml",
        "path": "./syntaxes/MXML.tmLanguage",
        "embeddedLanguages": {
          "meta.cdata.mxml": "nextgenas"
        }
      }
    ],
    "jsonValidation": [
      {
        "fileMatch": "asconfig.json",
        "url": "./schemas/asconfig.schema.json"
      }
    ],
    "problemMatchers": [
      {
        "name": "nextgenas_nomatch",
        "label": "No Problem Matcher (Deprecated: Use empty array instead)",
        "applyTo": "allDocuments",
        "pattern": {
          "regexp": "^$"
        }
      },
      {
        "name": "royale",
        "label": "Apache Royale",
        "owner": "nextgenas",
        "applyTo": "closedDocuments",
        "fileLocation": [
          "absolute"
        ],
        "pattern": {
          "regexp": "^(.*)\\((\\d+)\\): col: (\\d+)(.*)",
          "file": 1,
          "line": 2,
          "column": 3,
          "message": 4
        }
      },
      {
        "name": "flex",
        "label": "Classic Flex SDK",
        "owner": "nextgenas",
        "applyTo": "closedDocuments",
        "fileLocation": [
          "absolute"
        ],
        "pattern": {
          "regexp": "^(.*)\\((\\d+)\\):\\s+(Error|Warning): (.*)",
          "file": 1,
          "line": 2,
          "severity": 3,
          "message": 4
        }
      },
      {
        "name": "air",
        "label": "Adobe AIR SDK & Compiler",
        "owner": "nextgenas",
        "applyTo": "closedDocuments",
        "fileLocation": [
          "absolute"
        ],
        "pattern": [
          {
            "regexp": "^(.*):(\\d+)$",
            "file": 1,
            "line": 2
          },
          {
            "regexp": "^(Syntax )?(Error|error|Warning): (.*)$",
            "severity": 2,
            "message": 3
          }
        ]
      }
    ],
    "taskDefinitions": [
      {
        "type": "actionscript",
        "properties": {
          "debug": {
            "type": "boolean",
            "description": "Indicates if the output is a debug or release build"
          },
          "air": {
            "type": "string",
            "description": "Optionally indicates the platform name of the Adobe AIR package"
          },
          "asconfig": {
            "type": "string",
            "description": "Optional path to asconfig.json or asconfig.*.json file in workspace"
          },
          "clean": {
            "type": "boolean",
            "description": "Indicates if the output folder should be cleaned"
          }
        }
      }
    ],
    "configuration": {
      "type": "object",
      "description": "ActionScript & MXML configuration",
      "properties": {
        "as3mxml.sdk.framework": {
          "type": [
            "string",
            "null"
          ],
          "default": null,
          "description": "Specifies the folder path of the ActionScript SDK used by the current workspace."
        },
        "as3mxml.sdk.searchPaths": {
          "type": [
            "string",
            "array",
            "null"
          ],
          "default": null,
          "description": "Specifies a folder path containing one or more ActionScript SDKs to show in the SDK picker.",
          "items": {
            "type": "string"
          }
        },
        "as3mxml.problems.realTime": {
          "type": [
            "boolean"
          ],
          "default": true,
          "description": "Specifies whether to check for problems in real-time as you type, or only on save."
        },
        "as3mxml.projectImport.prompt": {
          "type": [
            "boolean"
          ],
          "default": true,
          "description": "Specifies whether to automatically display a prompt to import a project folder from Adobe Flash Builder when asconfig.json is not present."
        },
        "as3mxml.asconfigc.useBundled": {
          "type": "boolean",
          "default": true,
          "description": "(Advanced) Indicates if the extension will use the bundled version of asconfigc or a different version that is installed on the system path."
        },
        "as3mxml.java.path": {
          "type": [
            "string",
            "null"
          ],
          "default": null,
          "description": "(Advanced) Specifies the path to the java exectuable (Note: this must be an executable, and not a directory). Use this setting if the extension cannot find Java automatically."
        },
        "as3mxml.sdk.editor": {
          "type": [
            "string",
            "null"
          ],
          "default": null,
          "description": "(Advanced) Specifies the folder path of the Apache Royale SDK used internally by the extension for code intelligence. Unless you know what you're doing, you should probably set as3mxml.sdk.framework instead."
        },
        "nextgenas.sdk.framework": {
          "deprecationMessage": "DEPRECATED: Use as3mxml.sdk.framework instead."
        },
        "nextgenas.sdk.searchPaths": {
          "deprecationMessage": "DEPRECATED: Use as3mxml.sdk.searchPaths instead."
        },
        "nextgenas.asconfigc.useBundled": {
          "deprecationMessage": "DEPRECATED: Use as3mxml.asconfigc.useBundled instead."
        },
        "nextgenas.java": {
          "deprecationMessage": "DEPRECATED: Use as3mxml.java.path instead."
        },
        "nextgenas.sdk.editor": {
          "deprecationMessage": "DEPRECATED: Use as3mxml.sdk.editor instead."
        }
      }
    },
    "breakpoints": [
      {
        "language": "nextgenas"
      }
    ],
    "snippets": [
      {
        "language": "nextgenas",
        "path": "./snippets/actionscript.json"
      },
      {
        "language": "mxml",
        "path": "./snippets/mxml.json"
      }
    ],
    "debuggers": [
      {
        "type": "swf",
        "label": "SWF",
        "configurationAttributes": {
          "attach": {
            "properties": {
              "connect": {
                "type": "boolean",
                "description": "Indicates if the debugger should connect to the runtime instead of listening. May be used for USB debugging on mobile.",
                "default": false
              },
              "port": {
                "type": "number",
                "description": "If the \"connect\" attribute is true, the debugger will connect on the specified port.",
                "multipleOf": 1,
                "default": 7936
              },
              "platform": {
                "type": "string",
                "description": "Installs the Adobe AIR application on the specified platform and launches it before attaching to the debugger.",
                "enum": [
                  "ios",
                  "android"
                ]
              }
            }
          },
          "launch": {
            "properties": {
              "program": {
                "type": [
                  "string",
                  "null"
                ],
                "description": "Absolute path to a SWF or AIR application descriptor XML. If omitted, will attempt to detect program automatically."
              },
              "profile": {
                "type": [
                  "string",
                  "null"
                ],
                "description": "The device profile to use in AIR Debug Launcher.",
                "pattern": "^(desktop|extendedDesktop|mobileDevice)$",
                "default": null
              },
              "args": {
                "type": "array",
                "description": "Optional arguments to pass to the AIR application.",
                "items": {
                  "type": "string"
                },
                "default": []
              },
              "screensize": {
                "type": [
                  "string",
                  "null"
                ],
                "description": "Defines the screen dimensions when running with the mobileDevice profile in AIR Debug Launcher",
                "pattern": "^((\\d+x\\d+:\\d+x\\d+)|iPhone|iPhoneRetina|iPhone5Retina|iPhone6|iPhone6Plus|iPod|iPodRetina|iPod5Retina|iPad|iPadRetina|Droid|NexusOne|SamsungGalaxyS|SamsungGalaxyTab|QVGA|WQVGA|FWQVGA|HVGA|WVGA|FWVGA|1080|720|480)$",
                "default": null
              },
              "screenDPI": {
                "type": "number",
                "description": "Overrides the value returned by Capabilities.screenDPI in the AIR Debug Launcher.",
                "multipleOf": 1
              },
              "versionPlatform": {
                "type": [
                  "string",
                  "null"
                ],
                "description": "Overrides the three characters returned by Capabilities.os in the AIR Debug Launcher.",
                "pattern": "^[A-Z]{3}$",
                "default": null
              },
              "runtimeExecutable": {
                "type": [
                  "string",
                  "null"
                ],
                "description": "Path to runtime executable, such as the standalone version of Adobe Flash Player, a web browser, or AIR Debug Launcher.",
                "default": null
              },
              "runtimeArgs": {
                "type": "array",
                "description": "Optional arguments to pass to the runtime executable.",
                "items": {
                  "type": "string"
                },
                "default": []
              },
              "extdir": {
                "type": [
                  "string",
                  "null"
                ],
                "description": "Path to directory containing unpackaged AIR native extensions for debugging. Relative paths are based on workspace root.",
                "default": null
              }
            }
          }
        },
        "configurationSnippets": [
          {
            "label": "SWF: Launch Standalone SWF",
            "description": "Launch SWF in standalone Adobe Flash Player executable",
            "body": {
              "type": "swf",
              "request": "launch",
              "name": "${1:Launch SWF}"
            }
          },
          {
            "label": "SWF: Launch SWF embedded in HTML",
            "description": "Launch SWF embedded in HTML in a web browser",
            "body": {
              "type": "swf",
              "request": "launch",
              "name": "${2:Launch SWF}",
              "program": "^\"\\${workspaceRoot}/${1:index.html}\""
            }
          },
          {
            "label": "SWF: Launch Adobe AIR desktop",
            "description": "Launch Adobe AIR desktop application using AIR Debug Launcher",
            "body": {
              "type": "swf",
              "request": "launch",
              "name": "${1:Launch AIR desktop}"
            }
          },
          {
            "label": "SWF: Launch Adobe AIR mobile simulator",
            "description": "Launch Adobe AIR mobile application using AIR Debug Launcher",
            "body": {
              "type": "swf",
              "request": "launch",
              "name": "${4:Launch AIR mobile}",
              "profile": "mobileDevice",
              "screensize": "${1|iPhoneRetina,iPhone,iPhone5Retina,iPhone6,iPhone6Plus,iPad,iPadRetina,Droid,NexusOne,SamsungGalaxyS,SamsungGalaxyTab,480,720,1080,WVGA,WQVGA,QVGA,HVGA,FWVGA,FWQVGA|}",
              "screenDPI": "^${2:326}",
              "versionPlatform": "${3|IOS,AND|}"
            }
          },
          {
            "label": "SWF: Attach SWF",
            "description": "Attach to Adobe AIR or Flash Player that was launched externally",
            "body": {
              "type": "swf",
              "request": "attach",
              "name": "${4:Attach SWF}"
            }
          },
          {
            "label": "SWF: Install & Attach Adobe AIR (iOS)",
            "description": "Install and attach to Adobe AIR on iOS device",
            "body": {
              "type": "swf",
              "request": "attach",
              "name": "${4:Install & Attach Adobe AIR (iOS)}",
              "connect": true,
              "platform": "ios"
            }
          },
          {
            "label": "SWF: Install & Attach Adobe AIR (Android)",
            "description": "Install and attach to Adobe AIR on Android device",
            "body": {
              "type": "swf",
              "request": "attach",
              "name": "${4:Install & Attach Adobe AIR (Android)}",
              "connect": true,
              "platform": "android"
            }
          }
        ]
      },
      {
        "type": "node-royale",
        "label": "Node.js (Apache Royale)",
        "enableBreakpointsFor": {
          "languageIds": [
            "nextgenas",
            "mxml"
          ]
        },
        "initialConfigurations": [
          {
            "name": "Node.js (Apache Royale) Launch",
            "type": "node",
            "request": "launch",
            "program": "${workspaceRoot}/bin/js-debug/index.js",
            "cwd": "${workspaceRoot}/bin/js-debug",
            "sourceMaps": true,
            "outDir": "${workspaceRoot}/bin/js-debug"
          }
        ]
      }
    ]
  }
}