{
  "name": "angular2-grid-demo",
  "version": "0.0.0",
  "license": "MIT",
  "angular-cli": {},
  "scripts": {
    "ng": "ng",
    "start": "ng serve",
    "build": "ng build",
    "build-prod": "ng build --prod",
    "build-lib": "ng build --prod angular2-grid && npm run copy-lib",
    "copy-lib": "copyfiles -f LICENSE README.md projects/angular2-grid/src/*.css dist/angular2-grid",
    "test": "ng test",
    "lint": "ng lint",
    "e2e": "ng e2e"
  },
  "private": true,
  "dependencies": {
    "@angular/common": "^6.0.0",
    "@angular/core": "^6.0.0",
    "@angular/compiler": "^6.0.0",
    "@angular/forms": "^6.0.0",
    "@angular/http": "^6.0.0",
    "@angular/platform-browser": "^6.0.0",
    "@angular/platform-browser-dynamic": "^6.0.0",
    "@angular/router": "^6.0.0",
    "bootstrap": "^3.3.7",
    "core-js": "^2.4.1",
    "rxjs": "^6.1.0",
    "zone.js": "^0.8.4"
  },
  "devDependencies": {
    "@angular-devkit/build-angular": "~0.6.8",
    "@angular-devkit/build-ng-packagr": "~0.6.8",
    "@angular/cli": "^6.0.8",
    "@angular/compiler-cli": "^6.0.0",
    "@types/jasmine": "2.5.38",
    "@types/node": "~6.0.60",
    "codelyzer": "~2.0.0",
    "copyfiles": "^2.0.0",
    "jasmine-core": "~2.5.2",
    "jasmine-spec-reporter": "~3.2.0",
    "karma": "~1.4.1",
    "karma-chrome-launcher": "~2.0.0",
    "karma-cli": "~1.0.1",
    "karma-coverage-istanbul-reporter": "^0.2.0",
    "karma-jasmine": "~1.1.0",
    "karma-jasmine-html-reporter": "^0.2.2",
    "ng-packagr": "^3.0.0-rc.2",
    "protractor": "~5.1.0",
    "ts-node": "~2.0.0",
    "tsickle": ">=0.25.5",
    "tslib": "^1.7.1",
    "tslint": "^4.5.0",
    "typescript": "~2.7.0"
  }
}