{
  "name": "cryptokitty-designer",
  "version": "1.0.0",
  "description": "Build designer cryptokitties",
  "main": "index.js",
  "author": "Abhishek Chadha",
  "license": "MIT",
  "private": true,
  "scripts": {
    "start": "webpack-dev-server",
    "build": "webpack"
  },
  "dependencies": {
    "cryptokitties-contrib": "^0.1.0",
    "jest": "^21.2.1",
    "jsdom": "^11.5.1",
    "lodash": "^4.17.4",
    "node-fetch": "^1.7.3",
    "puppeteer": "^0.13.0",
    "react": "^16.0.0",
    "react-dom": "^16.0.0",
    "react-router-dom": "^4.2.2",
    "semantic-ui-react": "^0.75.1"
  },
  "devDependencies": {
    "@types/jest": "^21.1.6",
    "@types/react": "^16.0.19",
    "@types/react-dom": "^16.0.2",
    "@types/react-router-dom": "^4.2.0",
    "@types/react-test-renderer": "^16.0.0",
    "awesome-typescript-loader": "^3.2.3",
    "css-loader": "^0.28.7",
    "react-test-renderer": "^16.1.1",
    "serverless-offline": "^3.16.0",
    "serverless-plugin-typescript": "^1.1.3",
    "serverless-webpack": "^4.1.0",
    "source-map-loader": "^0.2.3",
    "style-loader": "^0.19.0",
    "ts-jest": "^21.2.2",
    "ts-loader": "^3.2.0",
    "tslint": "^5.8.0",
    "tslint-react": "^3.2.0",
    "tslint-react-recommended": "^1.0.15",
    "typescript": "^2.5.3",
    "webpack": "^3.8.1",
    "webpack-dev-server": "^2.9.3"
  },
  "jest": {
    "transform": {
      ".(ts|tsx)": "<rootDir>/node_modules/ts-jest/preprocessor.js"
    },
    "testRegex": "(/__tests__/.*|\\.(test|spec))\\.(ts|tsx|js)$",
    "moduleFileExtensions": [
      "ts",
      "tsx",
      "js",
      "json"
    ]
  }
}