{
  "name": "gqlify-project",
  "workspaces": [
    "packages/*"
  ],
  "scripts": {
    "compile": "tsc --build tsconfig.build.json",
    "clean": "lerna run clean --stream --parallel",
    "build": "lerna run build --stream --parallel",
    "lint": "lerna run lint --stream --parallel",
    "pretest": "yarn lint",
    "test": "lerna run test --stream --parallel --colors",
    "test:scope": "lerna run test --stream --parallel --scope $SCOPE -- --colors",
    "test:grep": "lerna run test:grep --stream --parallel --scope $SCOPE -- $FILE --colors ",
    "postinstall": "npm run compile"
  },
  "devDependencies": {
    "@types/axios": "^0.14.0",
    "@types/bluebird": "^3.5.20",
    "@types/chai": "^4.1.2",
    "@types/faker": "^4.1.4",
    "@types/lodash": "^4.14.108",
    "@types/mocha": "^2.2.48",
    "@types/node": "9.4.6",
    "@types/pluralize": "^0.0.29",
    "@types/prettier": "^1.13.2",
    "apollo-server": "^2.2.3",
    "chai": "^4.1.2",
    "faker": "^4.1.0",
    "graphql-type-json": "^0.2.1",
    "lerna": "^3.5.0",
    "mocha": "^5.2.0",
    "nyc": "^11.6.0",
    "prettier": "^1.14.3",
    "rimraf": "^2.5.4",
    "ts-node": "^7.0.1",
    "tslint": "^5.11.0",
    "typescript": "^3.1.3"
  },
  "license": "ISC",
  "private": true
}