{
  "name": "search-flight-webapp-client",
  "version": "0.1.0",
  "license": "ISC",
  "scripts": {
    "ng": "ng",
    "start": "ng lint && ng serve",
    "build": "ng build",
    "build:prod": "ng build --prod",
    "test": "ng test",
    "lint": "ng lint",
    "e2e": "ng e2e"
  },
  "private": true,
  "dependencies": {
    "@angular/animations": "7.2.3",
    "@angular/cdk": "7.3.0",
    "@angular/common": "7.2.3",
    "@angular/compiler": "7.2.3",
    "@angular/core": "7.2.3",
    "@angular/flex-layout": "7.0.0-beta.23",
    "@angular/forms": "7.2.3",
    "@angular/http": "7.2.3",
    "@angular/material": "7.3.0",
    "@angular/material-moment-adapter": "7.3.0",
    "@angular/platform-browser": "7.2.3",
    "@angular/platform-browser-dynamic": "7.2.3",
    "@angular/router": "7.2.3",
    "apollo-angular": "1.5.0",
    "apollo-angular-link-http": "1.4.0",
    "apollo-cache-inmemory": "1.4.2",
    "apollo-client": "2.4.12",
    "apollo-link-http": "1.5.9",
    "apollo-link-ws": "1.0.12",
    "core-js": "2.6.3",
    "graphql": "14.1.1",
    "graphql-tag": "2.10.1",
    "moment": "2.24.0",
    "rxjs": "6.4.0",
    "rxjs-compat": "6.4.0",
    "subscriptions-transport-ws": "0.9.15",
    "zone.js": "0.8.29"
  },
  "devDependencies": {
    "@angular-devkit/build-angular": "0.13.0",
    "@angular/cli": "7.3.0",
    "@angular/compiler-cli": "7.2.3",
    "@angular/language-service": "7.2.3",
    "@types/jasmine": "3.3.8",
    "@types/jasminewd2": "2.0.6",
    "@types/node": "10.12.20",
    "codelyzer": "4.5.0",
    "jasmine-core": "3.3.0",
    "jasmine-spec-reporter": "4.2.1",
    "karma": "4.0.0",
    "karma-chrome-launcher": "2.2.0",
    "karma-cli": "2.0.0",
    "karma-coverage-istanbul-reporter": "2.0.4",
    "karma-jasmine": "2.0.1",
    "karma-jasmine-html-reporter": "1.4.0",
    "karma-phantomjs-launcher": "1.0.4",
    "phantomjs-prebuilt": "2.1.16",
    "protractor": "5.4.2",
    "ts-node": "8.0.2",
    "tslint": "5.12.1",
    "typescript": ">=3.1.1 <3.3"
  }
}