{
  "name": "search-flight-webapp-server",
  "version": "0.1.0",
  "description": "flight Patch Test Server",
  "main": "index.js",
  "author": "Chabane REFES",
  "license": "ISC",
  "scripts": {
    "build": "rimraf dist && tsc",
    "tsc": "tsc",
    "lint": "tslint 'src/**/*.ts'",
    "test": "echo working on it"
  },
  "engines": {
    "node": ">= 6.9.0",
    "npm": ">= 3.0.0"
  },
  "private": true,
  "dependencies": {
    "apollo-errors": "1.9.0",
    "apollo-link": "1.2.6",
    "apollo-server-express": "2.3.3",
    "avsc": "5.4.7",
    "body-parser": "1.18.3",
    "express": "4.16.4",
    "express-static": "1.2.6",
    "graphql": "14.1.1",
    "graphql-subscriptions": "1.0.0",
    "graphql-tools": "4.0.4",
    "kafka-node": "4.0.1",
    "mongoose": "5.4.8",
    "morgan": "1.9.1",
    "path": "0.12.7",
    "subscriptions-transport-ws": "0.9.15",
    "winston": "3.2.1"
  },
  "devDependencies": {
    "@types/body-parser": "1.17.0",
    "@types/chai": "4.1.7",
    "@types/chai-http": "3.0.5",
    "@types/express": "4.16.1",
    "@types/graphql": "14.0.5",
    "@types/kafka-node": "2.0.7",
    "@types/mocha": "5.2.5",
    "@types/mongoose": "5.3.11",
    "@types/morgan": "1.7.35",
    "@types/node": "10.12.20",
    "@types/winston": "2.4.4",
    "chai": "4.2.0",
    "chai-http": "4.2.1",
    "concurrently": "4.1.0",
    "istanbul": "0.4.5",
    "mocha": "5.2.0",
    "nodemon": "1.18.9",
    "rimraf": "2.6.3",
    "tslint": "5.12.1",
    "typescript": "3.3.1"
  }
}