{
  "scripts": {
    "clean": "lerna run clean",
    "bootstrap": "lerna bootstrap",
    "build": "tsc -b",
    "dist": "lerna run dist",
    "dist:prod": "lerna run dist:prod",
    "lint": "tslint packages/**/src/**/*.ts packages/**/__tests__/**/*.ts packages/**/__integration__/**/*.ts",
    "precommit": "yarn lint && yarn pretty",
    "prestart": "yarn build && yarn dist",
    "prepublishOnly": "lerna run prepublishOnly",
    "pretty": "prettier --write --loglevel=warn \"**/{src,__{tests,integration}__}/**/*.ts\"",
    "release": "yarn prepublishOnly && lerna publish",
    "start": "jest --watch",
    "test": "jest",
    "test:integration": "jest /packages/.*/__integration__/.*",
    "test:unit": "jest /packages/.*/__tests__/.*"
  },
  "devDependencies": {
    "@types/jest": "23.3.10",
    "cross-env": "5.2.0",
    "jest": "23.6.0",
    "jest-junit": "5.2.0",
    "jest-watch-typeahead": "0.2.0",
    "lerna": "3.6.0",
    "prettier": "1.15.3",
    "rimraf": "2.6.2",
    "ts-jest": "23.10.5",
    "tslint": "5.12.0",
    "tslint-config-prettier": "1.17.0",
    "typescript": "3.2.2",
    "clean-webpack-plugin": "1.0.0",
    "ts-loader": "5.3.2",
    "webpack": "4.28.3",
    "webpack-cli": "3.1.2"
  },
  "private": true,
  "workspaces": [
    "packages/*"
  ]
}