{
  "name": "c4sg-web",
  "version": "0.0.0",
  "license": "MIT",
  "engines": {
    "node": "8.1.x",
    "npm": "5.3.x"
  },
  "scripts": {
    "ng": "ng",
    "serve": "ng serve",
    "start": "node server.js",
    "start:dev:local": "ng serve --environment=dev_local",
    "start:dev:heroku": "ng serve --environment=dev_local_heroku",
    "build": "ng build",
    "test": "ng test",
    "test_single_run": "ng test --single-run",
    "lint": "ng lint",
    "e2e": "ng e2e",
    "postinstall": "ng build --prod --aot --environment=${C4SG_NG_ENV-'staging_remote'}"
  },
  "private": true,
  "dependencies": {
    "@agm/core": "^1.0.0-beta.0",
    "@angular/cli": "1.0.0",
    "@angular/common": "^2.4.0",
    "@angular/compiler": "^2.4.0",
    "@angular/compiler-cli": "^2.4.0",
    "@angular/core": "^2.4.0",
    "@angular/forms": "^2.4.0",
    "@angular/http": "^2.4.0",
    "@angular/platform-browser": "^2.4.0",
    "@angular/platform-browser-dynamic": "^2.4.0",
    "@angular/router": "^3.4.0",
    "@types/jasmine": "2.5.38",
    "@types/node": "~6.0.60",
    "angular2-jwt": "^0.1.28",
    "angular2-materialize": "^6.7.1",
    "aws-sdk": "^2.57.0",
    "core-js": "^2.4.1",
    "express": "^4.15.3",
    "fs-extra": "^2.1.2",
    "intl": "^1.2.5",
    "jquery": "^2.2.4",
    "leaflet": "^1.0.3",
    "materialize-css": "^0.97.8",
    "mdi": "^1.8.36",
    "ngx-pagination": "^3.0.1",
    "rxjs": "^5.4.2",
    "ts-node": "~2.0.0",
    "typescript": "~2.5.3",
    "underscore": "^1.8.3",
    "zone.js": "^0.7.6"
  },
  "devDependencies": {
    "codelyzer": "~2.1.1",
    "jasmine-core": "~2.5.2",
    "jasmine-spec-reporter": "~3.2.0",
    "karma": "~1.4.1",
    "karma-chrome-launcher": "~2.0.0",
    "karma-cli": "~1.0.1",
    "karma-coverage-istanbul-reporter": "^0.2.0",
    "karma-firefox-launcher": "^1.0.1",
    "karma-jasmine": "~1.1.0",
    "karma-jasmine-html-reporter": "^0.2.2",
    "karma-phantomjs-launcher": "^1.0.4",
    "protractor": "~5.1.0",
    "tslint": "~4.4.2"
  }
}