{
  "name": "cookie-autodelete",
  "version": "3.0.0",
  "description": "Firefox and Chrome extension that manages Cookies",
  "main": "index.js",
  "dependencies": {
    "@fortawesome/fontawesome-svg-core": "^1.2.12",
    "@fortawesome/free-regular-svg-icons": "^5.6.3",
    "@fortawesome/free-solid-svg-icons": "^5.6.3",
    "@fortawesome/react-fontawesome": "^0.1.3",
    "react": "^16.6.3",
    "react-dom": "^16.6.3",
    "react-redux": "^6.0.0",
    "redux": "^4.0.1",
    "redux-thunk": "^2.3.0",
    "redux-webext": "^1.1.2",
    "shortid": "^2.2.14"
  },
  "devDependencies": {
    "@types/jest": "^23.3.9",
    "@types/jest-when": "^1.1.1",
    "@types/react": "^16.7.7",
    "@types/react-dom": "^16.0.11",
    "@types/react-redux": "^6.0.11",
    "@types/redux-thunk": "^2.1.0",
    "@types/shortid": "0.0.29",
    "jest": "^23.6.0",
    "jest-when": "^2.1.0",
    "source-map-loader": "^0.2.4",
    "ts-jest": "^23.10.5",
    "ts-loader": "^5.3.0",
    "tslint": "^5.11.0",
    "tslint-config-airbnb": "^5.11.1",
    "tslint-config-prettier": "^1.17.0",
    "tslint-immutable": "^5.0.1",
    "tslint-react": "^3.6.0",
    "typescript": "^3.1.6",
    "web-ext-types": "^3.0.0",
    "webpack": "^4.27.1",
    "webpack-bundle-analyzer": "^3.0.3",
    "webpack-cli": "^3.1.2"
  },
  "scripts": {
    "test": "jest --coverage --collectCoverageFrom=src/**/*.{ts,tsx}",
    "build": "webpack --config webpack.config.js && ./tools/buildFilesDev.sh",
    "dev": "webpack --config webpack.config.js --progress --colors --watch",
    "lint": "tslint --project tsconfig.json",
    "test-all": "npm run test && npm run lint"
  },
  "repository": {
    "type": "git",
    "url": "git+https://github.com/mrdokenny/Cookie-AutoDelete.git"
  },
  "author": "Kenny Do",
  "license": "MIT",
  "bugs": {
    "url": "https://github.com/mrdokenny/Cookie-AutoDelete/issues"
  },
  "homepage": "https://github.com/mrdokenny/Cookie-AutoDelete#readme"
}