{
  "name": "copytranslator",
  "version": "0.0.8",
  "private": true,
  "author": {
    "name": "Elliott Zheng",
    "email": "copytranslator@hypercube.top",
    "url": "https://hypercube.top"
  },
  "scripts": {
    "serve": "vue-cli-service serve",
    "build": "vue-cli-service build",
    "lint": "vue-cli-service lint",
    "electron:build": "npm run prebuild && vue-cli-service electron:build",
    "electron:serve": "vue-cli-service electron:serve",
    "postinstall": "electron-builder install-app-deps",
    "rebuild": "npm rebuild --runtime=electron --target=3.0.0 --disturl=https://atom.io/download/atom-shell --abi=64",
    "prebuild": "tsc ./src/preprocess/prebuild.ts && node ./src/preprocess/prebuild.js",
    "clean": "del src\\*\\*.js"
  },
  "dependencies": {
    "electron-clipboard-extended": "^1.1.1",
    "element-ui": "^2.5.4",
    "iohook": "^0.3.1",
    "lodash": "^4.17.11",
    "log4js": "^4.0.1",
    "robotjs": "^0.5.1",
    "translation.js": "^0.7.5",
    "vue": "^2.5.21",
    "vue-router": "^3.0.1",
    "vuex": "^3.0.1"
  },
  "devDependencies": {
    "@vue/cli-plugin-babel": "^3.2.0",
    "@vue/cli-plugin-eslint": "^3.2.0",
    "@vue/cli-plugin-typescript": "^3.3.0",
    "@vue/cli-service": "^3.2.0",
    "@vue/eslint-config-prettier": "^4.0.1",
    "@vue/eslint-config-typescript": "^3.2.0",
    "babel-eslint": "^10.0.1",
    "electron": "^3.0.0",
    "eslint": "^5.8.0",
    "eslint-plugin-typescript": "^0.14.0",
    "eslint-plugin-vue": "^5.0.0",
    "typescript": "~3.1.1",
    "typescript-eslint-parser": "^22.0.0",
    "vue-cli-plugin-electron-builder": "^1.1.0",
    "vue-template-compiler": "^2.5.21"
  },
  "cmake-js": {
    "runtime": "electron",
    "runtimeVersion": "^3.0.0"
  },
  "iohook": {
    "targets": [
      "node-64",
      "electron-64"
    ],
    "platforms": [
      "win32"
    ],
    "arches": [
      "ia32",
      "x64"
    ]
  },
  "main": "background.js"
}