{
  "name": "ngrx-demo",
  "version": "0.0.1",
  "license": "MIT",
  "scripts": {
    "ng": "ng",
    "start": "ng serve",
    "build": "ng build --prod",
    "test": "ng test",
    "lint": "ng lint",
    "e2e": "ng e2e"
  },
  "dependencies": {
    "@angular/animations": "~7.1.3",
    "@angular/common": "~7.1.3",
    "@angular/compiler": "~7.1.3",
    "@angular/core": "~7.1.3",
    "@angular/forms": "~7.1.3",
    "@angular/http": "~7.1.3",
    "@angular/platform-browser": "~7.1.3",
    "@angular/platform-browser-dynamic": "~7.1.3",
    "@angular/router": "~7.1.3",
    "angular-in-memory-web-api": "^0.7.0",
    "core-js": "^2.5.4",
    "rxjs": "^6.3.3",
    "tslib": "^1.9.0",
    "zone.js": "^0.8.26",
    "@ngrx/effects": "^6.1.2",
    "@ngrx/entity": "^6.1.2",
    "@ngrx/store": "^6.1.2",
    "@ngrx/store-devtools": "^6.1.2"
  },
  "devDependencies": {
    "@angular-devkit/build-angular": "~0.11.0",
    "@angular/cli": "~7.1.3",
    "@angular/compiler-cli": "7.1.3",
    "@angular/language-service": "7.1.3",
    "@types/jasmine": "~3.3.2",
    "@types/jasminewd2": "~2.0.6",
    "@types/node": "^10.12.15",
    "codelyzer": "^4.2.1",
    "jasmine-core": "~2.8.0",
    "jasmine-spec-reporter": "~4.2.1",
    "karma": "~2.0.0",
    "karma-chrome-launcher": "~2.2.0",
    "karma-coverage-istanbul-reporter": "^1.4.2",
    "karma-jasmine": "~1.1.0",
    "karma-jasmine-html-reporter": "^0.2.2",
    "protractor": "^5.4.1",
    "ts-node": "~4.1.0",
    "tslint": "~5.9.1",
    "typescript": "3.1.6"
  }
}