{
  "name": "observable-service",
  "version": "0.0.0",
  "scripts": {
    "ng": "ng",
    "start": "ng serve",
    "build": "ng build",
    "test": "ng test",
    "lint": "ng lint",
    "e2e": "ng e2e"
  },
  "private": true,
  "dependencies": {
    "@angular/animations": "^7.0.0",
    "@angular/common": "^7.0.0",
    "@angular/compiler": "^7.0.0",
    "@angular/core": "^7.0.0",
    "@angular/forms": "^7.0.0",
    "@angular/http": "^7.0.0",
    "@angular/platform-browser": "^7.0.0",
    "@angular/platform-browser-dynamic": "^7.0.0",
    "@angular/router": "^7.0.0",
    "core-js": "^2.5.7",
    "rxjs": "^6.3.3",
    "zone.js": "~0.8.26"
  },
  "devDependencies": {
    "@angular-devkit/build-angular": "~0.10.0",
    "@angular/cli": "~7.0.2",
    "@angular/compiler-cli": "^7.0.0",
    "@angular/language-service": "^7.0.0",
    "@types/jasmine": "~2.8.6",
    "@types/jasminewd2": "~2.0.3",
    "@types/node": "~10.12.0",
    "codelyzer": "~4.5.0",
    "jasmine-core": "~3.2.1",
    "jasmine-spec-reporter": "~4.2.1",
    "karma": "~3.1.0",
    "karma-chrome-launcher": "~2.2.0",
    "karma-coverage-istanbul-reporter": "~2.0.0",
    "karma-jasmine": "~1.1.1",
    "karma-jasmine-html-reporter": "^1.3.1",
    "protractor": "~5.4.1",
    "ts-node": "~7.0.1",
    "tslint": "~5.11.0",
    "typescript": "~3.1.3"
  }
}