{
  "name": "example",
  "version": "0.0.0",
  "private": true,
  "dependencies": {
    "leaflet": "1.3.4",
    "react": "16.6.3",
    "react-dom": "16.6.3",
    "react-leaflet": "2.1.2",
    "with-async": "0.8.0",
    "with-url-state": "file:.."
  },
  "devDependencies": {
    "@types/history": "4.7.2",
    "@types/node": "10.12.0",
    "@types/react": "16.4.18",
    "@types/react-dom": "16.0.9",
    "@types/react-leaflet": "1.1.6",
    "react-scripts": "2.1.1",
    "typescript": "3.2.1"
  },
  "homepage": "https://dean177.github.io/with-url-state",
  "scripts": {
    "start": "react-scripts start",
    "build": "react-scripts build",
    "eject": "react-scripts eject"
  },
  "browserslist": [
    ">0.2%",
    "not dead",
    "not ie <= 11",
    "not op_mini all"
  ]
}