{
  "name": "vue-storefront",
  "description": "A Vue.js, PWA eCommerce frontend",
  "private": true,
  "engines": {
    "node": ">=8.x <11.x"
  },
  "repository": {
    "type": "git",
    "url": "git+https://github.com/DivanteLtd/vue-storefront"
  },
  "keywords": [
    "vue",
    "vuex",
    "vue-router",
    "webpack",
    "starter",
    "server-side",
    "boilerplate"
  ],
  "author": "pkarw <pkarwatka@divante.pl> and contributors",
  "license": "MIT",
  "bugs": {
    "url": "https://github.com/DivanteLtd/vue-storefront/issues"
  },
  "homepage": "https://github.com/DivanteLtd/vue-storefront/README.md",
  "scripts": {
    "start": "cross-env NODE_ENV=production TS_NODE_PROJECT=\"tsconfig-build.json\" pm2 start ecosystem.json $PM2_ARGS",
    "installer": "node ./core/scripts/installer",
    "installer:ci": "yarn installer --default-config",
    "all": "cross-env NODE_ENV=development node ./core/scripts/all",
    "cache": "node ./core/scripts/cache",
    "dev": "cross-env TS_NODE_PROJECT=\"tsconfig-build.json\" ts-node ./core/scripts/entry.ts",
    "dev:sw": "cross-env TS_NODE_PROJECT=\"tsconfig-build.json\" yarn build:sw && ts-node ./core/scripts/entry",
    "dev:inspect": "cross-env TS_NODE_PROJECT=\"tsconfig-build.json\" node --inspect -r ts-node/register ./core/scripts/entry",
    "build:sw": "cross-env NODE_ENV=production TS_NODE_PROJECT=\"tsconfig-build.json\" webpack --config ./core/build/webpack.prod.sw.config.ts --mode production --progress --hide-modules",
    "build:client": "cross-env NODE_ENV=production TS_NODE_PROJECT=\"tsconfig-build.json\" webpack --config ./core/build/webpack.prod.client.config.ts --mode production --progress --hide-modules",
    "build:server": "cross-env NODE_ENV=production TS_NODE_PROJECT=\"tsconfig-build.json\" webpack --config ./core/build/webpack.prod.server.config.ts --mode production --progress --hide-modules",
    "build": "rimraf dist && yarn build:client && yarn build:server && yarn build:sw",
    "test:unit": "karma start ./tests/unit/karma.conf.js --single-run",
    "test:e2e": "cypress open",
    "test:e2e:ci": "cypress run",
    "lint": "eslint --ext .js,.vue core src",
    "lerna": "lerna"
  },
  "dependencies": {
    "@types/webpack": "^4.4.23",
    "@types/webpack-dev-server": "^3.1.1",
    "apollo-cache-inmemory": "^1.2.5",
    "apollo-client": "^2.3.5",
    "apollo-link": "^1.2.2",
    "apollo-link-http": "^1.5.4",
    "bodybuilder": "2.2.13",
    "config": "^1.30.0",
    "es6-promise": "^4.2.4",
    "express": "^4.14.0",
    "graphql": "^0.13.2",
    "graphql-tag": "^2.9.2",
    "isomorphic-fetch": "^2.2.1",
    "js-sha3": "^0.8.0",
    "localforage": "^1.7.2",
    "magento2-rest-client": "github:DivanteLtd/magento2-rest-client",
    "pm2": "^2.10.4",
    "reflect-metadata": "^0.1.12",
    "register-service-worker": "^1.5.2",
    "ts-node": "^7.0.1",
    "vue": "^2.5.17",
    "vue-analytics": "^5.16.1",
    "vue-apollo": "^3.0.0-beta.19",
    "vue-carousel": "^0.6.9",
    "vue-i18n": "^8.0.0",
    "vue-lazyload": "^1.2.6",
    "vue-meta": "^1.5.3",
    "vue-no-ssr": "^0.2.2",
    "vue-observe-visibility": "^0.4.1",
    "vue-offline": "^1.0.8",
    "vue-router": "^3.0.1",
    "vue-server-renderer": "^2.5.17",
    "vuelidate": "^0.6.2",
    "vuex": "^3.0.1",
    "vuex-router-sync": "^5.0.0"
  },
  "devDependencies": {
    "@types/node": "^10.12.18",
    "@vue/test-utils": "^1.0.0-beta.19",
    "app-root-path": "^2.0.1",
    "autoprefixer": "^8.6.2",
    "babel-core": "^6.26.0",
    "babel-eslint": "^8.2.6",
    "babel-loader": "^7.1.3",
    "babel-polyfill": "^6.26.0",
    "babel-preset-env": "^1.6.x",
    "babel-preset-stage-2": "^6.13.0",
    "case-sensitive-paths-webpack-plugin": "^2.1.2",
    "chai": "^4.1.2",
    "command-exists": "^1.2.2",
    "commander": "^2.18.0",
    "cross-env": "^3.1.4",
    "css-loader": "^1.0.0",
    "cypress": "^3.0.2",
    "d3-dsv": "^1.0.8",
    "detect-installed": "^2.0.4",
    "empty-dir": "^1.0.0",
    "eslint": "^4.16.0",
    "eslint-config-standard": "^11.0.0",
    "eslint-friendly-formatter": "^4.0.1",
    "eslint-loader": "^2.0.0",
    "eslint-plugin-import": "^2.13.0",
    "eslint-plugin-node": "^6.0.1",
    "eslint-plugin-promise": "^3.7.0",
    "eslint-plugin-standard": "^3.1.0",
    "eslint-plugin-vue": "^4.5.0",
    "eslint-plugin-vue-storefront": "^0.0.1",
    "file-loader": "^1.1.11",
    "fs-exists-sync": "^0.1.0",
    "html-webpack-plugin": "^3.2.0",
    "inquirer": "^3.3.0",
    "is-windows": "^1.0.1",
    "jsonfile": "^4.0.0",
    "karma": "^3.1.1",
    "karma-chrome-launcher": "^2.2.0",
    "karma-mocha": "^1.3.0",
    "karma-phantomjs-launcher": "^1.0.4",
    "karma-sinon-chai": "^2.0.2",
    "karma-sourcemap-loader": "^0.3.7",
    "karma-spec-reporter": "0.0.32",
    "karma-webpack": "^3.0.0",
    "lerna": "^2.9.0",
    "mkdirp": "^0.5.1",
    "mocha": "^5.2.0",
    "node-sass": "^4.9.3",
    "phantomjs-prebuilt": "^2.1.10",
    "postcss-flexbugs-fixes": "^3.3.1",
    "postcss-loader": "^2.1.5",
    "print-message": "^2.1.0",
    "rimraf": "^2.6.0",
    "sass-loader": "^7.1.0",
    "shelljs": "^0.8.1",
    "sinon": "^6.1.5",
    "sinon-chai": "^3.2.0",
    "sw-precache-webpack-plugin": "^0.11.5",
    "ts-loader": "^5.3.0",
    "typescript": "^3.1.6",
    "url-loader": "^1.1.2",
    "url-parse": "^1.4.4",
    "vue-eslint-parser": "^2.0.3",
    "vue-loader": "^15.4.2",
    "vue-ssr-webpack-plugin": "^3.0.0",
    "vue-template-compiler": "^2.5.17",
    "webpack": "^4.25.1",
    "webpack-bundle-analyzer": "^3.0.3",
    "webpack-cli": "^3.1.2",
    "webpack-dev-middleware": "^3.4.0",
    "webpack-hot-middleware": "^2.24.3",
    "webpack-merge": "^4.1.4"
  },
  "peerDependencies": {
    "vue-template-compiler": "^2.5.17"
  },
  "browserslist": {
    "development": [
      "last 2 chrome versions",
      "last 2 firefox versions",
      "last 2 edge versions",
      "IE 10"
    ],
    "production": [
      ">0.5%",
      "last 4 versions",
      "Firefox ESR",
      "not ie < 10"
    ]
  },
  "workspaces": [
    "core",
    "core/i18n",
    "core/store",
    "src/extensions/*",
    "src/modules/*",
    "src/themes/*",
    "docs",
    "core/modules/*"
  ]
}