{
  "name": "demo-vue",
  "version": "1.0.0",
  "description": "Vue demo for the NativeScript Feedback plugin",
  "author": "EddyVerbruggen <eddyverbruggen@gmail.com>",
  "license": "MIT",
  "nativescript": {
    "id": "org.nativescript.plugindemo.vue.feedback",
    "tns-ios": {
      "version": "5.2.0"
    },
    "tns-android": {
      "version": "5.2.0"
    }
  },
  "dependencies": {
    "nativescript-feedback": "file:../src",
    "nativescript-theme-core": "^1.0.4",
    "nativescript-vue": "^2.0.0",
    "tns-core-modules": "~5.2.0"
  },
  "devDependencies": {
    "@babel/core": "^7.0.0",
    "@babel/preset-env": "^7.0.0",
    "babel-loader": "^8.0.2",
    "babel-traverse": "6.26.0",
    "babel-types": "6.26.0",
    "babylon": "6.18.0",
    "clean-webpack-plugin": "^0.1.19",
    "copy-webpack-plugin": "^4.5.2",
    "css-loader": "^1.0.0",
    "lazy": "1.0.11",
    "nativescript-dev-webpack": "libs",
    "nativescript-vue-template-compiler": "^2.0.0",
    "nativescript-worker-loader": "~0.9.0",
    "node-sass": "^4.9.2",
    "sass-loader": "^7.1.0",
    "terser-webpack-plugin": "^1.1.0",
    "vue-loader": "^15.2.6",
    "webpack": "^4.16.4",
    "webpack-bundle-analyzer": "~2.13.1",
    "webpack-cli": "^3.1.0"
  }
}