{
  "name": "functions",
  "scripts": {
    "lint": "tslint --project tsconfig.json",
    "build": "tsc",
    "serve": "npm run build && firebase serve --only functions",
    "shell": "npm run build && firebase functions:shell",
    "start": "npm run shell",
    "deploy": "firebase deploy --only functions",
    "logs": "firebase functions:log"
  },
  "main": "lib/index.js",
  "dependencies": {
    "firebase-admin": "~7.0.0",
    "firebase-functions": "~2.2.0"
  },
  "devDependencies": {
    "tslint": "~5.12.1",
    "typescript": "~3.3.1"
  },
  "private": true
}