{
  "name": "@esri/arcgis-rest-demo-vue-with-popup",
  "description": "VueJS demo of @esri/arcgis-rest-* packages.",
  "version": "1.17.0",
  "author": "",
  "license": "Apache-2.0",
  "private": true,
  "scripts": {
    "serve": "vue-cli-service serve",
    "build": "vue-cli-service build",
    "lint": "vue-cli-service lint",
    "start": "npm run serve"
  },
  "dependencies": {
    "@esri/arcgis-rest-auth": "^1.17.0",
    "@esri/arcgis-rest-request": "^1.17.0",
    "vue": "^2.5.17",
    "vue-router": "^3.0.1",
    "vuex": "^3.0.1"
  },
  "devDependencies": {
    "@vue/cli-plugin-babel": "^3.0.0",
    "@vue/cli-plugin-eslint": "^3.0.0",
    "@vue/cli-service": "^3.0.0",
    "@vue/eslint-config-prettier": "^3.0.0",
    "vue-template-compiler": "^2.5.17"
  },
  "browserslist": [
    "> 1%",
    "last 2 versions",
    "not ie <= 8"
  ]
}