{
  "name": "emeal",
  "version": "0.0.0",
  "license": "MIT",
  "scripts": {
    "ng": "ng",
    "start": "ng serve --ssl true --ssl-key ssl/server.key --ssl-cert ssl/server.crt",
    "test": "ng test",
    "test-ci": "ng test --watch=false --browsers=ChromeHeadless",
    "lint": "./node_modules/.bin/tslint -c tslint.json -p tsconfig.json",
    "e2e": "ng e2e",
    "build": "ng build --prod --output-path=\".dist/web\"",
    "build-web": "npm run build",
    "build-desktop": "npm run prepare-desktop && npm run pack-desktop && npm run build-desktop-installer",
    "prepare-desktop": "rimraf ./.temp/electron && ng build --configuration=desktop --output-path=\".temp/electron\" && rimraf .dist/desktop/ && ncp assets/electron .temp/electron/",
    "pack-desktop": "electron-packager .temp/electron/ --electronVersion=4.0.4 --icon=\"assets/electron/icon\" --platform=win32,linux --out=./.dist/desktop/",
    "build-desktop-installer": "electron-installer-windows --src .dist/desktop/emeal-win32-x64/ --dest .dist/desktop/installer --config assets/electron/installerconfig.json",
    "build-mobile": "npm run mobile-prepare && npm run mobile-prepare-windows && npm run mobile-prepare-android && npm run mobile-generate-assets && npm run mobile-build && npm run copy-mobile-to-dist",
    "mobile-prepare": "rimraf .temp/mobile/ && ng build --configuration=mobile --output-path=\".temp/mobile/www\" && ncp assets/cordova .temp/mobile/ && rimraf .dist/mobile/",
    "mobile-prepare-android": "mkdirp .dist/mobile/android && cd .temp/mobile && cordova prepare android && cd ../..",
    "mobile-prepare-windows": "mkdirp .dist/mobile/windows && cd .temp/mobile && cordova prepare windows",
    "mobile-generate-assets": "cd .temp/mobile && cordova-icon --icon=\"../../assets/img/icon.png\" && cordova-splash --splash=\"../../assets/img/splash.png\"",
    "mobile-build": "cd .temp/mobile && cordova build && cd ../..",
    "copy-mobile-to-dist": "ncp .temp/mobile/platforms/android .dist/mobile/android && ncp .temp/mobile/platforms/windows .dist/mobile/windows && cd ../..",
    "build-all": "rimraf .dist && npm run build-web && npm run build-mobile && npm run build-desktop",
    "bundle-report": "npm run build && webpack-bundle-analyzer .dist/web/stats.json",
    "cleanup": "rimraf .temp"
  },
  "private": true,
  "dependencies": {
    "@angular/animations": "~7.2.0",
    "@angular/common": "~7.2.0",
    "@angular/compiler": "~7.2.0",
    "@angular/core": "~7.2.0",
    "@angular/forms": "~7.2.0",
    "@angular/platform-browser": "~7.2.0",
    "@angular/platform-browser-dynamic": "~7.2.0",
    "@angular/router": "~7.2.0",
    "@aspnet/signalr": "^1.1.0",
    "@ngrx/effects": "7.2.0",
    "@ngrx/router-store": "7.2.0",
    "@ngrx/store": "7.2.0",
    "angular2-toaster": "6.1.0",
    "bootstrap": "^4.2.1",
    "core-js": "^2.5.4",
    "electron": "4.0.4",
    "electron-installer-windows": "^1.1.0",
    "font-awesome": "^4.7.0",
    "jquery": "^3.3.1",
    "ngx-electron": "2.1.1",
    "rxjs": "~6.3.3",
    "rxjs-compat": "6.2.2",
    "rxjs-tslint": "^0.1.3",
    "tslib": "^1.9.0",
    "zone.js": "~0.8.26"
  },
  "devDependencies": {
    "@angular-devkit/build-angular": "~0.12.0",
    "@angular/cli": "~7.2.2",
    "@angular/compiler-cli": "~7.2.0",
    "@angular/language-service": "~7.2.0",
    "@types/node": "~8.9.4",
    "@types/jasmine": "~2.8.8",
    "@types/jasminewd2": "~2.0.3",
    "codelyzer": "~4.5.0",
    "jasmine-core": "~2.99.1",
    "jasmine-spec-reporter": "~4.2.1",
    "karma": "~3.1.1",
    "karma-chrome-launcher": "~2.2.0",
    "karma-coverage-istanbul-reporter": "~2.0.1",
    "karma-jasmine": "~1.1.2",
    "karma-jasmine-html-reporter": "^0.2.2",
    "protractor": "~5.4.0",
    "ts-node": "~7.0.0",
    "tslint": "~5.11.0",
    "typescript": "~3.2.2",
    "cordova-icon": "1.0.0",
    "cordova-splash": "1.0.0",
    "electron-packager": "^13.0.1",
    "karma-mocha-reporter": "^2.2.5",
    "karma-phantomjs-launcher": "^1.0.4",
    "mkdirp": "^0.5.1",
    "ncp": "^2.0.0"
  }
}