{
  "name": "ng-auction",
  "version": "0.0.0",
  "license": "MIT",
  "scripts": {
    "ng": "ng",
    "start": "ng serve --prod",
    "build": "ng build --prod --progress=false",
    "test": "ng test",
    "lint": "ng lint",
    "e2e": "ng e2e"
  },
  "private": true,
  "dependencies": {
    "@angular/animations": "^6.0.2",
    "@angular/cdk": "^6.0.0",
    "@angular/common": "^6.0.2",
    "@angular/compiler": "^6.0.2",
    "@angular/core": "^6.0.2",
    "@angular/flex-layout": "^6.0.0-beta.15",
    "@angular/forms": "^6.0.2",
    "@angular/http": "^6.0.2",
    "@angular/material": "^6.0.0",
    "@angular/platform-browser": "^6.0.2",
    "@angular/platform-browser-dynamic": "^6.0.2",
    "@angular/router": "^6.0.2",
    "core-js": "^2.4.1",
    "rxjs": "^6.1.0",
    "zone.js": "^0.8.14"
  },
  "devDependencies": {
    "@angular-devkit/build-angular": "~0.6.1",
    "@angular/cli": "^6.0.1",
    "@angular/compiler-cli": "^6.0.2",
    "@angular/language-service": "^6.0.2",
    "@types/jasmine": "~2.5.53",
    "@types/jasminewd2": "~2.0.2",
    "@types/node": "~6.0.60",
    "codelyzer": "^4.0.1",
    "jasmine-core": "~2.6.2",
    "jasmine-spec-reporter": "~4.1.0",
    "karma": "~1.7.0",
    "karma-chrome-launcher": "~2.1.1",
    "karma-cli": "~1.0.1",
    "karma-coverage-istanbul-reporter": "^1.2.1",
    "karma-jasmine": "~1.1.0",
    "karma-jasmine-html-reporter": "^0.2.2",
    "protractor": "~5.1.2",
    "ts-node": "~3.2.0",
    "tslint": "~5.7.0",
    "typescript": "~2.7.2"
  }
}