{
  "name": "hello-jasmine",
  "version": "0.0.0",
  "license": "MIT",
  "scripts": {
    "ng": "ng",
    "start": "ng serve",
    "build": "ng build",
    "test": "ng test",
    "lint": "ng lint",
    "e2e": "ng e2e"
  },
  "private": true,
  "dependencies": {
    "@angular/animations": "^7.1.4",
    "@angular/common": "^7.1.4",
    "@angular/compiler": "^7.1.4",
    "@angular/core": "^7.1.4",
    "@angular/forms": "^7.1.4",
    "@angular/http": "^7.1.4",
    "@angular/platform-browser": "^7.1.4",
    "@angular/platform-browser-dynamic": "^7.1.4",
    "@angular/router": "^7.1.4",
    "core-js": "^2.4.1",
    "rxjs": "^6.1.0",
    "tslib": "^1.9.0",
    "zone.js": "^0.8.26"
  },
  "devDependencies": {
    "@angular-devkit/build-angular": "~0.11.0",
    "@angular/cli": "^7.1.4",
    "@angular/compiler-cli": "^7.1.4",
    "@angular/language-service": "^7.1.4",
    "@types/jasmine": "~3.3.5",
    "@types/jasminewd2": "~2.0.2",
    "@types/node": "~10.12.18",
    "codelyzer": "^4.0.1",
    "jasmine-core": "~3.3.0",
    "jasmine-spec-reporter": "~4.2.1",
    "karma": "~3.1.4",
    "karma-chrome-launcher": "~2.2.0",
    "karma-cli": "~2.0.0",
    "karma-coverage-istanbul-reporter": "^2.0.4",
    "karma-jasmine": "~2.0.1",
    "karma-jasmine-html-reporter": "^1.4.0",
    "karma-mocha-reporter": "^2.2.5",
    "protractor": "~5.4.1",
    "ts-node": "~7.0.1",
    "tslint": "~5.12.0",
    "typescript": "~3.1.6"
  }
}