{
  "name": "counter",
  "version": "0.0.0",
  "license": "MIT",
  "scripts": {
    "ng": "ng",
    "start": "ng serve",
    "build": "ng build --prod",
    "test": "ng test",
    "lint": "ng lint",
    "e2e": "ng e2e"
  },
  "private": true,
  "dependencies": {
    "@angular/animations": "^6.0.2",
    "@angular/common": "^6.0.2",
    "@angular/compiler": "^6.0.2",
    "@angular/core": "^6.0.2",
    "@angular/forms": "^6.0.2",
    "@angular/http": "^6.0.2",
    "@angular/platform-browser": "^6.0.2",
    "@angular/platform-browser-dynamic": "^6.0.2",
    "@angular/router": "^6.0.2",
    "@ngrx/store": "^6.0.0-beta.3",
    "core-js": "^2.4.1",
    "rxjs": "^6.1.0",
    "zone.js": "^0.8.19"
  },
  "devDependencies": {
    "@angular/cli": "^6.0.3",
    "@angular/compiler-cli": "^6.0.2",
    "@angular/language-service": "^6.0.2",
    "typescript": "~2.7.2",
    "@angular-devkit/build-angular": "~0.6.3"
  }
}