{
  "name": "pipes",
  "version": "0.0.0",
  "license": "MIT",
  "scripts": {
    "ng": "ng",
    "start": "ng serve",
    "build": "ng build",
    "test": "echo \"Error: no test... minimal project\" && exit 1",
    "lint": "echo \"Error: no lint... minimal project\" && exit 1",
    "e2e": "echo \"Error: no e2e... minimal project\" && exit 1"
  },
  "private": true,
  "dependencies": {
    "@angular/animations": "6.0.1",
    "@angular/common": "6.0.1",
    "@angular/compiler": "6.0.1",
    "@angular/core": "6.0.1",
    "@angular/forms": "6.0.1",
    "@angular/http": "6.0.1",
    "@angular/platform-browser": "6.0.1",
    "@angular/platform-browser-dynamic": "6.0.1",
    "@angular/router": "6.0.1",
    "core-js": "^2.4.1",
    "rxjs": "6.1.0",
    "zone.js": "^0.8.14",
    "rxjs-compat": "^6.0.0-rc.0"
  },
  "devDependencies": {
    "@angular/cli": "^6.0.1",
    "@angular/compiler-cli": "6.0.1",
    "@angular/language-service": "6.0.1",
    "typescript": "~2.7.2",
    "@angular-devkit/build-angular": "~0.6.1"
  }
}