{
  "name": "client",
  "version": "0.0.0",
  "license": "MIT",
  "scripts": {
    "build": "ng build --prod --app restclient",
    "postbuild": "npm run deploy",
    "predeploy": "rimraf ../server/build/public && mkdirp ../server/build/public",
    "deploy": "copyfiles -f dist/** ../server/build/public"
  },
  "private": true,
  "dependencies": {
    "@angular/animations": "^5.0.0",
    "@angular/common": "^5.0.0",
    "@angular/compiler": "^5.0.0",
    "@angular/core": "^5.0.0",
    "@angular/forms": "^5.0.0",
    "@angular/http": "^5.0.0",
    "@angular/platform-browser": "^5.0.0",
    "@angular/platform-browser-dynamic": "^5.0.0",
    "@angular/router": "^5.0.0",
    "core-js": "^2.4.1",
    "rxjs": "^5.5.2",
    "zone.js": "^0.8.14"
  },
  "devDependencies": {
    "@angular/cli": "^1.7.0",
    "@angular/compiler-cli": "^5.0.0",
    "@angular/language-service": "^5.0.0",
    "@types/jasmine": "~2.5.53",
    "@types/jasminewd2": "~2.0.2",
    "@types/node": "~6.0.60",
    "codelyzer": "^4.0.1",
    "jasmine-core": "~2.6.2",
    "jasmine-spec-reporter": "~4.1.0",
    "karma": "~1.7.0",
    "karma-chrome-launcher": "~2.1.1",
    "karma-cli": "~1.0.1",
    "karma-coverage-istanbul-reporter": "^1.2.1",
    "karma-jasmine": "~1.1.0",
    "karma-jasmine-html-reporter": "^0.2.2",
    "protractor": "~5.1.2",
    "ts-node": "~3.2.0",
    "tslint": "~5.7.0",
    "typescript": "~2.4.2",
    "copyfiles": "^1.0.0",
    "mkdirp": "^0.5.1",
    "rimraf": "^2.5.4"
  }
}