{
  "name": "ES6-build-tools",
  "version": "1.0.0",
  "description": "A comprehensive walkthrough setting up an ES6 environment with exercises to practice building your own",
  "main": "client/app.js",
  "dependencies": {},
  "devDependencies": {
    "babel-core": "^5.6.7",
    "babel-loader": "^5.1.4",
    "browser-sync": "^2.7.12",
    "gulp": "^3.9.0",
    "gulp-webpack": "^1.5.0",
    "run-sequence": "^1.1.1",
    "webpack": "^1.9.12"
  },
  "scripts": {
    "test": "echo \"Error: no test specified\" && exit 1"
  },
  "author": "Dan Thareja <danthareja@gmail.com>",
  "license": "MIT"
}