{
  "name": "CollaborativeMap",
  "version": "0.0.1",
  "description": "Collaborative, version controlled map editor",
  "repository": {
    "type": "git",
    "url": "https://github.com/dwilhelm89/CollaborativeMap"
  },
  "author": "Dennis Wilhelm",
  "dependencies": {
    "express": "~3.4.3",
    "lodash": "~2.4.1",
    "ejs": "~0.8.4",
    "socket.io": "~0.9.x",
    "nano": "^5.7.1",
    "raven": "0.6.3",
    "q": "^1.0.1"
  },
  "devDependencies": {
    "grunt": "~0.4.1",
    "grunt-autoprefixer": "~0.4.0",
    "grunt-bower-install": "~0.7.0",
    "grunt-concurrent": "~0.4.1",
    "grunt-contrib-clean": "~0.5.0",
    "grunt-contrib-coffee": "~0.7.0",
    "grunt-contrib-compass": "~0.6.0",
    "grunt-contrib-concat": "~0.3.0",
    "grunt-contrib-copy": "~0.4.1",
    "grunt-contrib-cssmin": "~0.7.0",
    "grunt-contrib-htmlmin": "~0.1.3",
    "jpegtran-bin": "0.2.0",
    "grunt-contrib-imagemin": "~0.3.0",
    "grunt-contrib-jshint": "~0.7.1",
    "grunt-contrib-uglify": "~0.2.0",
    "grunt-contrib-watch": "~0.5.2",
    "grunt-google-cdn": "~0.2.0",
    "grunt-newer": "~0.5.4",
    "grunt-ngmin": "~0.0.2",
    "grunt-rev": "~0.1.0",
    "grunt-svgmin": "~0.2.0",
    "grunt-usemin": "~2.0.0",
    "jshint-stylish": "~0.1.3",
    "load-grunt-tasks": "~0.2.0",
    "time-grunt": "~0.2.1",
    "grunt-express-server": "~0.4.5",
    "grunt-open": "~0.2.0",
    "connect-livereload": "~0.3.0",
    "karma-ng-scenario": "~0.1.0",
    "grunt-karma": "~0.6.2",
    "karma-firefox-launcher": "~0.1.3",
    "karma-script-launcher": "~0.1.0",
    "karma-html2js-preprocessor": "~0.1.0",
    "karma-jasmine": "~0.1.5",
    "karma-chrome-launcher": "~0.1.2",
    "requirejs": "~2.1.10",
    "karma-requirejs": "~0.2.1",
    "karma-coffee-preprocessor": "~0.1.2",
    "karma-phantomjs-launcher": "~0.1.1",
    "karma": "~0.10.9",
    "karma-ng-html2js-preprocessor": "~0.1.0",
    "grunt-jsdoc": "~0.5.4",
    "jsdoc": "~3.3.0-alpha5",
    "grunt-sloc": "^0.5.2"
  },
  "engines": {
    "node": ">=0.10.0"
  },
  "scripts": {
    "test": "grunt test",
    "start": "node dist/server.js"
  }
}