{
  "name": "Leisure",
  "main": "www/org.html",
  "version": "1.0.0",
  "description": "Leisure environment",
  "keywords": [
    "Leisure"
  ],
  "author": {
    "name": "Bill Burdick",
    "email": "bill.burdick@gmail.com",
    "url": "http://github.com/zot"
  },
  "homepage": "http://github.com/zot",
  "engines": {
    "node": ">= 0.6.0",
    "npm": ">= 1.0.0"
  },
  "dependencies": {
    "browserify": "*",
    "btoa": "*",
    "coffee-script": "*",
    "coffeeify": "*",
    "collections": "*",
    "js-yaml": "3.x",
    "persistent-hash-trie": "*",
    "source-map": "*",
    "source-map-support": "*",
    "underscore": "*",
    "utf8": "*",
    "xmlhttprequest": "*"
  },
  "devDependencies": {
    "coffee-script": "*",
    "coffeeify": "*"
  },
  "bundleDependencies": []
}