{
  "name": "mcp23017",
  "version": "2.0.3",
  "description": "MCP23017 I2C-GPIO device driver.",
  "author": "Nanchao Inc.",
  "license": "MIT",
  "repository": {
    "type": "git",
    "url": "git+https://github.com/ruff-drivers/mcp23017.git"
  },
  "bugs": {
    "url": "https://github.com/ruff-drivers/mcp23017/issues"
  },
  "homepage": "https://github.com/ruff-drivers/mcp23017",
  "keywords": [
    "ruff",
    "driver"
  ],
  "main": "src/index.js",
  "engines": {
    "ruff": ">=1.2.0 <1.6.0"
  },
  "scripts": {
    "install-sdk": "rvm install --local",
    "install-rap-dependencies": "rap install",
    "lint": "eslint .",
    "pretest": "npm run lint",
    "test": "ruff ./test/test.js"
  },
  "devDependencies": {
    "eslint": "^2.11.1",
    "ruff-standard": "^0.1.4",
    "rvm": "^0.3.2"
  },
  "ruff": {
    "devDependencies": {
      "t": "^0.1.6"
    }
  }
}