{
  "name": "craigs-yo",
  "version": "0.2.3",
  "author": {
    "name": "Tejas Manohar",
    "email": "me@tejasmanohar.com",
    "url": "https://tejasmanohar.com"
  },
  "homepage": "http://craigsyo-tejasmanohar.rhcloud.com",
  "main": "server/app.js",
  "dependencies": {
    "MD5": "^1.2.1",
    "async": "^0.9.0",
    "birdeater": "0.0.3",
    "body-parser": "~1.0.0",
    "bower": "^1.3.9",
    "composable-middleware": "^0.3.0",
    "compression": "~1.0.1",
    "connect-mongo": "^0.4.1",
    "cookie-parser": "~1.0.1",
    "craigslist": "^0.1.4",
    "ejs": "~0.8.4",
    "errorhandler": "~1.0.0",
    "express": "~4.0.0",
    "express-session": "~1.0.2",
    "lodash": "^2.4.1",
    "method-override": "~1.0.0",
    "moment": "^2.8.1",
    "mongoose": "~3.8.8",
    "morgan": "~1.0.0",
    "request": "^2.40.0",
    "static-favicon": "~1.0.1",
    "superagent": "^0.18.2",
    "twit": "^1.1.18",
    "yo-api": "git://github.com/tejas-manohar/node-yo-api.git"
  },
  "devDependencies": {
    "grunt": "~0.4.4",
    "grunt-autoprefixer": "~0.7.2",
    "grunt-bower-install": "~1.4.0",
    "grunt-concurrent": "~0.5.0",
    "grunt-contrib-clean": "~0.5.0",
    "grunt-contrib-concat": "~0.4.0",
    "grunt-contrib-copy": "~0.5.0",
    "grunt-contrib-cssmin": "~0.9.0",
    "grunt-contrib-htmlmin": "~0.2.0",
    "grunt-contrib-imagemin": "~0.7.1",
    "grunt-contrib-jshint": "~0.10.0",
    "grunt-contrib-uglify": "~0.4.0",
    "grunt-contrib-watch": "~0.6.1",
    "grunt-google-cdn": "~0.4.0",
    "grunt-newer": "~0.7.0",
    "grunt-ng-annotate": "^0.2.3",
    "grunt-rev": "~0.1.0",
    "grunt-svgmin": "~0.4.0",
    "grunt-usemin": "~2.1.1",
    "grunt-env": "~0.4.1",
    "grunt-node-inspector": "~0.1.5",
    "grunt-nodemon": "~0.2.0",
    "grunt-angular-templates": "^0.5.4",
    "grunt-dom-munger": "^3.4.0",
    "grunt-protractor-runner": "^0.2.4",
    "grunt-asset-injector": "^0.1.0",
    "grunt-karma": "~0.8.2",
    "grunt-mocha-test": "~0.10.2",
    "jit-grunt": "^0.5.0",
    "time-grunt": "~0.3.1",
    "grunt-express-server": "~0.4.17",
    "grunt-open": "~0.2.3",
    "open": "~0.0.4",
    "jshint-stylish": "~0.1.5",
    "connect-livereload": "~0.4.0",
    "karma-ng-scenario": "~0.1.0",
    "karma-firefox-launcher": "~0.1.3",
    "karma-script-launcher": "~0.1.0",
    "karma-html2js-preprocessor": "~0.1.0",
    "karma-ng-jade2js-preprocessor": "^0.1.2",
    "karma-jasmine": "~0.1.5",
    "karma-chrome-launcher": "~0.1.3",
    "requirejs": "~2.1.11",
    "karma-requirejs": "~0.2.1",
    "karma-coffee-preprocessor": "~0.2.1",
    "karma-jade-preprocessor": "0.0.11",
    "karma-phantomjs-launcher": "~0.1.4",
    "karma": "~0.12.9",
    "karma-ng-html2js-preprocessor": "~0.1.0",
    "supertest": "~0.11.0",
    "should": "~3.3.1"
  },
  "engines": {
    "node": "0.10.30"
  },
  "scripts": {
    "start": "node server/app.js",
    "test": "grunt test",
    "update-webdriver": "node node_modules/grunt-protractor-runner/node_modules/protractor/bin/webdriver-manager update",
    "postinstall": "./node_modules/bower/bin/bower install"
  },
  "private": true
}