{
  "name": "react-design-patterns-and-best-practices",
  "version": "0.1.0",
  "private": true,
  "devDependencies": {
    "eslint": "^2.9.0",
    "eslint-config-airbnb": "^9.0.1",
    "eslint-plugin-import": "^1.7.0",
    "eslint-plugin-jsx-a11y": "^1.2.0",
    "eslint-plugin-react": "^5.0.1",
    "react-scripts": "0.2.2"
  },
  "dependencies": {
    "react": "^15.3.1",
    "react-dom": "^15.3.1"
  },
  "scripts": {
    "start": "react-scripts start",
    "build": "react-scripts build",
    "eject": "react-scripts eject",
    "lint": "eslint ./src"
  },
  "eslintConfig": {
    "extends": "./node_modules/react-scripts/config/eslint.js"
  }
}