{
  "name": "csv-to-geopackage",
  "version": "2.0.0",
  "description": "GeoJSON to GeoPackage converter",
  "keywords": [
    "NGA",
    "mapcache"
  ],
  "license": "MIT",
  "author": {
    "name": "NGA",
    "url": "https://www.nga.mil"
  },
  "contributors": [
    "Daniel Barela <daniel.barela@gmail.com>"
  ],
  "homepage": "http://ngageoint.github.io/geopackage-js/",
  "repository": {
    "type": "git",
    "url": "https://github.com/ngageoint/geopackage-js.git"
  },
  "bugs": {
    "url": "https://github.com/ngageoint/geopackage-js/issues"
  },
  "bin": "./cli",
  "dependencies": {
    "@ngageoint/geopackage": "2.0.x",
    "@turf/bbox": "^4.3.0",
    "csv-streamify": "^4.0.0",
    "wkx": "^0.4.5"
  },
  "devDependencies": {
    "chai": "^3.5.0",
    "istanbul": "^0.4.2",
    "jsdoc": "^3.4.0",
    "mocha": "^3.0.2"
  },
  "private": true,
  "main": "index.js",
  "files": [
    "index.js",
    "cli",
    "lib"
  ],
  "scripts": {
    "test": "istanbul cover  _mocha",
    "mocha": "mocha",
    "predoc": "rm -rf docs/jsdoc/*",
    "doc": "jsdoc --verbose -c jsdoc.conf"
  }
}