{
  "name": "inputEx",
  "version": "4.0.0",
  "description": "",
  "author": "Eric Abouaf <eric.abouaf@clicrdv.com>",
  "repository": {
    "type": "git",
    "url": "https://github.com/clicrdv/inputex.git"
  },
  "preferGlobal": true,
  "dependencies": {
    "yui": "3.14.1"
  },
  "devDependencies": {
    "shifter": "0.4.2",
    "yeti": "https://github.com/clicrdv/yeti/tarball/coverage-dump",
    "phantomjs": "1.9.2-5",
    "istanbul": "0.1.45",
    "yogi": "~0.1.0",
    "parserlib": "~0.2.2",
    "grunt": "~0.4.1",
    "grunt-cli": "~0.1.7",
    "grunt-yui-contrib": "~0.0.17",
    "selleck": "0.1.18"
  }
}