{
  "name": "ubports-installer",
  "version": "0.1.21-beta",
  "description": "UBports Installer: The easy way to install Ubuntu Touch on UBports devices. A friendly cross-platform Installer for Ubuntu Touch. Just connect a supported device to your PC, follow the on-screen instructions and watch this awesome tool do all the rest.",
  "keywords": [
    "Ubuntu",
    "Ubuntu Touch",
    "UBports",
    "UBports Installer",
    "Android",
    "ADB",
    "Fastboot",
    "Heimdall"
  ],
  "homepage": "https://devices.ubuntu-touch.io",
  "bugs": {
    "url": "https://github.com/ubports/ubports-installer/issues",
    "email": "info@ubports.com"
  },
  "repository": "https://github.com/ubports/ubports-installer",
  "author": "UBports Foundation <info@ubports.com>",
  "license": "GPL-3.0",
  "main": "src/main.js",
  "bin": "./src/main.js",
  "scripts": {
    "test-unit": "NODE_ENV=test mocha 'tests/unit-tests/*.js'",
    "start": "electron .",
    "dist:unix": "node ./build.js -lmPR",
    "dist:linux": "node ./build.js -lPR",
    "dist:linux:deb": "node ./build.js -lPRAF",
    "dist:linux:snap": "snapcraft cleanbuild",
    "dist:linux:appimage": "node ./build.js -lDPRF",
    "dist:linux:pacman": "node ./build.js -lDARF",
    "dist:linux:rpm": "node ./build.js -lDPFA",
    "dist:freebsd": "node ./build.js -lDPRA",
    "dist:mac": "node ./build.js -m",
    "dist:win": "node ./build.js -w"
  },
  "devDependencies": {
    "ajv": "^6.5.0",
    "chai": "^3.5.0",
    "chai-as-promised": "^6.0.0",
    "electron": "^1.8.8",
    "electron-builder": "^20.36.2",
    "electron-packager": "^12.2.0",
    "istanbul": "^0.4.5",
    "mocha": "^3.2.0",
    "sinon": "^1.17.7",
    "spectron": "^3.6.0",
    "unzipper": "^0.9.4"
  },
  "dependencies": {
    "bootstrap": "^3.3.7",
    "popper.js": "^1.14.3",
    "checksum": "^0.1.1",
    "command-exists": "^1.2.2",
    "commander": "^2.9.0",
    "electron-open-link-in-browser": "^1.0.2",
    "electron-pug": "^1.5.1",
    "electron-sudo": "^3.0.13",
    "electron-view-renderer": "^1.2.4",
    "executable": "^4.1.0",
    "forward-emitter": "^0.1.1",
    "fs-extra": "^2.0.0",
    "getos": "^3.0.1",
    "ini": "^1.3.4",
    "jquery": "^3.1.1",
    "jquery-i18next": "^1.2.0",
    "mkdirp": "^0.5.1",
    "request": "^2.79.0",
    "request-progress": "^3.0.0",
    "system-image-node-module": "1.0.5",
    "tmp": "0.0.31",
    "wildcard": "^1.1.2",
    "winston": "^2.3.1"
  }
}