{
  "name": "autocomplete-modules",
  "main": "./lib/main.js",
  "version": "2.3.0",
  "description": "Autocomplete for require/import statements",
  "keywords": [
    "javascript",
    "require",
    "import",
    "module",
    "autocomplete",
    "autocomplete-plus",
    "npm",
    "node"
  ],
  "repository": "https://github.com/nkt/atom-autocomplete-modules",
  "license": "MIT",
  "engines": {
    "atom": ">=0.174.0 <2.0.0"
  },
  "dependencies": {
    "bluebird": "3.5.1",
    "extract-module-exports": "^1.1.2",
    "find-babel-config": "1.1.0",
    "fuzzaldrin": "2.1.0",
    "lodash.escaperegexp": "4.1.2",
    "lodash.get": "4.4.2",
    "resolve-from": "^4.0.0"
  },
  "devDependencies": {
    "eslint": "^5.14.1"
  },
  "providedServices": {
    "autocomplete.provider": {
      "versions": {
        "4.0.0": "getCompletionProvider"
      }
    }
  }
}