{
  "name": "{{projectName}}",
  "version": "1.0.0",
  "license": "MIT",
  "description": "",
  "repository": "",
  "contributors": [],
  "scripts": {
    "ngr": "ngr",
    "ngr:jit": "ngr build jit --watch --serve",
    "ngr:dev": "ngr build dev --watch --serve",
    "ngr:prod": "ngr build prod",
    "serve": "node backend/server.js"
  },
  "dependencies": {
    "@angular/animations": "~7.0.0",
    "@angular/common": "~7.0.0",
    "@angular/compiler": "~7.0.0",
    "@angular/core": "~7.0.0",
    "@angular/forms": "~7.0.0",
    "@angular/http": "~7.0.0",
    "@angular/platform-browser": "~7.0.0",
    "@angular/platform-browser-dynamic": "~7.0.0",
    "@angular/router": "~7.0.0",
    "angular-polyfills": "^1.0.1",
    "classlist.js": "^1.1.20150312",
    "compression": "^1.7.0",
    "console-polyfill": "^0.3.0",
    "core-js": "^2.5.1",
    "express": "^4.15.0",
    "ie9-oninput-polyfill": "^1.1.1",
    "reflect-metadata": "^0.1.3",
    "rxjs": "^6.0.0",
    "systemjs": "0.20.14",
    "web-animations-js": "^2.3.1",
    "zone.js": "^0.8.26"
  },
  "devDependencies": {
    "@angular/compiler-cli": "~7.0.0",
    "@angular/language-service": "~7.0.0",
    "autoprefixer": "^8.6.3",
    "codelyzer": "^4.0.1",
    "css-mqpacker": "^6.0.1",
    "google-closure-compiler": "20181008.0.0",
    "livereload": "^0.6.2",
    "node-sass": "^4.5.3",
    "postcss": "^6.0.3",
    "postcss-cli": "^5.0.1",
    "postcss-csso": "^3.0.0",
    "postcss-discard-comments": "^2.0.0",
    "postcss-prettify": "^0.3.4",
    "protractor": "^5.1.2",
    "rollup": "^0.57.0",
    "rollup-plugin-node-resolve": "^3.3.0",
    "shelljs": "^0.7.0",
    "ts-node": "^3.3.0",
    "tsickle": "0.33.1",
    "tslib": "^1.7.1",
    "tslint": "^5.4.3",
    "typescript": "3.1.3"
  },
  "engines": {
    "node": ">8.11.0"
  }
}