{
  "name": "gruvbox-sublime",
  "version": "2.4.2",
  "description": "gruvbox for Vim theme ported to Sublime Text",
  "repository": {
    "type": "git",
    "url": "git+https://github.com/Briles/gruvbox.git"
  },
  "license": "MIT",
  "bugs": {
    "url": "https://github.com/Briles/gruvbox/issues"
  },
  "homepage": "https://github.com/Briles/gruvbox#readme",
  "devDependencies": {
    "chai": "^3.5.0",
    "commander": "^2.13.0",
    "gulp": "^3.9.1",
    "istanbul": "^0.4.5",
    "jscs": "^3.0.7",
    "lodash": "^4.17.4",
    "lodash-deep": "^2.0.0",
    "mocha": "^3.5.3",
    "plist": "^2.1.0",
    "run-sequence": "^1.2.2",
    "tinycolor2": "^1.4.1"
  },
  "scripts": {
    "style": "npm run style:main",
    "style:main": "./node_modules/.bin/jscs .gulp/",
    "test": "npm run test:main",
    "test:main": "./node_modules/.bin/mocha ./test/test.js",
    "validate": "npm run style & npm run test",
    "cover": "./node_modules/.bin/istanbul cover ./node_modules/mocha/bin/_mocha"
  }
}