{
  "name": "mage2vuestorefront",
  "private": true,
  "version": "1.7.1",
  "description": "Magento sync for products, categories, users and orders",
  "author": "Piotr Karwatka",
  "license": "MIT",
  "main": "src/cli.js",
  "scripts": {
    "test": "echo \"Error: no test specified\" && exit 1"
  },
  "dependencies": {
    "agentkeepalive": "^3.3.0",
    "body-parser": "^1.17.1",
    "commander": "^2.18.0",
    "elasticsearch": "^15.2.0",
    "elasticsearch-deletebyquery": "^1.6.0",
    "express": "^4.15.2",
    "jsonfile": "^4.0.0",
    "jwt-simple": "^0.5.1",
    "kue": "^0.11.5",
    "lodash": "^4.17.10",
    "magento2-rest-client": "0.0.2",
    "moment": "^2.22.2",
    "node-sync": "^0.2.1",
    "passport": "^0.3.2",
    "passport-jwt": "^4.0.0",
    "promise-queue": "^2.2.3",
    "queue": "^4.4.0",
    "redis-jsonify": "^1.0.1",
    "remove-accents": "^0.4.2",
    "request": "^2.88.0",
    "sha1": "^1.1.1"
  },
  "devDependencies": {}
}