{
  "name": "vue-cli-plugin-storybook",
  "version": "0.6.0",
  "description": "Vue CLI plugin for Storybook",
  "main": "index.js",
  "scripts": {
    "test": "bash test/test.sh",
    "lint": "eslint ."
  },
  "repository": {
    "type": "git",
    "url": "git+https://github.com/storybooks/vue-cli-plugin-storybook.git"
  },
  "keywords": [
    "vue",
    "vue-cli",
    "storybook"
  ],
  "author": "Pavan Kumar Sunkara <pavan.sss1991@gmail.com> (pksunkara.github.com)",
  "license": "MIT",
  "bugs": {
    "url": "https://github.com/storybooks/vue-cli-plugin-storybook/issues"
  },
  "homepage": "https://github.com/storybooks/vue-cli-plugin-storybook#readme",
  "dependencies": {
    "@storybook/addons": "^4.1.0 || ^5.0.0",
    "@storybook/vue": "^4.1.0 || ^5.0.0",
    "commander": "^2.19.0"
  },
  "devDependencies": {
    "@vue/cli": "^3.2.0",
    "eslint": "^5.10.0",
    "eslint-config-airbnb-base": "^13.1.0",
    "eslint-plugin-import": "^2.14.0"
  }
}