{
  "name": "ci_bootstrap_3",
  "version": "0.1.0",
  "description": "",
  "scripts": {
    "test": "echo \"Error: no test specified\" && exit 1"
  },
  "repository": {
    "type": "git",
    "url": "https://github.com/jiji262/codeigniter_boilerplate"
  },
  "author": [
    "linghucong"
  ],
  "license": "MIT",
  "devDependencies": {
    "browser-sync": "*",
    "del": "*",
    "gulp": "*",
    "gulp-changed": "*",
    "gulp-concat": "*",
    "gulp-connect-php": "*",
    "gulp-imagemin": "*",
    "gulp-minify-css": "*",
    "gulp-notify": "*",
    "gulp-sequence": "*",
    "gulp-sourcemaps": "*",
    "gulp-uglifyjs": "*",
    "gulp-watch": "*",
    "require-dir": "*"
  }
}