{
  "name": "mongoose-rbac",
  "description": "Role-based access control for mongoose apps.",
  "version": "0.1.3",
  "author": "Bryan Dragon <bryandragon@gmail.com>",
  "contributors": [
    "Vincent Briglia <me@vincentbriglia.com>"
  ],
  "main": "lib/index.js",
  "scripts": {
    "test": "make test"
  },
  "repository": {
    "type": "git",
    "url": "git://github.com/bryandragon/mongoose-rbac.git"
  },
  "keywords": [
    "mongoose",
    "security",
    "authorization",
    "rbac",
    "role",
    "permission"
  ],
  "dependencies": {
    "mongoose": "~3.8.x",
    "async": "~0.2.6"
  },
  "devDependencies": {
    "mocha": "~1.8.1",
    "chai": "~1.6.1",
    "jshint": "~2.4.4"
  },
  "license": "MIT"
}