{
  "name": "gif-chat",
  "version": "0.0.1",
  "description": "",
  "main": "app.js",
  "scripts": {
    "start": "nodemon app",
    "test": "echo \"Error: no test specified\" && exit 1"
  },
  "author": "Zero Cho",
  "license": "ISC",
  "dependencies": {
    "connect-flash": "^0.1.1",
    "cookie-parser": "^1.4.3",
    "dotenv": "^5.0.1",
    "express": "^4.16.2",
    "express-session": "^1.15.6",
    "morgan": "^1.9.0",
    "pug": "^2.0.0-rc.4",
    "socket.io": "^2.1.0",
    "ws": "^5.1.1"
  },
  "devDependencies": {
    "nodemon": "^1.14.11"
  }
}