{
  "name": "pablo",
  "version": "0.5.0",
  "description": "A tool for creating interactive SVG drawings and animations for the web.",
  "author": "Premasagar Rose",
  "license": "MIT",
  "repository": {
    "type": "git",
    "url": "https://github.com/premasagar/pablo.git"
  },
  "main": "pablo.js",
  "dependencies": {},
  "devDependencies": {
    "grunt": "~0.4.1",
    "grunt-contrib-jshint": "~0.2.0",
    "grunt-contrib-uglify": "~0.2.0",
    "grunt-contrib-watch": "~0.4.3",
    "grunt-lib-phantomjs": "https://github.com/englercj/grunt-lib-phantomjs/tarball/master",
    "grunt-mocha": "~0.4.1",
    "grunt-notify": "~0.2.13"
  },
  "scripts": {
    "test": "grunt test"
  }
}