{
  "name": "counterwallet",
  "description": "Counterwallet",
  "author": "Counterparty development team",
  "license": "(CDDL-1.0)",
  "version": "1.8.0",
  "main": "build/index.html",
  "repository": {
    "type": "git",
    "url": "https://github.com/CounterpartyXCP/counterwallet.git"
  },
  "dependencies": {
    "cryptojs": "2.5.3",
    "mocha": "1.18.2",
    "transifex": "^1.5.0"
  },
  "devDependencies": {
    "bower": "^1.8.2",
    "chai": "=1.9.1",
    "clean-css": "2.1.8",
    "grunt": "^0.4.1",
    "grunt-chrome-compile": "0.2.2",
    "grunt-contrib-copy": "0.4.x",
    "grunt-usemin": "2.1.x",
    "mocha-phantomjs": "4.x",
    "serve": "^6.5.3",
    "uglify-js": "1.3.5"
  },
  "scripts": {
    "prepublish": "grunt",
    "serve": "serve -p 3000 ./build",
    "build": "grunt build --dontcheckdeps && cd ./src && bower --allow-root --config.interactive=false update",
    "dev": "grunt build --dontcheckdeps --dontminify",
    "test": "./node_modules/mocha-phantomjs/bin/mocha-phantomjs test/test.html --ignore-ssl-errors=true --ignore-resource-errors --ssl-protocol=any # phantomjs has issues with counterwallet.io SSL cert"
  },
  "engine": "node >= 0.10"
}