{
  "main": "app.html",
  "name": "Starter",
  "version": "0.1.0",
  "app-id": "com.aluxian.starter",
  "chromium-args": "--disable-setuid-sandbox",
  "window": {
    "width": 800,
    "height": 600,
    "title": "Starter",
    "icon": "icons/icon.png",
    "toolbar": false,
    "show": false
  },
  "webkit": {
    "plugin": true
  },
  "dependencies": {
    "async": "^1.0.0",
    "auto-launch": "^0.1.18",
    "jfs": "^0.2.5",
    "request": "^2.56.0",
    "semver": "^4.3.5"
  },
  "manifestUrl": "https://raw.githubusercontent.com/Aluxian/nwjs-starter/master/src/package.json",
  "packages": {
    "osx64": "https://github.com/Aluxian/nwjs-starter/releases/download/v0.1.0/Starter.dmg",
    "win32": "https://github.com/Aluxian/nwjs-starter/releases/download/v0.1.0/StarterSetup.exe",
    "linux32": "https://github.com/Aluxian/nwjs-starter/releases/download/v0.1.0/Starter_linux32.deb",
    "linux64": "https://github.com/Aluxian/nwjs-starter/releases/download/v0.1.0/Starter_linux64.deb"
  }
}