{
  "name": "platypus",
  "version": "0.11.10",
  "description": "Platypus Docs",
  "license": "MIT",
  "url": "https://github.com/PBS-KIDS/Platypus",
  "logo": "assets/platypus-title.png",
  "repository": {
    "type": "git",
    "url": "https://github.com/PBS-KIDS/Platypus"
  },
  "scripts": {
    "test": "grunt jasmine:src"
  },
  "devDependencies": {
    "grunt": "^0.4.5",
    "grunt-contrib-compress": "^0.13.0",
    "grunt-contrib-concat": "^1.0.1",
    "grunt-contrib-copy": "^0.8.0",
    "grunt-contrib-jasmine": "^1.1.0",
    "grunt-contrib-uglify": "^0.9.1",
    "grunt-contrib-yuidoc": "^0.8.0",
    "lodash": "^3.10.0",
    "pako": "^0.2.8",
    "pixi.js": "^4.5.1",
    "recycle": "https://github.com/gopherwood/recycle.git#v1.0.1",
    "springroll": "^1.0.2"
  },
  "engine": "node >= 0.10.22"
}