{
  "name": "gatsby-starter-default",
  "description": "Gatsby default starter",
  "version": "1.0.0",
  "author": "Kyle Mathews <mathews.kyle@gmail.com>",
  "dependencies": {
    "gatsby": "^2.0.53",
    "gatsby-image": "^2.0.20",
    "gatsby-plugin-google-analytics": "^2.0.8",
    "gatsby-plugin-manifest": "^2.0.9",
    "gatsby-plugin-offline": "^2.0.16",
    "gatsby-plugin-react-helmet": "^3.0.2",
    "gatsby-plugin-sass": "^2.0.7",
    "gatsby-plugin-sharp": "^2.0.14",
    "gatsby-source-filesystem": "^2.0.8",
    "gatsby-transformer-sharp": "^2.1.8",
    "node-sass": "^4.10.0",
    "react": "^16.6.3",
    "react-dom": "^16.6.3",
    "react-helmet": "^5.2.0"
  },
  "keywords": [
    "gatsby"
  ],
  "license": "MIT",
  "scripts": {
    "build": "gatsby build",
    "develop": "gatsby develop",
    "start": "npm run develop",
    "format": "prettier --write \"src/**/*.js\"",
    "test": "echo \"Error: no test specified\" && exit 1"
  },
  "devDependencies": {
    "prettier": "^1.15.2"
  },
  "repository": {
    "type": "git",
    "url": "https://github.com/gatsbyjs/gatsby-starter-default"
  }
}