{
  "name": "vuex-notes-app",
  "version": "1.0.0",
  "description": "A Notes App with Vuex",
  "author": "lichenbuliren <617106268@qq.com>",
  "private": true,
  "scripts": {
    "dev": "node build/dev-server.js",
    "build": "node build/build.js",
    "test": "",
    "lint": "eslint --ext .js,.vue src test/unit/specs test/e2e/specs"
  },
  "dependencies": {
    "babel-runtime": "^6.0.0",
    "bootstrap": "^3.3.6",
    "vue": "^1.0.21",
    "vue-resource": "^0.9.1",
    "vue-router": "^0.7.13",
    "vuex": "^0.8.0"
  },
  "devDependencies": {
    "babel-core": "^6.0.0",
    "babel-loader": "^6.0.0",
    "babel-plugin-transform-runtime": "^6.0.0",
    "babel-preset-es2015": "^6.0.0",
    "babel-preset-stage-2": "^6.0.0",
    "connect-history-api-fallback": "^1.1.0",
    "css-loader": "^0.23.0",
    "eslint": "^2.10.2",
    "eslint-friendly-formatter": "^2.0.5",
    "eslint-loader": "^1.3.0",
    "eslint-plugin-html": "^1.3.0",
    "eventsource-polyfill": "^0.9.6",
    "express": "^4.13.3",
    "extract-text-webpack-plugin": "^1.0.1",
    "file-loader": "^0.8.4",
    "function-bind": "^1.0.2",
    "html-webpack-plugin": "^2.8.1",
    "http-proxy-middleware": "^0.12.0",
    "json-loader": "^0.5.4",
    "node-sass": "^3.8.0",
    "ora": "^0.2.0",
    "sass-loader": "^4.0.0",
    "shelljs": "^0.6.0",
    "url-loader": "^0.5.7",
    "vue-hot-reload-api": "^1.2.0",
    "vue-html-loader": "^1.0.0",
    "vue-loader": "^8.3.0",
    "vue-style-loader": "^1.0.0",
    "webpack": "^1.12.2",
    "webpack-dev-middleware": "^1.4.0",
    "webpack-hot-middleware": "^2.6.0",
    "webpack-merge": "^0.8.3"
  }
}