{
  "name": "StorytellingMapTour",
  "version": "2.14.0",
  "devDependencies": {
    "grunt": "~0.4.1",
    "grunt-contrib-clean": "~0.4.0",
    "grunt-contrib-concat": "~0.2.0",
    "grunt-contrib-uglify": "~0.2.0",
    "grunt-contrib-requirejs": "~0.4.1",
    "grunt-contrib-copy": "~0.4.1",
    "grunt-contrib-cssmin": "~0.6.1",
    "grunt-regex-replace": "~0.2.5",
    "grunt-rename": "~0.1.2",
    "grunt-contrib-jshint": "~0.4.3",
    "grunt-contrib-connect": "~0.3.0",
    "grunt-contrib-watch": "~0.5.1"
  },
  "dependencies": {
    "@esri/arcgis-html-sanitizer": "^0.3.0"
  }
}