{
  "name": "works-for-me",
  "version": "1.0.0",
  "description": "A nice way to discover new tools by looking at setups which work for other people.",
  "main": "./generate/index.js",
  "directories": {
    "test": "test"
  },
  "devDependencies": {
    "babel-plugin-external-helpers": "^6.22.0",
    "babel-preset-es2015": "^6.24.1",
    "chai": "^4.0.0-canary.2",
    "mocha": "^3.1.2",
    "mocha-better-spec-reporter": "https://github.com/nik-garmash/mocha-better-spec-reporter",
    "proxyquire": "^1.7.11",
    "rollup": "^0.41.6",
    "rollup-plugin-babel": "^2.7.1",
    "rollup-plugin-commonjs": "^8.0.2",
    "rollup-plugin-ignore": "^1.0.3",
    "rollup-plugin-node-resolve": "^3.0.0",
    "rollup-plugin-re": "^1.0.2",
    "sinon": "^2.0.0-pre.3"
  },
  "scripts": {
    "lint": "standard 'lib/**/*.js' 'generate/**/*.js' 'playground/**/*.js' && standard --env mocha 'test/**/*.js'",
    "test": "mocha -R mocha-better-spec-reporter ${TEST:-'./test/*.test.js'}",
    "generate": "node ./generate/index.js"
  },
  "repository": {
    "type": "git",
    "url": "git+https://github.com/nik-garmash/works-for-me.git"
  },
  "author": "Nikolay Garmash",
  "license": "MIT",
  "bugs": {
    "url": "https://github.com/nik-garmash/works-for-me/issues"
  },
  "homepage": "https://github.com/nik-garmash/works-for-me#readme",
  "engines": {
    "node": "^8.11.1"
  },
  "dependencies": {
    "babel-polyfill": "^6.23.0",
    "fs-extra": "^2.0.0",
    "immutable": "^3.8.1",
    "js-beautify": "^1.6.8",
    "semver": "^5.3.0",
    "standard": "^10.0.2"
  }
}