{
  "name": "universal-native-boilerplate",
  "version": "0.0.1",
  "author": "Charlie Hulcher",
  "private": true,
  "scripts": {
    "setup": "gulp setup",
    "start": "gulp -h",
    "start:packager": "node node_modules/react-native/local-cli/cli.js start",
    "start:packager:web": "webpack-dev-server --config web/webpack.config.js --inline",
    "start:packager:macos": "node node_modules/react-native-macos/local-cli/cli.js start",
    "build:production:web": "cross-env NODE_ENV=production webpack --config web/webpack.config.js --progress",
    "build:debug:web": "webpack --config web/webpack.config.js --progress",
    "start:debug:server": "nodemon build/server/debug/main.js --ignore js/ --ignore web/ --ignore index.web.js",
    "start:production:web": "serve build/web/production -s -c 1",
    "test:native": "jest --config jest/jest.native.json",
    "test:web": "jest --config jest/jest.web.json",
    "test": "jest --config jest/jest.native.json && jest --config jest/jest.web.json",
    "lint": "eslint -c .eslintrc --fix js/**",
    "validate": "npm ls"
  },
  "pre-commit": [
    "lint"
  ],
  "dependencies": {
    "prop-types": "^15.6.0",
    "react": "~16.2.0",
    "react-dom": "^16.2.0",
    "react-native": "0.50.4",
    "react-native-i18n": "^1.0.0",
    "react-native-vector-icons": "^4.4.2",
    "react-navigation": "git+https://github.com/react-community/react-navigation.git#d5618ebd41ec1ac53cb40301d0f71610fbbb7172",
    "react-redux": "^5.0.2",
    "redux": "^3.6.0",
    "redux-persist": "^4.3.0",
    "redux-thunk": "^2.2.0"
  },
  "devDependencies": {
    "babel-eslint": "^7.1.1",
    "babel-jest": "^18.0.0",
    "cross-env": "^3.1.4",
    "eslint": "^3.15.0",
    "eslint-config-airbnb": "^14.1.0",
    "eslint-import-resolver-webpack": "^0.8.1",
    "eslint-plugin-import": "^2.2.0",
    "eslint-plugin-jsx-a11y": "^4.0.0",
    "eslint-plugin-react": "^6.9.0",
    "fs-extra": "^2.0.0",
    "gulp": "^3.9.1",
    "gulp-util": "^3.0.8",
    "jest": "^19.0.2",
    "lodash.assign": "^4.2.0",
    "lodash.isequal": "^4.5.0",
    "path-exists": "^3.0.0",
    "react-test-renderer": "~15.4.0",
    "run-sequence": "^1.2.2",
    "shelljs": "^0.7.6",
    "yargs": "^6.6.0"
  },
  "react-native-macos": {
    "react-native": "react-native-macos"
  }
}