{
  "name": "phpassistant",
  "productName": "PHP Assistant",
  "version": "0.0.12",
  "main": "main.js",
  "description": "A cross-platform desktop PHP runner",
  "author": "Rafael Jaques <rafael@phpit.com.br>",
  "license": "MIT",
  "keywords": [
    "Electron",
    "PHP",
    "Sandbox"
  ],
  "repository": {
    "type": "git",
    "url": "https://github.com/rafajaques/php-assistant"
  },
  "bugs": {
    "url": "https://github.com/rafajaques/php-assistant/issues"
  },
  "dependencies": {
    "configstore": "^3.1.1",
    "i18n": "^0.8.3",
    "request": "^2.83.0"
  }
}