{
  "private": true,
  "scripts": {
    "init": "tasks/init.sh",
    "clean": "rimraf bundle",
    "prebuild": "yarn run clean",
    "build": "webpack --progress",
    "build:watch": "yarn run build -- --watch",
    "lint:js": "eslint .",
    "lint:js:fix": "yarn run lint:js -- --fix",
    "lint:css": "stylelint '**/*.css'",
    "start": "http-server -o"
  },
  "dependencies": {
    "babel-runtime": "^6.20.0",
    "dom4": "^1.8.3",
    "domready": "^1.0.8",
    "svgxuse": "^1.1.23",
    "whatwg-fetch": "^2.0.1"
  },
  "devDependencies": {
    "babel-core": "^6.21.0",
    "babel-eslint": "^7.1.1",
    "babel-loader": "^6.2.10",
    "babel-plugin-transform-runtime": "^6.15.0",
    "babel-preset-env": "^1.1.8",
    "babel-preset-stage-0": "^6.16.0",
    "css-loader": "^0.26.1",
    "eslint": "^3.13.1",
    "eslint-config-barebones": "^0.1.3",
    "exports-loader": "^0.6.3",
    "extract-text-webpack-plugin": "^2.0.0-beta.5",
    "http-server": "^0.9.0",
    "imports-loader": "^0.7.0",
    "postcss-cssnext": "^2.9.0",
    "postcss-import": "^9.1.0",
    "postcss-loader": "^1.2.2",
    "postcss-reporter": "^3.0.0",
    "rimraf": "^2.5.4",
    "style-loader": "^0.13.1",
    "stylelint": "^7.7.1",
    "stylelint-config-barebones": "^0.1.2",
    "webpack": "^2.2.0"
  },
  "browserslist": "> 2% in AU",
  "babel": {
    "presets": [
      [
        "env",
        {
          "targets": {
            "browsers": "> 2% in AU"
          },
          "loose": true
        }
      ],
      "stage-0"
    ],
    "plugins": [
      "transform-runtime"
    ]
  },
  "postcss": {
    "plugins": {
      "postcss-import": {},
      "postcss-cssnext": {},
      "postcss-reporter": {
        "clearReportedMessages": true
      }
    }
  },
  "eslintConfig": {
    "parser": "babel-eslint",
    "extends": "barebones",
    "globals": {
      "fetch": false
    }
  },
  "stylelint": {
    "extends": "stylelint-config-barebones"
  }
}