{
  "name": "yernapkg",
  "version": "0.6.0",
  "description": "Yarn + Lerna = Yerna",
  "license": "Apache-2.0",
  "scripts": {
    "test": "tape 'test/**/*.js'"
  },
  "bin": {
    "yarnhack": "./bin/yarnhack",
    "yerna": "./bin/yerna"
  },
  "dependencies": {
    "async": "^2.1.4",
    "bluebird": "^3.4.6",
    "chalk": "^1.1.3",
    "commander": "^2.9.0",
    "find-up": "^2.1.0",
    "glob": "^7.1.1",
    "lodash": "^4.17.2",
    "mkdirp": "^0.5.1",
    "rimraf": "^2.6.1",
    "winston": "^2.3.1"
  },
  "keywords": [
    "lerna",
    "yarn",
    "yerna"
  ],
  "devDependencies": {
    "mock-bin": "^1.0.1",
    "proxyquire": "^1.7.11",
    "tape": "^4.6.3",
    "tmp": "0.0.31"
  }
}