{
  "name": "angular-expenses",
  "description": "An experiment for mixing Angular, RequireJS and require-lazy",
  "version": "0.6.2",
  "private": true,
  "dependencies": {
    "express": "3.x",
    "require-lazy": ">=0.3.8"
  },
  "devDependencies": {
    "grunt": "~0.4",
    "require-lazy-grunt": ">=0.2.0",
    "grunt-contrib-clean": "*",
    "grunt-contrib-copy": "*",
    "grunt-contrib-less": "0.12.0",
    "grunt-karma": "*",
    "bower": "*",
    "karma": "*",
    "karma-jasmine": "~0.2.0",
    "karma-chrome-launcher": "*",
    "karma-firefox-launcher": "*",
    "karma-requirejs": "*",
    "karma-phantomjs-launcher": "*",
    "istanbul": "*",
    "dateformat": "~1.0.6"
  }
}