{
  "name": "missions",
  "version": "0.2.0",
  "description": "Missions is the client facing side of the marketplace connecting DAV users looking to ship packages, with autonomous vehicles.",
  "homepage": "https://github.com/DAVFoundation/missions#readme",
  "bugs": {
    "url": "https://github.com/DAVFoundation/missions/issues"
  },
  "repository": {
    "type": "git",
    "url": "https://github.com/DAVFoundation/missions.git"
  },
  "license": "MIT",
  "author": "Tal Ater <tal@talater.com>",
  "scripts": {
    "build": "webpack --config webpack.prod.js",
    "build-stg": "webpack --config webpack.stg.js",
    "start": "webpack-dev-server --config webpack.dev.js",
    "start-stg": "webpack-dev-server --config webpack.stg.js",
    "stop": "kill $(ps aux | grep 'webpack' | awk '{print $2}')",
    "test": "jest"
  },
  "jest": {
    "moduleNameMapper": {
      "\\.(css|jpg|png|svg)$": "<rootDir>/empty-module.js"
    }
  },
  "dependencies": {
    "@turf/turf": "^5.1.6",
    "callback-timeout": "^3.0.1",
    "mapbox-gl": "~0.44.1",
    "moment": "^2.20.1",
    "randomstring": "^1.1.5",
    "react": "^16.2.0",
    "react-dom": "^16.2.1",
    "react-geosuggest": "^2.7.0",
    "react-rangeslider": "^2.2.0",
    "react-redux": "^5.0.7",
    "react-router-dom": "^4.2.2",
    "redux": "^3.7.2",
    "redux-actions": "^2.2.1",
    "redux-devtools-extension": "^2.13.2",
    "redux-promise-middleware": "5.0.0",
    "truffle-contract": "^3.0.4",
    "turf": "^3.0.14",
    "web3": "^1.0.0-beta.34"
  },
  "devDependencies": {
    "babel-core": "^6.26.0",
    "babel-loader": "^7.1.2",
    "babel-plugin-transform-object-rest-spread": "^6.26.0",
    "babel-preset-env": "^1.6.1",
    "babel-preset-react": "^6.24.1",
    "clean-webpack-plugin": "^0.1.18",
    "copy-webpack-plugin": "^4.4.1",
    "css-loader": "^0.28.9",
    "eslint": "^4.18.1",
    "eslint-loader": "^1.9.0",
    "eslint-plugin-react": "^7.7.0",
    "extract-text-webpack-plugin": "^3.0.2",
    "file-loader": "^1.1.9",
    "html-webpack-plugin": "^2.30.1",
    "jest": "^22.4.0",
    "style-loader": "^0.20.2",
    "uglifyjs-webpack-plugin": "^1.2.0",
    "url-loader": "^0.6.2",
    "webpack": "^3.11.0",
    "webpack-dev-server": "^2.11.1",
    "webpack-merge": "^4.1.1"
  }
}