{
  "name": "UpSet",
  "version": "0.0.1",
  "description": "Set visualization.",
  "main": "dist/UpSet.js",
  "scripts": {
    "build": "webpack"
  },
  "repository": {
    "type": "git",
    "url": "git@github.com:XDATA-Year-3/upset-lib.git"
  },
  "author": "Alexander Lex",
  "license": "MIT",
  "devDependencies": {
    "css-loader": "^0.23.1",
    "file-loader": "^0.8.5",
    "html-loader": "^0.4.3",
    "legacy-loader": "0.0.2",
    "less": "^2.6.1",
    "node-sass": "^3.4.2",
    "sass-loader": "^3.2.0",
    "script-loader": "^0.6.1",
    "style-loader": "^0.13.0",
    "url-loader": "^0.5.7",
    "webpack": "^1.12.12"
  },
  "dependencies": {
    "d3": "^3.5.14",
    "font-awesome": "^4.4.0",
    "font-awesome-webpack": "^0.0.4",
    "jquery": "^2.2.0"
  }
}