{
  "name": "weex",
  "version": "1.0.0",
  "description": "A weex project",
  "main": "index.js",
  "scripts": {
    "start": "npm run serve",
    "build": "webpack",
    "build_plugin": "webpack --config ./tools/webpack.config.plugin.js --color",
    "dev": "webpack --config webpack.config.js --watch -d",
    "serve": "webpack-dev-server --config webpack.dev.js --watch --open"
  },
  "keywords": [
    "weex"
  ],
  "author": "",
  "license": "MIT",
  "dependencies": {
    "fs-extra": "^4.0.1",
    "vue": "^2.4.3",
    "weex-html5": "^0.4.1",
    "weex-vue-render": "^0.12.21"
  },
  "devDependencies": {
    "babel-core": "^6.21.0",
    "babel-loader": "^6.2.4",
    "babel-plugin-add-module-exports": "^0.2.1",
    "babel-plugin-transform-runtime": "^6.9.0",
    "babel-preset-es2015": "^6.9.0",
    "babel-runtime": "^6.9.2",
    "css-loader": "^0.26.1",
    "html-webpack-plugin": "^2.30.1",
    "ip": "^1.1.5",
    "raw-loader": "^0.5.1",
    "script-ext-html-webpack-plugin": "^1.8.5",
    "vue-loader": "^12.2.0",
    "vue-template-compiler": "^2.4.3",
    "webpack": "^2.2.1",
    "webpack-dev-server": "^2.4.2",
    "webpack-merge": "^4.1.0",
    "weex-loader": "^0.5.3"
  },
  "optionalDependencies": {
    "ios-deploy": "^1.9.0"
  }
}