{
  "name": "cardboard",
  "version": "2.1.0",
  "description": "The default New Tab is not Google enough ? Try Cardboard, Now with more Material Design (plus nifty features)",
  "main": "index.html",
  "scripts": {
    "test": "echo \"Error: no test specified\" && exit 1"
  },
  "repository": {
    "type": "git",
    "url": "https://github.com/virtual-dev/cardboard.git"
  },
  "keywords": [
    "chrome",
    "new",
    "tab",
    "page",
    "material",
    "design",
    "card",
    "board"
  ],
  "author": "virtual-dev",
  "license": "MIT",
  "bugs": {
    "url": "https://github.com/virtual-dev/cardboard/issues"
  },
  "homepage": "https://github.com/virtual-dev/cardboard",
  "devDependencies": {
    "del": "^1.2.1",
    "event-stream": "^3.3.4",
    "gulp": "^3.9.1",
    "gulp-angular-filesort": "^1.1.1",
    "gulp-angular-htmlify": "^2.3.0",
    "gulp-angular-templatecache": "^1.9.1",
    "gulp-bump": "^0.2.2",
    "gulp-concat": "^2.6.1",
    "gulp-filesize": "0.0.6",
    "gulp-filter": "^2.0.2",
    "gulp-git": "^1.15.1",
    "gulp-inject": "^1.5.0",
    "gulp-minify-css": "^0.5.1",
    "gulp-minify-html": "^1.0.6",
    "gulp-ng-annotate": "^0.5.3",
    "gulp-rev": "^3.0.1",
    "gulp-tag-version": "^1.3.0",
    "gulp-uglify": "^1.5.4",
    "gulp-useref": "^1.3.0"
  }
}