{
  "name": "image-to-text",
  "version": "0.0.1",
  "private": true,
  "scripts": {
    "dev": "cross-env NODE_ENV=development webpack-dev-server --inline --progress --color --config webpack/webpack.dev.js",
    "build": "cross-env NODE_ENV=production webpack --config webpack/webpack.prod.js",
    "lint": "eslint --ext .js,.jsx src",
    "deploy": "npm run build && gh-pages -d public"
  },
  "author": {
    "name": "kainstar",
    "url": "https://github.com/kainstar"
  },
  "repository": {
    "type": "git",
    "url": "https://github.com/kainstar/image-to-text.git"
  },
  "dependencies": {
    "classnames": "^2.2.5",
    "gif.js": "^0.2.0",
    "react": "^16.3.2",
    "react-dom": "^16.3.2"
  },
  "devDependencies": {
    "autoprefixer": "^8.4.1",
    "babel-core": "^6.26.3",
    "babel-eslint": "^8.2.3",
    "babel-loader": "^7.1.4",
    "babel-plugin-transform-runtime": "^6.23.0",
    "babel-preset-env": "^1.6.1",
    "babel-preset-react": "^6.24.1",
    "babel-preset-stage-2": "^6.24.1",
    "clean-webpack-plugin": "^0.1.19",
    "copy-webpack-plugin": "^4.5.1",
    "cross-env": "^5.1.5",
    "css-loader": "^0.28.11",
    "eslint": "^4.19.1",
    "eslint-friendly-formatter": "^4.0.1",
    "eslint-loader": "^2.0.0",
    "eslint-plugin-import": "^2.11.0",
    "eslint-plugin-react": "^7.7.0",
    "friendly-errors-webpack-plugin": "^1.7.0",
    "gh-pages": "^1.1.0",
    "html-webpack-plugin": "^3.2.0",
    "mini-css-extract-plugin": "^0.4.0",
    "optimize-css-assets-webpack-plugin": "^4.0.1",
    "postcss-loader": "^2.1.5",
    "react-hot-loader": "^4.1.3",
    "style-loader": "^0.21.0",
    "uglifyjs-webpack-plugin": "^1.2.5",
    "url-loader": "^1.0.1",
    "webpack": "^4.8.1",
    "webpack-bundle-analyzer": "^2.11.2",
    "webpack-cli": "^2.1.3",
    "webpack-dev-server": "^3.1.4",
    "webpack-merge": "^4.1.2"
  }
}