{
  "name": "webpack-demo",
  "version": "1.0.0",
  "description": "webpack demo",
  "main": "index.js",
  "scripts": {
    "start": "webpack-dev-server",
    "build": "webpack"
  },
  "author": "",
  "license": "ISC",
  "dependencies": {
    "react": "^15.4.1",
    "react-dom": "^15.4.1"
  },
  "devDependencies": {
    "babel-core": "^6.21.0",
    "babel-loader": "^6.2.10",
    "babel-preset-latest": "^6.16.0",
    "babel-preset-react": "^6.16.0",
    "webpack": "^1.14.0",
    "webpack-dev-server": "^1.16.2"
  }
}