{
  "name": "linting-demo",
  "version": "1.0.0",
  "description": "Front-End Lemoncode Master, Bundle Modules, Webpack Demo 03 Environments - 01 Linting",
  "main": "index.js",
  "scripts": {
    "start": "webpack-dev-server",
    "build": "rimraf dist && webpack",
    "build:prod": "rimraf dist && webpack -p"
  },
  "repository": {
    "type": "git",
    "url": "git+https://github.com/Lemoncode/webpack-3.x-by-sample.git"
  },
  "author": "Lemoncode",
  "license": "MIT",
  "bugs": {
    "url": "https://github.com/Lemoncode/webpack-3.x-by-sample/issues"
  },
  "homepage": "https://github.com/Lemoncode/webpack-3.x-by-sample#readme",
  "devDependencies": {
    "babel-core": "^6.26.0",
    "babel-eslint": "^8.0.0",
    "babel-loader": "^7.1.2",
    "babel-preset-env": "^1.6.0",
    "css-loader": "^0.28.7",
    "eslint": "^4.6.1",
    "eslint-loader": "^1.9.0",
    "extract-text-webpack-plugin": "^3.0.0",
    "file-loader": "^0.11.2",
    "html-webpack-plugin": "^2.30.1",
    "node-sass": "^4.5.3",
    "rimraf": "^2.6.2",
    "sass-loader": "^6.0.6",
    "style-loader": "^0.18.2",
    "url-loader": "^0.5.9",
    "webpack": "^3.5.6",
    "webpack-dev-server": "^2.7.1"
  },
  "dependencies": {
    "bootstrap": "^3.3.7",
    "jquery": "^3.2.1"
  }
}