{
  "name": "learn-plasma",
  "version": "0.0.1",
  "description": "Educational hub for Plasma",
  "private": true,
  "author": "IC3",
  "homepage": "https://github.com/ethsociety/plasma-website",
  "license": "MIT",
  "keywords": [
    "plasma",
    "ethereum",
    "layer2",
    "scaling",
    "documentation",
    "guide",
    "docs",
    "manual"
  ],
  "hexo": {
    "version": "3.7.1"
  },
  "dependencies": {
    "@babel/core": "^7.0.0-beta.56",
    "@babel/preset-env": "^7.0.0-beta.56",
    "@fortawesome/fontawesome-free": "^5.3.1",
    "babel-loader": "^8.0.0-beta.6",
    "bootstrap": "^4.1.3",
    "broken-link-checker": "^0.7.8",
    "gulp": "^4.0.0",
    "gulp-autoprefixer": "^5.0.0",
    "gulp-cssnano": "^2.1.3",
    "gulp-if": "^2.0.2",
    "gulp-plumber": "^1.2.0",
    "gulp-sourcemaps": "^2.6.4",
    "gulp-stylus": "^2.7.0",
    "gulp-util": "^3.0.8",
    "hexo": "^3.7.1",
    "hexo-browsersync": "^0.3.0",
    "hexo-renderer-ejs": "^0.3.1",
    "hexo-renderer-marked": "^0.3.2",
    "hexo-server": "^0.3.2",
    "hexo-toc": "^1.1.0",
    "hexo-util": "^0.6.3",
    "html-minifier": "^3.5.15",
    "http-server": "^0.11.1",
    "jquery": "^3.3.1",
    "lodash": "^4.17.10",
    "nodemon": "^1.18.4",
    "npm-run-all": "^4.1.3",
    "popper.js": "^1.14.4",
    "uglifyjs-webpack-plugin": "^1.3.0",
    "webpack": "^4.17.0",
    "webpack-cli": "^3.1.0"
  },
  "scripts": {
    "clean": "rm -rf public source/build themes/learn-plasma/source db.json debug.log",
    "setup": "mkdir -p public/build source/build themes/learn-plasma/source",
    "dev-gulp": "gulp dev || true",
    "dev-hexo": "nodemon -L -w scripts -w themes/learn-plasma/_config.yml --ext yml,js --exec hexo serve --debug || true",
    "dev": "NODE_ENV=development run-p setup dev-* || true",
    "prd-gulp": "NODE_ENV=production gulp prd",
    "prd-hexo": "NODE_ENV=production hexo gen",
    "prd": "run-s setup prd-*",
    "test-server": "http-server public -p 7783 -a 127.0.0.1 -s -c-1 & echo $! > .test-server-id",
    "test-blc": "sleep 1 && blc --exclude-external -r --requests 32 http://127.0.0.1:7783/en && kill `cat .test-server-id` && rm .test-server-id",
    "test": "npm run prd && run-p test-*"
  }
}