{
  "name": "wap-code",
  "version": "0.1.0",
  "private": true,
  "scripts": {
    "serve": "vue-cli-service serve",
    "build": "vue-cli-service build",
    "lint": "vue-cli-service lint"
  },
  "dependencies": {
    "flyio": "^0.6.2",
    "jsbarcode": "^3.11.0",
    "lib-flexible": "^0.3.2",
    "postcss-px2rem": "^0.3.0",
    "postcss-pxtorem": "^4.0.1",
    "px2rem-loader": "^0.1.9",
    "qrcodejs2": "^0.0.2",
    "vant": "^1.5.0",
    "vue": "^2.5.17",
    "vue-barcode": "^1.1.0",
    "vue-router": "^3.0.1",
    "vue-scroller": "^2.2.4",
    "vuex": "^3.0.1",
    "weixin-js-sdk": "^1.4.0-test"
  },
  "devDependencies": {
    "@vue/cli-plugin-babel": "^3.2.0",
    "@vue/cli-service": "^3.2.0",
    "eslint": "^5.8.0",
    "eslint-plugin-vue": "^5.0.0-0",
    "node-sass": "^4.9.0",
    "sass-loader": "^7.0.1",
    "uglifyjs-webpack-plugin": "^2.1.2",
    "vue-template-compiler": "^2.5.17"
  }
}