{
  "name": "limitd",
  "version": "5.10.0",
  "description": "Daemon for rate limiting using tocket buckets.",
  "main": "index.js",
  "repository": {
    "type": "git",
    "url": "http://github.com/auth0/limitd.git"
  },
  "scripts": {
    "lint": "jshint --exclude ./node_modules .",
    "test": "NODE_ENV=test CONFIG_FILE=./test/fixture.yml mocha --timeout 5000 --exit",
    "perf": "node perf/index.js"
  },
  "bin": {
    "limitd": "./bin/limitd"
  },
  "author": "José F. Romaniello <jfromaniello@gmail.com> (http://joseoncode.com)",
  "license": "MIT",
  "engines": {
    "node": ">=4"
  },
  "dependencies": {
    "async": "^2.6.0",
    "auth0-common-logging": "auth0/auth0-common-logging#v2.18.0",
    "auth0-instrumentation": "auth0/auth0-instrumentation#v2.19.0",
    "cb": "^0.1.0",
    "commander": "~2.15.0",
    "js-yaml": "~3.11.0",
    "length-prefixed-stream": "~1.5.1",
    "limitd-protocol": "limitd/protocol#v2.1.0",
    "limitdb": "^2.9.0",
    "lodash": "~4.17.5",
    "readable-stream": "^2.3.5",
    "reconnect-net": "1.1.1",
    "server-destroy": "^1.0.1",
    "typedarray-to-buffer": "^3.1.5",
    "v8-profiler-node8": "^5.7.7",
    "z-schema": "^3.19.1",
    "z-schema-errors": "^0.2.1"
  },
  "devDependencies": {
    "benchmark": "^2.1.4",
    "chai": "~4.1.2",
    "cli-table": "~0.3.1",
    "fast-stats": "0.0.3",
    "jshint": "^2.9.5",
    "limitd-client": "^2.14.0",
    "mocha": "~5.0.4",
    "mockdate": "~2.0.2",
    "progress": "~2.0.0",
    "rimraf": "~2.6.2"
  }
}