{
  "name": "nextjs-apollo-blog",
  "version": "1.0.0",
  "description": "GraphCMS Blog starter using Apollo Client and Next.js",
  "repository": "https://github.com/hmeissner/graphcms-templates",
  "author": "Hugo Meissner <hugomeissner@icloud.com>",
  "license": "MIT",
  "scripts": {
    "dev": "node server.js",
    "build": "next build",
    "start": "NODE_ENV=production node server.js",
    "lint": "standard"
  },
  "dependencies": {
    "apollo-cache-inmemory": "^1.1.1",
    "apollo-client": "^2.0.3",
    "apollo-link-http": "^1.2.0",
    "express": "^4.16.2",
    "graphql": "^0.11.7",
    "graphql-anywhere": "^4.0.1",
    "graphql-tag": "^2.5.0",
    "isomorphic-unfetch": "^2.0.0",
    "next": "^4.1.4",
    "prop-types": "^15.6.0",
    "react": "^16.2.0",
    "react-apollo": "^2.0.1",
    "react-dom": "^16.2.0",
    "react-markdown": "^3.1.0"
  },
  "devDependencies": {
    "babel-eslint": "^8.0.2",
    "standard": "^10.0.3"
  },
  "standard": {
    "parser": "babel-eslint"
  }
}