{
  "author": "Matt Mueller <mattmuelle@gmail.com> (mattmueller.me)",
  "name": "cheerio",
  "description": "Tiny, fast, and elegant implementation of core jQuery designed specifically for the server",
  "keywords": [
    "htmlparser",
    "jquery",
    "selector",
    "scraper",
    "parser",
    "html"
  ],
  "version": "0.13.1",
  "repository": {
    "type": "git",
    "url": "git://github.com/MatthewMueller/cheerio.git"
  },
  "main": "./index.js",
  "engines": {
    "node": ">= 0.6"
  },
  "dependencies": {
    "htmlparser2": "~3.4.0",
    "underscore": "1.5.2",
    "entities": "~0.3.0",
    "CSSselect": "~0.4.0"
  },
  "devDependencies": {
    "mocha": "*",
    "expect.js": "*",
    "jshint": "~2.3.0",
    "benchmark": "~1.0.0",
    "jsdom": "~0.8.9"
  },
  "scripts": {
    "test": "make test"
  }
}