{
  "name": "do-wrapper",
  "version": "3.11.1",
  "description": "Node.js Wrapper for Digital Ocean API v2",
  "author": "Matt Major",
  "homepage": "https://github.com/matt-major/do-wrapper",
  "repository": {
    "type": "git",
    "url": "https://github.com/matt-major/do-wrapper.git"
  },
  "main": "./dist/do-wrapper.js",
  "types": "./types/do-wrapper.d.ts",
  "scripts": {
    "build": "gulp compile && npm run doc",
    "precommit": "npm t",
    "test": "jshint src/*.js && ./node_modules/mocha/bin/mocha",
    "doc": "./node_modules/.bin/jsdoc src/*.js -d docs/"
  },
  "license": "MIT",
  "bugs": {
    "url": "https://github.com/matt-major/do-wrapper/issues"
  },
  "keywords": [
    "digital ocean",
    "digitalocean",
    "droplet",
    "cloud",
    "wrapper",
    "api",
    "babel",
    "es6"
  ],
  "dependencies": {
    "request": "2.74.0"
  },
  "devDependencies": {
    "chai": "^3.5.0",
    "gulp": "3.9.1",
    "gulp-babel": "5.2.1",
    "gulp-uglify": "1.5.1",
    "husky": "0.10.2",
    "jsdoc": "3.4.0",
    "jsdox": "^0.4.9",
    "jshint": "2.8.0",
    "mocha": "^2.4.5",
    "should": "^8.2.2"
  }
}