{
  "name": "immutadot",
  "version": "1.0.0",
  "license": "MIT",
  "private": true,
  "scripts": {
    "build": "lerna run --stream build",
    "lint": "lerna run --stream lint",
    "test": "lerna run --stream test",
    "test:coverage": "lerna run --stream test:coverage && codecov --disable=gcov",
    "docs": "lerna run --stream docs",
    "docs:private": "lerna run --stream docs:private",
    "dist": "rollup -c config/rollup.js",
    "benchmark": "lerna run benchmark",
    "premini-site": "cd docs && bundle install",
    "mini-site": "cd docs && bundle exec jekyll serve"
  },
  "devDependencies": {
    "babel-cli": "~6.26.0",
    "babel-eslint": "~10.0.1",
    "babel-plugin-module-resolver": "~3.1.1",
    "babel-plugin-transform-runtime": "~6.23.0",
    "babel-preset-env": "~1.7.0",
    "babel-preset-stage-3": "~6.24.1",
    "codecov": "~3.1.0",
    "cross-env": "~5.2.0",
    "eslint": "~5.12.1",
    "hotdoc": "~0.7.2",
    "jest": "~21.2.1",
    "jsdoc": "~3.5.5",
    "lerna": "~3.10.6",
    "lodash": "~4.17.10",
    "rollup": "~0.67.4",
    "rollup-plugin-babel": "~3.0.4",
    "rollup-plugin-commonjs": "~9.2.0",
    "rollup-plugin-node-resolve": "~3.4.0"
  },
  "workspaces": [
    "packages/*"
  ]
}