{
  "name": "@times-components/ad",
  "version": "2.5.3",
  "description": "Ad component",
  "main": "dist/ad",
  "dev": "src/ad",
  "scripts": {
    "prepublishOnly": "yarn transpile && yarn bundle",
    "fmt": "eslint . --fix && prettier --write '**/*.*'",
    "prettier:diff": "prettier --list-different '**/*.*'",
    "depcheck": "depcheck --ignores='@thetimes/jest-lint,babel-*,depcheck,eslint,jest,prettier,webpack*' --ignore-bin-package=false --skip-missing",
    "lint": "eslint . && yarn prettier:diff && yarn depcheck && jest-lint",
    "test:android": "jest --config='./__tests__/android/jest.config.js'",
    "test:ios": "jest --config='./__tests__/ios/jest.config.js'",
    "test:web": "jest --config='./__tests__/web/jest.config.js'",
    "test:all": "yarn test:android --coverage && yarn test:ios --coverage && yarn test:web --coverage",
    "cleanup-dist": "rm -rf dist",
    "transpile": "yarn cleanup-dist && babel src -d dist",
    "bundle": "NODE_ENV=production webpack -p"
  },
  "keywords": [
    "react-native-web",
    "react",
    "native",
    "web",
    "gpt",
    "component"
  ],
  "license": "BSD-3-Clause",
  "bugs": {
    "url": "https://github.com/newsuk/times-components/issues"
  },
  "homepage": "https://github.com/newsuk/times-components#readme",
  "devDependencies": {
    "@thetimes/jest-lint": "*",
    "@times-components/eslint-config-thetimes": "0.8.9",
    "@times-components/jest-configurator": "2.3.2",
    "@times-components/jest-serializer": "3.2.0",
    "@times-components/storybook": "3.4.3",
    "@times-components/test-utils": "2.2.10",
    "@times-components/webpack-configurator": "2.0.15",
    "babel-core": "6.26.0",
    "babel-loader": "7.1.4",
    "babel-plugin-add-react-displayname": "0.0.5",
    "babel-plugin-styled-components": "1.5.1",
    "babel-preset-react-native": "4.0.0",
    "depcheck": "0.6.9",
    "enzyme": "3.6.0",
    "eslint": "5.9.0",
    "jest": "23.3.0",
    "jsdom": "9.12.0",
    "lodash.merge": "4.6.0",
    "prettier": "1.14.3",
    "react": "16.5.2",
    "react-dom": "16.5.2",
    "react-native": "0.55.4",
    "react-test-renderer": "16.5.2",
    "webpack": "4.6.0",
    "webpack-cli": "2.1.4"
  },
  "dependencies": {
    "@times-components/styleguide": "3.25.3",
    "@times-components/utils": "4.7.2",
    "@times-components/watermark": "2.5.2",
    "prop-types": "15.6.2",
    "react-broadcast": "0.5.2"
  },
  "peerDependencies": {
    "react": ">=16.5",
    "react-dom": ">=16.5",
    "react-native": ">=0.55",
    "react-native-web": "0.9.0"
  },
  "publishConfig": {
    "access": "public"
  }
}