{
  "name": "curl-to-ruby",
  "version": "1.0.0",
  "private": true,
  "description": "curl-to-ruby ============",
  "scripts": {
    "watch": "webpack --watch --colors --progress --display-error-details",
    "compile": "webpack --no-colors -p --display-error-details",
    "eslint": "eslint src"
  },
  "repository": {
    "type": "git",
    "url": "git+https://github.com/jhawthorn/curl-to-ruby.git"
  },
  "author": "John Hawthorn",
  "license": "MIT",
  "bugs": {
    "url": "https://github.com/jhawthorn/curl-to-ruby/issues"
  },
  "homepage": "https://github.com/jhawthorn/curl-to-ruby#readme",
  "dependencies": {
    "babel-core": "^6.9.0",
    "babel-loader": "^7.1.2",
    "babel-polyfill": "^6.9.0",
    "babel-preset-env": "^1.6.1",
    "highlight.js": "^9.4.0",
    "query-string": "^5.0.1",
    "shell-quote": "^1.6.0",
    "webpack": "^3.8.1"
  },
  "devDependencies": {
    "babel-eslint": "^8.0.2",
    "expose-loader": "^0.7.1"
  }
}