{
  "name": "trollbox",
  "version": "1.0.0",
  "description": "",
  "main": "trollbox.js",
  "scripts": {
    "test": "echo \"Error: no test specified\" && exit 1",
    "start": "nodemon --delay 5 trollbox.js ",
    "forever": "forever --minUptime 600000 --spinSleepTime 10 -e error.log trollbox.js  2>&1 | logrotate-stream trollbox.log --keep 3 --size '50m' --compress &"
  },
  "author": "Sigve Kvalsvik <bitsharesblocks@gmail.com>",
  "license": "ISC",
  "dependencies": {
    "peer": "git+https://github.com/svk31/peerjs-server"
  },
  "devDependencies": {
    "logrotate-stream": "^0.2.5",
    "nodemon": "^1.9.2"
  }
}