{
  "name": "gitw",
  "version": "0.6.1",
  "author": {
    "name": "Demián Rodriguez",
    "email": "demian85@gmail.com"
  },
  "keywords": [
    "git",
    "gui",
    "diff",
    "tool",
    "commit",
    "push",
    "realtime",
    "nw.js"
  ],
  "description": "Git GUI desktop app that shows real-time diff file information for working directory and index",
  "repository": {
    "type": "git",
    "url": "https://github.com/demian85/git-watcher.git"
  },
  "private": true,
  "bin": {
    "gitw": "./gitw"
  }
}