{
  "name": "serverless-screenshots",
  "version": "1.0.0",
  "dependencies": {
    "aws-sdk": "^2.6.4",
    "dotenv": "^2.0.0",
    "serverless": "^1.0.0-rc.1",
    "serverless-plugin-stack-outputs": "^1.3.2",
    "serverless-plugin-stage-variables": "^1.6.6",
    "valid-url": "^1.0.9"
  },
  "devDependencies": {
    "eslint": "^3.5.0",
    "eslint-config-airbnb": "^11.1.0",
    "eslint-config-google": "^0.6.0",
    "eslint-plugin-import": "^1.15.0",
    "eslint-plugin-jsx-a11y": "^2.2.2",
    "eslint-plugin-react": "^6.3.0"
  },
  "scripts": {
    "eslint": "./node_modules/eslint/bin/eslint.js handler.js"
  },
  "license": "MIT",
  "repository": {
    "git": "https://github.com/svdgraaf/serverless-screenshot"
  }
}