{
  "name": "cloudfront-auth",
  "version": "1.0.0",
  "description": "An AWS Cloudfront Lambda@Edge function to authenticate requests using Google Apps, Microsoft, GitHub login, OKTA & Auth0",
  "main": "index.js",
  "scripts": {
    "test": "cd tests && npm install && cd .. && node tests/tests.js",
    "build": "npm install && cd build && npm install && cd .. && node build/build.js"
  },
  "author": "Widen Enterprises",
  "repository": "github:widen/cloudfront-auth",
  "license": "ISC",
  "dependencies": {
    "axios": "^0.17.1",
    "cookie": "^0.3.1",
    "crypto": "^1.0.1",
    "jsonwebtoken": "^8.1.0",
    "jwk-to-pem": "^1.2.6",
    "nonce": "^1.0.4",
    "querystring": "^0.2.0",
    "url": "^0.11.0"
  }
}