{
  "name": "source-map",
  "description": "Generates and consumes source maps",
  "version": "0.1.0",
  "homepage": "https://github.com/mozilla/source-map",
  "author": "Nick Fitzgerald <nfitzgerald@mozilla.com>",
  "contributors": [],
  "repository": {
    "type": "git",
    "url": "http://github.com/mozilla/source-map.git"
  },
  "directories": {
    "lib": "./lib"
  },
  "main": "./lib/source-map.js",
  "engines": {
    "node": ">=0.4.0"
  },
  "licenses": [
    {
      "type": "MPL",
      "url": "https://www.mozilla.org/MPL/MPL-1.1.html"
    },
    {
      "type": "GPL",
      "url": "http://www.gnu.org/licenses/gpl.html"
    },
    {
      "type": "LGPL",
      "url": "http://www.gnu.org/licenses/lgpl.html"
    }
  ],
  "dependencies": {
    "requirejs": ">=0.26.0"
  }
}