{
  "name": "@aragon/apps-finance",
  "version": "2.1.0",
  "main": "index.js",
  "scripts": {
    "compile": "truffle compile",
    "build": "cd app && npm run build",
    "deploy:rpc": "truffle exec scripts/deploy.js --network rpc",
    "deploy:rinkeby": "truffle exec scripts/deploy.js --network rinkeby",
    "deploy:devnet": "truffle exec scripts/deploy.js --network devnet",
    "publish:devnet": "npm run compile && aragon publish --apm.ipfs.rpc.protocol http --apm.ipfs.rpc.host ipfs.aragon.network --no-confirm=true --keyfile ../../.localkey.json \"$(npm run deploy:devnet | tail -n 1)\"",
    "publish:rpc": "npm run compile && aragon publish --no-confirm=true \"$(npm run deploy:rpc | tail -n 1)\"",
    "publish:rpc:content": "aragon publish --no-confirm",
    "publish:rinkeby": "npm run compile && aragon publish --no-confirm=true --keyfile ~/.rinkebykey.json \"$(npm run deploy:rinkeby | tail -n 1)\"",
    "publish:rinkeby:content": "aragon publish --no-confirm=true --keyfile ~/.rinkebykey.json",
    "lint": "solium --dir ./contracts",
    "test": "TRUFFLE_TEST=true npm run ganache-cli:test",
    "test:gas": "GAS_REPORTER=true npm test",
    "coverage": "SOLIDITY_COVERAGE=true npm run ganache-cli:test",
    "truffle:dev": "node_modules/.bin/truffle dev",
    "ganache-cli:test": "./node_modules/@aragon/test-helpers/ganache-cli.sh",
    "prepare": "npx apps-shared-scripts-prepare",
    "install:frontend": "cd app && npm install",
    "prepublishOnly": "truffle compile --all"
  },
  "files": [
    "/arapp.json",
    "/build",
    "/contracts",
    "/scripts",
    "/test"
  ],
  "keywords": [],
  "author": "Aragon Association <legal@aragon.org>",
  "contributors": [
    "Jorge Izquierdo <jorge@aragon.one>",
    "Pierre Bertet <pierre@aragon.one>",
    "Oliver Nordbjerg <oliver@aragon.one>",
    "Brett Sun <brett@aragon.one>"
  ],
  "license": "(GPL-3.0-or-later OR AGPL-3.0-or-later)",
  "description": "",
  "devDependencies": {
    "@aragon/apps-shared-migrations": "1.0.0",
    "@aragon/apps-shared-minime": "1.0.0",
    "@aragon/apps-shared-scripts": "^1.0.0",
    "@aragon/cli": "^5.2.0-beta.1",
    "@aragon/test-helpers": "^1.0.1",
    "eth-gas-reporter": "^0.1.1",
    "ganache-cli": "^6.0.3",
    "solidity-coverage": "0.5.11",
    "solium": "^1.2.3",
    "truffle": "4.1.14",
    "truffle-hdwallet-provider": "0.0.3",
    "webpack": "3.10.0"
  },
  "dependencies": {
    "@aragon/apps-vault": "^4.0.0",
    "@aragon/os": "4.0.0"
  }
}