{
  "name": "feathers-apollo",
  "description": "feathers apollo integration",
  "version": "0.0.0",
  "homepage": "",
  "main": "src/",
  "keywords": [
    "feathers"
  ],
  "license": "MIT",
  "repository": {},
  "author": {},
  "contributors": [],
  "bugs": {},
  "engines": {
    "node": ">= 0.12.0"
  },
  "babel": {
    "presets": [
      "es2015"
    ]
  },
  "scripts": {
    "test": "npm run jshint && npm run mocha",
    "jshint": "jshint src/. test/. --config",
    "start": "babel-node src/",
    "dev": "nodemon src/ --exec babel-node --presets es2015",
    "mocha": "mocha test/ --compilers js:babel-core/register --recursive"
  },
  "dependencies": {
    "body-parser": "^1.15.0",
    "compression": "^1.6.1",
    "cors": "^2.7.1",
    "feathers": "^2.0.1",
    "feathers-authentication": "^0.7.9",
    "feathers-configuration": "^0.2.3",
    "feathers-errors": "^2.1.0",
    "feathers-hooks": "^1.5.2",
    "feathers-memory": "^0.6.3",
    "feathers-mongoose": "^3.4.1",
    "feathers-rest": "^1.3.0",
    "feathers-socketio": "^1.4.0",
    "graphql": "^0.8.2",
    "graphql-server-express": "^0.5.1",
    "graphql-tools": "^0.9.0",
    "graphql-typings": "0.0.1-beta-2",
    "mongoose": "^4.5.3",
    "passport": "^0.3.2",
    "request": "^2.74.0",
    "request-promise": "^4.1.1",
    "serve-favicon": "^2.3.0",
    "winston": "^2.2.0"
  },
  "devDependencies": {
    "babel-cli": "^6.7.7",
    "babel-preset-es2015": "^6.6.0",
    "babel-register": "^6.7.2",
    "jshint": "^2.9.2",
    "mocha": "^2.4.5",
    "nodemon": "^1.9.2",
    "request": "^2.72.0"
  }
}