{
  "name": "react-auth-app-example",
  "version": "0.1.0",
  "author": "Jesús Ferretti",
  "license": "MIT",
  "private": true,
  "scripts": {
    "start": "nodemon src/server.js",
    "test": "mocha \"+(test|src)/**/*.test.js\""
  },
  "dependencies": {
    "apollo-server": "^0.3.3",
    "bcrypt-nodejs": "0.0.3",
    "body-parser": "^1.15.2",
    "cors": "^2.8.1",
    "express": "^4.14.0",
    "graphql": "^0.8.0",
    "graphql-tools": "^0.8.1",
    "jsonwebtoken": "^7.2.1",
    "mongoose": "^4.6.7",
    "validator": "^6.2.0"
  },
  "devDependencies": {
    "chai": "^3.5.0",
    "mocha": "^3.1.2",
    "nodemon": "^1.11.0",
    "supertest": "^2.0.1"
  }
}