{
  "name": "spider",
  "version": "1.0.0",
  "description": "",
  "main": "index.js",
  "dependencies": {
    "babel-polyfill": "^6.7.4",
    "bluebird": "^3.3.4",
    "body-parser": "^1.15.0",
    "co": "^4.6.0",
    "express": "^4.13.4",
    "gexf": "^0.2.5",
    "lodash": "^4.6.1",
    "request": "^2.69.0",
    "socket.io": "^1.4.5"
  },
  "devDependencies": {
    "babel-preset-es2015": "^6.6.0",
    "gulp": "^3.9.1",
    "gulp-babel": "^6.1.2",
    "gulp-clean": "^0.3.2",
    "gulp-concat": "^2.6.0",
    "gulp-sourcemaps": "^2.0.0-alpha"
  },
  "scripts": {
    "start": "node index",
    "init": "npm install && cd client && npm install",
    "build": "gulp babel && cd client && gulp build"
  },
  "author": "",
  "license": "ISC"
}