{
  "name": "46-vue-router-nested-routes",
  "description": "A Vue.js project",
  "version": "1.0.0",
  "author": "@juanwmedia <juan@wmedia.es>",
  "private": true,
  "scripts": {
    "dev": "cross-env NODE_ENV=development webpack-dev-server --open --hot",
    "build": "cross-env NODE_ENV=production webpack --progress --hide-modules"
  },
  "dependencies": {
    "vue": "^2.2.1",
    "vue-router": "^2.3.0"
  },
  "devDependencies": {
    "babel-core": "^6.0.0",
    "babel-loader": "^6.0.0",
    "babel-preset-latest": "^6.0.0",
    "cross-env": "^3.0.0",
    "css-loader": "^0.25.0",
    "file-loader": "^0.9.0",
    "vue-loader": "^11.1.4",
    "vue-template-compiler": "^2.2.1",
    "webpack": "^2.2.0",
    "webpack-dev-server": "^2.2.0"
  }
}