{
  "name": "Syte2",
  "version": "1.0.0",
  "private": true,
  "scripts": {
    "start": "node app.js"
  },
  "dependencies": {
    "async": "^2.0.0-rc.4",
    "body-parser": "~1.13.2",
    "cookie-parser": "~1.3.5",
    "debug": "~2.2.0",
    "dotenv": "^2.0.0",
    "express": "~4.13.1",
    "markdown": "^0.5.0",
    "memory-cache": "^0.1.5",
    "moment": "^2.13.0",
    "mongodb": "^2.1.18",
    "morgan": "~1.6.1",
    "request": "^2.72.0",
    "serve-favicon": "~2.3.0",
    "twitter": "^1.2.5"
  }
}