{
  "name": "semantic-release-cli",
  "description": "setup automated semver compliant package publishing",
  "version": "0.0.0-development",
  "author": "Christoph Witzko <npm@christophwitzko.com> (http://christophwitzko.com)",
  "ava": {
    "require": [
      "babel-register",
      "babel-polyfill"
    ]
  },
  "babel": {
    "presets": [
      [
        "env",
        {
          "targets": {
            "node": "current"
          }
        }
      ]
    ]
  },
  "bin": {
    "semantic-release-cli": "./bin/semantic-release.js"
  },
  "bugs": {
    "url": "https://github.com/semantic-release/cli/issues"
  },
  "config": {
    "commitizen": {
      "path": "cz-conventional-changelog"
    }
  },
  "dependencies": {
    "babel-polyfill": "^6.26.0",
    "babel-preset-env": "^1.6.1",
    "babel-register": "^6.26.0",
    "base32": "0.0.6",
    "clipboardy": "^1.2.2",
    "git-config-path": "^2.0.0",
    "github-url-from-git": "^1.4.0",
    "ini": "^1.3.4",
    "inquirer": "^6.0.0",
    "js-yaml": "^3.3.1",
    "lodash": "^4.16.4",
    "nopt": "^4.0.0",
    "npm": "^6.0.0",
    "npm-profile": "^4.0.1",
    "npmlog": "^4.0.0",
    "p-retry": "^4.0.0",
    "parse-git-config": "^3.0.0",
    "parse-github-repo-url": "^1.0.0",
    "pify": "^4.0.0",
    "request": "^2.85.0",
    "request-debug": "^0.2.0",
    "request-promise": "^4.1.1",
    "travis-ci": "^2.1.1",
    "update-notifier": "^2.3.0",
    "user-home": "^2.0.0",
    "validator": "^10.0.0"
  },
  "devDependencies": {
    "ava": "^1.0.1",
    "commitizen": "^3.0.0",
    "cz-conventional-changelog": "^2.0.0",
    "nyc": "^13.2.0",
    "rimraf": "^2.4.2",
    "semantic-release": "^15.2.0",
    "xo": "^0.24.0"
  },
  "engines": {
    "node": ">=6",
    "npm": ">=3"
  },
  "files": [
    "bin",
    "src"
  ],
  "homepage": "https://github.com/semantic-release/cli",
  "keywords": [
    "author",
    "automation",
    "changelog",
    "module",
    "package",
    "publish",
    "release",
    "semver",
    "version"
  ],
  "license": "MIT",
  "main": "src/index.js",
  "nyc": {
    "include": [
      "src/**/*.js"
    ],
    "reporter": [
      "json",
      "text",
      "html"
    ],
    "all": true
  },
  "preferGlobal": true,
  "prettier": {
    "printWidth": 120,
    "trailingComma": "es5"
  },
  "repository": {
    "type": "git",
    "url": "https://github.com/semantic-release/cli.git"
  },
  "scripts": {
    "cm": "git-cz",
    "codecov": "codecov -f coverage/coverage-final.json",
    "lint": "xo",
    "pretest": "npm run lint",
    "semantic-release": "semantic-release",
    "test": "nyc ava -v",
    "travis-deploy-once": "travis-deploy-once"
  },
  "xo": {
    "prettier": true,
    "space": true
  }
}