{
  "private": true,
  "version": "0.7.2",
  "license": "MIT",
  "repository": "knitjs/knit",
  "author": {
    "name": "Shane Wilson"
  },
  "engines": {
    "node": ">=4",
    "npm": ">=3"
  },
  "jest": {
    "transformIgnorePatterns": [
      "node_modules/(?!@knit)"
    ],
    "roots": [
      "<rootDir>/src/",
      "<rootDir>/__fixtures__/",
      "<rootDir>/__mocks__/"
    ],
    "testEnvironment": "node"
  },
  "scripts": {
    "lint": "eslint --ext .js src",
    "lint:fix": "eslint --ext .js src --fix",
    "flow": "flow check",
    "test": "jest",
    "knit": "babel-node src/packages/@knit/knit/bin/cli.js",
    "knit:clean": "rm -rf dist",
    "knit:copy": "npm run knit -- copy --ignore-path=@knit/**/{__mocks__,__tests__,*.js}",
    "knit:stitch": "npm run knit -- stitch --parallel --scope unpublished",
    "knit:build:cjs": "NODE_ENV=production npm run knit -- exec --label 'Build CommonJS' --parallel --scope unpublished --include=@knit --exclude=jest -- babel . -d ROOT_DIR/dist/KNIT_MODULE_DIR --ignore __mocks__,__tests__,jest,create",
    "knit:build": "run-s knit:clean knit:copy knit:build:cjs knit:stitch",
    "knit:publish": "npm run knit -- exec --scope unpublished --working-dir dist -- npm publish --access public",
    "preversion": "run-s 'knit -- validate' lint flow test",
    "version": "npm run knit -- exec --scope modified -- npm version --no-git-tag-version $npm_package_version && git add .",
    "postversion": "run-s knit:build knit:publish"
  },
  "dependencies": {
    "babylon": "6.18.0",
    "chalk": "2.1.0",
    "depcheck": "^0.6.7",
    "dotenv": "4.0.0",
    "execa": "0.8.0",
    "fs-extra": "4.0.1",
    "listr": "^0.12.0",
    "listr-silent-renderer": "^1.1.1",
    "listr-update-renderer": "^0.4.0",
    "listr-verbose-renderer": "^0.4.0",
    "lodash": "^4.17.4",
    "multimatch": "^2.1.0",
    "pify": "3.0.0",
    "read-pkg": "2.0.0",
    "read-pkg-up": "2.0.0",
    "semver": "5.4.1",
    "serialize-error": "^2.1.0",
    "update-notifier": "2.2.0",
    "write-pkg": "3.1.0",
    "yargs": "8.0.2"
  },
  "devDependencies": {
    "@knit/common-tasks": "file:src/packages/@knit/common-tasks",
    "@knit/depcheck": "file:src/packages/@knit/depcheck",
    "@knit/find-dependencies": "file:src/packages/@knit/find-dependencies",
    "@knit/find-modified-packages": "file:src/packages/@knit/find-modified-packages",
    "@knit/find-packages": "file:src/packages/@knit/find-packages",
    "@knit/find-unpublished-packages": "file:src/packages/@knit/find-unpublished-packages",
    "@knit/get-package-name": "file:src/packages/@knit/get-package-name",
    "@knit/is-scoped": "file:src/packages/@knit/is-scoped",
    "@knit/knit": "file:src/packages/@knit/knit",
    "@knit/knit-core": "file:src/packages/@knit/knit-core",
    "@knit/logger": "file:src/packages/@knit/logger",
    "@knit/needle": "file:src/packages/@knit/needle",
    "@knit/nice-errors": "file:src/packages/@knit/nice-errors",
    "@knit/path-join": "file:src/packages/@knit/path-join",
    "@knit/read-pkg": "file:src/packages/@knit/read-pkg",
    "babel-cli": "6.26.0",
    "babel-eslint": "7.2.3",
    "babel-jest": "^20.0.3",
    "babel-plugin-add-module-exports": "^0.2.1",
    "babel-plugin-array-includes": "2.0.3",
    "babel-plugin-transform-flow-strip-types": "^6.22.0",
    "babel-plugin-transform-object-rest-spread": "6.26.0",
    "babel-plugin-transform-runtime": "^6.23.0",
    "babel-preset-env": "1.6.0",
    "eslint": "4.6.0",
    "eslint-config-google": "0.9.1",
    "eslint-config-prettier": "2.4.0",
    "eslint-plugin-flowtype": "2.35.1",
    "eslint-plugin-prettier": "2.2.0",
    "flow-bin": "0.54.0",
    "flow-typed": "2.1.5",
    "jest": "^20.0.3",
    "npm-run-all": "4.1.1",
    "prettier": "1.6.1"
  }
}