{
  "name": "mute-stream",
  "version": "0.0.4",
  "main": "mute.js",
  "directories": {
    "test": "test"
  },
  "devDependencies": {
    "tap": "~0.2.5"
  },
  "scripts": {
    "test": "tap test/*.js"
  },
  "repository": {
    "type": "git",
    "url": "git://github.com/isaacs/mute-stream"
  },
  "keywords": [
    "mute",
    "stream",
    "pipe"
  ],
  "author": {
    "name": "Isaac Z. Schlueter",
    "email": "i@izs.me",
    "url": "http://blog.izs.me/"
  },
  "license": "BSD",
  "description": "Bytes go in, but they don't come out (when muted).",
  "readme": "# mute-stream\n\nBytes go in, but they don't come out (when muted).\n\nThis is a basic pass-through stream, but when muted, the bytes are\nsilently dropped, rather than being passed through.\n\n## Usage\n\n```javascript\nvar MuteStream = require('mute-stream')\n\nvar ms = new MuteStream(options)\n\nms.pipe(process.stdout)\nms.write('foo') // writes 'foo' to stdout\nms.mute()\nms.write('bar') // does not write 'bar'\nms.unmute()\nms.write('baz') // writes 'baz' to stdout\n\n// can also be used to mute incoming data\nvar ms = new MuteStream\ninput.pipe(ms)\n\nms.on('data', function (c) {\n  console.log('data: ' + c)\n})\n\ninput.emit('data', 'foo') // logs 'foo'\nms.mute()\ninput.emit('data', 'bar') // does not log 'bar'\nms.unmute()\ninput.emit('data', 'baz') // logs 'baz'\n```\n\n## Options\n\nAll options are optional.\n\n* `replace` Set to a string to replace each character with the\n  specified string when muted.  (So you can show `****` instead of the\n  password, for example.)\n\n* `prompt` If you are using a replacement char, and also using a\n  prompt with a readline stream (as for a `Password: *****` input),\n  then specify what the prompt is so that backspace will work\n  properly.  Otherwise, pressing backspace will overwrite the prompt\n  with the replacement character, which is weird.\n\n## ms.mute()\n\nSet `muted` to `true`.  Turns `.write()` into a no-op.\n\n## ms.unmute()\n\nSet `muted` to `false`\n\n## ms.isTTY\n\nTrue if the pipe destination is a TTY, or if the incoming pipe source is\na TTY.\n\n## Other stream methods...\n\nThe other standard readable and writable stream methods are all\navailable.  The MuteStream object acts as a facade to its pipe source\nand destination.\n",
  "readmeFilename": "README.md",
  "bugs": {
    "url": "https://github.com/isaacs/mute-stream/issues"
  },
  "homepage": "https://github.com/isaacs/mute-stream",
  "_id": "mute-stream@0.0.4",
  "_from": "mute-stream@~0.0.4"
}