{
  "name": "CSSans.Pro",
  "version": "1.0.0",
  "description": "The CSS font",
  "main": "index.js",
  "scripts": {
    "test": "echo \"Error: no test specified\" && exit 1"
  },
  "repository": {
    "type": "git",
    "url": "git+https://github.com/ZeroSpree/CSSans.Pro.git"
  },
  "author": "Codrin Pavel",
  "license": "ISC",
  "bugs": {
    "url": "https://github.com/ZeroSpree/CSSans.Pro/issues"
  },
  "homepage": "https://github.com/ZeroSpree/CSSans.Pro#readme",
  "devDependencies": {
    "autoprefixer": "^9.4.3",
    "browser-sync": "^2.26.3",
    "cssnano": "^4.1.7",
    "del": "^3.0.0",
    "gulp": "^4.0.0",
    "gulp-concat": "^2.6.1",
    "gulp-plumber": "^1.2.1",
    "gulp-postcss": "^8.0.0",
    "gulp-rename": "^1.4.0",
    "gulp-run": "^1.7.1",
    "gulp-sass": "^4.0.2",
    "gulp-sourcemaps": "^2.6.4",
    "gulp-uglify": "^3.0.1",
    "postcss-css-variables": "^0.11.0"
  }
}