{
  "name": "cnode",
  "version": "0.3.1",
  "private": true,
  "dependencies": {
    "antd": "^3.1.6",
    "autoprefixer": "7.1.6",
    "babel-core": "6.26.0",
    "babel-eslint": "7.2.3",
    "babel-jest": "20.0.3",
    "babel-loader": "7.1.2",
    "babel-preset-react-app": "^3.1.1",
    "babel-runtime": "6.26.0",
    "case-sensitive-paths-webpack-plugin": "2.1.1",
    "chalk": "1.1.3",
    "css-loader": "0.28.7",
    "dotenv": "4.0.0",
    "dotenv-expand": "4.0.1",
    "eslint": "4.10.0",
    "eslint-config-react-app": "^2.1.0",
    "eslint-loader": "1.9.0",
    "eslint-plugin-flowtype": "2.39.1",
    "eslint-plugin-import": "2.8.0",
    "eslint-plugin-jsx-a11y": "5.1.1",
    "eslint-plugin-react": "7.4.0",
    "extract-text-webpack-plugin": "3.0.2",
    "file-loader": "1.1.5",
    "fs-extra": "3.0.1",
    "html-webpack-plugin": "2.29.0",
    "jest": "20.0.4",
    "mobx": "^3.4.1",
    "mobx-react": "^4.3.5",
    "object-assign": "4.1.1",
    "postcss-flexbugs-fixes": "3.2.0",
    "postcss-loader": "2.0.8",
    "promise": "8.0.1",
    "prop-types": "^15.6.0",
    "raf": "3.4.0",
    "react": "^16.2.0",
    "react-dev-utils": "^5.0.0",
    "react-dom": "^16.2.0",
    "react-router-dom": "^4.2.2",
    "simplemde": "^1.11.2",
    "style-loader": "0.19.0",
    "sw-precache-webpack-plugin": "0.11.4",
    "url-loader": "0.6.2",
    "webpack": "3.8.1",
    "webpack-dev-server": "2.9.4",
    "webpack-manifest-plugin": "1.3.2",
    "whatwg-fetch": "2.0.3"
  },
  "scripts": {
    "start": "node scripts/start.js",
    "build": "node scripts/build.js",
    "test": "node scripts/test.js --env=jsdom"
  },
  "devDependencies": {
    "babel-preset-react-native-stage-0": "^1.0.1",
    "babel-preset-stage-2": "^6.24.1",
    "mobx-react-devtools": "^4.2.15",
    "node-sass": "^4.7.2",
    "sass-loader": "^6.0.6"
  },
  "jest": {
    "collectCoverageFrom": [
      "src/**/*.{js,jsx,mjs}"
    ],
    "setupFiles": [
      "<rootDir>/config/polyfills.js"
    ],
    "testMatch": [
      "<rootDir>/src/**/__tests__/**/*.{js,jsx,mjs}",
      "<rootDir>/src/**/?(*.)(spec|test).{js,jsx,mjs}"
    ],
    "testEnvironment": "node",
    "testURL": "http://localhost",
    "transform": {
      "^.+\\.(js|jsx|mjs)$": "<rootDir>/node_modules/babel-jest",
      "^.+\\.css$": "<rootDir>/config/jest/cssTransform.js",
      "^(?!.*\\.(js|jsx|mjs|css|json)$)": "<rootDir>/config/jest/fileTransform.js"
    },
    "transformIgnorePatterns": [
      "[/\\\\]node_modules[/\\\\].+\\.(js|jsx|mjs)$"
    ],
    "moduleNameMapper": {
      "^react-native$": "react-native-web"
    },
    "moduleFileExtensions": [
      "web.js",
      "mjs",
      "js",
      "json",
      "web.jsx",
      "jsx",
      "node"
    ]
  },
  "babel": {
    "presets": [
      "react-app"
    ]
  },
  "eslintConfig": {
    "extends": "react-app"
  }
}