{
  "name": "djangovuejsproject",
  "version": "1.0.0",
  "description": "",
  "main": "index.js",
  "scripts": {
    "test": "echo \"Error: no test specified\" && exit 1"
  },
  "author": "Ahmed Bouchefra",
  "license": "MIT",
  "devDependencies": {
    "axios": "^0.17.1",
    "babel-core": "^6.26.0",
    "babel-plugin-transform-runtime": "^6.23.0",
    "babel-preset-es2015": "^6.24.1",
    "babel-preset-stage-0": "^6.24.1",
    "babel-runtime": "^6.26.0",
    "vue": "^2.5.13",
    "webpack": "^3.10.0"
  }
}