{
  "name": "deep-link.js",
  "version": "0.1.1",
  "description": "A tool designer for mobile deep links",
  "main": "deep-link.js",
  "repository": {
    "type": "git",
    "url": "https://github.com/timseverien/deep-link.js.git"
  },
  "keywords": [
    "mobile",
    "deep",
    "link",
    "app"
  ],
  "author": {
    "name": "Tim Severien",
    "email": "timseverien@gmail.com",
    "url": "http://timseverien.com"
  },
  "license": "MIT",
  "bugs": {
    "url": "https://github.com/timseverien/deep-link.js/issues"
  },
  "homepage": "https://timseverien.com/projects/deep-link/",
  "devDependencies": {
    "gulp": "^3.8.10",
    "gulp-bump": "^0.1.11",
    "gulp-concat": "^2.4.2",
    "gulp-rename": "^1.2.0",
    "gulp-uglify": "^1.0.2"
  }
}