{
  "name": "tistory-editor",
  "productName": "TistoryEditor",
  "version": "0.10.0",
  "description": "Editor for tistory",
  "main": "src/main/main.js",
  "scripts": {
    "build": "cross-env NODE_ENV=production webpack --mode production",
    "watch": "cross-env NODE_ENV=development webpack --watch --mode development",
    "app": "cross-env NODE_ENV=development electron .",
    "start": "npm-run-all --parallel watch app",
    "test": "jest",
    "dist": "build --x64"
  },
  "repository": {
    "type": "git",
    "url": "git+https://github.com/joostory/tistory-editor.git"
  },
  "keywords": [
    "editor",
    "tistory"
  ],
  "author": {
    "name": "Joo",
    "email": "joo@joostory.net",
    "url": "https://joostory.net"
  },
  "license": "MIT",
  "bugs": {
    "url": "https://github.com/joostory/tistory-editor/issues"
  },
  "homepage": "https://tistory-editor.tistory.com",
  "devDependencies": {
    "@babel/core": "^7.3.4",
    "@babel/plugin-proposal-decorators": "^7.3.0",
    "@babel/preset-env": "^7.3.4",
    "@babel/preset-react": "^7.0.0",
    "babel-jest": "^24.1.0",
    "babel-loader": "^8.0.5",
    "cross-env": "^5.2.0",
    "css-loader": "^2.1.0",
    "electron": "^4.0.6",
    "electron-builder": "^20.38.5",
    "electron-devtools-installer": "^2.2.4",
    "file-loader": "^3.0.1",
    "jest": "^24.1.0",
    "mini-css-extract-plugin": "^0.5.0",
    "node-sass": "^4.11.0",
    "npm-run-all": "^4.1.5",
    "object-assign": "^4.1.1",
    "optimize-css-assets-webpack-plugin": "^5.0.1",
    "react-test-renderer": "^16.8.3",
    "redux-thunk": "^2.3.0",
    "regenerator-runtime": "^0.13.1",
    "resolve-url-loader": "^3.0.1",
    "sass-loader": "^7.1.0",
    "style-loader": "^0.23.1",
    "webpack": "^4.29.6",
    "webpack-cli": "^3.2.3"
  },
  "dependencies": {
    "@material-ui/core": "^3.9.2",
    "@material-ui/icons": "^3.0.2",
    "@tinymce/tinymce-react": "^3.0.1",
    "autobind-decorator": "^2.4.0",
    "cheerio": "^1.0.0-rc.2",
    "classnames": "^2.2.6",
    "codemirror": "^5.44.0",
    "dateformat": "^3.0.3",
    "debug": "^4.1.1",
    "electron-ga": "^1.0.6",
    "electron-localshortcut": "^3.1.0",
    "electron-settings": "^3.2.0",
    "form-data": "^2.3.3",
    "highlightjs": "^9.12.0",
    "immutability-helper": "^3.0.0",
    "isomorphic-fetch": "^2.2.1",
    "marked": "^0.6.1",
    "material-ui-chip-input": "^1.0.0-beta.14",
    "node-fetch": "^2.3.0",
    "opengraph-fetcher": "^1.0.2",
    "pinkie-promise": "^2.0.1",
    "prop-types": "^15.7.2",
    "querystring": "^0.2.0",
    "react": "^16.8.3",
    "react-codemirror-component": "^0.1.3",
    "react-dom": "^16.8.3",
    "react-dropzone": "^9.0.0",
    "react-redux": "^6.0.1",
    "redux": "^4.0.1",
    "redux-logger": "^3.0.6",
    "tinymce": "^5.0.1",
    "tinymce-plugin-codeblock": "^2.0.1",
    "tinymce-plugin-opengraph": "^2.0.1",
    "turndown": "^5.0.3",
    "turndown-plugin-gfm": "^1.0.2",
    "url": "^0.11.0",
    "uuid": "^3.3.2"
  },
  "jest": {
    "testEnvironment": "node",
    "globals": {
      "document": true,
      "window": true,
      "navigator": {
        "userAgent": "Mozilla/5.0 (Macintosh; Intel Mac OS X 10_11_2) AppleWebKit/537.36 (KHTML, like Gecko) Chrome/47.0.2526.106 Safari/537.36"
      }
    }
  }
}