{
  "name": "IonicClub",
  "version": "1.0.0",
  "description": "IonicClub: An Ionic project",
  "dependencies": {
    "gulp": "^3.5.6",
    "gulp-concat": "^2.6.0",
    "gulp-minify-css": "^0.3.0",
    "gulp-rename": "^1.2.0",
    "gulp-sass": "^1.3.3",
    "gulp-clean": "^0.3.1",
    "gulp-if": "^1.2.5",
    "gulp-jshint": "^1.11.2",
    "gulp-uglify": "^1.2.0",
    "gulp-useref": "^1.3.0",
    "gulp-util": "^2.2.14",
    "gulp-watch": "^4.3.4"
  },
  "devDependencies": {
    "bower": "^1.3.3",
    "shelljs": "^0.3.0"
  }
}