{
  "name": "todos",
  "version": "1.13.0",
  "description": "This is an example of the todo-mvc app, it aims to trail ember-cli and ember.js's latest stable conventions.",
  "private": true,
  "directories": {
    "doc": "doc",
    "test": "tests"
  },
  "scripts": {
    "build": "ember build",
    "start": "ember server",
    "test": "ember test"
  },
  "repository": "https://github.com/ember-cli/ember-cli-todos.git",
  "engines": {
    "node": ">= 0.10.0"
  },
  "author": "",
  "license": "MIT",
  "devDependencies": {
    "broccoli-asset-rev": "^2.2.0",
    "ember-cli": "1.13.8",
    "ember-cli-app-version": "1.0.0",
    "ember-cli-babel": "^5.1.5",
    "ember-cli-content-security-policy": "0.4.0",
    "ember-cli-dependency-checker": "^1.0.1",
    "ember-cli-htmlbars": "^1.0.0",
    "ember-cli-htmlbars-inline-precompile": "^0.3.0",
    "ember-cli-ic-ajax": "0.2.1",
    "ember-cli-inject-live-reload": "^1.3.1",
    "ember-cli-qunit": "^1.0.0",
    "ember-cli-release": "0.2.6",
    "ember-cli-sri": "^1.0.4",
    "ember-cli-uglify": "^1.2.0",
    "ember-data": "^2.1.0",
    "ember-data-fixture-adapter": "1.13.0",
    "ember-disable-proxy-controllers": "^1.0.0",
    "ember-export-application-global": "^1.0.4"
  }
}