{
  "name": "synccounter",
  "version": "1.0.0",
  "description": "syncing counter app",
  "main": "index.js",
  "author": "Gethyl George Kurian",
  "license": "MIT",
  "scripts": {
    "start": "webpack-dev-server --content-base --inline --hot",
    "server": "babel-node  server.js",
    "server2": "nodemon server.js",
    "server+client": "babel-node server.js | yarn start"
  },
  "dependencies": {
    "axios": "^0.15.3",
    "babel-cli": "^6.22.2",
    "body-parser": "^1.16.0",
    "express": "^4.14.1",
    "http": "^0.0.0",
    "immutable": "^3.8.1",
    "material-ui": "^0.17.0",
    "mongoose": "^4.8.1",
    "mongoose-auto-increment": "^5.0.1",
    "nodemon": "^1.11.0",
    "react": "^15.4.1",
    "react-dom": "^15.4.1",
    "react-redux": "^5.0.1",
    "react-tap-event-plugin": "^2.0.1",
    "redux": "^3.6.0",
    "redux-thunk": "^2.2.0",
    "socket.io": "^1.7.2",
    "babel-core": "^6.21.0",
    "babel-loader": "^6.2.10",
    "babel-preset-es2015": "^6.18.0",
    "babel-preset-react": "^6.16.0",
    "babel-preset-stage-0": "^6.16.0",
    "webpack": "^1.14.0",
    "webpack-dev-server": "^1.16.2"
  },
  "devDependencies": {}
}