{
  "name": "telegram-bot-github",
  "version": "1.0.0",
  "description": "Allows to you receive GitHub notifications right in the Telegram",
  "author": "Eugene Obrezkov <ghaiklor@gmail.com>",
  "license": "MIT",
  "homepage": "https://github.com/ghaiklor/telegram-bot-github#readme",
  "repository": {
    "type": "git",
    "url": "git+https://github.com/ghaiklor/telegram-bot-github.git"
  },
  "bugs": {
    "url": "https://github.com/ghaiklor/telegram-bot-github/issues"
  },
  "scripts": {
    "start": "node src/index.js"
  },
  "dependencies": {
    "body-parser": "1.18.3",
    "express": "4.16.3",
    "moment": "2.22.2",
    "mongoose": "5.2.14",
    "node-telegram-bot-api": "0.30.0",
    "request": "2.88.0",
    "request-promise-native": "1.0.5",
    "require-all": "3.0.0",
    "winston": "3.1.0"
  }
}