{
  "name": "generator-ghost",
  "version": "0.3.0",
  "description": "Generate Ghost blogs and themes using Yeoman.",
  "keywords": [
    "yeoman-generator"
  ],
  "files": [
    "app",
    "casper"
  ],
  "homepage": "https://github.com/sethvincent/generator-ghost",
  "bugs": "https://github.com/sethvincent/generator-ghost/issues",
  "author": {
    "name": "Seth Vincent",
    "email": "sethvincent@gmail.com",
    "url": "https://github.com/sethvincent"
  },
  "license": "MIT",
  "main": "generators/app/index.js",
  "repository": {
    "type": "git",
    "url": "git://github.com/sethvincent/generator-ghost.git"
  },
  "scripts": {
    "test": "mocha --no-timeouts"
  },
  "dependencies": {
    "bluebird": "^3.3.5",
    "lodash": "^4.12.0",
    "octonode": "^0.7.5",
    "semver": "^5.1.0",
    "yeoman-generator": "^0.23.3"
  },
  "devDependencies": {
    "mocha": "^2.4.5",
    "yeoman-assert": "^2.2.1",
    "yeoman-test": "^1.4.0"
  },
  "engines": {
    "node": ">=0.10",
    "npm": ">=1.4"
  }
}