{
  "name": "fastkit-dva",
  "version": "1.0.2",
  "description": "目标是是打造一个性能更加好的框架",
  "main": "index.js",
  "scripts": {
    "test": "echo \"Error: no test specified\" && exit 1"
  },
  "repository": {
    "type": "git",
    "url": "git+https://github.com/fangkyi03/koa.git"
  },
  "keywords": [
    "dva",
    "redux",
    "react-redux",
    "redux-saga"
  ],
  "author": "fangkyi02",
  "license": "ISC",
  "bugs": {
    "url": "https://github.com/fangkyi03/koa/issues"
  },
  "homepage": "https://github.com/fangkyi03/koa#readme",
  "dependencies": {}
}