{
  "name": "@candela/vega",
  "version": "0.23.4",
  "description": "Candela components built around Vega",
  "main": "dist/candela-vega.js",
  "scripts": {
    "build": "webpack --mode development",
    "build:prod": "webpack --mode production",
    "clean": "rm -rf dist build",
    "lint": "semistandard | snazzy",
    "build:test": "webpack --config webpack.config.test.babel.js --mode development",
    "test": "karma start --colors --log-level error"
  },
  "publishConfig": {
    "access": "public"
  },
  "babel": {
    "presets": [
      "@babel/env"
    ]
  },
  "keywords": [],
  "author": "Kitware Inc.",
  "license": "Apache-2.0",
  "semistandard": {
    "ignore": [
      "dist",
      "build"
    ]
  },
  "dependencies": {
    "@candela/core": "^0.23.4",
    "d3-selection": "^1.1.0",
    "vega-lib": "^3.0.0-rc1",
    "vega-lite": "^2.0.0-beta.8",
    "vega-schema-url-parser": "^1.0.0-beta.2",
    "vega-tooltip": "^0.11.0"
  },
  "devDependencies": {
    "@babel/core": "^7.0.0-beta.44",
    "@babel/preset-env": "^7.0.0-beta.44",
    "@babel/register": "^7.0.0-beta.44",
    "babel-loader": "^8.0.0-beta.2",
    "css-loader": "^0.28.11",
    "istanbul-instrumenter-loader": "^3.0.1",
    "karma": "^2.0.2",
    "karma-chrome-launcher": "^2.2.0",
    "karma-coverage-istanbul-reporter": "^1.4.2",
    "karma-tap": "^4.1.3",
    "karma-tap-pretty-reporter": "^4.0.0",
    "semistandard": "^7.0.5",
    "snazzy": "^4.0.0",
    "style-loader": "^0.21.0",
    "tap-spec": "^4.1.1",
    "tape": "^4.9.0",
    "tape-catch": "^1.0.6",
    "webpack": "^4.6.0",
    "webpack-cli": "^2.0.14"
  }
}