{
  "name": "gortfolio",
  "version": "0.0.0",
  "private": true,
  "description": "awesome & easy to use portfolio site for Designer / Artist / Developer",
  "main": "index.js",
  "scripts": {
    "test": "echo \"Error: no test specified\" && exit 1",
    "build": "gulp build",
    "watch": "gulp watch",
    "serve": "gulp serve"
  },
  "author": "Eisneim <eisneim1@gmail.com>",
  "license": "MIT",
  "devDependencies": {
    "gulp": "^3.8.11",
    "gulp-sass": "^1.2.4",
    "gulp-uglify": "~0.2.1",
    "gulp-util": "~2.2.14",
    "gulp-minify-css": "^0.3.4",
    "gulp-autoprefixer": "0.0.7",
    "gulp-browserify": "^0.5.1",
    "gulp-concat": "^2.5.2",
    "gulp-livereload": "^2.1.0",
    "gulp-open": "^0.3.2",
    "gulp-react": "^2.0.0",
    "babel-runtime": "^5.1.11",
    "babelify": "^6.0.2"
  },
  "dependencies": {
    "dragdealer": "^0.9.8",
    "flux": "^2.0.0",
    "lodash": "^3.3.1",
    "react": "^0.12.2",
    "react-document-title": "^1.0.2",
    "react-router": "^0.12.4",
    "superagent": "^1.1.0"
  }
}