{
  "name": "compactr",
  "version": "2.3.0",
  "description": "Schema based serialization made easy",
  "main": "index.js",
  "scripts": {
    "test": "mocha tests/index.js --exit",
    "bench": "node benchmarks/array.js && node benchmarks/boolean.js && node benchmarks/double.js && node benchmarks/integer.js && node benchmarks/object.js && node benchmarks/string.js"
  },
  "repository": {
    "type": "git",
    "url": "git+https://github.com/compactr/compactr-js.git"
  },
  "keywords": [
    "socket",
    "io",
    "compactr",
    "compact",
    "encode",
    "encoding",
    "serializing",
    "buffer",
    "byte",
    "decode",
    "decoding",
    "compress",
    "data"
  ],
  "author": "frederic charette <fredericcharette@gmail.com>",
  "license": "Apache-2.0",
  "bugs": {
    "url": "https://github.com/compactr/compactr.js/issues"
  },
  "homepage": "https://github.com/compactr/compactr.js#readme",
  "devDependencies": {
    "benchmark": "^2.1.4",
    "chai": "^4.1.0",
    "mocha": "^5.0.0"
  }
}