{
  "name": "@emotion/provider",
  "version": "0.9.2",
  "description": "A provider component to provide options to emotion and allow theming",
  "main": "dist/index.cjs.js",
  "module": "dist/index.es.js",
  "license": "MIT",
  "repository": "https://github.com/emotion-js/next/tree/master/packages/provider",
  "dependencies": {
    "@emotion/cache": "^0.8.3",
    "@emotion/utils": "^0.7.1"
  },
  "peerDependencies": {
    "@emotion/core": "0.x.x",
    "react": ">=16.3.0"
  },
  "publishConfig": {
    "access": "public"
  },
  "files": [
    "src",
    "dist"
  ],
  "umd:main": "./dist/index.min.js"
}