{
  "name": "react-simple-audio-player",
  "version": "0.0.1",
  "description": "audio player build by react",
  "main": "app.js",
  "devDependencies": {
    "webpack": "^1.4.13",
    "webpack-dev-server": "^1.6.5",
    "css-loader": "^0.7.1",
    "style-loader": "^0.8.2",
    "url-loader": "^0.5.5",
    "file-loader": "^0.7.2",
    "sass-loader": "^0.3.0",
    "jsx-loader": "^0.12.1",
    "react-hot-loader": "^0.5.0",
    "html-webpack-plugin": "^1.1.0"
  },
  "dependencies": {
    "react": "^0.13.2",
    "react-bootstrap": "^0.13.0",
    "classnames": "^1.1.4"
  },
  "scripts": {
    "test": "echo \"Error: no test specified\" && exit 1",
    "dev": "webpack --config webpack.config.js --watch & webpack-dev-server --config webpack.config.js",
    "build": "webpack -p --config webpack.config.js "
  },
  "keywords": [
    "react",
    "audio",
    "player"
  ],
  "author": "Luc Humanhighway",
  "license": "ISC"
}