{
  "name": "ember-jobs",
  "version": "0.0.0",
  "description": "Small description for ember-jobs goes here",
  "private": true,
  "directories": {
    "doc": "doc",
    "test": "tests"
  },
  "scripts": {
    "start": "ember server",
    "build": "ember build",
    "test": "ember test"
  },
  "repository": "",
  "engines": {
    "node": ">= 0.10.0"
  },
  "author": "",
  "license": "MIT",
  "devDependencies": {
    "broccoli-asset-rev": "^2.0.2",
    "broccoli-sass": "^0.6.0",
    "ember-cli": "0.2.3",
    "ember-cli-app-version": "0.3.3",
    "ember-cli-babel": "^5.0.0",
    "ember-cli-dependency-checker": "0.0.8",
    "ember-cli-htmlbars": "0.7.4",
    "ember-cli-ic-ajax": "0.1.1",
    "ember-cli-inject-live-reload": "^1.3.0",
    "ember-cli-pretender": "0.3.1",
    "ember-cli-qunit": "0.3.10",
    "ember-cli-spinjs": "0.4.0",
    "ember-cli-uglify": "1.0.1",
    "ember-computed-decorators": "stefanpenner/ember-computed-decorators",
    "ember-data": "1.0.0-beta.16.1",
    "ember-export-application-global": "^1.0.2",
    "express": "^4.12.3",
    "glob": "^5.0.5",
    "morgan": "^1.5.2"
  },
  "dependencies": {
    "broccoli-sass": "^0.6.4",
    "emberfire": "^1.4.4",
    "emberx-select": "^1.1.0"
  }
}