{
  "name": "browser-es-module-loader",
  "version": "0.4.1",
  "description": "Demonstrates ES module loading in the browser",
  "main": "dist/browser-es-module-loader.js",
  "author": "Guy Bedford",
  "repository": {
    "type": "git",
    "url": "https://github.com/ModuleLoader/browser-es-module-loader"
  },
  "license": "MIT",
  "devDependencies": {
    "babel-core": "^6.22.1",
    "babel-plugin-syntax-dynamic-import": "^6.18.0",
    "babel-plugin-transform-es2015-modules-systemjs": "^6.22.0",
    "browserify": "^13.1.0",
    "es-module-loader": "^2.0.0",
    "rollup": "^0.34.7",
    "rollup-plugin-node-resolve": "^2.0.0"
  },
  "scripts": {
    "build": "mkdir -p dist && browserify src/babel-browser-build.js > dist/babel-browser-build.js && rollup -c",
    "prepublish": "npm run build"
  }
}