{
  "name": "algebraic",
  "version": "0.0.10",
  "description": "Algebraic modules and specifications",
  "homepage": "https://github.com/reifyhealth/js-algebraic",
  "bugs": {
    "url": "https://github.com/reifyhealth/js-algebraic/issues",
    "email": "joseph@reifyhealth.com"
  },
  "main": "lib/index.js",
  "scripts": {
    "clean": "rm -rf lib; rm -rf node_modules"
  },
  "keywords": [
    "algebraic",
    "modules",
    "functional",
    "ml"
  ],
  "author": {
    "name": "Joseph Abrahamson",
    "email": "joseph@reifyhealth.com",
    "url": "http://jspha.com"
  },
  "directories": {
    "doc": "./doc",
    "lib": "./lib"
  },
  "repository": {
    "type": "git",
    "url": "reifyhealth/js-algebraic"
  },
  "license": "Apache-2.0",
  "devDependencies": {
    "babelify": "^6.1.3",
    "faucet": "0.0.1",
    "gulp": "^3.9.0",
    "gulp-babel": "^5.2.0",
    "gulp-ext-replace": "^0.2.0",
    "gulp-shell": "^0.4.2",
    "gulp-tape": "0.0.1",
    "tape": "^4.0.3"
  },
  "testling": {
    "files": "lib/test/*.js",
    "browsers": [
      "ie/6..latest",
      "chrome/22..latest",
      "firefox/16..latest",
      "safari/latest",
      "opera/11.0..latest",
      "iphone/6",
      "ipad/6",
      "android-browser/latest"
    ]
  }
}