{
  "name": "todolist",
  "version": "1.0.0",
  "description": "A Vue.js project",
  "author": "yinfan <loveyinfan@163.com>",
  "private": true,
  "scripts": {
    "dev": "node build/dev-server.js",
    "start": "node build/dev-server.js",
    "build": "node build/build.js",
    "unit": "cross-env BABEL_ENV=test karma start test/unit/karma.conf.js --single-run",
    "e2e": "node test/e2e/runner.js",
    "test": "npm run unit && npm run e2e",
    "lint": "eslint --ext .js,.vue src test/unit/specs test/e2e/specs",
    "server": "node app.js"
  },
  "dependencies": {
    "axios": "0.16.1",
    "bcryptjs": "2.4.3",
    "element-ui": "1.3.4",
    "jsonwebtoken": "7.4.1",
    "koa": "2.2.0",
    "koa-bodyparser": "4.2.0",
    "koa-jwt": "3.2.2",
    "koa-router": "7.2.0",
    "koa-static": "3.0.0",
    "mysql": "2.13.0",
    "sequelize": "3.30.4",
    "vue": "^2.3.3",
    "vue-router": "^2.3.1"
  },
  "devDependencies": {
    "autoprefixer": "^6.7.2",
    "babel-core": "^6.22.1",
    "babel-eslint": "^7.1.1",
    "babel-loader": "^6.2.10",
    "babel-plugin-component": "0.9.1",
    "babel-plugin-istanbul": "^4.1.1",
    "babel-plugin-transform-runtime": "^6.22.0",
    "babel-preset-env": "^1.3.2",
    "babel-preset-stage-2": "^6.22.0",
    "babel-register": "^6.22.0",
    "chai": "^3.5.0",
    "chalk": "^1.1.3",
    "chromedriver": "^2.27.2",
    "connect-history-api-fallback": "^1.3.0",
    "copy-webpack-plugin": "^4.0.1",
    "cross-env": "^4.0.0",
    "cross-spawn": "^5.0.1",
    "css-loader": "0.28.3",
    "eslint": "^3.19.0",
    "eslint-config-standard": "^6.2.1",
    "eslint-friendly-formatter": "^2.0.7",
    "eslint-loader": "^1.7.1",
    "eslint-plugin-html": "^2.0.0",
    "eslint-plugin-promise": "^3.4.0",
    "eslint-plugin-standard": "^2.0.1",
    "eventsource-polyfill": "^0.9.6",
    "express": "^4.14.1",
    "extract-text-webpack-plugin": "^2.0.0",
    "file-loader": "^0.11.1",
    "friendly-errors-webpack-plugin": "^1.1.3",
    "html-webpack-plugin": "^2.28.0",
    "http-proxy-middleware": "^0.17.3",
    "inject-loader": "^3.0.0",
    "karma": "^1.4.1",
    "karma-coverage": "^1.1.1",
    "karma-mocha": "^1.3.0",
    "karma-phantomjs-launcher": "^1.0.2",
    "karma-phantomjs-shim": "^1.4.0",
    "karma-sinon-chai": "^1.3.1",
    "karma-sourcemap-loader": "^0.3.7",
    "karma-spec-reporter": "0.0.30",
    "karma-webpack": "^2.0.2",
    "koa-logger": "3.0.0",
    "lolex": "^1.5.2",
    "mocha": "^3.2.0",
    "mysql": "2.13.0",
    "nightwatch": "^0.9.12",
    "opn": "^4.0.2",
    "optimize-css-assets-webpack-plugin": "^1.3.0",
    "ora": "^1.2.0",
    "phantomjs-prebuilt": "^2.1.14",
    "rimraf": "^2.6.0",
    "selenium-server": "^3.0.1",
    "semver": "^5.3.0",
    "sequelize": "3.30.4",
    "shelljs": "^0.7.6",
    "sinon": "^2.1.0",
    "sinon-chai": "^2.8.0",
    "style-loader": "0.18.1",
    "url-loader": "^0.5.8",
    "vue-loader": "^12.1.0",
    "vue-style-loader": "^3.0.1",
    "vue-template-compiler": "^2.3.3",
    "webpack": "^2.6.1",
    "webpack-bundle-analyzer": "^2.2.1",
    "webpack-dev-middleware": "^1.10.0",
    "webpack-hot-middleware": "^2.18.0",
    "webpack-merge": "^4.1.0"
  },
  "engines": {
    "node": ">= 4.0.0",
    "npm": ">= 3.0.0"
  },
  "browserslist": [
    "> 1%",
    "last 2 versions",
    "not ie <= 8"
  ]
}