{
  "name": "POE-sniper",
  "version": "1.5.7-beta",
  "description": "A Path of Exile item sniper",
  "main": "main.js",
  "scripts": {
    "start": "electron .",
    "electron-rebuild": "electron-rebuild"
  },
  "repository": {
    "type": "git",
    "url": "git://github.com/licoffe/POE-sniper.git"
  },
  "keywords": [
    "Electron",
    "quick",
    "start",
    "tutorial",
    "demo"
  ],
  "author": "Licoffe",
  "license": "MIT",
  "devDependencies": {
    "electron": "^1.4.1",
    "electron-rebuild": "^1.6.0"
  },
  "dependencies": {
    "async": "^2.2.0",
    "copy-paste": "^1.3.0",
    "dnscache": "^1.0.1",
    "electron-notify": "^0.1.0",
    "jquery": "^3.2.1",
    "marked": "^0.3.6",
    "mu2": "^0.5.21",
    "open": "0.0.5",
    "pako": "^1.0.6",
    "request": "^2.81.0",
    "socket.io": "^2.0.4"
  }
}