{
  "author": "SoundCloud Ltd.",
  "name": "soundcloud-javascript-deps",
  "description": "dependencies for building soundcloud-javascript",
  "version": "0.0.1",
  "homepage": "http://github.com/soundcloud/soundcloud-javascript",
  "repository": {
    "type": "git",
    "url": "git://github.com/soundcloud/soundcloud-javascript"
  },
  "engines": {
    "node": ">v0.6.13"
  },
  "dependencies": {},
  "devDependencies": {
    "coffee-script": ">1.1.2",
    "uglify-js": "=1.1.1",
    "jslint": "=0.1.0"
  }
}