{
  "name": "yarn-react-webpack-seed",
  "version": "0.9.4",
  "description": "a react seed (router + webpack + react + yarn)",
  "main": "index.js",
  "repository": {
    "url": "https://github.com/JackPu/yarn-react-webpack-seed.git",
    "type": "git"
  },
  "scripts": {
    "start": "webpack-dev-server --port 9000",
    "build": "webpack --progress --colors"
  },
  "author": "JackPu <kakashjack@gmail.com>",
  "license": "MIT",
  "dependencies": {
    "core-image-xhr": "^1.0.1",
    "less-loader": "^2.2.3",
    "prop-types": "^15.5.10",
    "react": "^15.5.4",
    "react-core-image-upload": "^2.2.1",
    "react-dom": "^15.5.4",
    "react-highlight": "^0.10.0",
    "react-highlight.js": "^1.0.5",
    "react-router": "^2.8.1"
  },
  "devDependencies": {
    "babel": "^6.5.2",
    "babel-core": "^6.17.0",
    "babel-loader": "^6.2.5",
    "babel-preset-es2015": "^6.16.0",
    "babel-preset-react": "^6.16.0",
    "history": "^4.3.0",
    "less": "^3.8.1",
    "react-hot-loader": "^3.0.0-beta.6",
    "webpack": "^1.13.2",
    "webpack-dev-server": "^1.16.2"
  },
  "engines": {
    "node": ">=4.0.0",
    "npm": ">=2.5.1"
  }
}