{
  "name": "vjs-video",
  "version": "0.1.11",
  "description": "An angular js directive for video.js",
  "homepage": "http://lonnygomes.github.io/vjs-video/",
  "author": {
    "name": "Lonny Gomes"
  },
  "repository": {
    "type": "git",
    "url": "https://github.com/LonnyGomes/vjs-video.git"
  },
  "main": "dist/vjs-video.min.js",
  "private": false,
  "devDependencies": {
    "chai": "^3.2.0",
    "grunt": "^0.4.5",
    "grunt-angular-templates": "^0.5.7",
    "grunt-autoprefixer": "^2.0.0",
    "grunt-browser-sync": "^2.1.3",
    "grunt-bump": "^0.6.0",
    "grunt-concurrent": "^1.0.0",
    "grunt-contrib-clean": "^0.6.0",
    "grunt-contrib-concat": "^0.5.0",
    "grunt-contrib-connect": "^0.9.0",
    "grunt-contrib-copy": "^0.7.0",
    "grunt-contrib-cssmin": "^0.12.0",
    "grunt-contrib-htmlmin": "^0.4.0",
    "grunt-contrib-jshint": "^0.11.0",
    "grunt-contrib-uglify": "^0.7.0",
    "grunt-contrib-watch": "^0.6.1",
    "grunt-deploy-site": "^0.1.2",
    "grunt-filerev": "^2.1.2",
    "grunt-google-cdn": "^0.4.3",
    "grunt-karma": "^0.12.0",
    "grunt-newer": "^1.1.0",
    "grunt-ng-annotate": "^0.9.2",
    "grunt-svgmin": "^2.0.0",
    "grunt-usemin": "^3.0.0",
    "grunt-wiredep": "^2.0.0",
    "jasmine-core": "^2.3.4",
    "jit-grunt": "^0.9.1",
    "jshint-stylish": "^1.0.0",
    "karma": "^0.13.9",
    "karma-chai": "^0.1.0",
    "karma-chrome-launcher": "^0.2.0",
    "karma-mocha": "^0.2.0",
    "karma-mocha-reporter": "^1.1.1",
    "karma-ng-html2js-preprocessor": "^0.1.2",
    "mocha": "^2.2.5",
    "prettier": "1.7.4",
    "time-grunt": "^1.0.0"
  },
  "engines": {
    "node": ">=0.10.0"
  },
  "scripts": {
    "test": "grunt test",
    "prettier": "prettier --write \"{app,test}/**/*.js\""
  },
  "keywords": [
    "angular",
    "angular.js",
    "video",
    "video.js",
    "vjs",
    "directive"
  ],
  "license": "MIT",
  "dependencies": {
    "angular": ">=1.3.0",
    "video.js": "^5.12.0"
  }
}