{
  "name": "stylelint-config",
  "version": "1.0.0",
  "description": "App for quick generation of stylelint config",
  "main": "index.html",
  "scripts": {
    "test": "echo \"Error: no test specified\" && exit 1",
    "start": "webpack --watch",
    "build": "webpack -p",
    "csslint": "stylelint \"src/css/style.css\"",
    "jslint": "eslint src/js/**"
  },
  "repository": {
    "type": "git",
    "url": "git+https://github.com/maximgatilin/stylelint-config.git"
  },
  "keywords": [
    "stylelint"
  ],
  "author": "Maxim Gatilin",
  "license": "MIT",
  "bugs": {
    "url": "https://github.com/maximgatilin/stylelint-config/issues"
  },
  "homepage": "https://github.com/maximgatilin/stylelint-config#readme",
  "devDependencies": {
    "babel-core": "^6.24.0",
    "babel-loader": "^6.4.1",
    "babel-preset-env": "^1.6.1",
    "css-loader": "^0.28.0",
    "eslint": "^3.19.0",
    "eslint-config-airbnb": "^14.1.0",
    "eslint-plugin-import": "^2.2.0",
    "eslint-plugin-jsx-a11y": "^4.0.0",
    "eslint-plugin-react": "^6.10.3",
    "oncogene": "^1.12.0",
    "script-loader": "^0.7.0",
    "style-loader": "^0.16.1",
    "stylelint": "^7.9.0",
    "stylelint-config-standard": "^16.0.0",
    "webpack": "^2.2.0"
  }
}