{
  "name": "front",
  "version": "1.0.1",
  "private": true,
  "dependencies": {
    "axios": "^0.18.0",
    "react": "^16.4.1",
    "react-dom": "^16.4.1",
    "react-scripts": "^1.1.4"
  },
  "scripts": {
    "docker-start": "docker-compose up -d",
    "docker-build": "docker-compose run --rm front npm run build",
    "docker-test": "npm run -s docker-test:unit",
    "docker-test:unit": "docker-compose run --rm -e CI=true front npm run -s test",
    "docker-test:unit:watch": "docker-compose run --rm front npm run -s test",
    "start": "react-scripts start",
    "build": "react-scripts build",
    "test": "react-scripts test --env=jsdom",
    "eject": "react-scripts eject"
  },
  "proxy": {
    "/api": {
      "target": "http://api:5000",
      "changeOrigin": true,
      "pathRewrite": {
        "^/api": ""
      }
    }
  }
}