{
  "name": "webpack-single-page-boilerplate",
  "version": "0.0.0",
  "description": "Simple Page app boilerplate using webpack",
  "main": "scripts/index.js",
  "scripts": {
    "build": "NODE_ENV=production webpack -p",
    "start": "webpack -d --watch",
    "test": "eslint . && webpack"
  },
  "keywords": [
    "boilerplate",
    "webpack",
    "babel",
    "less"
  ],
  "author": "Nihey Takizawa <nihey.takizawa@gmail.com>",
  "license": "CC0-1.0",
  "dependencies": {
    "font-awesome": "^4.7.0",
    "highlight.js": "^9.14.2",
    "img-loader": "^3.0.1",
    "jquery": "^3.3.1",
    "sprite-js": "^0.1.1"
  },
  "devDependencies": {
    "@babel/core": "^7.3.3",
    "@babel/plugin-proposal-class-properties": "^7.3.3",
    "@babel/plugin-proposal-function-bind": "^7.2.0",
    "babel-eslint": "^10.0.1",
    "babel-loader": "^8.0.5",
    "cheerio": "^1.0.0-rc.2",
    "config": "^3.0.1",
    "css-loader": "^2.1.0",
    "eslint": "^5.14.1",
    "eslint-plugin-prettier": "^3.0.1",
    "exports-loader": "^0.7.0",
    "extract-text-webpack-plugin": "^4.0.0-beta.0",
    "file-loader": "^3.0.1",
    "html-minifier": "^3.5.21",
    "image-load": "0.0.2",
    "json-loader": "^0.5.7",
    "less": "^3.9.0",
    "less-loader": "^4.1.0",
    "md5": "^2.2.1",
    "node-libs-browser": "^2.2.0",
    "style-loader": "^0.23.1",
    "text-loader": "0.0.1",
    "webpack": "^4.29.5",
    "webpack-cli": "^3.2.3"
  }
}