{
  "name": "sparkmonitor-js",
  "version": "0.0.1",
  "description": "Jupyter Notebook extension to monitor Apache Spark Jobs",
  "repository": {
    "type": "git",
    "url": "git+https://github.com/krishnan-r/sparkmonitor.git"
  },
  "keywords": [
    "Jupyter",
    "Spark",
    "Extension",
    "Notebook"
  ],
  "author": "Krishnan R",
  "license": "LGPL-2.1",
  "bugs": {
    "url": "https://github.com/krishnan-r/sparkmonitor/issues"
  },
  "homepage": "https://github.com/krishnan-r/sparkmonitor#readme",
  "devDependencies": {
    "babel-core": "^6.25.0",
    "babel-loader": "^7.1.1",
    "babel-plugin-add-module-exports": "^0.2.1",
    "babel-preset-env": "^1.6.0",
    "css-loader": "^0.28.4",
    "file-loader": "^0.11.2",
    "html-loader": "^0.4.5",
    "ify-loader": "^1.0.4",
    "ink-docstrap": "^1.3.0",
    "jsdoc": "^3.5.4",
    "style-loader": "^0.18.2",
    "url-loader": "^0.5.9",
    "webpack": "^3.3.0"
  },
  "scripts": {
    "webpack": "webpack -p --config webpack.config.js",
    "webpackwatch": "webpack --watch --config webpack.config.js",
    "docs": "jsdoc -c conf.json ./js/"
  },
  "dependencies": {
    "kuende-livestamp": "^1.1.2",
    "moment-duration-format": "^1.3.0",
    "plotly.js": "^1.29.0",
    "twix": "^1.2.0",
    "vis": "^4.20.1"
  }
}