{
  "name": "cookiecutter-webpack",
  "version": "0.3.2",
  "description": "Boilerplate for setting up webpack 2 configuration with hot reloading, babel for es6 modules, react + redux.",
  "directories": {
    "hooks": "hooks",
    "source": "{{cookiecutter.repo_name}}",
    "test": "tests"
  },
  "devDependencies": {
    "babel-eslint": "^6.0.4",
    "eslint": "^3.0.1",
    "eslint-plugin-babel": "^3.2.0",
    "eslint-plugin-react": "^5.0.1"
  },
  "engines": {
    "node": ">=4"
  },
  "scripts": {
    "test": "py.test tests",
    "version": "make test && make changelog && git add -p CHANGELOG.md && git checkout CHANGELOG.md"
  },
  "repository": {
    "type": "git",
    "url": "git+https://github.com/goldhand/cookiecutter-webpack.git"
  },
  "keywords": [
    "webpack",
    "es6",
    "react",
    "redux",
    "cookiecutter",
    "boilerplate"
  ],
  "author": "Will Farley <a.will.farley@gmail.com>",
  "license": "ISC",
  "bugs": {
    "url": "https://github.com/goldhand/cookiecutter-webpack/issues"
  },
  "homepage": "https://github.com/goldhand/cookiecutter-webpack#readme"
}