{
  "name": "blip",
  "version": "1.17.0",
  "private": true,
  "scripts": {
    "test": "NODE_ENV=test ./node_modules/karma/bin/karma start",
    "nightwatch": "export API_HOST='http://localhost:8009' && npm run build && npm run install-selenium && ./node_modules/nightwatch/bin/nightwatch",
    "nightwatch-single": "./node_modules/nightwatch/bin/nightwatch",
    "browser-tests": "NODE_ENV=test ./node_modules/karma/bin/karma start --browsers Chrome",
    "test-watch": "NODE_ENV=test ./node_modules/karma/bin/karma start --no-single-run --reporters=mocha",
    "start": "NODE_ENV=development ./node_modules/webpack-dev-server/bin/webpack-dev-server.js --cache --colors --progress --port 3000 --host 0.0.0.0",
    "build": "NODE_ENV=production npm run build-app && npm run build-config",
    "build-app": "NODE_ENV=production node buildapp",
    "build-config": "NODE_ENV=production node buildconfig",
    "server": "node server",
    "lint": "./node_modules/.bin/eslint app test",
    "install-selenium": "./node_modules/selenium-standalone/bin/selenium-standalone install --version=2.53.0",
    "build-docs": "./update-gh-pages.sh",
    "serve-docs": "./node_modules/.bin/gitbook serve",
    "update-translations": "i18next 'app/**/*.js' 'node_modules/tideline/{plugins,js}/**/*.js' 'node_modules/@tidepool/viz/{storiesDatatypes,storybookDatatypes,stories,src}/**/*.js' -c i18next-parser.config.json -o ."
  },
  "engines": {
    "node": ">=10.x",
    "npm": ">=6.x"
  },
  "dependencies": {
    "@babel/cli": "7.1.0",
    "@babel/core": "7.1.0",
    "@babel/polyfill": "7.0.0",
    "@babel/preset-env": "7.1.0",
    "@babel/preset-react": "7.0.0",
    "@tidepool/viz": "1.2.0-negative-sd-range-fix.1",
    "async": "2.6.1",
    "autoprefixer": "9.1.5",
    "babel-core": "7.0.0-bridge.0",
    "babel-eslint": "9.0.0",
    "babel-loader": "8.0.2",
    "babel-plugin-istanbul": "5.0.1",
    "babel-plugin-rewire": "1.2.0",
    "babel-preset-react-app": "4.0.0-next.2150693d",
    "body-parser": "1.18.3",
    "bows": "1.7.0",
    "browser-locale": "1.0.3",
    "classnames": "2.2.6",
    "copy-webpack-plugin": "4.5.2",
    "css-loader": "1.0.0",
    "custom-protocol-detection": "1.0.1",
    "express": "4.16.3",
    "file-loader": "2.0.0",
    "fixed-data-table-2": "0.8.15",
    "github-api": "3.0.0",
    "hakken": "0.1.8",
    "helmet": "3.13.0",
    "history": "2.1.2",
    "html-webpack-plugin": "4.0.0-alpha.2",
    "i18next": "11.9.0",
    "i18next-parser": "1.0.0-beta9",
    "intl": "1.2.5",
    "less-loader": "4.1.0",
    "lodash": "4.17.10",
    "mini-css-extract-plugin": "0.5.0",
    "moment": "2.22.2",
    "optimize-css-assets-webpack-plugin": "5.0.1",
    "postcss-loader": "3.0.0",
    "qs": "6.5.2",
    "react": "15.6.2",
    "react-addons-update": "15.6.2",
    "react-dom": "15.6.2",
    "react-i18next": "7.13.0",
    "react-loading": "2.0.3",
    "react-redux": "4.4.5",
    "react-router": "2.7.0",
    "react-router-redux": "3.0.0",
    "react-scroll": "1.7.10",
    "react-select": "2.0.0",
    "react-window-size-listener": "1.2.1",
    "redux": "3.5.2",
    "redux-cache": "0.3.0",
    "redux-logger": "2.6.1",
    "redux-thunk": "2.2.0",
    "reselect": "3.0.1",
    "script-loader": "0.7.2",
    "shelljs": "0.8.2",
    "style-loader": "0.23.0",
    "sundial": "1.6.0",
    "tideline": "1.12.0",
    "tidepool-platform-client": "0.40.0",
    "uglify-es": "3.3.9",
    "uglifyjs-webpack-plugin": "2.0.1",
    "url-loader": "1.1.1",
    "webpack": "4.18.0",
    "webpack-cli": "3.1.0",
    "worker-loader": "2.0.0"
  },
  "devDependencies": {
    "chai": "4.1.2",
    "chromedriver": "2.41.0",
    "enzyme": "3.6.0",
    "enzyme-adapter-react-15": "1.1.0",
    "eslint": "5.6.0",
    "eslint-plugin-react": "7.11.1",
    "gitbook-cli": "2.3.2",
    "karma": "3.0.0",
    "karma-chai": "0.1.0",
    "karma-chrome-launcher": "2.2.0",
    "karma-coverage": "1.1.2",
    "karma-intl-shim": "1.0.3",
    "karma-mocha": "1.3.0",
    "karma-mocha-reporter": "2.2.5",
    "karma-phantomjs-launcher": "1.0.4",
    "karma-sinon": "1.0.5",
    "karma-sourcemap-loader": "0.3.7",
    "karma-webpack": "4.0.0-rc.2",
    "less": "3.8.1",
    "mocha": "5.2.0",
    "ms": "2.1.1",
    "nightwatch": "0.9.21",
    "object-invariant-test-helper": "0.1.1",
    "optional": "0.1.4",
    "phantomjs-prebuilt": "2.1.16",
    "prop-types": "15.6.2",
    "react-addons-create-fragment": "15.6.2",
    "react-addons-perf": "15.6.0-rc.1",
    "react-addons-pure-render-mixin": "15.6.2",
    "react-addons-test-utils": "15.6.2",
    "react-hot-loader": "4.3.10",
    "react-test-renderer": "15.6.2",
    "redux-devtools": "3.4.1",
    "redux-devtools-dock-monitor": "1.1.3",
    "redux-devtools-log-monitor": "1.4.0",
    "redux-immutable-state-invariant": "2.1.0",
    "redux-mock-store": "1.5.3",
    "salinity": "0.0.8",
    "selenium-standalone": "6.15.2",
    "sinon": "6.2.0",
    "sinon-chai": "3.2.0",
    "tidepool-standard-action": "0.1.1",
    "webpack-dev-server": "3.1.8"
  },
  "peerDependencies": {
    "babel-core": "6.x || ^7.0.0-bridge.0"
  },
  "resolutions": {
    "sundial/moment-timezone": "0.5.21"
  }
}