{
  "name": "redux-tetris",
  "version": "1.0.0",
  "description": "",
  "main": "index.js",
  "scripts": {
    "test": "echo \"Error: no test specified\" && exit 1",
    "start": "webpack-dev-server"
  },
  "author": "",
  "license": "ISC",
  "dependencies": {
    "konva": "^1.0.3",
    "material-ui": "^0.15.3",
    "normalize.css": "^5.0.0",
    "react": "^15.2.0",
    "react-dom": "^15.2.0",
    "react-konva": "^1.0.5",
    "react-redux": "^4.4.5",
    "react-tap-event-plugin": "^1.0.0",
    "redux": "^3.5.2",
    "redux-thunk": "^2.1.0",
    "semantic-ui-css": "^2.1.8"
  },
  "devDependencies": {
    "babel-core": "^6.9.1",
    "babel-loader": "^6.2.4",
    "babel-plugin-add-module-exports": "^0.2.1",
    "babel-plugin-transform-class-properties": "^6.11.5",
    "babel-preset-es2015": "^6.9.0",
    "babel-preset-react": "^6.5.0",
    "babel-preset-stage-0": "^6.5.0",
    "brfs": "^1.4.3",
    "css-loader": "^0.24.0",
    "eslint": "^3.3.1",
    "eslint-config-airbnb": "^10.0.1",
    "eslint-plugin-import": "^1.13.0",
    "eslint-plugin-jsx-a11y": "^2.1.0",
    "eslint-plugin-react": "^6.1.1",
    "redux-devtools": "^3.3.1",
    "redux-devtools-dock-monitor": "^1.1.1",
    "redux-devtools-log-monitor": "^1.0.11",
    "style-loader": "^0.13.1",
    "transform-loader": "^0.2.3",
    "webpack": "^1.13.1",
    "webpack-dashboard": "0.0.1",
    "webpack-dev-server": "^1.14.1"
  }
}