{
  "name": "babel-plugin-recharts",
  "version": "1.2.0",
  "description": "Modular Recharts builds without the hassle.",
  "main": "lib/index.js",
  "scripts": {
    "build": "rm -rf lib && babel src --out-dir lib",
    "dev": "rm -rf lib && babel src --out-dir lib -w",
    "test": "mocha --check-leaks --require @babel/register"
  },
  "keywords": [
    "babel-plugin",
    "recharts",
    "modules"
  ],
  "author": "recharts group",
  "license": "MIT",
  "devDependencies": {
    "@babel/cli": "^7.1.0",
    "@babel/core": "^7.1.0",
    "@babel/preset-env": "^7.0.0",
    "@babel/preset-stage-0": "^7.0.0",
    "@babel/register": "^7.0.0",
    "babel-plugin-add-module-exports": "^1.0.0",
    "mocha": "^5.2.0",
    "recharts": "^1.3.1"
  },
  "files": [
    "lib",
    "*.md"
  ],
  "dependencies": {
    "@babel/traverse": "^7.1.0",
    "@babel/types": "^7.1.0",
    "babylon": "^6.18.0"
  }
}