{
  "name": "schema-form",
  "version": "0.0.1",
  "description": "Angular directives that produces form fields from json schema",
  "homepage": "https://your/lib/name/here",
  "author": {
    "name": "Chris Nelson",
    "company": "Gaslight"
  },
  "main": "main.js",
  "dependencies": {
    "coffee-script": "~ 1.6.3",
    "underscore": "~1.5.1"
  },
  "devDependencies": {
    "lineman": ">= 0.24.7",
    "lineman-lib": ">= 0.0.1",
    "lineman-angular": ">= 0.2.0",
    "grunt": "~0.4.2",
    "lineman-bower": "0.0.3"
  },
  "scripts": {
    "start": "lineman run",
    "test": "lineman spec-ci"
  }
}