{
  "name": "nas-explorer",
  "version": "1.0.0",
  "description": "front-end",
  "author": "vuecli",
  "private": true,
  "scripts": {
    "build": "node build/build.js",
    "dev": "webpack-dev-server --inline --progress --config build/webpack.dev.conf.js",
    "start": "npm run dev"
  },
  "dependencies": {
    "bignumber.js": "7.2.1",
    "bootstrap": "^4.1.0",
    "font-awesome": "^4.7.0",
    "highcharts": "^6.1.0",
    "jquery": "^3.3.1",
    "js-base64": "2.4.9",
    "js-beautify": "^1.7.5",
    "moment": "^2.23.0",
    "popper.js": "^1.14.3",
    "prismjs": "^1.14.0",
    "vue": "^2.5.16",
    "vue-analytics": "^5.16.1",
    "vue-echarts": "^3.1.3",
    "vue-router": "^3.0.1"
  },
  "devDependencies": {
    "autoprefixer": "^8.3.0",
    "babel-core": "^6.26.0",
    "babel-helper-vue-jsx-merge-props": "^2.0.3",
    "babel-loader": "^7.1.4",
    "babel-plugin-syntax-jsx": "^6.18.0",
    "babel-plugin-transform-es2015-modules-commonjs": "^6.26.2",
    "babel-plugin-transform-runtime": "^6.23.0",
    "babel-plugin-transform-vue-jsx": "^3.7.0",
    "babel-preset-env": "^1.6.1",
    "babel-preset-stage-2": "^6.24.1",
    "chalk": "^2.3.2",
    "copy-webpack-plugin": "^4.5.1",
    "css-loader": "^0.28.11",
    "extract-text-webpack-plugin": "^3.0.2",
    "file-loader": "^1.1.11",
    "friendly-errors-webpack-plugin": "^1.7.0",
    "html-webpack-plugin": "^2.30.1",
    "node-notifier": "^5.2.1",
    "optimize-css-assets-webpack-plugin": "^3.2.0",
    "ora": "^2.0.0",
    "portfinder": "^1.0.13",
    "postcss-import": "^11.1.0",
    "postcss-loader": "^2.1.4",
    "rimraf": "^2.6.2",
    "semver": "^5.5.0",
    "shelljs": "^0.8.1",
    "uglifyjs-webpack-plugin": "^1.2.4",
    "url-loader": "^0.6.2",
    "vue-loader": "^14.2.2",
    "vue-style-loader": "^4.1.0",
    "vue-template-compiler": "^2.5.16",
    "webpack": "^3.11.0",
    "webpack-bundle-analyzer": "^2.11.1",
    "webpack-dev-server": "^2.11.2",
    "webpack-merge": "^4.1.2"
  },
  "engines": {
    "node": ">= 4.0.0",
    "npm": ">= 3.0.0"
  },
  "browserslist": [
    "> 1%",
    "last 2 versions",
    "not ie <= 8"
  ]
}