{
  "name": "functools",
  "version": "1.4.0",
  "description": "A minimal library of functional operations",
  "author": "Azer Koculu <azer@kodfabrik.com>",
  "keywords": [
    "functional",
    "fp"
  ],
  "directories": {
    "lib": "./lib"
  },
  "main": "./lib/functools",
  "repository": {
    "type": "git",
    "url": "http://github.com/azer/functools.git"
  },
  "devDependencies": {
    "lowkick": "0.x",
    "highkick": "1.x"
  },
  "scripts": {
    "test": "./node_modules/.bin/highkick test/main.js"
  }
}