{
  "name": "blog-backend",
  "version": "1.0.0",
  "main": "index.js",
  "license": "MIT",
  "dependencies": {
    "dotenv": "^5.0.1",
    "joi": "^13.3.0",
    "koa": "^2.5.1",
    "koa-bodyparser": "^4.2.1",
    "koa-router": "^7.4.0",
    "mongoose": "^5.2.12"
  },
  "devDependencies": {
    "eslint": "^4.19.1",
    "eslint-config-airbnb-base": "^12.1.0",
    "eslint-plugin-import": "^2.12.0"
  },
  "scripts": {
    "start": "NODE_PATH=src node src",
    "start:dev": "NODE_PATH=src nodemon --watch src/ src/index.js"
  }
}