{
  "name": "jquery.orangevolt-ampere",
  "version": "0.2.0",
  "dependencies": {
    "express": ""
  },
  "engines": {
    "node": ">= 0.8.0"
  },
  "scripts": {
    "test": "grunt jasmine",
    "start": "node server.js"
  },
  "devDependencies": {
    "grunt": "0.4",
    "grunt-contrib": "",
    "jasmine-node": "",
    "underscore": "",
    "grunt-contrib-clean": "~0.4.0",
    "grunt-contrib-jshint": "~0.2.0",
    "grunt-contrib-jasmine": "~0.3.3",
    "grunt-contrib-copy": "~0.4.0",
    "grunt-contrib-less": "~0.5.0",
    "grunt-contrib-uglify": "~0.1.2",
    "grunt-contrib-watch": "~0.3.1",
    "grunt-contrib-cssmin": "~0.4.1",
    "grunt-lib-phantomjs": "~0.4.0"
  }
}