{
  "name": "react-ui-interactions",
  "version": "1.0.0",
  "description": "Ready-to-Use UI Solutions for React Application",
  "main": "index.js",
  "scripts": {
    "start": "webpack-dev-server --open --mode development",
    "build": "webpack --mode production",
    "format": "prettier src/**/*.js --write",
    "test": "echo \"Error: no test specified\" && exit 1"
  },
  "dependencies": {
    "@reach/router": "^1.2.1",
    "react": "^16.8.4",
    "react-dom": "^16.8.4",
    "react-spring": "^8.0.14",
    "styled-components": "^4.1.3"
  },
  "devDependencies": {
    "@babel/core": "^7.3.4",
    "@babel/preset-env": "^7.3.4",
    "@babel/preset-react": "^7.0.0",
    "babel-loader": "^8.0.5",
    "babel-plugin-styled-components": "^1.10.0",
    "clean-webpack-plugin": "^2.0.0",
    "error-overlay-webpack-plugin": "^0.1.6",
    "html-webpack-plugin": "^3.2.0",
    "prettier": "1.16.4",
    "webpack": "^4.28.4",
    "webpack-cli": "^3.2.1",
    "webpack-dev-server": "^3.1.14",
    "workbox-webpack-plugin": "^3.6.3"
  },
  "browserslist": "> 0.25%, not dead",
  "babel": {
    "presets": [
      [
        "@babel/preset-env",
        {
          "useBuiltIns": "usage"
        }
      ],
      "@babel/preset-react"
    ],
    "plugins": [
      "babel-plugin-styled-components"
    ]
  },
  "prettier": {
    "printWidth": 100,
    "trailingComma": "all"
  },
  "repository": {
    "type": "git",
    "url": "git+https://github.com/coderitual/react-ui-interactions.git"
  },
  "bugs": {
    "url": "https://github.com/coderitual/react-ui-interactions/issues"
  },
  "homepage": "https://github.com/coderitual/react-ui-interactions#readme",
  "author": "coderitual",
  "license": "MIT"
}