{
  "name": "toggl-cli",
  "version": "0.2.0",
  "description": "Manage your Toggl.com time entries from the familiarity of the nearby CLI.",
  "repository": {
    "type": "git",
    "url": "git@github.com:meeDamian/toggl-cli.git"
  },
  "main": "./src/main.js",
  "preferGlobal": true,
  "bin": {
    "toggl": "./src/index.js"
  },
  "scripts": {
    "start": "./src/index.js",
    "test": "xo && isparta cover _mocha"
  },
  "keywords": [
    "toggl",
    "cli",
    "utility",
    "tool",
    "time",
    "tracking"
  ],
  "author": "Damian Mee <mee.damian@gmail.com> (https://meedamian.com)",
  "license": "MIT",
  "engines": {
    "node": ">=5.0.0"
  },
  "dependencies": {
    "chalk": "^1.1.3",
    "fs-extra": "^0.30.0",
    "log-update": "^1.0.2",
    "mee": "^0.11.3",
    "minimist": "^1.2.0",
    "open": "0.0.5",
    "request": "^2.75.0"
  },
  "devDependencies": {
    "babel-preset-es2015": "^6.14.0",
    "chai": "^3.5.0",
    "chai-as-promised": "^5.3.0",
    "chai-spies": "^0.7.1",
    "codecov": "^1.0.1",
    "coveralls": "^2.11.14",
    "isparta": "^4.0.0",
    "mocha": "^3.0.2",
    "xo": "^0.16.0"
  },
  "xo": {
    "esnext": true,
    "envs": [
      "node",
      "mocha",
      "es6"
    ],
    "rules": {
      "max-params": [
        "warn",
        {
          "max": 5
        }
      ]
    },
    "ignores": [
      "src/index.js"
    ]
  },
  "babel": {
    "presets": [
      "es2015"
    ]
  }
}