{
  "name": "jsconfuy",
  "version": "1.0.0",
  "description": "jsconfuy: An Ionic project",
  "dependencies": {
    "express": "~4.4.3",
    "gulp": "^3.5.6",
    "gulp-sass": "^1.3.3",
    "gulp-concat": "^2.2.0",
    "gulp-minify-css": "^0.3.0",
    "gulp-rename": "^1.2.0"
  },
  "devDependencies": {
    "bower": "^1.3.3",
    "gulp-util": "^2.2.14",
    "shelljs": "^0.3.0"
  },
  "cordovaPlugins": [
    "org.apache.cordova.device",
    "org.apache.cordova.console",
    "com.ionic.keyboard"
  ],
  "cordovaPlatforms": [
    "android"
  ]
}