{
  "name": "facebook-live-video",
  "version": "1.0.0",
  "description": "Stream a website with phantomjs to Facebook Live via ffmpeg (video) and collect Facebook reactions",
  "main": "src/index.js",
  "scripts": {
    "start": "node src/index.js",
    "test": "echo \"Error: no test specified\" && exit 1"
  },
  "author": "Philipp Holly",
  "website": "http://www.pholly.at",
  "license": "MIT",
  "tags": [
    "live",
    "facebook",
    "reactions",
    "stream",
    "website",
    "phantomjs",
    "ffmpeg",
    "video"
  ],
  "dependencies": {
    "bluebird": "^3.4.6",
    "request": "^2.78.0",
    "request-promise": "^4.1.1"
  }
}