{
  "name": "slides",
  "version": "1.0.0",
  "description": "Slides for stuff",
  "main": "none",
  "scripts": {
    "test": "echo \"Error: no test specified\" && exit 1",
    "start:webpack": "webpack-dev-server --hot -d --env.app webpack",
    "start:frontend-optimize": "webpack-dev-server --hot -d --env.app frontend-optimize",
    "start:webpack2": "webpack-dev-server --hot -d --env.app webpack2",
    "build": "rm -rf build && webpack -p --progress --profile --env.prod && cp -r public/* build",
    "deploy": "gh-pages -d build"
  },
  "keywords": [
    "slides"
  ],
  "author": "Tobias Koppers @sokra",
  "license": "MIT",
  "dependencies": {
    "babel-core": "^5.0.0",
    "babel-loader": "^5.3.2",
    "bespoke": "^1.0.0",
    "bespoke-backdrop": "^1.0.0",
    "bespoke-hash": "^1.0.2",
    "bespoke-keys": "^1.1.0",
    "bespoke-progress": "^1.0.0",
    "bespoke-scale": "^1.0.1",
    "bespoke-theme-cube": "^2.0.1",
    "bespoke-theme-nebula": "^1.0.1",
    "bespoke-theme-terminal": "^1.0.1",
    "bespoke-touch": "^1.0.0",
    "css-loader": "^0.19.0",
    "file-loader": "^0.8.4",
    "gh-pages": "^0.12.0",
    "highlight.js": "^8.8.0",
    "html-loader": "^0.3.0",
    "html-webpack-plugin": "^1.6.1",
    "markdown-loader": "^0.1.7",
    "offline-plugin": "^4.6.1",
    "react": "^0.13.3",
    "style-loader": "^0.12.4",
    "webpack": "^2.2.0",
    "webpack-dev-server": "^2.0.0"
  }
}