{
  "name": "testjest",
  "version": "1.0.0",
  "description": "Test React and Redux using Jest",
  "main": "index.js",
  "author": "Gethyl George Kurian",
  "license": "MIT",
  "scripts": {
    "dev": "webpack-dev-server --content-base --inline --hot",
    "test": "jest"
  },
  "dependencies": {
    "babel-preset-es2015": "^6.18.0",
    "babel-preset-react": "^6.16.0",
    "babel-preset-stage-0": "^6.16.0",
    "react": "^15.4.1",
    "react-dom": "^15.4.1",
    "react-redux": "^5.0.1",
    "redux": "^3.6.0"
  },
  "devDependencies": {
    "babel-jest": "^18.0.0",
    "babel-loader": "^6.2.10",
    "babel-plugin-transform-decorators-legacy": "^1.3.4",
    "enzyme": "^2.7.0",
    "jest": "^18.1.0",
    "react-addons-test-utils": "^15.4.1",
    "react-test-renderer": "^15.4.1",
    "redux-mock-store": "^1.2.1",
    "webpack": "^1.14.0",
    "webpack-dev-server": "^1.16.2"
  }
}