{
  "title": "Notify.js",
  "name": "notify",
  "version": "0.3.2",
  "author": {
    "name": "Jaime Pillora"
  },
  "homepage": "http://notifyjs.com/",
  "license": "MIT",
  "devDependencies": {
    "grunt": "~0.4.x",
    "grunt-contrib-watch": "~0.1.4",
    "grunt-contrib-uglify": "~0.1.1rc6",
    "grunt-contrib-jshint": "~0.1.0",
    "grunt-contrib-concat": "~0.1.1",
    "grunt-contrib-coffee": "~0.4.0rc7",
    "grunt-wrap": "~0.2.0"
  },
  "dependencies": {
    "grunt-contrib-concat": "~0.3.0"
  }
}