{
  "name": "mpvue-ts-demo",
  "version": "2.0.0",
  "description": "A Mpvue Typescript project",
  "author": "Wing Gao <wing.gao@live.com>",
  "private": true,
  "scripts": {
    "dev:wx": "node build/dev-server.js wx",
    "start:wx": "npm run dev:wx",
    "build:wx": "node build/build.js wx",
    "dev:swan": "node build/dev-server.js swan",
    "start:swan": "npm run dev:swan",
    "build:swan": "node build/build.js swan",
    "dev:tt": "node build/dev-server.js tt",
    "start:tt": "npm run dev:tt",
    "build:tt": "node build/build.js tt",
    "dev:my": "node build/dev-server.js my",
    "start:my": "npm run dev:my",
    "build:my": "node build/build.js my",
    "dev": "node build/dev-server.js wx",
    "start": "npm run dev",
    "build": "node build/build.js wx"
  },
  "dependencies": {
    "debug": "^3.1.0",
    "flyio": "^0.6.9",
    "lodash": "^4.17.11",
    "vue": "^2.5.16",
    "vue-property-decorator": "^7.0.0",
    "mpvue": "^2.0.0",
    "vuex": "^3.0.1"
  },
  "devDependencies": {
    "@types/node": "^9.4.7",
    "@types/weixin-app": "^2.2.21",
    "autoprefixer": "^7.1.2",
    "awesome-typescript-loader": "^4.0.1",
    "babel-eslint": "^7.1.1",
    "babel-plugin-transform-decorators-legacy": "^1.3.4",
    "cross-env": "^5.2.0",
    "eslint": "^3.19.0",
    "eslint-config-standard": "^6.2.1",
    "eslint-friendly-formatter": "^3.0.0",
    "eslint-loader": "^1.7.1",
    "eslint-plugin-html": "^3.0.0",
    "eslint-plugin-promise": "^3.4.0",
    "eslint-plugin-standard": "^2.0.1",
    "less": "^3.8.1",
    "less-loader": "^4.1.0",
    "mpvue-entry": "^1.4.7",
    "opn": "^5.1.0",
    "tencent-wx-app": "^1.1.201712221707",
    "typescript": "^2.7.2",
    "webpack-dev-middleware": "^1.10.0",
    "webpack-hot-middleware": "^2.18.0",
    "babel-core": "^6.22.1",
    "babel-loader": "^7.1.1",
    "babel-plugin-transform-runtime": "^6.22.0",
    "babel-preset-env": "^1.3.2",
    "babel-preset-stage-2": "^6.22.0",
    "babel-register": "^6.22.0",
    "chalk": "^2.4.0",
    "connect-history-api-fallback": "^1.3.0",
    "copy-webpack-plugin": "^4.5.1",
    "css-loader": "^0.28.11",
    "cssnano": "^3.10.0",
    "eventsource-polyfill": "^0.9.6",
    "express": "^4.16.3",
    "extract-text-webpack-plugin": "^3.0.2",
    "file-loader": "^1.1.11",
    "friendly-errors-webpack-plugin": "^1.7.0",
    "glob": "^7.1.2",
    "html-webpack-plugin": "^3.2.0",
    "http-proxy-middleware": "^0.18.0",
    "optimize-css-assets-webpack-plugin": "^3.2.0",
    "ora": "^2.0.0",
    "portfinder": "^1.0.13",
    "postcss-loader": "^2.1.4",
    "postcss-mpvue-wxss": "^1.0.0",
    "prettier": "~1.12.1",
    "px2rpx-loader": "^0.1.10",
    "relative": "^3.0.2",
    "rimraf": "^2.6.0",
    "semver": "^5.3.0",
    "shelljs": "^0.8.1",
    "uglifyjs-webpack-plugin": "^1.2.5",
    "url-loader": "^1.0.1",
    "vue-style-loader": "^4.1.0",
    "mkdirp": "^0.5.1",
    "mpvue-loader": "^2.0.0",
    "mpvue-template-compiler": "^2.0.0",
    "mpvue-webpack-target": "^1.0.3",
    "webpack-mpvue-vendor-plugin": "^2.0.0",
    "webpack-mpvue-asset-plugin": "^2.0.0",
    "webpack-bundle-analyzer": "^2.2.1",
    "webpack-dev-middleware-hard-disk": "^1.12.0",
    "webpack-merge": "^4.1.0",
    "webpack": "^3.11.0"
  },
  "engines": {
    "node": ">= 4.0.0",
    "npm": ">= 3.0.0"
  },
  "browserslist": [
    "> 1%",
    "last 2 versions",
    "not ie <= 8"
  ]
}