{
  "name": "baidu_tieba_crawler",
  "version": "1.4.0",
  "description": "baidu_tieba",
  "main": "server.js",
  "repository": {
    "type": "git",
    "url": "https://github.com/tyaqing/baidu_tieba_crawler"
  },
  "contributors": [
    {
      "name": "ArH",
      "email": "626019610@qq.com"
    }
  ],
  "scripts": {
    "test": "echo \"Error: no test specified\" && exit 1"
  },
  "author": "ArH",
  "license": "ISC",
  "dependencies": {
    "body-parser": "^1.15.2",
    "cheerio": "^0.22.0",
    "eventproxy": "^0.3.5",
    "express": "^4.14.0",
    "fs": "0.0.1-security",
    "iconv": "^2.2.1",
    "kue": "^0.11.5",
    "mongoose": "^4.6.6",
    "socket.io": "^1.5.1",
    "superagent": "^2.2.0",
    "superagent-charset": "^1.1.1"
  }
}