{
  "name": "mfetch",
  "version": "0.2.27",
  "description": "",
  "main": "./lib",
  "scripts": {
    "build": "nps build,build.prod,build.dev",
    "test": "nps test.unit",
    "pub": "pub",
    "test:cover": "nps test.cover",
    "test:dev": "nps test.dev",
    "test:perf": "nps test.perf"
  },
  "repository": {
    "type": "git",
    "url": ""
  },
  "keywords": [],
  "author": "",
  "bugs": {
    "url": ""
  },
  "alias": {
    "mfetch": "index"
  },
  "homepage": "",
  "dependencies": {
    "fetch-jsonp": "^1.0.3",
    "query-string": "^4.2.3",
    "recursive-iterator": "^2.0.3",
    "super-plugin": "^0.1.0",
    "uri-templates": "^0.2.0"
  },
  "devDependencies": {
    "babel-cli": "^6.24.1",
    "babel-core": "^6.14.0",
    "babel-istanbul": "^0.11.0",
    "babel-loader": "^6.2.5",
    "babel-plugin-__coverage__": "^11.0.0",
    "babel-plugin-transform-node-env-inline": "^6.8.0",
    "babel-plugin-version-inline": "^1.0.0",
    "babel-preset-es2015": "^6.14.0",
    "babel-preset-stage-0": "^6.5.0",
    "colors": "^1.1.2",
    "coveralls": "^2.11.4",
    "fs-extra": "^0.30.0",
    "isparta": "^4.0.0",
    "jasmine": "^3.3.1",
    "jasmine-core": "^3.3.0",
    "karma-jasmine": "^2.0.1",
    "karma": "^1.1.0",
    "karma-benchmark": "^0.6.0",
    "karma-benchmark-reporter": "^0.1.1",
    "karma-chrome-launcher": "^2.0.0",
    "karma-coverage": "^1.0.0",
    "karma-firefox-launcher": "^1.0.0",
    "karma-mocha-reporter": "^2.0.4",
    "karma-phantomjs-launcher": "^1.0.0",
    "karma-safari-launcher": "^1.0.0",
    "karma-sauce-launcher": "^1.0.0",
    "karma-should": "^1.0.0",
    "karma-sourcemap-loader": "^0.3.0",
    "karma-webpack": "^1.7.0",
    "lodash": "^4.13.1",
    "open": "^0.0.5",
    "optimist": "^0.6.1",
    "p-s": "^3.0.1",
    "phantomjs": "^2.1.7",
    "rollup": "^0.34.10",
    "rollup-plugin-alias": "^1.2.0",
    "rollup-plugin-babel": "^2.4.0",
    "rollup-plugin-buble": "^0.13.0",
    "rollup-plugin-commonjs": "^5.0.4",
    "rollup-plugin-node-resolve": "^2.0.0",
    "rollup-watch": "^2.5.0",
    "should": "^11.1.0",
    "uglify-js": "^2.7.3",
    "webpack": "^1.13.2"
  }
}