{
  "name": "baked",
  "description": "A singlepage static builder for prismic.io",
  "version": "0.3.0",
  "homepage": "https://prismicio.github.io/baked.js/",
  "repository": {
    "type": "git",
    "url": "git://github.com/prismicio/baked.js"
  },
  "author": "Étienne Vallette d'Osia <evo@zengularity.com> (http://prismic.io)",
  "keywords": [
    "tool",
    "generator",
    "static",
    "prismic.io"
  ],
  "files": [
    "bin",
    "src",
    "gulp.js"
  ],
  "bin": {
    "baked": "./bin/baked"
  },
  "dependencies": {
    "ecstatic": "^0.5.4",
    "ejs": "^1.0.0",
    "gulp": "^3.7.0",
    "gulp-watch": "^0.6.8",
    "gulp-rimraf": "~0.1.0",
    "gulp-ignore": "~1.1.0",
    "http-server": "^0.6.1",
    "lodash": "^2.4.1",
    "moment": "^2.6.0",
    "prismic.io": "1.1.4",
    "q": "^1.0.1",
    "winston": "^0.7.3"
  },
  "devDependencies": {
    "gulp": "^3.7.0",
    "gulp-browserify": "^0.5.0",
    "gulp-concat": "^2.2.0",
    "gulp-uglify": "^1.0.2",
    "gulp-watch": "^0.6.8",
    "gulp-mocha": "~2.0.1",
    "should": "~6.0.1"
  },
  "engines": [
    "node >= 0.5.0"
  ],
  "license": "Apache 2.0",
  "bugs": {
    "url": "https://github.com/prismicio/baked.js/issues"
  }
}