{
  "name": "react-tint",
  "version": "2.0.0",
  "description": "A React component that applies image processing filters to an image using Processing",
  "main": "./build/react-tint.min.js",
  "author": "Nitin Tulswani",
  "license": "MIT",
  "files": [
    "build",
    "src"
  ],
  "dependencies": {
    "p5": "^0.5.16"
  },
  "peerDependencies": {
    "react": "^16.2.0"
  },
  "devDependencies": {
    "babel-core": "^6.26.0",
    "babel-loader": "^7.1.2",
    "babel-preset-react": "^6.24.1",
    "babel-preset-react-app": "^3.1.0",
    "prop-types": "^15.6.0",
    "react": "^16.2.0",
    "react-dom": "^16.2.0",
    "uglifyjs-webpack-plugin": "^1.1.5",
    "webpack": "^3.10.0",
    "webpack-dev-server": "^2.9.7"
  },
  "scripts": {
    "start": "NODE_ENV=development ./node_modules/.bin/webpack-dev-server --port 3000 --content-base ./public --hot --config ./webpack/webpack.config.dev.js",
    "build": "rm -rf build && NODE_ENV=production ./node_modules/.bin/webpack --config ./webpack/webpack.config.prod.js",
    "format": "find src -name '*.js' | xargs prettier --write --no-semi --single-quote"
  }
}