{
  "name": "@polymer/iron-form-element-behavior",
  "private": true,
  "description": "Enables a custom element to be included in an iron-form",
  "repository": {
    "type": "git",
    "url": "git://github.com/PolymerElements/iron-form-element-behavior.git"
  },
  "license": "BSD-3-Clause",
  "devDependencies": {
    "@polymer/gen-typescript-declarations": "^1.2.2",
    "bower": "^1.8.0",
    "webmat": "^0.2.0"
  },
  "scripts": {
    "update-types": "bower install && gen-typescript-declarations --deleteExisting --outDir .",
    "format": "webmat && npm run update-types"
  }
}