{
  "name": "firefly",
  "version": "0.1.0",
  "private": true,
  "homepage": "http://demo.getfirefly.org",
  "dependencies": {
    "firebase": "^5.0.4",
    "react": "^16.4.0",
    "react-dom": "^16.4.0",
    "react-firestore": "^0.8.1",
    "react-ga": "^2.5.3",
    "react-instantsearch-dom": "^5.2.3",
    "react-router-dom": "^4.2.2",
    "react-scripts": "1.1.4",
    "react-transition-group": "^2.3.1",
    "slugify": "^1.3.0",
    "styled-components": "^3.3.2"
  },
  "scripts": {
    "": "How these scripts work: https://medium.com/@tacomanator/environments-with-create-react-app-7b645312c09d",
    "start": "sh -ac '. ./.env.dev;   firebase use dev   && react-scripts start'",
    "dev": "  sh -ac '. ./.env.dev;   firebase use dev   && react-scripts build && firebase deploy'",
    "stage": "sh -ac '. ./.env.stage; firebase use stage && react-scripts build && firebase deploy'",
    "live": " sh -ac '. ./.env.live;  firebase use live  && react-scripts build && firebase deploy'"
  }
}