{
  "name": "forum",
  "version": "1.0.0-pre",
  "description": "",
  "main": "index.js",
  "scripts": {
    "test": "mocha"
  },
  "repository": {
    "type": "git",
    "url": "git+https://github.com/brighthas/forum.git"
  },
  "keywords": [],
  "author": "",
  "license": "ISC",
  "bugs": {
    "url": "https://github.com/brighthas/forum/issues"
  },
  "homepage": "https://github.com/brighthas/forum#readme",
  "dependencies": {
    "cqrs": "^2.0.6-pre",
    "cqrs-mongo-eventstore": "^1.0.2-pre",
    "mocha": "^3.4.2",
    "should": "^11.2.1",
    "validator": "^8.0.0"
  }
}