{
  "name": "es6-playground",
  "version": "0.0.0",
  "description": "A repo to play with ES6++",
  "homepage": "https://github.com/vojtajina/es6-playground",
  "repository": {
    "type": "git",
    "url": "git://github.com/vojtajina/es6-playground.git"
  },
  "bugs": {
    "url": "https://github.com/vojtajina/es6-playground/issues"
  },
  "dependencies": {
    "traceur": "0.0.28",
    "requirejs": "~2.1.11"
  },
  "devDependencies": {
    "karma": "~0.12.0",
    "karma-jasmine": "~0.2.2",
    "karma-chrome-launcher": "~0.1.2",
    "karma-traceur-preprocessor": "~0.2.1",
    "karma-requirejs": "~0.2.1",
    "assert": "angular/assert#dist",
    "gulp": "~3.5.6",
    "gulp-traceur": "~0.1.3",
    "gulp-connect": "~1.0.7"
  },
  "scripts": {
    "test": "karma start --single-run"
  },
  "author": "Vojta Jína <vojta.jina@gmail.com>",
  "license": "Apache-2.0"
}