{
  "name": "react-dash",
  "version": "0.0.0",
  "description": "React documentation source for [Dash](http://kapeli.com/dash)",
  "repository": {
    "type": "git",
    "url": "https://github.com/chenglou/react-dash"
  },
  "main": "src/index.js",
  "dependencies": {
    "cheerio": "^0.17.0",
    "lodash.flatten": "^2.4.1",
    "sequelize": "^2.0.0",
    "sqlite3": "^3.0.5"
  },
  "devDependencies": {},
  "scripts": {
    "test": "echo \"Error: no test specified\" && exit 1"
  },
  "author": "chenglou",
  "license": "ISC"
}