{
  "name": "angular-animate",
  "version": "1.3.6",
  "description": "AngularJS module for animations",
  "main": "angular-animate.js",
  "scripts": {
    "test": "echo \"Error: no test specified\" && exit 1"
  },
  "repository": {
    "type": "git",
    "url": "https://github.com/angular/angular.js.git"
  },
  "keywords": [
    "angular",
    "framework",
    "browser",
    "animation",
    "client-side"
  ],
  "author": "Angular Core Team <angular-core+npm@google.com>",
  "license": "MIT",
  "bugs": {
    "url": "https://github.com/angular/angular.js/issues"
  },
  "homepage": "http://angularjs.org"
}