{
  "name": "magic-upload",
  "version": "1.0.0",
  "description": "magic-upload base on Vue.js",
  "author": "xiaokai <kexiaokai@gmail.com>",
  "private": true,
  "scripts": {
    "koa": "babel-node --presets es2015 server/koa-es6-server",
    "start": "node --harmony server/lean-server",
    "dev": "node --harmony build/dev-server.js",
    "build": "node build/build.js",
    "test": "",
    "lint": "eslint --ext .js,.vue src test/unit/specs test/e2e/specs"
  },
  "dependencies": {
    "babel-cli": "^6.0.0",
    "babel-preset-es2015": "^6.0.0",
    "babel-register": "^6.7.2",
    "babel-runtime": "^5.8.0",
    "co-busboy": "^1.3.1",
    "connect-busboy": "0.0.2",
    "express": "4.6.1",
    "koa": "^1.2.0",
    "koa-json": "^1.1.1",
    "koa-request": "^1.0.0",
    "koa-route": "^2.4.2",
    "koa-static": "^2.0.0",
    "leanengine": "^0.4.0",
    "lodash": "^4.10.0",
    "vue": "^1.0.18"
  },
  "devDependencies": {
    "babel-core": "^6.0.0",
    "babel-loader": "^6.0.0",
    "babel-plugin-transform-runtime": "^6.0.0",
    "babel-preset-es2015": "^6.0.0",
    "babel-preset-stage-2": "^6.0.0",
    "connect-history-api-fallback": "^1.1.0",
    "css-loader": "^0.23.0",
    "eslint": "^2.0.0",
    "eslint-friendly-formatter": "^1.2.2",
    "eslint-loader": "^1.3.0",
    "eslint-plugin-html": "^1.3.0",
    "eslint-config-standard": "^5.1.0",
    "eslint-plugin-promise": "^1.0.8",
    "eslint-plugin-standard": "^1.3.2",
    "eventsource-polyfill": "^0.9.6",
    "extract-text-webpack-plugin": "^1.0.1",
    "file-loader": "^0.8.4",
    "function-bind": "^1.0.2",
    "html-webpack-plugin": "^2.8.1",
    "http-proxy-middleware": "^0.12.0",
    "json-loader": "^0.5.4",
    "ora": "^0.2.0",
    "shelljs": "^0.6.0",
    "url-loader": "^0.5.7",
    "vue-hot-reload-api": "^1.2.0",
    "vue-html-loader": "^1.0.0",
    "vue-loader": "^8.2.1",
    "vue-style-loader": "^1.0.0",
    "webpack": "^1.12.2",
    "webpack-dev-middleware": "^1.4.0",
    "webpack-hot-middleware": "^2.6.0",
    "webpack-merge": "^0.8.3"
  }
}