{
  "name": "webtorrent.io",
  "version": "0.0.1",
  "author": {
    "name": "WebTorrent, LLC",
    "email": "feross@webtorrent.io",
    "url": "https://webtorrent.io"
  },
  "browserify": {
    "transform": [
      "brfs"
    ]
  },
  "bugs": {
    "url": "https://github.com/webtorrent/webtorrent.io/issues"
  },
  "dependencies": {
    "arch": "^2.0.0",
    "basic-auth": "^2.0.0",
    "body-parser": "^1.15.2",
    "compression": "^1.0.11",
    "cors": "^2.7.1",
    "domready": "^1.0.6",
    "express": "^4.8.8",
    "gitter-irc-bot": "^1.0.0",
    "highlight.js": "^9.2.0",
    "mkdirp": "^0.5.1",
    "moment": "^2.10.6",
    "multer": "^1.1.0",
    "p2p-graph": "^1.0.0",
    "prettier-bytes": "^1.0.3",
    "pug": "^2.0.0-beta4",
    "remarkable": "^1.6.2",
    "rollbar": "^2.4.5",
    "semver": "^5.1.0",
    "serve-index": "^1.8.0",
    "simple-get": "^3.0.0",
    "throttleit": "^1.0.0",
    "webtorrent": "webtorrent/webtorrent"
  },
  "devDependencies": {
    "brfs": "^2.0.0",
    "browserify": "^16.0.0",
    "nodemon": "^1.18.7",
    "run-parallel-limit": "^1.0.3",
    "standard": "*",
    "stylus": "^0.54.0",
    "watchify": "^3.1.2"
  },
  "homepage": "https://webtorrent.io",
  "keywords": [
    "bittorrent",
    "bittorrent client",
    "download",
    "mad science",
    "streaming",
    "torrent",
    "webrtc",
    "webtorrent"
  ],
  "license": "MIT",
  "main": "index.js",
  "private": true,
  "repository": {
    "type": "git",
    "url": "git://github.com/webtorrent/webtorrent.io.git"
  },
  "scripts": {
    "build": "npm run build-css && npm run build-js",
    "build-css": "stylus --include-css client/style.styl -o static/ -c",
    "build-js": "browserify client > static/bundle.js",
    "secret-download": "rsync -a -O -v --delete -e \"ssh\" feross@webtorrent:\"/home/feross/www/webtorrent.io/secret/\" secret/",
    "secret-upload": "rsync -a -O -v --delete -e \"ssh\" secret/ feross@webtorrent:/home/feross/www/webtorrent.io/secret/",
    "start": "node server",
    "static-download": "rsync -a -O -v --delete -e \"ssh\" feross@webtorrent:\"/home/feross/www/webtorrent.io/static/torrents/\" static/torrents/",
    "static-upload": "rsync -a -O -v --delete -e \"ssh\" static/torrents/ feross@webtorrent:/home/feross/www/webtorrent.io/static/torrents/",
    "test": "standard",
    "watch": "npm run watch-css & npm run watch-js & npm run watch-server",
    "watch-css": "stylus --include-css client/style.styl -o static/ -w",
    "watch-js": "watchify client -o static/bundle.js -dv",
    "watch-server": "DEBUG=webtorrent*,bittorrent* nodemon server -e js,json,pug -i client/ -i static/ -i logs/"
  }
}