{
  "name": "react-kelink",
  "version": "1.0.3",
  "description": "",
  "main": "server.js",
  "scripts": {
    "start": "node server",
    "test": "echo \"Error: no test specified\" && exit 1"
  },
  "repository": {
    "type": "git",
    "url": "git+https://github.com/1340641314/react-kelink.git"
  },
  "author": "",
  "license": "ISC",
  "bugs": {
    "url": "https://github.com/1340641314/react-kelink/issues"
  },
  "homepage": "https://github.com/1340641314/react-kelink#readme",
  "dependencies": {
    "flex-css-layout": "^1.2.8",
    "react": "^15.0.1",
    "react-dom": "^15.0.1",
    "react-redux": "^4.4.5",
    "react-router": "^2.3.0",
    "redux": "^3.5.2",
    "redux-thunk": "^2.1.0"
  },
  "devDependencies": {
    "extract-text-webpack-plugin": "^1.0.1",
    "autoprefixer-loader": "^3.2.0",
    "babel-loader": "^6.2.4",
    "babel-preset-es2015": "^6.6.0",
    "babel-preset-react": "^6.5.0",
    "body-parser": "^1.15.1",
    "css-loader": "^0.23.1",
    "file-loader": "^0.8.5",
    "jsx-loader": "^0.13.2",
    "less": "^2.6.1",
    "less-loader": "^2.2.3",
    "request": "^2.72.0",
    "style-loader": "^0.13.1",
    "url-loader": "^0.5.7",
    "webpack": "^1.13.0",
    "webpack-dev-server": "^1.14.1"
  }
}