{
  "name": "tinder-desktop",
  "version": "0.1.0",
  "description": "A cross-platform desktop Tinder client",
  "main": "build.js",
  "scripts": {
    "postinstall": "cd desktop-app && npm install"
  },
  "repository": {
    "type": "git",
    "url": "https://github.com/tinderjs/tinder-desktop.git"
  },
  "author": "tinderjs",
  "contributors": [
    {
      "name": "Kyle Powers (@mfkp)",
      "url": "http://kylepowers.com"
    },
    {
      "name": "Thomas Schneider",
      "url": "http://thomasschneider.com"
    },
    {
      "name": "wbyoko",
      "url": "https://github.com/wbyoko"
    }
  ],
  "license": "ISC",
  "bugs": {
    "url": "https://github.com/tinderjs/tinder-desktop/issues"
  },
  "homepage": "https://github.com/tinderjs/tinder-desktop",
  "devDependencies": {
    "electron-packager": "~7.0.0",
    "electron-prebuilt": "^0.37.7",
    "gulp": "^3.9.1",
    "gulp-appdmg": "^1.0.2",
    "gulp-inno": "0.0.7",
    "gulp-load-plugins": "^1.2.0",
    "merge-stream": "^1.0.0",
    "removeNPMAbsolutePaths": "^0.0.1",
    "run-sequence": "^1.1.5",
    "shelljs": "^0.6.0"
  },
  "optionalDependencies": {
    "gulp-appdmg": "^1.0.2"
  }
}