{
  "name": "react-tutorial",
  "version": "1.0.0",
  "description": "",
  "main": "index.js",
  "scripts": {
    "dev": "webpack-dev-server --config webpack.config.js",
    "lint": "esw ./src --ext .js --ext .jsx --config .eslintrc",
    "lint:watch": "esw -w ./src --ext .js --ext .jsx --config .eslintrc",
    "lint:sass": "sass-lint -q -v -c ./.sass-lint.yml && echo \"Paased\"",
    "lint:sass:watch": "npm run lint:sass; run-when-changed --watch \"./src/**/*.s*ss\" --exec \"npm run lint:sass\"",
    "build:prod": "NODE_ENV=production webpack --config webpack.config.js",
    "watch": "concurrently --names \"eslint,sass-lint\" --prefix-colors \"magenta,cyan,yellow\" \"npm run lint:watch\" \"npm run lint:sass:watch\""
  },
  "author": "",
  "license": "ISC",
  "dependencies": {
    "immutability-helper": "^2.3.1",
    "lodash": "^4.17.4",
    "prop-types": "^15.5.10",
    "react": "^16.0.0-beta.5",
    "react-dom": "^16.0.0-beta.5"
  },
  "devDependencies": {
    "babel-core": "^6.25.0",
    "babel-eslint": "^7.2.3",
    "babel-jest": "^20.0.3",
    "babel-loader": "^7.1.1",
    "babel-plugin-transform-runtime": "^6.23.0",
    "babel-polyfill": "^6.23.0",
    "babel-preset-es2015": "^6.24.1",
    "babel-preset-react": "^6.24.1",
    "babel-preset-stage-2": "^6.24.1",
    "concurrently": "^3.5.0",
    "css-loader": "^0.28.4",
    "es5-shim": "^4.5.9",
    "eslint": "^4.3.0",
    "eslint-config-airbnb": "^15.1.0",
    "eslint-import-resolver-webpack": "^0.8.3",
    "eslint-loader": "^1.9.0",
    "eslint-plugin-import": "^2.7.0",
    "eslint-plugin-jsx-a11y": "^6.0.2",
    "eslint-plugin-react": "^7.1.0",
    "eslint-watch": "^3.1.2",
    "extract-text-webpack-plugin": "^3.0.0",
    "jest": "^20.0.4",
    "run-when-changed": "^2.0.3",
    "sass-lint": "^1.10.2",
    "sass-loader": "^6.0.6",
    "style-loader": "^0.18.2",
    "webpack": "^3.4.1",
    "webpack-dev-server": "^2.6.1"
  }
}