{
  "name": "GReader",
  "productName": "GReader",
  "version": "0.0.1",
  "main": "main.js",
  "homepage": "https://github.com/Nekle/greader",
  "description": "Github Readme Reader is a collector of readme documentations, you can use it to collect the readme documentations you want to read it. All the Readme file will be downloaded on your local, you can read it at any where even you are offline.",
  "dbFileName": "readme.db",
  "tableName": "readme",
  "scripts": {
    "start": "electron ."
  },
  "dependencies": {
    "angular": "^1.3.15",
    "angular-ui-router": "^0.2.14",
    "bootstrap": "^3.3.4",
    "fs-jetpack": "^0.6.4",
    "github": "^0.2.4",
    "github-markdown-css": "^2.0.8",
    "jquery": "^2.1.4",
    "sql.js": "^0.2.21"
  },
  "license": "MIT"
}