{
  "name": "ionic-project",
  "version": "1.0.0",
  "description": "An Ionic project",
  "dependencies": {
    "gulp": "^3.5.6",
    "gulp-concat": "^2.2.0",
    "gulp-minify-css": "^0.3.0",
    "gulp-rename": "^1.2.0",
    "gulp-sass": "^0.7.1",
    "method-override": "^1.0.1",
    "jawbone-up": "^0.1.1",
    "q": "*",
    "bower": "^1.3.3",
    "gulp-util": "^2.2.14",
    "shelljs": "^0.3.0",
    "tiny-lr": "*"
  },
  "devDependencies": {
    "gulp-util": "^2.2.14",
    "shelljs": "^0.3.0"
  }
}