{
  "name": "blargbot",
  "version": "1.0.0",
  "description": "blargbot is multipurpose discord bot. Coded in node.js using [Eris](https://github.com/abalabahaha/eris), blargbot hopes to bring commands and services to your discord.",
  "main": "blargbot.js",
  "dependencies": {
    "@nuxtjs/axios": "^5.3.3",
    "airtable": "^0.5.7",
    "babel-polyfill": "^6.22.0",
    "babel-register": "^6.26.0",
    "better-cleverbot-io": "^1.0.2",
    "big-integer": "^1.6.36",
    "body-parser": "^1.18.3",
    "brainfuck-node": "^1.0.1",
    "cassandra-driver": "^3.5.0",
    "cat-loggr": "^1.0.10",
    "catflake": "^1.0.0",
    "cli-table": "^0.3.1",
    "color": "^3.1.0",
    "color-thief-jimp": "^2.0.2",
    "cookieparser": "^0.1.0",
    "cron": "^1.4.1",
    "eris": "^0.8.6",
    "eslint-plugin-vue": "^4.7.1",
    "eventemitter3": "^2.0.3",
    "express": "^4.16.3",
    "express-session": "^1.14.2",
    "gifencoder": "^1.0.6",
    "gm": "^1.23.1",
    "hbs": "^4.0.1",
    "heapdump": "^0.3.9",
    "highlight.js": "^9.12.0",
    "html-entities": "^1.2.1",
    "irc": "^0.5.0",
    "jimp": "^0.2.28",
    "jsonwebtoken": "^8.3.0",
    "koa": "^2.5.3",
    "koa-bodyparser": "^4.2.1",
    "koa-mount": "^3.0.0",
    "koa-router": "^7.4.0",
    "koa-static": "^5.0.0",
    "limax": "^1.7.0",
    "md5": "^2.2.1",
    "mkdirp": "^0.5.1",
    "moment-timezone": "^0.5.21",
    "node-emoji": "^1.4.1",
    "node-trello": "^1.1.2",
    "nuxt": "^1.4.2",
    "passport": "^0.3.2",
    "passport-discord": "^0.1.1",
    "pg": "^7.5.0",
    "phantom": "^4.0.12",
    "prom-client": "github:ratismal/prom-client",
    "request": "^2.88.0",
    "require-reload": "^0.2.2",
    "rethinkdbdash": "^2.3.26",
    "rwlock": "^5.0.0",
    "safe-regex": "^1.1.0",
    "sequelize": "^4.39.0",
    "server-destroy": "^1.0.1",
    "showdown": "^1.8.6",
    "snekfetch": "github:ratismal/snekfetch",
    "strip-ansi": "^4.0.0",
    "svg2png": "^4.1.1",
    "table": "^4.0.3",
    "twemoji": "^11.0.1",
    "unorm": "^1.4.1",
    "usage": "^0.7.1",
    "vue-markdown": "^2.2.4",
    "wolken": "^0.2.1",
    "ws": "^1.1.1",
    "xml2js": "^0.4.19",
    "xss": "^1.0.3"
  },
  "devDependencies": {
    "eslint": "^5.6.1",
    "eslint-loader": "^2.1.1",
    "node-sass": "^4.9.3",
    "sass-lint": "^1.12.1",
    "sass-loader": "^7.1.0"
  },
  "scripts": {
    "test": "echo \"Error: no test specified\" && exit 1",
    "build": "nuxt build"
  },
  "repository": {
    "type": "git",
    "url": "git+https://github.com/blargbot/blargbot.git"
  },
  "author": "stupid cat (ratismal)",
  "license": "ISC",
  "bugs": {
    "url": "https://github.com/blargbot/blargbot/issues"
  },
  "homepage": "https://github.com/blargbot/blargbot#readme"
}