{
  "name": "linter-flake8",
  "main": "./lib/main.js",
  "version": "2.4.0",
  "private": true,
  "description": "Atom linter plugin for Python, using flake8",
  "license": "MIT",
  "repository": {
    "type": "git",
    "url": "https://github.com/AtomLinter/linter-flake8"
  },
  "engines": {
    "atom": ">=1.9.0 <2.0.0"
  },
  "activationHooks": [
    "language-python:grammar-used",
    "MagicPython:grammar-used",
    "django-atom:grammar-used",
    "atom-django:grammar-used"
  ],
  "configSchema": {
    "executablePath": {
      "type": "string",
      "default": "flake8",
      "description": "Semicolon separated list of paths to a binary (e.g. /usr/local/bin/flake8). Use `$PROJECT` or `$PROJECT_NAME` substitutions for project specific paths e.g. `$PROJECT/.venv/bin/flake8;/usr/bin/flake8`"
    },
    "projectConfigFile": {
      "type": "array",
      "default": [
        "tox.ini",
        ".flake8",
        "setup.cfg"
      ],
      "description": "flake config file relative path from project (e.g. tox.ini or .flake8rc)",
      "items": {
        "type": "string"
      }
    },
    "maxLineLength": {
      "type": "integer",
      "default": 79
    },
    "ignoreErrorCodes": {
      "type": "array",
      "default": [],
      "items": {
        "type": "string"
      }
    },
    "maxComplexity": {
      "description": "McCabe complexity threshold (`-1` to disable)",
      "type": "integer",
      "default": -1
    },
    "hangClosing": {
      "type": "boolean",
      "default": false
    },
    "selectErrors": {
      "description": "input \"E, W\" to include all errors/warnings",
      "type": "array",
      "default": [],
      "items": {
        "type": "string"
      }
    },
    "pycodestyleErrorsToWarnings": {
      "description": "Convert pycodestyle \"E\" messages to linter warnings",
      "type": "boolean",
      "default": false
    },
    "flakeErrors": {
      "description": "Convert Flake \"F\" messages to linter errors",
      "type": "boolean",
      "default": false
    },
    "builtins": {
      "type": "array",
      "default": [],
      "items": {
        "type": "string"
      },
      "description": "Define additional built in variables, in a comma separated list."
    }
  },
  "dependencies": {
    "atom-linter": "10.0.0",
    "atom-package-deps": "5.0.0",
    "fs-plus": "3.1.1",
    "semver": "5.6.0"
  },
  "devDependencies": {
    "eslint": "5.15.1",
    "eslint-config-airbnb-base": "13.1.0",
    "eslint-plugin-import": "2.16.0",
    "jasmine-fix": "1.3.1"
  },
  "package-deps": [
    "linter:2.0.0"
  ],
  "scripts": {
    "test": "apm test",
    "lint": "eslint ."
  },
  "eslintConfig": {
    "extends": "airbnb-base",
    "rules": {
      "global-require": "off",
      "import/no-unresolved": [
        "error",
        {
          "ignore": [
            "atom"
          ]
        }
      ]
    },
    "globals": {
      "atom": true
    },
    "env": {
      "node": true,
      "browser": true
    }
  },
  "renovate": {
    "extends": [
      "config:base"
    ],
    "semanticCommits": true,
    "rangeStrategy": "pin",
    "packageRules": [
      {
        "packagePatterns": [
          "^eslint"
        ],
        "groupName": "ESLint packages"
      }
    ]
  },
  "providedServices": {
    "linter": {
      "versions": {
        "2.0.0": "provideLinter"
      }
    }
  }
}