{
  "name": "blur_admin",
  "version": "1.3.1",
  "devDependencies": {
    "bower": "~1.8.4",
    "browser-sync": "~2.18.2",
    "browser-sync-spa": "~1.0.3",
    "chalk": "~1.1.1",
    "del": "~2.2.2",
    "eslint-plugin-angular": "~0.12.0",
    "estraverse": "~4.2.0",
    "gulp": "~3.9.0",
    "gulp-angular-filesort": "~1.1.1",
    "gulp-angular-templatecache": "~2.0.0",
    "gulp-autoprefixer": "~3.1.1",
    "gulp-eslint": "~1.0.0",
    "gulp-filter": "~4.0.0",
    "gulp-flatten": "~0.3.1",
    "gulp-gh-pages": "^0.5.4",
    "gulp-inject": "~4.1.0",
    "gulp-load-plugins": "~1.4.0",
    "gulp-minify-css": "~1.2.1",
    "gulp-minify-html": "~1.0.4",
    "gulp-ng-annotate": "~2.0.0",
    "gulp-prompt": "^0.2.0",
    "gulp-protractor": "~3.0.0",
    "gulp-rename": "^1.2.2",
    "gulp-replace": "~0.5.4",
    "gulp-rev": "~7.1.2",
    "gulp-rev-replace": "~0.4.2",
    "gulp-sass": "^4.0.1",
    "gulp-shell": "^0.5.2",
    "gulp-size": "~2.1.0",
    "gulp-sourcemaps": "~1.6.0",
    "gulp-uglify": "~2.0.0",
    "gulp-useref": "~1.3.0",
    "gulp-util": "~3.0.6",
    "gulp-zip": "^3.0.2",
    "http-proxy-middleware": "~0.17.2",
    "lodash": "~4.17.2",
    "main-bower-files": "~2.13.1",
    "uglify-save-license": "~0.4.1",
    "wiredep": "~4.0.0",
    "wrench": "~1.5.8"
  },
  "scripts": {
    "postinstall": "bower install"
  }
}