{
  "name": "@opentrons/components",
  "version": "3.7.0",
  "description": "React components library for Opentrons' projects",
  "main": "src/index.js",
  "style": "src/index.css",
  "repository": {
    "type": "git",
    "url": "git+https://github.com/Opentrons/opentrons.git"
  },
  "author": "Opentrons Labworks <engineering@opentrons.com> (https://opentrons.com)",
  "license": "Apache-2.0",
  "bugs": {
    "url": "https://github.com/Opentrons/opentrons/issues"
  },
  "homepage": "https://github.com/Opentrons/opentrons#readme",
  "devDependencies": {
    "flow-bin": "^0.82.0",
    "flow-typed": "^2.5.1"
  },
  "peerDependencies": {
    "classnames": "^2.2.5",
    "lodash": "^4.17.4",
    "react": "^16.6.3",
    "react-router-dom": "^4.2.2"
  },
  "dependencies": {
    "react-popper": "^1.0.0",
    "react-select": "^2.3.0"
  }
}