{
  "name": "apollo-storybook-vue",
  "version": "0.0.1",
  "devDependencies": {
    "@storybook/vue": "^4.0.6",
    "@workpop/eslint-config-workpop": "^1.0.0",
    "apollo-cache-inmemory": "^1.3.9",
    "apollo-client": "^2.4.5",
    "apollo-link": "^1.2.3",
    "babel-cli": "^6.24.1",
    "babel-core": "^6.26.3",
    "babel-loader": "7",
    "babel-plugin-external-helpers": "^6.22.0",
    "babel-plugin-transform-object-rest-spread": "^6.26.0",
    "babel-preset-env": "^1.7.0",
    "babel-preset-vue": "^2.0.2",
    "eslint": "^3.3.1",
    "faker": "^4.1.0",
    "graphql": "^0.11.7",
    "graphql-tag": "^2.6.1",
    "graphql-tools": "^2.14.1",
    "vue": "^2.5.17",
    "vue-apollo": "^3.0.0-beta.26",
    "vue-loader": "^15.4.2",
    "vue-template-loader": "1.0.0",
    "vue-template-compiler": "^2.5.17"
  },
  "scripts": {
    "storybook": "start-storybook -p 9001 -c ./example/.storybook"
  },
  "peerDependencies": {
    "vue-apollo": "^3.0.0-beta.26",
    "vue-template-loader": "1.0.0",
    "vue-template-compiler": "^2.5.17"
  },
  "dependencies": {
    "apollo-storybook-core": "^0.5.2"
  }
}