{
  "name": "apollo-storybook-angular",
  "version": "0.0.0",
  "scripts": {
    "storybook": "start-storybook -p 9001 -c ./example/.storybook"
  },
  "devDependencies": {
    "@angular-devkit/build-angular": "~0.10.0",
    "@angular/animations": "~7.0.0",
    "@angular/cli": "~7.0.6",
    "@angular/common": "~7.0.0",
    "@angular/compiler": "~7.0.0",
    "@angular/compiler-cli": "~7.0.0",
    "@angular/core": "~7.0.0",
    "@angular/forms": "~7.0.0",
    "@angular/http": "~7.0.0",
    "@angular/language-service": "~7.0.0",
    "@angular/platform-browser": "~7.0.0",
    "@angular/platform-browser-dynamic": "~7.0.0",
    "@angular/router": "~7.0.0",
    "@babel/core": "^7.1.6",
    "@storybook/angular": "^4.0.7",
    "@types/node": "~8.9.4",
    "apollo-angular": "^1.5.0",
    "apollo-cache-inmemory": "^1.3.9",
    "apollo-client": "^2.4.5",
    "babel-loader": "^8.0.4",
    "core-js": "^2.5.4",
    "faker": "^4.1.0",
    "graphql": "^14.0.2",
    "graphql-tag": "^2.10.0",
    "graphql-tools": "^4.0.3",
    "rxjs": "~6.3.3",
    "ts-node": "~7.0.0",
    "typescript": "~3.1.6",
    "zone.js": "~0.8.26"
  },
  "dependencies": {
    "apollo-storybook-core": "^0.5.2"
  }
}