{
  "name": "slack-irc-client",
  "version": "0.3.3",
  "description": "Use Slack as your IRC client",
  "author": "Axel Eirola <axel.eirola@iki.fi>",
  "license": "ISC",
  "homepage": "https://github.com/aeirola/slack-irc-client",
  "repository": {
    "type": "git",
    "url": "https://github.com/aeirola/slack-irc-client"
  },
  "bugs": {
    "url": "https://github.com/aeirola/slack-irc-client/issues"
  },
  "keywords": [
    "slack",
    "irc"
  ],
  "bin": "./bin/server.js",
  "scripts": {
    "test": "eslint bin/ lib/ test/ && mocha",
    "start": "node ./bin/server.js",
    "preversion": "npm test",
    "postversion": "git push && git push --tags"
  },
  "dependencies": {
    "@slack/client": "^3.5.0",
    "gravatar": "^1.5.2",
    "irc": "^0.5.0",
    "lodash": "^4.6.1",
    "promise": "^7.1.1",
    "require-reload": "0.2.2",
    "winston": "^2.2.0",
    "yargs": "^4.3.2"
  },
  "preferGlobal": true,
  "private": false,
  "directories": {
    "bin": "./bin",
    "lib": "./lib"
  },
  "devDependencies": {
    "chai": "^3.5.0",
    "eslint": "^2.1.0",
    "mocha": "^2.4.5",
    "sinon": "^1.17.3",
    "sinon-chai": "^2.8.0"
  },
  "engines": {
    "node": ">= 0.10.x",
    "npm": ">= 2.0.x"
  }
}