{
  "name": "react-apollo-naperg",
  "version": "0.0.1",
  "private": true,
  "devDependencies": {
    "eslint-config-airbnb": "^17.0.0",
    "eslint-plugin-import": "^2.13.0",
    "eslint-plugin-jsx-a11y": "^6.0.3",
    "eslint-plugin-react": "^7.10.0",
    "prettier-eslint-cli": "4.7.1",
    "react-scripts": "2.1.5"
  },
  "dependencies": {
    "@material-ui/core": "3.2.2",
    "apollo-cache-inmemory": "1.3.0",
    "apollo-client": "2.4.2",
    "apollo-client-preset": "1.0.8",
    "apollo-link": "1.2.3",
    "apollo-link-http": "1.5.5",
    "apollo-link-ws": "1.0.9",
    "axios": "0.18.0",
    "date-fns": "1.29.0",
    "email-validator": "2.0.4",
    "enzyme": "3.6.0",
    "enzyme-adapter-react-16": "1.5.0",
    "graphql": "14.1.1",
    "graphql-tag": "2.9.2",
    "moment-timezone": "0.5.21",
    "query-string": "6.2.0",
    "react": "16.8.1",
    "react-apollo": "2.2.4",
    "react-dom": "16.5.2",
    "react-router-dom": "4.3.1",
    "react-test-renderer": "16.5.2",
    "subscriptions-transport-ws": "0.9.15",
    "tachyons": "4.11.1"
  },
  "scripts": {
    "start": "react-scripts start",
    "build": "react-scripts build",
    "test": "react-scripts test --env=jsdom --modulePaths=src",
    "eject": "react-scripts eject",
    "prettier": "prettier-eslint --write \"src/**/*.+(js|jsx)\"",
    "prettier-dry-run": "prettier-eslint \"src/**/*.+(js|jsx)\" -l debug"
  },
  "browserslist": [
    ">0.2%",
    "not dead",
    "not ie <= 11",
    "not op_mini all"
  ]
}