{
  "name": "simpl-schema",
  "version": "1.5.5",
  "description": "A schema validation package that supports direct validation of MongoDB update modifier objects.",
  "author": "Eric Dobbertin <aldeed@gmail.com>",
  "license": "MIT",
  "repository": {
    "type": "git",
    "url": "https://github.com/aldeed/node-simple-schema.git"
  },
  "bugs": {
    "url": "https://github.com/aldeed/node-simple-schema/issues"
  },
  "homepage": "https://github.com/aldeed/node-simple-schema",
  "files": [
    "dist",
    "LICENSE",
    "README.md"
  ],
  "main": "./dist/main.js",
  "scripts": {
    "build": "rm -rf dist/** && babel lib --out-dir dist --ignore *.tests.js,testHelpers/*",
    "copyFiles": "cp ../README.md ./README.md && cp ../LICENSE ./LICENSE",
    "lint": "eslint .",
    "lintAndTest": "npm run lint && npm test",
    "prepublishOnly": "npm run lintAndTest && npm run copyFiles && npm run build",
    "test": "mocha --require @babel/register --recursive \"lib/**/*.tests.js\"",
    "test:watch": "npm test -- --watch"
  },
  "dependencies": {
    "babel-plugin-transform-class-properties": "6.24.1",
    "clone": "^2.1.1",
    "extend": "^3.0.1",
    "lodash.every": "^4.6.0",
    "lodash.find": "^4.6.0",
    "lodash.findwhere": "^3.1.0",
    "lodash.includes": "^4.3.0",
    "lodash.isempty": "^4.4.0",
    "lodash.isobject": "^3.0.2",
    "lodash.omit": "^4.5.0",
    "lodash.pick": "^4.4.0",
    "lodash.union": "^4.6.0",
    "lodash.uniq": "^4.5.0",
    "message-box": "^0.2.0",
    "mongo-object": "^0.1.3"
  },
  "devDependencies": {
    "@babel/cli": "7.0.0",
    "@babel/core": "7.0.0",
    "@babel/plugin-proposal-class-properties": "7.3.0",
    "@babel/plugin-proposal-object-rest-spread": "7.0.0",
    "@babel/polyfill": "7.2.5",
    "@babel/preset-env": "7.0.0",
    "@babel/register": "7.0.0",
    "babel-core": "7.0.0-bridge.0",
    "babel-eslint": "8.2.3",
    "eslint": "^2.13.0",
    "eslint-config-airbnb": "^9.0.1",
    "eslint-plugin-import": "^1.7.0",
    "eslint-plugin-jsx-a11y": "^1.5.3",
    "eslint-plugin-react": "^5.2.2",
    "expect": "^1.20.1",
    "mocha": "^5.2.0"
  },
  "babel": {
    "presets": [
      [
        "@babel/env",
        {
          "targets": {
            "node": "8"
          }
        }
      ]
    ],
    "plugins": [
      [
        "@babel/plugin-proposal-class-properties",
        {
          "loose": false
        }
      ]
    ]
  },
  "eslintConfig": {
    "extends": "airbnb",
    "parser": "babel-eslint",
    "env": {
      "node": true,
      "mocha": true
    },
    "rules": {
      "arrow-body-style": 0,
      "consistent-return": 0,
      "max-len": 0,
      "no-param-reassign": 0,
      "no-underscore-dangle": 0,
      "no-use-before-define": [
        2,
        "nofunc"
      ],
      "no-unused-expressions": 0,
      "no-console": 0,
      "space-before-function-paren": 0,
      "react/prefer-stateless-function": 0,
      "react/no-multi-comp": 0
    }
  }
}