{
  "name": "code-blocks",
  "version": "1.4.2",
  "repository": "https://github.com/alexwforsythe/code-blocks",
  "license": "MIT",
  "engines": {
    "node": ">=4.2.0"
  },
  "devDependencies": {
    "@google/clasp": "1.6.3",
    "browserify": "16.2.3",
    "clean-css-cli": "4.2.1",
    "highlight.js": "9.13.1",
    "jquery": "3.3.1",
    "juice": "5.0.0",
    "uglify-es": "3.3.9",
    "uglifyify": "5.0.1"
  },
  "scripts": {
    "clean": "rm -rf dist/*",
    "build:gas": "./build.sh gas",
    "build:js": "./build.sh js",
    "build:static": "./build.sh static",
    "build": "npm run build:gas && npm run build:js && npm run build:static",
    "pull": "clasp pull",
    "pushOnly": "clasp push",
    "push:js": "npm run build:js && npm run pushOnly",
    "push:gas": "npm run build:gas && npm run pushOnly",
    "prepush": "npm run clean && npm run build",
    "push": "npm run pushOnly"
  }
}