{
  "name": "uglify-parallel",
  "version": "0.1.1",
  "description": "使用 uglify 多进程压缩 js 文件, 减少压缩 js 的耗时.",
  "main": "index.js",
  "keywords": [],
  "author": "ICE Team",
  "license": "MIT",
  "dependencies": {
    "async": "^2.6.0",
    "chalk": "^2.3.0",
    "cross-spawn": "^6.0.4",
    "fancy-log": "^1.3.2",
    "glob": "^7.1.2",
    "mkdirp": "^0.5.1",
    "pretty-bytes": "^4.0.2",
    "pretty-ms": "^3.1.0",
    "right-pad": "^1.0.1",
    "uglify-js": "^3.3.9"
  },
  "publishConfig": {
    "access": "public",
    "registry": "http://registry.npmjs.com"
  }
}