{
  "name": "codemirror",
  "version": "4.6.0",
  "main": "lib/codemirror.js",
  "description": "In-browser code editing made bearable",
  "licenses": [
    {
      "type": "MIT",
      "url": "http://codemirror.net/LICENSE"
    }
  ],
  "directories": {
    "lib": "./lib"
  },
  "scripts": {
    "test": "node ./test/run.js"
  },
  "devDependencies": {
    "node-static": "0.6.0",
    "phantomjs": "1.9.2-5"
  },
  "bugs": "http://github.com/marijnh/CodeMirror/issues",
  "keywords": [
    "JavaScript",
    "CodeMirror",
    "Editor"
  ],
  "homepage": "http://codemirror.net",
  "maintainers": [
    {
      "name": "Marijn Haverbeke",
      "email": "marijnh@gmail.com",
      "web": "http://marijnhaverbeke.nl"
    }
  ],
  "repository": {
    "type": "git",
    "url": "https://github.com/marijnh/CodeMirror.git"
  }
}