{
  "name": "soundcast",
  "version": "1.7.0",
  "description": "Cast OSX audio to Chromecast menubar app",
  "author": "Andres Gottlieb",
  "repository": {
    "type": "git",
    "url": "https://github.com/andresgottlieb/soundcast"
  },
  "dependencies": {
    "chromecast-osx-audio": "^0.3.0",
    "menubar": "2.3.0",
    "shelljs": "0.5.3"
  },
  "devDependencies": {
    "electron-packager": "^5.1.0",
    "electron-prebuilt": "0.34.0"
  },
  "main": "main.js",
  "scripts": {
    "start": "electron ."
  },
  "license": "MIT"
}