{
  "name": "antd-intl-example",
  "private": true,
  "version": "1.0.0",
  "entry": {
    "en-US": "./src/entry/en-US.js",
    "zh-Hans-CN": "./src/entry/zh-Hans-CN.js",
    "index": "./src/entry/index.jsx"
  },
  "dependencies": {
    "antd": "1.0.x",
    "atool-build": "0.7.x",
    "babel-plugin-antd": "0.4.x",
    "react": "15.x",
    "react-dom": "15.x",
    "react-intl": "^2.0.0"
  },
  "devDependencies": {
    "atool-l10n": "^0.1.0",
    "babel-cli": "^6.4.0",
    "babel-eslint": "^6.0.0",
    "babel-plugin-react-intl": "^2.0.0",
    "babel-preset-es2015": "~6.6.0",
    "babel-preset-react": "~6.5.0",
    "babel-preset-stage-0": "~6.5.0",
    "dora": "0.3.x",
    "dora-plugin-hmr": "0.5.x",
    "dora-plugin-livereload": "0.3.x",
    "dora-plugin-proxy": "0.6.x",
    "dora-plugin-webpack": "0.6.x",
    "eslint": "^2.7.0",
    "eslint-config-airbnb": "6.x",
    "eslint-plugin-react": "4.x",
    "glob": "~7.0.3",
    "mkdirp": "~0.5.1",
    "pre-commit": "1.x",
    "rimraf": "^2.5.0"
  },
  "pre-commit": [
    "lint"
  ],
  "scripts": {
    "start": "npm run dev",
    "dev": "dora -p 8001 --plugins webpack,proxy,hmr,livereload",
    "lint": "eslint --ext .js,.jsx src",
    "build": "atool-build -o ./dist/${npm_package_name}/${npm_package_version}/",
    "trans": "atool-l10n"
  }
}