{
  "name": "docbase",
  "version": "1.0.3",
  "authors": [
    "Mateus Freira <mateus.freira@gmail.com>"
  ],
  "description": "A fast and flexible single-page documentation engine",
  "contributors": [],
  "scripts": {
    "test": "grunt"
  },
  "repository": {
    "type": "git",
    "url": "https://github.com/appbaseio/DocBase"
  },
  "dependencies": {},
  "devDependencies": {
    "grunt": "~0.4.0",
    "grunt-bump": "^0.7.0",
    "grunt-contrib-concat": "^0.5.1",
    "grunt-contrib-connect": "^0.10.1",
    "grunt-contrib-cssmin": "^1.0.0",
    "grunt-contrib-jasmine": "^0.9.2",
    "grunt-contrib-jshint": "^0.11.2",
    "grunt-contrib-uglify": "^0.9.1",
    "grunt-contrib-watch": "^0.6.1",
    "grunt-template-jasmine-istanbul": "^0.4.0"
  },
  "license": "MIT",
  "engines": {
    "node": ">=0.8"
  }
}