{
  "name": "css-extract",
  "version": "1.0.0",
  "description": "",
  "main": "webpack.config.js",
  "scripts": {
    "build": "webpack --config webpack.config.prod.js",
    "dev": "webpack-dev-server --config webpack.config.dev.js"
  },
  "keywords": [],
  "author": "",
  "license": "MIT",
  "devDependencies": {
    "css-loader": "^0.23.1",
    "extract-text-webpack-plugin": "^1.0.1",
    "html-webpack-plugin": "^2.8.1",
    "style-loader": "^0.13.0",
    "webpack": "^1.12.13",
    "webpack-dev-server": "^1.14.1"
  },
  "dependencies": {
    "pleasejs": "^0.4.2"
  }
}