{
  "name": "polythene-react-slider",
  "version": "1.5.2",
  "description": "",
  "main": "dist/polythene-react-slider",
  "module": "dist/polythene-react-slider.mjs",
  "sideEffects": false,
  "scripts": {
    "clean": "rm -rf dist/*",
    "rollup": "../../node_modules/rollup/bin/rollup -c ../../scripts/bundling/rollup.umd.js && ../../node_modules/rollup/bin/rollup -c ../../scripts/bundling/rollup.es.js",
    "build": "npm run clean && npm run rollup",
    "typecheck": "../../node_modules/typescript/bin/tsc --noEmit --strict --allowJs --checkJs --noImplicitAny false --lib es2015,DOM,ScriptHost --esModuleInterop true src/index.js"
  },
  "files": [
    "dist",
    "index.d.ts",
    "README.md"
  ],
  "dependencies": {
    "polythene-core-slider": "^1.5.2",
    "polythene-react-base": "^1.5.2"
  },
  "devDependencies": {
    "@types/react": "^16.7.20"
  },
  "author": "Arthur Clemens <arthurclemens@gmail.com> (http://arthurclemens.com)",
  "homepage": "https://github.com/ArthurClemens/polythene",
  "license": "MIT"
}