{
  "name": "authorization",
  "version": "0.2.0",
  "private": true,
  "devDependencies": {
    "react-scripts": "^2.1.1"
  },
  "dependencies": {
    "axios": "^0.16.2",
    "cors": "^2.8.3",
    "dotenv": "^4.0.0",
    "express": "^4.15.3",
    "express-jwt": "^5.3.0",
    "express-jwt-authz": "^1.0.0",
    "history": "^4.6.1",
    "jwks-rsa": "^1.1.1",
    "morgan": "^1.8.2",
    "npm-run-all": "^4.0.2",
    "auth0-js": "^9.0.0",
    "bootstrap": "^3.3.7",
    "react": "^15.6.1",
    "react-bootstrap": "^0.31.2",
    "react-dom": "^15.6.1",
    "react-router": "^4.1.2",
    "react-router-dom": "^4.1.2"
  },
  "scripts": {
    "start": "npm-run-all --parallel server:start client:start",
    "client:start": "react-scripts start",
    "server:start": "node server.js",
    "build": "react-scripts build",
    "test": "react-scripts test --env=jsdom",
    "eject": "react-scripts eject"
  },
  "eslintConfig": {
    "extends": "react-app"
  },
  "browserslist": [
    ">0.2%",
    "not dead",
    "not ie <= 11",
    "not op_mini all"
  ]
}