{
  "name": "azure-cognitiveservices-videosearch",
  "author": "Microsoft Corporation",
  "description": "VideoSearchClient Library with typescript type definitions for node",
  "version": "2.0.0",
  "dependencies": {
    "ms-rest": "^2.3.3"
  },
  "keywords": [
    "node",
    "azure"
  ],
  "license": "MIT",
  "main": "./lib/videoSearchClient.js",
  "types": "./lib/videoSearchClient.d.ts",
  "homepage": "https://github.com/azure/azure-sdk-for-node/tree/master/lib/services/videoSearch",
  "repository": {
    "type": "git",
    "url": "https://github.com/azure/azure-sdk-for-node.git"
  },
  "bugs": {
    "url": "https://github.com/azure/azure-sdk-for-node/issues"
  }
}