{
  "name": "bemuse",
  "version": "43.0.0",
  "description": "BEAT☆MUSIC☆SEQUENCE, a web-based music game of the future",
  "main": "index.js",
  "private": true,
  "engines": {
    "node": ">=10.14.1"
  },
  "workspaces": [
    "website",
    "e2e",
    "packages/*"
  ],
  "browserslist": [
    ">0.25%",
    "not ie 11",
    "not op_mini all"
  ],
  "scripts": {
    "bootstrap": "lerna bootstrap",
    "build": "gulp build",
    "build:netlify": "./bin/netlify-build",
    "pre-deploy": "gulp pre-deploy",
    "codecov": "codecov",
    "lint": "eslint --ext .js,.jsx,.ts,.tsx .",
    "lint:fix": "eslint --fix --ext .js,.jsx,.ts,.tsx .",
    "postbootstrap": "lerna run prepare",
    "prepare": "lerna run prepare",
    "prod-build": "cross-env NODE_ENV=production gulp build",
    "prod-start": "cross-env NODE_ENV=production HOT=true gulp server",
    "start": "cross-env HOT=true gulp server",
    "style:check": "yarn prettier --list-different './**/*.{js,jsx,ts,tsx,json,scss,css,yml}'",
    "style:fix": "yarn prettier --write './**/*.{js,jsx,ts,tsx,json,scss,css,yml}'",
    "test": "cross-env NODE_ENV=test BEMUSE_COV=true gulp test",
    "readme:update": "markdown-toc -i README.md && prettier --write README.md"
  },
  "importSort": {
    ".js, .jsx, .es6, .es": {
      "parser": "babylon",
      "style": "renke"
    }
  },
  "repository": {
    "type": "git",
    "url": "https://github.com/spacetme/bemuse.git"
  },
  "keywords": [
    "bms"
  ],
  "author": "Thai Pangsakulyanont <dtinth@spacet.me> (http://dt.in.th/)",
  "license": "AGPL-1.0",
  "bugs": {
    "url": "https://github.com/spacetme/bemuse/issues"
  },
  "homepage": "https://github.com/spacetme/bemuse",
  "devDependencies": {
    "@types/eslint": "^4.16.4",
    "@types/minimatch": "^3.0.3",
    "autoprefixer": "^9.1.5",
    "body-parser": "^1.18.3",
    "brfs": "^1.6.1",
    "chai": "^4.2.0",
    "chai-as-promised": "^7.1.1",
    "chalk": "^2.4.1",
    "circumstance": "^1.1.1",
    "codeclimate-test-reporter": "^0.5.1",
    "codecov": "^3.1.0",
    "connect": "^3.6.6",
    "cross-env": "^5.2.0",
    "css-loader": "^1.0.0",
    "danger": "^6.1.9",
    "dotenv": "^6.1.0",
    "eslint": "^5.7.0",
    "eslint-config-bemuse": "^4.0.2",
    "eslint-config-prettier": "^3.3.0",
    "eslint-config-standard": "^12.0.0",
    "eslint-config-standard-react": "^7.0.2",
    "eslint-import-resolver-webpack": "^0.10.1",
    "eslint-plugin-import": "^2.14.0",
    "eslint-plugin-node": "^7.0.1",
    "eslint-plugin-promise": "^4.0.1",
    "eslint-plugin-react": "^7.11.1",
    "eslint-plugin-standard": "^4.0.0",
    "exports-loader": "^0.7.0",
    "express": "^4.16.4",
    "file-loader": "^2.0.0",
    "gauge": "^2.7.4",
    "glob": "^7.1.3",
    "gulp": "^3.9.1",
    "gulp-eslint": "^5.0.0",
    "gulp-gh-pages": "git://github.com/dtinth/gulp-gh-pages",
    "gulp-mocha": "^6.0.0",
    "gulp-util": "^3.0.8",
    "husky": "^1.2.0",
    "import-sort-style-renke": "^2.4.0",
    "istanbul-instrumenter-loader": "^3.0.1",
    "jade": "^1.9.2",
    "jade-loader": "^0.8.0",
    "js-yaml": "^3.12.0",
    "json-loader": "^0.5.7",
    "karma": "^3.0.0",
    "karma-chrome-launcher": "^2.2.0",
    "karma-coverage": "^1.1.2",
    "karma-firefox-launcher": "^1.1.0",
    "karma-mocha": "^1.3.0",
    "karma-sourcemap-loader": "^0.3.7",
    "karma-webpack": "^3.0.5",
    "lerna": "^2.11.0",
    "lint-staged": "^8.1.0",
    "markdown-toc": "^1.2.0",
    "merge-stream": "^1.0.1",
    "minimatch": "^3.0.4",
    "mocha": "^5.2.0",
    "node-env": "^0.1.6",
    "node-sass": "^4.9.3",
    "nyc": "^11.9.0",
    "pegjs": "^0.10.0",
    "pegjs-loader": "^0.5.4",
    "postcss-flexbugs-fixes": "^4.1.0",
    "postcss-loader": "^3.0.0",
    "prettier": "^1.15.3",
    "puppeteer": "^1.11.0",
    "raw-loader": "^0.5.1",
    "rimraf": "^2.6.2",
    "sass-loader": "^7.1.0",
    "script-loader": "^0.7.2",
    "sinon": "^6.3.5",
    "sinon-chai": "^3.2.0",
    "source-map-support": "^0.5.9",
    "style-loader": "^0.23.1",
    "through2": "^2.0.3",
    "transform-loader": "^0.2.4",
    "ts-loader": "^5.3.1",
    "ts-node": "^7.0.1",
    "typescript": "^3.2.1",
    "typescript-eslint-parser": "^21.0.1",
    "url-loader": "^1.1.2",
    "val-loader": "^1.1.1",
    "web-audio-test-api": "^0.5.2",
    "webpack": "4.20.2",
    "webpack-dev-middleware": "^3.4.0",
    "webpack-dev-server": "3.1.9",
    "worker-loader": "^2.0.0",
    "yn": "^1.3.0"
  },
  "dependencies": {
    "audio-context": "^1.0.3",
    "auth0-js": "^9.8.0",
    "axios": "^0.17.1",
    "baconjs": "^0.7.95",
    "bemuse-indexer": "^4.1.0-0",
    "bemuse-notechart": "^2.1.0-0",
    "bluebird": "^3.5.2",
    "bms": "^3.1.0-2",
    "bmson": "^4.0.0-2",
    "bson-objectid": "^1.2.4",
    "bytes": "^3.0.0",
    "classnames": "^2.2.6",
    "co": "^4.3.1",
    "data-structure": "^1.2.0",
    "debug": "^3.2.5",
    "emotion": "^9.2.12",
    "fastclick": "^1.0.6",
    "immutable": "^3.8.2",
    "impure": "^1.0.0",
    "invariant": "^2.2.4",
    "jquery": "^3.3.1",
    "keycode": "^2.2.0",
    "keytime": "^0.1.0",
    "lazy-property": "^1.0.0",
    "lodash": "^4.17.11",
    "markdown-it": "^6.0.0",
    "mean": "^1.0.1",
    "median": "0.0.2",
    "once": "^1.3.1",
    "pixi.js": "^4.1.0",
    "power-assert": "^1.6.1",
    "prop-types": "^15.6.2",
    "qs": "^6.5.2",
    "react": "^16.5.2",
    "react-dom": "^16.5.2",
    "react-emotion": "^9.2.12",
    "react-fa": "^5.0.0",
    "react-fns": "^1.4.0",
    "react-hot-loader": "^4.3.11",
    "react-redux": "^5.0.7",
    "react-toggled": "^1.2.7",
    "recompose": "^0.26.0",
    "redux": "^3.7.2",
    "reselect": "^2.5.1",
    "rxjs": "^5.5.12",
    "screenfull": "^3.3.3",
    "serviceworker-webpack-plugin": "^1.0.1",
    "throat": "^2.0.2",
    "timesynchro": "^1.0.1",
    "updeep": "^0.16.0",
    "variance": "0.0.1",
    "whatwg-fetch": "^1.1.1"
  },
  "husky": {
    "hooks": {
      "pre-commit": "lint-staged"
    }
  },
  "lint-staged": {
    "*.{js,jsx,ts,tsx,json,scss,css,yml}": [
      "prettier --write",
      "git add"
    ]
  }
}