{
  "name": "@bootstrap-vue/nav",
  "version": "1.0.0",
  "meta": {
    "title": "Nav",
    "components": [
      {
        "component": "BNav",
        "plugins": [
          "Dropdown"
        ]
      },
      "BNavItem",
      "BNavText",
      "BNavForm",
      {
        "component": "BNavItemDropdown",
        "aliases": [
          "BNavItemDd",
          "BNavDropdown",
          "BNavDd"
        ],
        "slots": [
          {
            "name": "button-content",
            "description": "Can be used to implement custom text with icons and more styling."
          }
        ],
        "events": [
          {
            "event": "show",
            "description": "Emitted just before dropdown is shown. Cancelable.",
            "args": [
              {
                "arg": "bvEvt",
                "description": "BvEvent object. Call bvEvt.preventDefault() to cancel show."
              }
            ]
          },
          {
            "event": "shown",
            "description": "Emitted when dropdown is shown."
          },
          {
            "event": "hide",
            "description": "Emitted just before dropdown is hidden. Cancelable.",
            "args": [
              {
                "arg": "bvEvt",
                "description": "BvEvent object. Call bvEvt.preventDefault() to cancel hide."
              }
            ]
          },
          {
            "event": "hidden",
            "description": "Emitted when dropdown is hidden."
          },
          {
            "event": "toggle",
            "description": "Emitted when toggle button is clicked."
          }
        ]
      }
    ]
  }
}