{
  "name": "buildfirst",
  "version": "0.1.0",
  "homepage": "https://github.com/buildfirst/buildfirst",
  "author": {
    "name": "Nicolas Bevacqua",
    "email": "buildfirst@ponyfoo.com",
    "url": "https://ponyfoo.com/bf"
  },
  "license": "MIT",
  "repository": {
    "type": "git",
    "url": "git://github.com/buildfirst/buildfirst.git"
  },
  "devDependencies": {
    "grunt": "~0.4.2",
    "grunt-contrib-concat": "~0.3.0",
    "grunt-contrib-uglify": "~0.2.2",
    "grunt-contrib-clean": "~0.5.0"
  }
}