{
  "name": "@canner/router",
  "version": "3.2.1",
  "description": "Provide a simple router for canner without using react-router",
  "main": "lib/index.js",
  "keywords": [
    "canner",
    "router"
  ],
  "author": "Canner",
  "license": "Apache-2.0",
  "dependencies": {
    "@canner/history-router": "3.2.1",
    "history": "^4.7.2"
  },
  "peerDependencies": {
    "react": ">=16.3",
    "react-dom": ">=16.3"
  },
  "publishConfig": {
    "access": "public"
  },
  "gitHead": "61f8cfa5b91b92753c83aef591cb408c2a0d2afc"
}