{
  "name": "miaou",
  "version": "1.1.0",
  "license": "MIT",
  "description": "A node based chat server",
  "repository": {
    "type": "git",
    "url": "https://github.com/Canop/miaou"
  },
  "dependencies": {
    "@passport-next/passport-google-oauth2": "passport-next/passport-google-oauth2",
    "bluebird": ">=1.0.4",
    "body-parser": ">=1.5.2",
    "bounded-cache": ">=0.0.0",
    "busboy": ">=0.2.1",
    "cheerio": ">=0.13.1",
    "compression": ">=1.0.9",
    "connect-redis": ">=1.4.6",
    "cookie-parser": ">=1.3.2",
    "double-ended-queue": "2.1.0-0",
    "express": ">=3.4.0",
    "express-session": ">=1.7.2",
    "file-archive": "^0.1.0",
    "graceful-fs": "^4.1.11",
    "iconv-lite": ">=0.2.11",
    "passport": ">=0.2.2",
    "passport-github2": "^0.1.11",
    "passport-oauth": ">=1.0.0",
    "passport-reddit": ">=0.2.4",
    "pg": ">=4.5.5",
    "phantom": "^4.0.12",
    "pug": ">=2.0.0-beta11",
    "redis": ">=0.9.1",
    "request": ">=2.34.0",
    "socket.io": ">=2.0.1",
    "socket.io-client": ">=2.0.1",
    "web-push": "^3.3.2"
  },
  "engines": {
    "node": ">=10.0.0"
  },
  "scripts": {
    "start": "sh start.sh",
    "test": "jest",
    "lint": "gulp lint",
    "build": "gulp build"
  },
  "devDependencies": {
    "del": ">=2.2.0",
    "glob": "^7.1.2",
    "gulp": "github:gulpjs/gulp#4.0",
    "gulp-cli": "gulpjs/gulp-cli",
    "gulp-concat": ">=2.6.0",
    "gulp-debug": "^4.0.0",
    "gulp-eslint": ">=5.0.0",
    "gulp-if": ">=2.0.0",
    "gulp-rename": ">=1.2.2",
    "gulp-sass": ">=2.2.0",
    "gulp-uglify-es": "^1.0.4",
    "gulp-util": ">=3.0.7",
    "jest": "^23.3.0",
    "merge-stream": ">=1.0.0"
  }
}