{
  "name": "hack",
  "version": "1.0.0",
  "description": "hack your friends!",
  "repository": "git@github.com:ccorcos/hack.git",
  "engines": {
    "node": "5.9.1"
  },
  "main": "src/index.js",
  "bin": {
    "hack": "bin/cli.js"
  },
  "scripts": {
    "start": "heroku local web",
    "init": "node scripts/init.js",
    "deploy": "git push heroku master",
    "logs": "heroku logs --tail"
  },
  "keywords": [
    "hack"
  ],
  "author": "Chet Corcos <ccorcos@gmail.com> (http://www.chetcorcos.com/)",
  "license": "ISC",
  "dependencies": {
    "body-parser": "^1.15.2",
    "express": "^4.14.0",
    "morgan": "^1.7.0",
    "shell-escape": "^0.2.0",
    "shelljs": "^0.7.1"
  },
  "config": {
    "key": "__HACK_URL__"
  }
}