{
  "name": "webpack-seed",
  "description": "Frontend engineering solution based on webpack.",
  "version": "0.1.0",
  "scripts": {
    "start-dev": "node server/app",
    "build": "gulp",
    "start-release": "node server/app production",
    "deploy": "gulp deploy"
  },
  "localServer": {
    "port": 3010
  },
  "bundleAnalyzerConf": {
    "openAnalyzer": true,
    "analyzerPort": 3011
  },
  "dependencies": {},
  "devDependencies": {
    "babel-core": "^6.1.21",
    "babel-loader": "^6.1.0",
    "babel-preset-es2015": "^6.1.18",
    "babel-preset-react": "^6.1.18",
    "colors": "^1.1.2",
    "css-loader": "^0.15.6",
    "ejs-loader": "^0.2.1",
    "extract-text-webpack-plugin": "^1.0.1",
    "file-loader": "^0.8.4",
    "glob": "^6.0.4",
    "gulp": "^3.9.0",
    "gulp-clean": "^0.3.1",
    "gulp-htmlmin": "^1.1.3",
    "gulp-jshint": "^1.11.2",
    "gulp-replace": "^0.5.3",
    "gulp-sftp": "^0.1.4",
    "gulp-util": "^3.0.6",
    "html-loader": "^0.4.3",
    "html-webpack-plugin": "^2.7.2",
    "image-webpack-loader": "^1.6.1",
    "jshint-stylish": "^2.0.1",
    "jsx-loader": "^0.13.2",
    "koa": "^0.21.0",
    "koa-ejs": "^3.0.0",
    "koa-proxy": "^0.3.0",
    "koa-rewrite": "1.1.0",
    "koa-router": "^5.1.2",
    "koa-static": "^1.4.9",
    "koa-webpack-dev-middleware": "^1.0.1",
    "lodash": "^3.10.0",
    "node-libs-browser": "^0.5.2",
    "node-sass": "^3.8.0",
    "open": "0.0.5",
    "react": "^15.1.0",
    "react-dom": "^15.1.0",
    "sass-loader": "^1.0.3",
    "style-loader": "^0.12.3",
    "url-loader": "^0.5.6",
    "webpack": "^1.10.5",
    "webpack-bundle-analyzer": "^1.2.5",
    "webpack-dev-server": "^1.10.1",
    "webpack-hot-middleware": "^2.10.0"
  },
  "licence": "MIT"
}