{
  "name": "webcomponents.js",
  "version": "0.7.2",
  "description": "webcomponents.js",
  "main": "webcomponents.js",
  "directories": {
    "test": "tests"
  },
  "repository": {
    "type": "git",
    "url": "https://github.com/webcomponents/webcomponentsjs.git"
  },
  "author": {
    "name": "The Polymer Authors"
  },
  "license": {
    "type": "BSD-3-Clause",
    "url": "http://polymer.github.io/LICENSE.txt"
  },
  "bugs": {
    "url": "https://github.com/webcomponents/webcomponentsjs/issues"
  },
  "homepage": "http://webcomponents.org",
  "devDependencies": {
    "gulp": "^3.8.8",
    "gulp-audit": "^1.0.0",
    "gulp-concat": "^2.4.1",
    "gulp-header": "^1.1.1",
    "gulp-uglify": "^1.0.1",
    "run-sequence": "^1.0.1",
    "web-component-tester": "*"
  },
  "_id": "webcomponents.js@0.7.2",
  "scripts": {},
  "_shasum": "9272720ebdde5adcb3c139f70a070db776c55dd5",
  "_from": "webcomponents.js@*",
  "_npmVersion": "2.5.1",
  "_nodeVersion": "0.12.0",
  "_npmUser": {
    "name": "addyosmani",
    "email": "addyosmani@gmail.com"
  },
  "maintainers": [
    {
      "name": "addyosmani",
      "email": "addyosmani@gmail.com"
    },
    {
      "name": "azakus",
      "email": "dfreedm2@gmail.com"
    }
  ],
  "dist": {
    "shasum": "9272720ebdde5adcb3c139f70a070db776c55dd5",
    "tarball": "http://registry.npmjs.org/webcomponents.js/-/webcomponents.js-0.7.2.tgz"
  },
  "_resolved": "https://registry.npmjs.org/webcomponents.js/-/webcomponents.js-0.7.2.tgz"
}