{
  "name": "react-redux-jwt-authentication-example",
  "version": "1.0.0",
  "repository": {
    "type": "git",
    "url": "https://github.com/cornflourblue/react-redux-jwt-authentication-example.git"
  },
  "license": "MIT",
  "scripts": {
    "start": "webpack-dev-server --open"
  },
  "dependencies": {
    "history": "^4.6.3",
    "react": "^16.0.0",
    "react-dom": "^16.0.0",
    "react-redux": "^5.0.5",
    "react-router-dom": "^4.1.2",
    "redux": "^3.7.2",
    "redux-logger": "^3.0.6",
    "redux-thunk": "^2.2.0"
  },
  "devDependencies": {
    "babel-core": "^6.26.0",
    "babel-loader": "^7.1.5",
    "babel-preset-env": "^1.6.1",
    "babel-preset-react": "^6.16.0",
    "babel-preset-stage-0": "^6.24.1",
    "html-webpack-plugin": "^3.2.0",
    "path": "^0.12.7",
    "webpack": "^4.15.0",
    "webpack-cli": "^3.0.8",
    "webpack-dev-server": "^3.1.3"
  }
}