{
  "name": "countly-updates",
  "title": "Updates",
  "version": "0.0.0",
  "description": "Plugin for automatical updates of Countly server",
  "author": "Count.ly",
  "homepage": "https://count.ly/plugins/updates/",
  "repository": {
    "type": "git",
    "url": "http://github.com/Countly/countly-server.git"
  },
  "bugs": {
    "url": "http://github.com/Countly/countly-server/issues"
  },
  "keywords": [
    "countly",
    "analytics",
    "mobile",
    "plugins",
    "updates"
  ],
  "dependencies": {},
  "private": true
}