{
  "name": "demo",
  "version": "1.0.0",
  "description": "Universal usage example",
  "main": "worker.js",
  "scripts": {
    "compile": "webpack",
    "compile:watch": "webpack --watch",
    "start": "node app/worker",
    "test": "echo \"Error: no test specified\" && exit 1"
  },
  "config": {
    "css": "[name]_[local]__[hash:base64:5]",
    "port": 3000
  },
  "keywords": [
    "css-modules"
  ],
  "author": "Alexey Litvinov",
  "license": "MIT",
  "dependencies": {
    "css-modules-require-hook": "next",
    "express": "^4.14.0",
    "react": "^15.3.2",
    "react-dom": "^15.3.2"
  },
  "devDependencies": {
    "autoprefixer": "^7.2.4",
    "babel-core": "^6.26.0",
    "babel-loader": "^7.1.2",
    "babel-preset-es2015": "^6.24.1",
    "babel-preset-react": "^6.24.1",
    "babel-preset-stage-0": "^6.24.1",
    "css-loader": "0.28.7",
    "extract-text-webpack-plugin": "^3.0.2",
    "npm-install-webpack-plugin": "^4.0.4",
    "postcss-font-magician": "^2.1.0",
    "postcss-loader": "^2.0.10",
    "style-loader": "^0.19.1",
    "webpack": "^3.10.0"
  }
}