{
  "name": "image-uploads",
  "version": "1.0.0",
  "description": "A solution to uploading photos with AWS Lambda",
  "main": "index.js",
  "directories": {
    "example": "examples",
    "test": "test"
  },
  "dependencies": {
    "aws-sdk": "^2.344.0",
    "env2": "^2.1.1",
    "hapi": "^15.0.3",
    "hapi-error": "^1.4.1",
    "inert": "^4.0.2"
  },
  "devDependencies": {
    "codecov": "^1.0.1",
    "istanbul": "^0.4.5",
    "nightwatch": "^0.9.8",
    "selenium-download": "^2.0.6",
    "tape": "^4.6.0"
  },
  "scripts": {
    "direct-upload-test": "istanbul cover tape examples/direct-upload/test/**/*.js",
    "direct-upload-coverage": "istanbul cover tape examples/direct-upload/test/**/*.js && codecov",
    "sdk-upload-test": "istanbul cover tape examples/sdk-upload/test/**/*.js",
    "sdk-upload-coverage": "istanbul cover tape examples/sdk-upload/test/**/*.js && codecov"
  },
  "repository": {
    "type": "git",
    "url": "git+https://github.com/dwyl/image-uploads.git"
  },
  "author": "",
  "license": "ISC",
  "bugs": {
    "url": "https://github.com/dwyl/image-uploads/issues"
  },
  "homepage": "https://github.com/dwyl/image-uploads#readme"
}