{
  "name": "x-pack",
  "version": "8.0.0",
  "author": "Elastic",
  "private": true,
  "license": "Elastic-License",
  "scripts": {
    "kbn": "node ../scripts/kbn",
    "start": "gulp dev",
    "build": "gulp build",
    "testonly": "gulp testonly",
    "test": "gulp test",
    "test:browser:dev": "gulp testbrowser-dev",
    "test:browser": "gulp testbrowser",
    "test:jest": "node scripts/jest",
    "test:mocha": "grunt test:mocha",
    "test:server": "gulp testserver"
  },
  "kibana": {
    "build": {
      "intermediateBuildDirectory": "build/plugin/kibana/x-pack"
    }
  },
  "resolutions": {
    "**/@types/node": "10.12.27"
  },
  "devDependencies": {
    "@kbn/dev-utils": "1.0.0",
    "@kbn/es": "1.0.0",
    "@kbn/plugin-helpers": "9.0.2",
    "@kbn/test": "1.0.0",
    "@storybook/addon-actions": "^4.1.7",
    "@storybook/addon-console": "^1.1.0",
    "@storybook/addon-info": "^4.0.7",
    "@storybook/addon-knobs": "^4.0.7",
    "@storybook/addon-options": "^4.1.7",
    "@storybook/addon-storyshots": "^4.1.7",
    "@storybook/react": "^4.0.7",
    "@types/angular": "1.6.50",
    "@types/cheerio": "^0.22.10",
    "@types/d3-array": "^1.2.1",
    "@types/d3-scale": "^2.0.0",
    "@types/d3-shape": "^1.3.1",
    "@types/d3-time": "^1.0.7",
    "@types/d3-time-format": "^2.1.0",
    "@types/elasticsearch": "^5.0.30",
    "@types/graphql": "^0.13.1",
    "@types/history": "^4.6.2",
    "@types/jest": "^24.0.9",
    "@types/joi": "^13.4.2",
    "@types/json-stable-stringify": "^1.0.32",
    "@types/jsonwebtoken": "^7.2.7",
    "@types/lodash": "^3.10.1",
    "@types/mocha": "^5.2.6",
    "@types/pngjs": "^3.3.1",
    "@types/prop-types": "^15.5.3",
    "@types/react": "^16.8.0",
    "@types/react-datepicker": "^1.1.5",
    "@types/react-dom": "^16.8.0",
    "@types/react-redux": "^6.0.6",
    "@types/react-router-dom": "^4.3.1",
    "@types/recompose": "^0.30.2",
    "@types/reduce-reducers": "^0.1.3",
    "@types/sinon": "^5.0.1",
    "@types/storybook__addon-actions": "^3.4.1",
    "@types/storybook__addon-info": "^3.4.2",
    "@types/storybook__react": "^4.0.0",
    "@types/supertest": "^2.0.5",
    "@types/uuid": "^3.4.4",
    "abab": "^1.0.4",
    "ansi-colors": "^3.0.5",
    "ansicolors": "0.3.2",
    "axios": "^0.18.0",
    "babel-jest": "^23.6.0",
    "babel-plugin-inline-react-svg": "^0.5.4",
    "babel-plugin-mock-imports": "^0.0.5",
    "babel-plugin-require-context-hook": "^1.0.0",
    "babel-plugin-transform-react-remove-prop-types": "^0.4.14",
    "chalk": "^2.4.1",
    "chance": "1.0.10",
    "checksum": "0.1.1",
    "commander": "2.12.2",
    "copy-webpack-plugin": "^4.5.2",
    "del": "^3.0.0",
    "dotenv": "2.0.0",
    "enzyme": "^3.7.0",
    "enzyme-adapter-react-16": "^1.9.0",
    "enzyme-adapter-utils": "^1.10.0",
    "enzyme-to-json": "^3.3.4",
    "execa": "^1.0.0",
    "expect.js": "0.3.1",
    "fancy-log": "^1.3.2",
    "fetch-mock": "7.3.0",
    "graphql-code-generator": "^0.13.0",
    "graphql-codegen-introspection-template": "^0.13.0",
    "graphql-codegen-typescript-resolvers-template": "^0.13.0",
    "graphql-codegen-typescript-template": "^0.13.0",
    "gulp": "3.9.1",
    "gulp-mocha": "2.2.0",
    "gulp-multi-process": "^1.3.1",
    "hapi": "^17.5.3",
    "jest": "^24.1.0",
    "jest-cli": "^24.1.0",
    "jest-styled-components": "^6.2.2",
    "jsdom": "^12.0.0",
    "mocha": "3.3.0",
    "mustache": "^2.3.0",
    "mutation-observer": "^1.0.3",
    "node-fetch": "^2.1.2",
    "pdf-image": "2.0.0",
    "pdfjs-dist": "^2.0.943",
    "pixelmatch": "4.0.2",
    "proxyquire": "1.7.11",
    "react-docgen-typescript-loader": "^3.0.0",
    "react-docgen-typescript-webpack-plugin": "^1.1.0",
    "react-test-renderer": "^16.8.0",
    "redux-test-utils": "0.2.2",
    "rsync": "0.4.0",
    "run-sequence": "^2.2.1",
    "sass-loader": "^7.1.0",
    "sass-resources-loader": "^2.0.0",
    "simple-git": "1.37.0",
    "sinon": "^5.0.7",
    "string-replace-loader": "^2.1.1",
    "supertest": "^3.1.0",
    "supertest-as-promised": "^4.0.2",
    "tmp": "0.0.31",
    "tree-kill": "^1.1.0",
    "ts-loader": "^5.2.2",
    "typescript": "^3.3.3333",
    "vinyl-fs": "^3.0.2",
    "xml-crypto": "^0.10.1",
    "xml2js": "^0.4.19",
    "yargs": "4.8.1"
  },
  "dependencies": {
    "@elastic/datemath": "5.0.2",
    "@elastic/eui": "7.1.0",
    "@elastic/node-crypto": "0.1.2",
    "@elastic/numeral": "2.3.2",
    "@kbn/babel-preset": "1.0.0",
    "@kbn/es-query": "1.0.0",
    "@kbn/i18n": "1.0.0",
    "@kbn/interpreter": "1.0.0",
    "@kbn/ui-framework": "1.0.0",
    "@samverschueren/stream-to-observable": "^0.3.0",
    "@scant/router": "^0.1.0",
    "@slack/client": "^4.8.0",
    "@turf/boolean-contains": "6.0.1",
    "angular-resource": "1.4.9",
    "angular-sanitize": "1.6.5",
    "angular-ui-ace": "0.2.3",
    "apollo-cache-inmemory": "1.2.7",
    "apollo-client": "^2.3.8",
    "apollo-link": "^1.2.3",
    "apollo-link-http": "^1.5.4",
    "apollo-link-schema": "^1.1.0",
    "apollo-link-state": "^0.4.1",
    "apollo-server-errors": "^2.0.2",
    "apollo-server-hapi": "^1.3.6",
    "axios": "^0.18.0",
    "babel-core": "^6.26.3",
    "babel-polyfill": "6.20.0",
    "babel-preset-es2015": "^6.24.1",
    "babel-register": "^6.26.0",
    "babel-runtime": "^6.26.0",
    "base64-js": "^1.2.1",
    "bluebird": "3.5.3",
    "boom": "^7.2.0",
    "brace": "0.11.1",
    "chroma-js": "^1.3.6",
    "classnames": "2.2.5",
    "concat-stream": "1.5.1",
    "constate": "^0.9.0",
    "content-disposition": "0.5.3",
    "copy-to-clipboard": "^3.0.8",
    "cronstrue": "^1.51.0",
    "d3": "3.5.6",
    "d3-scale": "1.0.6",
    "dataloader": "^1.4.0",
    "dedent": "^0.7.0",
    "dragselect": "1.8.1",
    "elasticsearch": "^15.4.1",
    "extract-zip": "1.5.0",
    "file-saver": "^1.3.8",
    "font-awesome": "4.4.0",
    "formsy-react": "^1.1.5",
    "get-port": "2.1.0",
    "getos": "^3.1.0",
    "glob": "6.0.4",
    "graphql": "^0.13.2",
    "graphql-fields": "^1.0.2",
    "graphql-tag": "^2.9.2",
    "graphql-tools": "^3.0.2",
    "handlebars": "^4.0.10",
    "hapi-auth-cookie": "^9.0.0",
    "history": "4.7.2",
    "history-extra": "^4.0.2",
    "humps": "2.0.1",
    "icalendar": "0.7.1",
    "inline-style": "^2.0.0",
    "intl": "^1.2.5",
    "io-ts": "^1.4.2",
    "joi": "^13.5.2",
    "jquery": "^3.3.1",
    "json-stable-stringify": "^1.0.1",
    "jsonwebtoken": "^8.3.0",
    "lodash": "npm:@elastic/lodash@3.10.1-kibana1",
    "lodash.keyby": "^4.6.0",
    "lodash.lowercase": "^4.3.0",
    "lodash.mean": "^4.1.0",
    "lodash.omitby": "^4.6.0",
    "lodash.orderby": "4.6.0",
    "lodash.pickby": "^4.6.0",
    "lodash.topath": "^4.5.2",
    "lodash.uniqby": "^4.7.0",
    "lz-string": "^1.4.4",
    "mapbox-gl": "0.52.0",
    "markdown-it": "^8.4.1",
    "mime": "^2.2.2",
    "mkdirp": "0.5.1",
    "moment": "^2.20.1",
    "moment-duration-format": "^1.3.0",
    "moment-timezone": "^0.5.14",
    "ngreact": "^0.5.1",
    "node-fetch": "^2.1.2",
    "nodemailer": "^4.6.4",
    "object-path-immutable": "^0.5.3",
    "oppsy": "^2.0.0",
    "papaparse": "^4.6.0",
    "pdfmake": "0.1.33",
    "pluralize": "3.1.0",
    "pngjs": "3.3.1",
    "polished": "^1.9.2",
    "prop-types": "^15.6.0",
    "puid": "1.0.5",
    "puppeteer-core": "^1.7.0",
    "raw-loader": "0.5.1",
    "react": "^16.8.0",
    "react-apollo": "^2.1.4",
    "react-beautiful-dnd": "^8.0.7",
    "react-clipboard.js": "^1.1.2",
    "react-datetime": "^2.14.0",
    "react-dom": "^16.8.0",
    "react-dropzone": "^4.2.9",
    "react-fast-compare": "^2.0.4",
    "react-markdown-renderer": "^1.4.0",
    "react-portal": "^3.2.0",
    "react-redux": "^5.0.7",
    "react-redux-request": "^1.5.6",
    "react-router-dom": "^4.3.1",
    "react-select": "^1.2.1",
    "react-shortcuts": "^2.0.0",
    "react-sticky": "^6.0.3",
    "react-syntax-highlighter": "^5.7.0",
    "react-vis": "^1.8.1",
    "recompose": "^0.26.0",
    "reduce-reducers": "^0.4.3",
    "redux": "4.0.0",
    "redux-actions": "2.2.1",
    "redux-observable": "^1.0.0",
    "redux-thunk": "2.3.0",
    "redux-thunks": "^1.0.0",
    "request": "^2.88.0",
    "reselect": "3.0.1",
    "resize-observer-polyfill": "^1.5.0",
    "rimraf": "^2.6.2",
    "rison-node": "0.3.1",
    "rxjs": "^6.2.1",
    "semver": "5.1.0",
    "squel": "^5.12.2",
    "style-it": "2.1.2",
    "styled-components": "3.3.3",
    "tar-fs": "1.13.0",
    "tinycolor2": "1.3.0",
    "tinymath": "1.1.1",
    "topojson-client": "3.0.0",
    "tslib": "^1.9.3",
    "turf": "3.0.14",
    "typescript-fsa": "^2.5.0",
    "typescript-fsa-reducers": "^0.4.5",
    "ui-select": "0.19.6",
    "unbzip2-stream": "1.0.9",
    "unstated": "^2.1.1",
    "uuid": "3.0.1",
    "venn.js": "0.2.9",
    "xregexp": "3.2.0"
  },
  "engines": {
    "yarn": "^1.10.1"
  }
}