{
  "name": "@elastic/eslint-config-kibana",
  "version": "0.15.0",
  "description": "The eslint config used by the kibana team",
  "main": ".eslintrc.js",
  "repository": {
    "type": "git",
    "url": "git+https://github.com/elastic/eslint-config-kibana.git"
  },
  "keywords": [],
  "author": "Spencer Alger <email@spalger.com>",
  "license": "Apache-2.0",
  "bugs": {
    "url": "https://github.com/elastic/eslint-config-kibana/issues"
  },
  "homepage": "https://github.com/elastic/eslint-config-kibana#readme",
  "peerDependencies": {
    "babel-eslint": "^9.0.0",
    "eslint": "^5.6.0",
    "eslint-plugin-babel": "^5.2.0",
    "eslint-plugin-jsx-a11y": "^6.1.2",
    "eslint-plugin-import": "^2.14.0",
    "eslint-plugin-jest": "^21.22.1",
    "eslint-plugin-mocha": "^5.2.0",
    "eslint-plugin-no-unsanitized": "^3.0.2",
    "eslint-plugin-prefer-object-spread": "^1.2.1",
    "eslint-plugin-react": "^7.11.1"
  }
}