{
  "name": "book-api",
  "version": "1.0.0",
  "description": "",
  "main": "index.js",
  "scripts": {
    "test": "echo \"Error: no test specified\" && exit 1"
  },
  "author": "Eric Douglas <eric.douglas.mail@gmail.com> (https://github.com/ericdouglas)",
  "license": "ISC",
  "dependencies": {
    "body-parser": "^1.12.4",
    "express": "^4.12.4",
    "mongoose": "^4.0.5"
  },
  "devDependencies": {
    "chai": "^3.0.0",
    "gulp": "^3.9.0",
    "gulp-env": "^0.2.0",
    "gulp-mocha": "^2.1.1",
    "gulp-nodemon": "^2.0.3",
    "sinon": "^1.15.1",
    "supertest": "^1.0.1"
  }
}