{
  "name": "web3-core",
  "namespace": "ethereum",
  "version": "1.0.0-beta.47",
  "description": "Web3 core tools for sub packages. This is an internal package.",
  "repository": "https://github.com/ethereum/web3.js/tree/1.0/packages/web3-core",
  "license": "LGPL-3.0",
  "main": "dist/web3-core.cjs.js",
  "module": "dist/web3-core.esm.js",
  "browser": "dist/web3-core.umd.js",
  "types": "types",
  "scripts": {
    "build": "rollup -c",
    "dev": "rollup -c -w",
    "test": "jest",
    "dtslint": "dtslint types --onlyTestTsNext"
  },
  "dependencies": {
    "@babel/runtime": "^7.3.1",
    "@types/node": "^10.12.18",
    "lodash": "^4.17.11",
    "web3-utils": "1.0.0-beta.47"
  },
  "devDependencies": {
    "dtslint": "^0.4.2",
    "web3-eth-accounts": "1.0.0-beta.47",
    "web3-providers": "1.0.0-beta.47"
  },
  "files": [
    "dist",
    "types/index.d.ts"
  ]
}