{
  "name": "web3-utils",
  "namespace": "ethereum",
  "version": "1.0.0-beta.47",
  "description": "Collection of utility functions used in web3.js.",
  "repository": "https://github.com/ethereum/web3.js/tree/1.0/packages/web3-utils",
  "license": "LGPL-3.0",
  "main": "dist/web3-utils.cjs.js",
  "module": "dist/web3-utils.esm.js",
  "browser": "dist/web3-utils.umd.js",
  "scripts": {
    "build": "rollup -c",
    "dev": "rollup -c -w",
    "test": "jest",
    "dtslint": "dtslint types --onlyTestTsNext"
  },
  "types": "types",
  "dependencies": {
    "@babel/runtime": "^7.3.1",
    "@types/bn.js": "^4.11.4",
    "@types/node": "^10.12.18",
    "bn.js": "4.11.8",
    "eth-lib": "0.2.8",
    "ethjs-unit": "^0.1.6",
    "lodash": "^4.17.11",
    "number-to-bn": "1.7.0",
    "randomhex": "0.1.5",
    "utf8": "2.1.1"
  },
  "devDependencies": {
    "crypto-js": "3.1.9-1",
    "dtslint": "^0.4.2"
  },
  "files": [
    "dist",
    "types/index.d.ts"
  ]
}