{
  "name": "eslint-plugin-nuclide-internal",
  "version": "0.7.3-dev",
  "description": "A custom ESLint plugin for Atom/Nuclide code",
  "author": "NEEDS OWNER",
  "license": "BSD-3-Clause",
  "homepage": "https://nuclide.io/",
  "repository": "https://github.com/facebook/nuclide/tree/master/modules/eslint-plugin-nuclide-internal",
  "scripts": {
    "test": "true"
  },
  "devDependencies": {
    "babel-eslint": "8.2.5",
    "eslint": "5.1.0",
    "idx": "1.2.0",
    "resolve-from": "2.0.0",
    "temp": "0.8.3"
  },
  "private": true
}