{
  "name": "forever-monitor",
  "description": "Core forever process monitor",
  "version": "1.7.1",
  "author": "Charlie Robbins <charlie.robbins@gmail.com>",
  "contributors": [
    {
      "name": "Charlie Robbins",
      "email": "charlie@nodejitsu.com"
    },
    {
      "name": "Fedor Indutny",
      "email": "fedor.indutny@gmail.com"
    },
    {
      "name": "James Halliday",
      "email": "mail@substack.net"
    },
    {
      "name": "Bradley Meck",
      "email": "bradley@nodejitsu.com"
    },
    {
      "name": "Dominic Tarr",
      "email": "dominic@nodejitsu.com"
    },
    {
      "name": "Maciej Małecki",
      "email": "maciej@nodejitsu.com"
    }
  ],
  "repository": {
    "type": "git",
    "url": "http://github.com/nodejitsu/forever-monitor.git"
  },
  "keywords": [
    "fault tolerant",
    "sysadmin",
    "tools"
  ],
  "dependencies": {
    "broadway": "~0.3.6",
    "chokidar": "^1.0.1",
    "minimatch": "~3.0.2",
    "ps-tree": "0.0.x",
    "utile": "~0.2.1"
  },
  "devDependencies": {
    "optimist": "~0.6.1",
    "vows": "~0.7.0"
  },
  "main": "./lib/index.js",
  "scripts": {
    "test": "vows test/**/*-test.js --spec -i"
  },
  "license": "MIT",
  "engines": {
    "node": ">= 0.8.x"
  }
}