{
  "name": "react-contextual-rsm",
  "version": "1.0.0",
  "description": "React State Museum - Example of react-contextual",
  "main": "src/index.js",
  "keywords": [],
  "dependencies": {
    "packlist-components": "^1.2.0",
    "react": "^16.3.2",
    "react-contextual": "^5.0.1",
    "react-dom": "^16.3.2",
    "react-scripts": "^1.1.4"
  },
  "devDependencies": {},
  "scripts": {
    "start": "react-scripts start",
    "build": "react-scripts build",
    "test": "react-scripts test --env=jsdom",
    "eject": "react-scripts eject"
  }
}