{
  "name": "pure-store-rsm",
  "version": "1.0.0",
  "description": "React State Museum - Example of pure-store",
  "keywords": [
    "react state museum",
    "pure-store"
  ],
  "main": "src/index.js",
  "dependencies": {
    "packlist-components": "^1.2.0",
    "pure-store": "^0.3.2",
    "react": "16.3.2",
    "react-dom": "16.3.2",
    "react-scripts": "1.1.4"
  },
  "devDependencies": {},
  "scripts": {
    "start": "react-scripts start",
    "build": "react-scripts build",
    "test": "react-scripts test --env=jsdom",
    "eject": "react-scripts eject"
  }
}