{
  "name": "alloy-ui",
  "filename": "aui-min.js",
  "version": "1.0.1",
  "description": "Alloy is a UI metaframework that provides a consistent and simple API for building web applications across allthree levels of the browser: structure, style and behavior.",
  "homepage": "https://github.com/liferay/alloy-ui",
  "keywords": [
    "ui",
    "themeing",
    "popular"
  ],
  "maintainers": [
    {
      "name": "Liferay",
      "web": "http://www.liferay.com/"
    }
  ],
  "repositories": [
    {
      "type": "git",
      "url": "https://github.com/liferay/alloy-ui"
    }
  ]
}