{
  "name": "nodejs-docs-samples-healthcare",
  "version": "0.0.1",
  "private": true,
  "license": "Apache-2.0",
  "author": "Google LLC",
  "repository": "GoogleCloudPlatform/nodejs-docs-samples",
  "engines": {
    "node": ">=6.0.0"
  },
  "scripts": {
    "test": "ava -T 1m --verbose system-test/*.test.js"
  },
  "devDependencies": {
    "@google-cloud/nodejs-repo-tools": "^3.0.0",
    "ava": "^0.25.0"
  },
  "dependencies": {
    "googleapis": "^37.0.0",
    "uuid": "^3.3.2",
    "yargs": "^13.0.0"
  },
  "cloud-repo-tools": {
    "requiresKeyFile": true,
    "requiresProjectId": true,
    "test": {
      "build": {
        "requiredEnvVars": [
          "API_KEY",
          "GCLOUD_PROJECT"
        ]
      }
    }
  }
}