{
  "name": "VisBug",
  "version": "0.2.11",
  "description": "",
  "main": "index.js",
  "scripts": {
    "start": "npm run concurrent",
    "concurrent": "concurrently --kill-others \"npm run dev:js\" \"npm run dev:css\" \"npm run dev:server\"",
    "bundle": "rollup -c && postcss app/index.css -o app/bundle.css",
    "bump": "npm version patch -m 'Release %s'",
    "postversion": "npm run extension",
    "dev:js": "rollup -c -w",
    "dev:css": "postcss app/index.css -o app/bundle.css -w",
    "dev:server": "browser-sync start --server \"app\" --files \"app/index.html,app/bundle.css,app/bundle.js\" --no-open",
    "extension": "npm run extension:js && npm run extension:css && npm run extension:copy",
    "extension:build": "npm run extension:js && npm run extension:css && npm run extension:copy",
    "extension:release": "npm run bump && npm run extension:js && npm run extension:css && npm run extension:copy && npm run extension:zip",
    "extension:js": "rollup -c",
    "extension:css": "postcss app/extension.css -o extension/toolbar/bundle.css",
    "extension:copy": "cp app/bundle.js extension/toolbar/ && cp -R app/tuts/ extension/tuts/",
    "extension:zip": "rm -rf ./extension/build/* && mkdir ./visbug_v$npm_package_version && cp -R ./extension/* ./visbug_v$npm_package_version/ && zip -r ./extension/build/visbug_v$npm_package_version.zip ./visbug_v$npm_package_version && rm -rf ./visbug_v$npm_package_version",
    "deploy": "gcloud app deploy --project=visbug-1337"
  },
  "author": "",
  "license": "ISC",
  "dependencies": {
    "@ctrl/tinycolor": "^2.0.0",
    "blingblingjs": "^2.0.2",
    "hotkeys-js": "^3.3.5",
    "query-selector-shadow-dom": "^0.3.2",
    "ragrid": "^1.0.5"
  },
  "devDependencies": {
    "browser-sync": "^2.26.3",
    "concurrently": "^4.1.0",
    "postcss": "^7.0.7",
    "postcss-cli": "^6.1.1",
    "postcss-import": "^12.0.1",
    "postcss-loader": "^3.0.0",
    "postcss-preset-env": "^6.5.0",
    "rollup": "^1.0.1",
    "rollup-plugin-node-resolve": "^4.0.0",
    "rollup-plugin-postcss": "^1.6.3"
  }
}