{
  "name": "eos-voter",
  "productName": "eos-voter",
  "version": "0.7.3",
  "description": "",
  "main": "./main.prod.js",
  "author": {
    "name": "Greymass",
    "email": "hello@greymass.com",
    "url": "https://github.com/greymass"
  },
  "scripts": {
    "electron-rebuild": "node -r babel-register ../internals/scripts/ElectronRebuild.js",
    "postinstall": "npm run electron-rebuild"
  },
  "license": "MIT",
  "dependencies": {
    "@ledgerhq/hw-transport-node-hid": "^4.22.0",
    "babel-runtime": "^6.26.0"
  }
}