{
  "name": "deep-is",
  "version": "0.1.3",
  "description": "node's assert.deepEqual algorithm except for NaN being equal to NaN",
  "main": "index.js",
  "directories": {
    "lib": ".",
    "example": "example",
    "test": "test"
  },
  "scripts": {
    "test": "tape test/*.js"
  },
  "devDependencies": {
    "tape": "~1.0.2"
  },
  "repository": {
    "type": "git",
    "url": "http://github.com/thlorenz/deep-is.git"
  },
  "keywords": [
    "equality",
    "equal",
    "compare"
  ],
  "author": {
    "name": "Thorsten Lorenz",
    "email": "thlorenz@gmx.de",
    "url": "http://thlorenz.com"
  },
  "license": {
    "type": "MIT",
    "url": "https://github.com/thlorenz/deep-is/blob/master/LICENSE"
  },
  "testling": {
    "files": "test/*.js",
    "browsers": {
      "ie": [
        6,
        7,
        8,
        9
      ],
      "ff": [
        3.5,
        10,
        15
      ],
      "chrome": [
        10,
        22
      ],
      "safari": [
        5.1
      ],
      "opera": [
        12
      ]
    }
  }
}