{
  "name": "unthenify",
  "version": "1.0.4",
  "description": "Callbackify a promise function. The logical reverse of `thenify`.",
  "main": "dist/index.js",
  "typings": "dist/index.d.ts",
  "files": [
    "dist/",
    "LICENSE"
  ],
  "scripts": {
    "lint": "tslint \"src/**/*.ts\"",
    "build": "rm -rf dist/ && tsc",
    "test-spec": "ts-node node_modules/blue-tape/bin/blue-tape.js \"src/**/*.spec.ts\" | tap-spec",
    "test-cov": "ts-node node_modules/istanbul/lib/cli.js cover -e .ts --print none -x \"*.d.ts\" -x \"*.spec.ts\" blue-tape -- \"src/**/*.spec.ts\" | tap-spec",
    "test": "npm run lint && npm run test-cov",
    "prepublish": "typings install && npm run build"
  },
  "repository": {
    "type": "git",
    "url": "git://github.com/blakeembrey/unthenify.git"
  },
  "keywords": [
    "thenify",
    "promise",
    "callback",
    "nodeify",
    "then"
  ],
  "author": {
    "name": "Blake Embrey",
    "email": "hello@blakeembrey.com",
    "url": "http://blakeembrey.me"
  },
  "license": "Apache-2.0",
  "bugs": {
    "url": "https://github.com/blakeembrey/unthenify/issues"
  },
  "homepage": "https://github.com/blakeembrey/unthenify",
  "devDependencies": {
    "any-promise": "^1.1.0",
    "blue-tape": "^1.0.0",
    "bluebird": "^3.1.1",
    "istanbul": "1.0.0-alpha.2",
    "tap-spec": "^4.1.1",
    "ts-node": "^2.0.0",
    "tslint": "^4.2.0",
    "tslint-config-standard": "^2.0.0",
    "typescript": "^2.0.3",
    "typings": "^2.1.0"
  },
  "dependencies": {
    "any-promise": "^1.3.0",
    "util-arity": "^1.0.2"
  }
}