{
  "name": "lodash.foreach",
  "version": "4.5.0",
  "description": "The lodash method `_.forEach` exported as a module.",
  "homepage": "https://lodash.com/",
  "icon": "https://lodash.com/icon.svg",
  "license": "MIT",
  "keywords": "lodash-modularized, foreach",
  "author": "John-David Dalton <john.david.dalton@gmail.com> (http://allyoucanleet.com/)",
  "contributors": [
    "John-David Dalton <john.david.dalton@gmail.com> (http://allyoucanleet.com/)",
    "Blaine Bublitz <blaine.bublitz@gmail.com> (https://github.com/phated)",
    "Mathias Bynens <mathias@qiwi.be> (https://mathiasbynens.be/)"
  ],
  "repository": "lodash/lodash",
  "scripts": {
    "test": "echo \"See https://travis-ci.org/lodash/lodash-cli for testing details.\""
  }
}