{
  "name": "@hawkeyesec/scanner-cli",
  "description": "A project security, vulnerability and general risk highlighting tool",
  "version": "1.4.0",
  "license": "Apache-2.0",
  "keywords": [],
  "homepage": "https://github.com/Stono/hawkeye",
  "author": {
    "name": "Karl Stoney",
    "email": "me@karlstoney.com",
    "url": "https://karlstoney.com"
  },
  "contributors": [
    {
      "name": "Felix Hammerl",
      "email": "felix.hammerl@gmail.com",
      "url": "https://felixhammerl.com"
    }
  ],
  "publishConfig": {
    "access": "public"
  },
  "repository": {
    "type": "git",
    "url": "git://github.com/Stono/hawkeye.git"
  },
  "bugs": {
    "url": "https://github.com/Stono/issues"
  },
  "main": "index",
  "engines": {
    "node": ">= 8.9.0"
  },
  "scripts": {
    "preversion": "npm test",
    "postversion": "git push && git push --tags",
    "start": "node ./bin/hawkeye",
    "example": "node ./bin/hawkeye-scan -t test/samples/nodejs",
    "watch": "nodemon --watch . --exec 'npm test'",
    "test": "npx npm-run-all test:lint test:unit",
    "test:lint": "npx standard",
    "test:unit": "NODE_ENV=testing npx mocha 'lib/**/*-unit.js' -R 'spec' testutils.js"
  },
  "bin": {
    "hawkeye": "./bin/hawkeye"
  },
  "dependencies": {
    "async": "^2.6.1",
    "colors": "^1.3.2",
    "command-exists": "^1.2.8",
    "commander": "^2.19.0",
    "console.table": "^0.10.0",
    "glob": "^7.1.3",
    "is-valid-path": "^0.1.1",
    "istextorbinary": "^2.3.0",
    "lodash": "^4.17.11",
    "semver": "^5.6.0",
    "superagent": "^4.0.0",
    "xml2js": "^0.4.19"
  },
  "devDependencies": {
    "chai": "^4.2.0",
    "chai-as-promised": "^7.1.1",
    "mocha": "^6.0.0",
    "nock": "^10.0.2",
    "nodemon": "^1.18.7",
    "npm-run-all": "^4.1.5",
    "pre-commit": "^1.2.2",
    "sinon": "^7.1.1",
    "sinon-chai": "^3.3.0",
    "standard": "^12.0.1"
  },
  "standard": {
    "globals": [
      "describe",
      "it",
      "before",
      "beforeEach",
      "afterEach",
      "after",
      "expect",
      "sinon"
    ]
  },
  "pre-commit": [
    "test"
  ]
}