{
  "name": "xyy2-vue",
  "version": "1.0.0",
  "description": "A Vue.js project",
  "author": "hzzly <hjingren@aliyun.com>",
  "private": true,
  "scripts": {
    "dev": "node build/dev-server.js",
    "build": "node build/build.js"
  },
  "dependencies": {
    "axios": "^0.15.3",
    "moment": "^2.22.2",
    "vue": "^2.1.10",
    "vue-awesome-swiper": "^3.1.3",
    "vue-router": "^2.2.0",
    "vuex": "^2.5.0"
  },
  "devDependencies": {
    "autoprefixer": "^6.7.2",
    "babel-core": "^6.22.1",
    "babel-loader": "^6.2.10",
    "babel-plugin-transform-runtime": "^6.22.0",
    "babel-preset-env": "^1.1.8",
    "babel-preset-stage-2": "^6.22.0",
    "babel-register": "^6.22.0",
    "chalk": "^1.1.3",
    "connect-history-api-fallback": "^1.3.0",
    "copy-webpack-plugin": "^4.0.1",
    "css-loader": "^0.26.1",
    "eventsource-polyfill": "^0.9.6",
    "express": "^4.14.1",
    "extract-text-webpack-plugin": "^2.0.0-rc.3",
    "file-loader": "^0.10.0",
    "friendly-errors-webpack-plugin": "^1.1.3",
    "function-bind": "^1.1.0",
    "html-webpack-plugin": "^2.28.0",
    "http-proxy-middleware": "^0.17.3",
    "node-sass": "^4.5.0",
    "opn": "^4.0.2",
    "optimize-css-assets-webpack-plugin": "^1.3.0",
    "ora": "^1.1.0",
    "qs": "^6.3.1",
    "rimraf": "^2.6.0",
    "sass-loader": "^6.0.2",
    "semver": "^5.3.0",
    "url-loader": "^0.5.7",
    "vue-loader": "^11.0.0",
    "vue-style-loader": "^2.0.0",
    "vue-template-compiler": "^2.1.10",
    "webpack": "^2.2.1",
    "webpack-bundle-analyzer": "^2.2.1",
    "webpack-dev-middleware": "^1.10.0",
    "webpack-hot-middleware": "^2.16.1",
    "webpack-merge": "^2.6.1"
  },
  "engines": {
    "node": ">= 4.0.0",
    "npm": ">= 3.0.0"
  }
}