{
  "main": "server.js",
  "license": "MIT",
  "description": "A React Hooks Website",
  "name": "website",
  "private": true,
  "version": "1.2.0",
  "scripts": {
    "dev": "node .",
    "prebuild": "rimraf dist .next",
    "now-build": "next build && next export -o dist",
    "prestart": "yarn run now-build",
    "start": "serve dist",
    "update-deps": "node scripts/update-deps.js",
    "deploy": "now --team react-hooks && now --team react-hooks alias"
  },
  "dependencies": {
    "@fortawesome/fontawesome-svg-core": "1.2.8",
    "@fortawesome/free-solid-svg-icons": "5.5.0",
    "@fortawesome/react-fontawesome": "0.1.3",
    "@mdx-js/mdx": "0.16.0",
    "@mdx-js/runtime": "0.16.0",
    "@mdx-js/tag": "0.16.0",
    "@zeit/next-css": "1.0.1",
    "@zeit/next-mdx": "1.2.0",
    "babel-plugin-macros": "2.4.5",
    "babel-plugin-preval": "3.0.1",
    "bluebird": "3.5.3",
    "bulma": "0.7.2",
    "del": "3.0.0",
    "isomorphic-fetch": "2.2.1",
    "lodash.capitalize": "4.2.1",
    "match-sorter": "2.3.0",
    "next": "7.0.2",
    "npm-install-package": "2.1.0",
    "prismjs": "1.15.0",
    "react": "16.8",
    "react-cache": "2.0.0-alpha.1",
    "react-dom": "16.8",
    "react-live": "1.12.0",
    "react-no-ssr": "1.1.0",
    "readme-filename": "1.0.0",
    "rebass": "^3.0.0-9",
    "replace-ext": "1.0.0",
    "serve": "10.0.2",
    "styled-components": "4.1.3",
    "terser": "3.14",
    "write": "1.0.3"
  },
  "resolutions": {
    "terser": "3.14"
  }
}