{
  "name": "inferno-create-class",
  "version": "7.1.9",
  "license": "MIT",
  "description": "Provides a helper to create Inferno Components without needing ES2015",
  "author": {
    "name": "Dominic Gannaway",
    "email": "dg@domgan.com"
  },
  "bugs": {
    "url": "https://github.com/infernojs/inferno/issues"
  },
  "homepage": "https://github.com/infernojs/inferno#readme",
  "main": "index.js",
  "files": [
    "index.js",
    "dist/",
    "README.md",
    "package.json"
  ],
  "module": "dist/index.esm.js",
  "dev:module": "dist/index.dev.esm.js",
  "typings": "dist/index.d.ts",
  "keywords": [
    "babel",
    "react",
    "inferno",
    "framework",
    "interfaces",
    "user interfaces",
    "class",
    "vdom"
  ],
  "dependencies": {
    "inferno": "7.1.9"
  },
  "devDependencies": {
    "inferno-create-element": "7.1.9",
    "inferno-shared": "7.1.9"
  },
  "rollup": {
    "bundledDependencies": [
      "inferno-shared"
    ],
    "moduleName": "Inferno"
  }
}