{
  "name": "peer",
  "version": "0.2.8",
  "description": "PeerJS server component",
  "main": "lib/index.js",
  "bin": {
    "peerjs": "./bin/peerjs"
  },
  "author": "Michelle Bu, Eric Zhang",
  "license": "MIT",
  "dependencies": {
    "body-parser": "^1.9.0",
    "express": "^4.9.8",
    "optimist": "~0.6.1",
    "ws": "~0.4.25",
    "cors": "~2.5.0"
  },
  "devDependencies": {
    "expect.js": "*",
    "sinon": "*",
    "mocha": "*"
  },
  "engines": {
    "node": ">=0.8"
  },
  "scripts": {
    "test": "mocha test",
    "start": "bin/peerjs --port ${PORT:=9000}"
  }
}