{
  "name": "gcf-recipe-pubsub",
  "version": "1.0.0",
  "description": "Google Cloud Functions Recipes - Cloud Pub/Sub",
  "main": "index.js",
  "scripts": {
    "test": "NODE_ENV=test istanbul cover -x logger.js _mocha test/ --recursive"
  },
  "keywords": [
    "cloud",
    "functions",
    "gcp",
    "gcf",
    "pubsub"
  ],
  "author": "Jason Polites",
  "dependencies": {
    "gcloud": "^0.30.2"
  },
  "devDependencies": {
    "chai": "^3.5.0",
    "istanbul": "^0.4.3",
    "mocha": "^2.4.5",
    "proxyquire": "^1.7.7",
    "sinon": "^1.17.3"
  }
}