{
  "name": "nvs",
  "version": "1.5.2",
  "description": "Node Version Switcher",
  "main": "lib/index.js",
  "scripts": {
    "test": "ava --verbose test/modules test/cli",
    "test-cli": "ava --verbose test/cli",
    "test-modules": "ava --verbose test/modules",
    "coverage": "nyc --all ava test/modules",
    "lint": "eslint lib test",
    "ts-check": "tsc"
  },
  "author": "",
  "license": "MIT",
  "repository": {
    "type": "git",
    "url": "https://github.com/jasongin/nvs"
  },
  "devDependencies": {
    "@types/node": "^10.11.7",
    "ava": "^0.19.1",
    "eslint": "^5.7.0",
    "eslint-config-standard": "^12.0.0",
    "eslint-plugin-import": "^2.14.0",
    "eslint-plugin-node": "^7.0.1",
    "eslint-plugin-promise": "^4.0.1",
    "eslint-plugin-standard": "^4.0.0",
    "nyc": "^10.3.2",
    "rewire": "^2.5.2",
    "typescript": "^3.1.3"
  },
  "ava": {
    "files": "test/*Tests.js"
  },
  "nyc": {
    "include": [
      "lib/**"
    ],
    "reporter": [
      "text",
      "html"
    ]
  },
  "eslintConfig": {
    "env": {
      "node": true,
      "es6": true
    },
    "parserOptions": {
      "ecmaVersion": 2017,
      "sourceType": "script"
    },
    "extends": "standard",
    "plugins": [
      "standard",
      "promise"
    ],
    "rules": {
      "no-tabs": "off",
      "no-multi-spaces": [
        "error",
        {
          "ignoreEOLComments": true
        }
      ],
      "indent": [
        "error",
        "tab",
        {
          "SwitchCase": 1
        }
      ],
      "semi": [
        "error",
        "always"
      ],
      "space-before-function-paren": [
        "error",
        {
          "anonymous": "always",
          "named": "never"
        }
      ],
      "comma-dangle": [
        "error",
        "always-multiline"
      ],
      "strict": [
        "error",
        "global"
      ],
      "no-var": "error"
    }
  },
  "dependencies": {}
}