{
  "name": "project-viewer",
  "main": "./src/main",
  "version": "1.3.1",
  "description": "A project manager that lets you add, edit and remove groups and projects as well as switching between them.",
  "keywords": [
    "project",
    "productivity",
    "management",
    "settings",
    "workflow"
  ],
  "repository": "https://github.com/jccguimaraes/atom-project-viewer",
  "license": "MIT",
  "engines": {
    "node": ">=7.9.0",
    "atom": ">=1.25.0"
  },
  "dependencies": {
    "atom-select-list": "latest",
    "devicons": "1.8.0"
  },
  "devDependencies": {
    "all-contributors-cli": "latest"
  },
  "consumedServices": {
    "status-bar": {
      "versions": {
        "^1.0.0": "provideStatusBar"
      }
    }
  }
}