{
  "name": "sydjs-site",
  "version": "3.0.0",
  "private": true,
  "repository": {
    "type": "git",
    "url": "https://github.com/JedWatson/sydjs-site.git"
  },
  "dependencies": {
    "async": "1.5.2",
    "babel-core": "6.7.7",
    "babel-plugin-syntax-object-rest-spread": "6.5.0",
    "babel-plugin-transform-object-rest-spread": "6.6.5",
    "babel-preset-es2015": "6.6.0",
    "babel-preset-react": "6.5.0",
    "babel-register": "6.7.2",
    "babelify": "7.2.0",
    "body-parser": "1.15.2",
    "browserify-middleware": "7.0.0",
    "classnames": "2.2.5",
    "connect-mongo": "1.1.0",
    "crypto": "0.0.3",
    "dotenv": "2.0.0",
    "express-graphql": "0.4.13",
    "graphql": "0.4.18",
    "graphql-relay": "0.3.6",
    "jade": "1.11.0",
    "keystone": "^4.0.0-beta.7",
    "keystone-email": "^1.0.5",
    "lodash": "3.10.1",
    "moment": "2.12.0",
    "newrelic": "1.26.2",
    "passport": "0.3.2",
    "passport-facebook": "2.1.1",
    "passport-github": "1.1.0",
    "passport-google-oauth": "^0.2.0",
    "passport-twitter": "1.0.4",
    "react": "0.14.8",
    "react-dom": "0.14.8",
    "request": "2.69.0",
    "store-prototype": "1.1.1",
    "superagent": "1.8.5"
  },
  "engines": {
    "node": "~8.11.1",
    "npm": "~5.6.0"
  },
  "scripts": {
    "start": "node keystone.js",
    "print-graphql-schema": "babel-node ./graphql/scripts/printSchema.js"
  }
}