{
  "name": "lambda-comments-frontend",
  "version": "0.0.3",
  "description": "React.js front end UI for lambda-comments",
  "react-project": {
    "server": "src/server.js",
    "client": "src/client.js",
    "webpack": "webpack.config.js"
  },
  "scripts": {
    "start": "if-env NODE_ENV=production && npm run react-project:start:prod || npm run react-project:start:dev",
    "test": "karma start",
    "react-project:start:dev": "eslint src && node ./react-project.js start",
    "react-project:start:prod": "rm -rf .build && node ./react-project.js build && cd .build && serve -p 9876",
    "build-prod": "npm run clean && NODE_ENV=production node ./react-project.js build",
    "clean": "rimraf .build",
    "dist-clean": "npm run clean && rimraf node_modules"
  },
  "repository": "jimpick/lambda-comments",
  "author": "Jim Pick <jim@jimpick.com>",
  "license": "ISC",
  "bugs": {
    "url": "https://github.com/jimpick/lambda-comments/issues"
  },
  "homepage": "https://github.com/jimpick/lambda-comments#readme",
  "dependencies": {
    "babel-cli": "6.8.0",
    "babel-core": "6.8.0",
    "babel-eslint": "6.0.4",
    "babel-loader": "6.2.4",
    "babel-plugin-transform-decorators-legacy": "1.3.4",
    "babel-polyfill": "6.8.0",
    "babel-preset-es2015": "6.6.0",
    "babel-preset-react": "6.5.0",
    "babel-preset-react-hmre": "1.1.1",
    "babel-preset-stage-1": "6.5.0",
    "babel-register": "6.8.0",
    "body-parser": "1.15.0",
    "buffer": "4.6.0",
    "bundle-loader": "0.5.4",
    "compression": "1.6.1",
    "core-decorators": "0.12.0",
    "css-loader": "0.23.1",
    "dotenv": "2.0.0",
    "eslint": "2.7.0",
    "eslint-config-airbnb": "6.2.0",
    "eslint-config-rackt": "1.1.1",
    "eslint-plugin-react": "4.3.0",
    "expect": "1.14.0",
    "express": "4.13.4",
    "extract-text-webpack-plugin": "1.0.1",
    "file-loader": "0.8.5",
    "helmet": "1.1.0",
    "highlight.js": "9.3.0",
    "hpp": "0.2.0",
    "if-env": "1.0.0",
    "isomorphic-fetch": "2.2.1",
    "jwa": "1.1.3",
    "karma": "0.13.21",
    "karma-chrome-launcher": "0.2.2",
    "karma-mocha": "0.2.2",
    "karma-mocha-reporter": "1.2.0",
    "karma-sourcemap-loader": "0.3.7",
    "karma-webpack": "1.7.0",
    "lambda-comments-utils": "0.0.3",
    "lodash": "4.11.1",
    "markdown-it": "6.0.1",
    "mocha": "2.4.5",
    "morgan": "1.7.0",
    "node-fetch": "1.3.3",
    "null-loader": "0.1.1",
    "octicons": "3.5.0",
    "postcss-loader": "0.8.1",
    "postcss-nested": "1.0.0",
    "react": "0.14.7",
    "react-addons-css-transition-group": "0.14.7",
    "react-dom": "0.14.7",
    "react-measure": "0.3.5",
    "react-motion": "0.4.2",
    "react-project": "0.0.30",
    "react-router": "2.0.0",
    "react-router-redux": "4.0.2",
    "react-spinner": "0.2.6",
    "react-textarea-autosize": "4.0.0",
    "react-title-component": "1.0.1",
    "redux": "3.4.0",
    "redux-devtools": "3.2.0",
    "redux-form": "5.0.1",
    "redux-logger": "2.6.1",
    "redux-thunk": "2.0.1",
    "reselect": "2.4.0",
    "rimraf": "2.5.2",
    "serve": "1.4.0",
    "source-map-support": "0.4.0",
    "store": "1.3.20",
    "style-loader": "0.13.0",
    "url-loader": "0.5.7",
    "validator": "5.2.0",
    "webpack": "1.13.0",
    "webpack-dev-server": "1.14.1"
  },
  "devDependencies": {
    "postcss-nested": "1.0.0",
    "rimraf": "2.5.2",
    "serve": "1.4.0"
  }
}