{
  "name": "firebase-gcp-examples",
  "version": "1.0.0",
  "repository": "https://github.com/jthegedus/firebase-gcp-examples.git",
  "author": "jthegedus <jthegedus@jttech.io>",
  "license": "MIT",
  "private": true,
  "scripts": {
    "contributors:add": "all-contributors add",
    "contributors:generate": "all-contributors generate"
  },
  "dependencies": {},
  "devDependencies": {
    "all-contributors-cli": "^5.4.1",
    "husky": "^1.2.0",
    "prettier": "^1.15.2",
    "pretty-quick": "^1.8.0"
  },
  "husky": {
    "hooks": {
      "pre-commit": "pretty-quick --staged"
    }
  },
  "prettier": {
    "trailingComma": "es5"
  }
}