{
  "name": "trine",
  "version": "0.1.1",
  "description": "A utility library for modern JavaScript.",
  "private": true,
  "scripts": {
    "prepublish": "./scripts/build.bash",
    "generate-packages": "./scripts/generate-packages.js",
    "testsuite": "./scripts/testsuite.bash",
    "test": "./scripts/test.bash",
    "create-website": "./scripts/create-website.js",
    "coveralls": "cat ./.tmp/coverage/lcov.info | COVERALLS_SERVICE_NAME=\"travis-ci\" coveralls"
  },
  "repository": {
    "type": "git",
    "url": "git://github.com/jussi-kalliokoski/trine.git"
  },
  "author": "Jussi Kalliokoski <jussi.kallikoski@gmail.com> (http://juss.in)",
  "license": "ISC",
  "bugs": {
    "url": "https://github.com/jussi-kalliokoski/trine/issues"
  },
  "homepage": "https://jussi-kalliokoski.github.io/trine/",
  "files": [
    "boolean",
    "function",
    "iterable",
    "number",
    "object",
    "value"
  ],
  "dependencies": {
    "babel-runtime": "^5.5.6"
  },
  "devDependencies": {
    "autoprefixer-core": "^5.2.1",
    "babel": "^5.5.6",
    "babel-core": "^5.6.2",
    "babel-jscs": "^2.0.3",
    "babel-loader": "^5.1.4",
    "chai": "^3.0.0",
    "codemirror": "^5.3.0",
    "coveralls": "^2.11.2",
    "css-loader": "^0.15.1",
    "glob": "^5.0.10",
    "highlight.js": "^8.6.0",
    "isparta": "^3.0.3",
    "jscs": "^2.0.0",
    "jscs-trailing-comma": "^0.4.2",
    "json-loader": "^0.5.2",
    "marked": "^0.3.3",
    "memory-fs": "^0.2.0",
    "mkdirp": "^0.5.1",
    "mocha": "^2.2.5",
    "node-babel": "^0.1.2",
    "node-libs-browser": "^0.5.2",
    "normalize.css": "^3.0.3",
    "pegjs-require": "0.0.1",
    "postcss-loader": "^0.5.0",
    "postcss-nested": "^0.3.2",
    "postcss-simple-vars": "^0.3.0",
    "react": "^0.13.3",
    "react-code-mirror": "^3.0.4",
    "semver": "^4.3.6",
    "sinon": "^1.14.1",
    "sinon-chai": "^2.8.0",
    "source-map-support": "^0.3.1",
    "style-loader": "^0.12.3",
    "trash": "^1.4.1",
    "webpack": "^1.9.11"
  }
}