{
  "name": "foxman-packages",
  "private": true,
  "scripts": {
    "boot": "lerna bootstrap",
    "clean": "lerna clean",
    "publish": "lerna publish",
    "lint": "eslint packages extension --quiet",
    "lint-fix": "eslint packages/**/*.js --fix",
    "test": "npm run boot && npm run lint && npm run jest",
    "jest": "jest --no-cache",
    "init-contributors": "all-contributors init",
    "add-contributor": "all-contributors add",
    "generate-contributors": "all-contributors generate",
    "prettier": "prettier-eslint \"packages/**/*.js\" --prettier.single-quote=true es6 --write"
  },
  "jest": {
    "collectCoverage": true,
    "coverageDirectory": "coverage",
    "collectCoverageFrom": [
      "packages/**/*.{js}",
      "!**/node_modules/**",
      "!**/foxman-plugin-server/lib/client/**",
      "!**/foxman-plugin-livereload/static/**",
      "!**/foxman-plugin-vconsole/static/**",
      "!**/foxman-plugin-nei/**",
      "!**/foxman-plugin-proxy/**",
      "!**/foxman-plugin-server/**",
      "!**/foxman-plugin-smartmount/**",
      "!**/foxman-plugin-mockcontrol/**",
      "!**/foxman-plugin-publicmock/**",
      "!**/foxman-plugin-routedisplay/**",
      "!**/foxman-plugin-automount/**",
      "!**/foxman-plugin-smartmount/**",
      "!**/foxman-plugin-webpackdevserver/**",
      "!**/foxman-plugin-forward/**",
      "!**/foxman-processor-autoprefixer/**",
      "!**/foxman-processor-mcss/**",
      "!**/foxman-engine-handlebars/**",
      "!**/foxman-engine-arttemplate/**",
      "!packages/**/logger.js"
    ],
    "moduleFileExtensions": [
      "js"
    ],
    "testRegex": "/__test__/.*\\.test\\.(js)$"
  },
  "devDependencies": {
    "all-contributors-cli": "^5.0.0",
    "commitizen": "^3.0.0",
    "cz-conventional-changelog": "^2.0.0",
    "eslint": "^5.0.0",
    "jest": "^22.1.0",
    "lerna": "^3.0.0",
    "prettier-eslint-cli": "^4.0.3"
  },
  "dependencies": {},
  "config": {
    "commitizen": {
      "path": "./node_modules/cz-conventional-changelog"
    }
  }
}