{
  "name": "@tko/computed",
  "version": "4.0.0-alpha7.4",
  "description": "TKO Computed Observables",
  "module": "dist/computed.js",
  "files": [
    "dist/"
  ],
  "dependencies": {
    "@tko/observable": "^4.0.0-alpha7.4",
    "@tko/utils": "^4.0.0-alpha7.4",
    "tslib": "^1.8.0"
  },
  "repository": {
    "type": "git",
    "url": "git+https://github.com/knockout/tko.computed.git"
  },
  "keywords": [
    "knockout",
    "tko"
  ],
  "author": "Knockout Team",
  "license": "MIT",
  "bugs": {
    "url": "https://github.com/knockout/tko.computed/issues"
  },
  "homepage": "https://tko.io",
  "karma": {
    "frameworks": [
      "jasmine"
    ]
  },
  "__about__shared.package.json": "These properties are copied into all packages/*/package.json.  Run `yarn repackage`",
  "standard": {
    "env": [
      "browser",
      "jasmine",
      "mocha"
    ]
  },
  "scripts": {
    "test": "karma start ../../karma.conf.js --once",
    "build": "rollup -c ../../rollup.config.js",
    "watch": "karma start ../../karma.conf.js",
    "prepare": "rollup -c ../../rollup.config.js"
  },
  "publishConfig": {
    "access": "public"
  },
  "licenses": [
    {
      "type": "MIT",
      "url": "http://www.opensource.org/licenses/mit-license.php"
    }
  ]
}