{
  "name": "koa-hbs",
  "version": "0.9.0",
  "description": "Handlebars Templates via Generators for Koa",
  "main": "index.js",
  "repository": {
    "type": "git",
    "url": "https://github.com/gilt/koa-hbs.git"
  },
  "homepage": "https://github.com/gilt/koa-hbs/",
  "scripts": {
    "test": "gulp test"
  },
  "keywords": [
    "koa",
    "handlebars",
    "template",
    "view",
    "render"
  ],
  "author": "Joe Wilm <jdwilm@gmail.com>",
  "maintainers": [
    {
      "name": "Andrew Powell",
      "email": "andrew@shellscape.org"
    }
  ],
  "license": "MIT",
  "dependencies": {
    "glob": "^7.0.5",
    "handlebars": "^4.0.5"
  },
  "devDependencies": {
    "co": "^4.6.0",
    "eslint": "^3.12.2",
    "gulp": "^3.9.1",
    "gulp-eslint": "^3.0.1",
    "gulp-mocha": "^3.0.1",
    "koa": "^1.2.0",
    "koa-router": "^5.4.0",
    "supertest": "^2.0.1"
  },
  "engines": {
    "node": ">= 4.7.0"
  }
}