{
  "name": "js-framework-benchmark-miso-keyed",
  "version": "1.0.0",
  "description": "Benchmark for miso",
  "author": "Saurabh Nanda",
  "contributors": [
    "Jens Krause",
    "David Johnson"
  ],
  "js-framework-benchmark": {
    "frameworkVersion": "0.18.0.0",
    "customURL": "/dist-bundle"
  },
  "homepage": "https://github.com/krausest/js-framework-benchmark",
  "repository": {
    "type": "git",
    "url": "https://github.com/krausest/js-framework-benchmark.git"
  },
  "license": "Apache-2.0",
  "scripts": {
    "note": "echo All JS sources have been already generated in folder 'dist-bundle'. && echo However, you can install and build everything by yourself. && echo Just check the README.md to get more details how to do that.",
    "build-prod": "npm run note",
    "install": "npm run note",
    "cp-js": "cp -f result/bin/miso-benchmark-keyed.jsexe/all.min.js ./dist-bundle"
  },
  "keywords": [
    "miso",
    "ghcjs",
    "haskell"
  ]
}