{
  "name": "js-framework-benchmark-elm",
  "version": "1.0.0",
  "description": "Elm demo",
  "main": "index.js",
  "js-framework-benchmark": {
    "frameworkVersionFromPackage": "elm"
  },
  "scripts": {
    "build-prod": "elm make src/Main.elm --optimize --output=dist/main.js && uglifyjs dist/main.js --compress 'pure_funcs=\"F2,F3,F4,F5,F6,F7,F8,F9,A2,A3,A4,A5,A6,A7,A8,A9\",pure_getters=true,keep_fargs=false,unsafe_comps=true,unsafe=true,passes=2' --output=dist/main.js && uglifyjs dist/main.js --mangle --output=dist/main.js"
  },
  "keywords": [
    "elm"
  ],
  "author": "Eduard Kyvenko <eduard.kyvenko@gmail.com>",
  "license": "ISC",
  "homepage": "https://github.com/krausest/js-framework-benchmark",
  "repository": {
    "type": "git",
    "url": "https://github.com/krausest/js-framework-benchmark.git"
  },
  "devDependencies": {
    "elm": "0.19.0-bugfix2",
    "uglify-js": "3.4.8"
  }
}