{
  "name": "13-mysql",
  "version": "1.0.0",
  "description": "",
  "main": "index.js",
  "scripts": {
    "test": "echo \"Error: no test specified\" && exit 1"
  },
  "keywords": [],
  "author": "",
  "license": "ISC",
  "dependencies": {
    "bcrypt-nodejs": "0.0.3",
    "body-parser": "^1.15.2",
    "express": "^4.14.0",
    "express-session": "^1.14.1",
    "hjs": "0.0.6",
    "knex": "^0.11.10",
    "mysql": "^2.11.1",
    "nodemon": "^1.10.2",
    "passport": "^0.3.2",
    "passport-local": "^1.0.0"
  },
  "devDependencies": {
    "nodemon": "^1.9.2"
  }
}