{
  "name": "boilerplate",
  "version": "1.0.0",
  "description": "In this sample we are going to setup a web project that can be easily managed by webpack.",
  "main": "index.js",
  "scripts": {
    "start": "webpack-dev-server --mode development --open",
    "build": "rimraf dist && webpack --mode development"
  },
  "author": "",
  "license": "ISC",
  "devDependencies": {
    "@babel/cli": "^7.1.0",
    "@babel/core": "^7.1.0",
    "@babel/preset-env": "^7.1.0",
    "babel-loader": "^8.0.2",
    "css-loader": "^1.0.0",
    "file-loader": "^2.0.0",
    "html-loader": "^0.5.5",
    "html-webpack-plugin": "^3.2.0",
    "mini-css-extract-plugin": "^0.4.3",
    "node-sass": "^4.9.3",
    "rimraf": "^2.6.2",
    "sass-loader": "^7.1.0",
    "style-loader": "^0.23.0",
    "url-loader": "^1.1.1",
    "webpack": "^4.19.1",
    "webpack-cli": "^3.1.1",
    "webpack-dev-server": "^3.1.8"
  },
  "dependencies": {
    "bootstrap": "^4.1.3",
    "jquery": "^3.3.1"
  }
}