{
  "name": "boilerplate",
  "version": "1.0.0",
  "description": "In this sample we are going to setup a web project that can be easily managed by webpack.",
  "main": "index.js",
  "scripts": {
    "start": "webpack --mode development"
  },
  "author": "",
  "license": "ISC",
  "devDependencies": {
    "@babel/cli": "^7.1.2",
    "@babel/core": "^7.1.2",
    "@babel/preset-env": "^7.1.0",
    "babel-loader": "^8.0.4",
    "webpack": "^4.23.1",
    "webpack-cli": "^3.1.2"
  },
  "dependencies": {
    "@babel/polyfill": "^7.0.0"
  }
}