{
  "private": true,
  "license": "LGPL-3.0",
  "author": "zhao.zhang <loatheb.zhao@gmail.com>",
  "scripts": {
    "precommit": "lint-staged",
    "lint": "eslint *.js **/*.js",
    "test": "jest",
    "contributors:add": "all-contributors add",
    "contributors:generate": "all-contributors generate"
  },
  "devDependencies": {
    "all-contributors-cli": "^4.10.1",
    "eslint": "^4.16.0",
    "eslint-config-airbnb": "^16.1.0",
    "eslint-plugin-import": "^2.8.0",
    "eslint-plugin-jsx-a11y": "^6.0.3",
    "eslint-plugin-react": "^7.6.0",
    "husky": "^0.14.3",
    "jest": "^22.1.4",
    "lint-staged": "^6.1.0"
  }
}