{
  "author": "Singly, Inc. <nerds@singly.com>",
  "name": "hellolinks",
  "description": "A simple way to view your links.",
  "version": "0.0.5",
  "homepage": "https://github.com/LockerProject/locker",
  "repository": {
    "type": "app",
    "title": "Hello Links",
    "status": "stable",
    "static": true,
    "hidden": true,
    "handle": "hellolinks",
    "update": true,
    "uses": {
      "services": [
        "facebook",
        "twitter"
      ],
      "types": [
        "links"
      ]
    },
    "github": "https://github.com/LockerProject/locker",
    "url": ""
  },
  "engines": {
    "node": ">=0.4.9"
  },
  "dependencies": {},
  "devDependencies": {}
}