{
  "name": "12306-electron",
  "version": "1.1.0",
  "author": "long.woo <longwunet@gmail.com>",
  "description": "使用electron-vue构建12306跨平台客户端",
  "bugs": {
    "url": "https://github.com/woo-long/12306-electron/issues"
  },
  "repository": {
    "type": "git",
    "url": "https://github.com/woo-long/12306-electron.git"
  },
  "releases": "https://github.com/woo-long/12306-electron/releases",
  "license": "MIT",
  "keywords": [
    "12306",
    "火车票",
    "ticket",
    "vue",
    "electron",
    "bootstrap"
  ],
  "main": "./dist/electron/main.js",
  "scripts": {
    "build": "node .electron-vue/build.js && electron-builder",
    "build:dir": "node .electron-vue/build.js && electron-builder --dir",
    "build:clean": "cross-env BUILD_TARGET=clean node .electron-vue/build.js",
    "build:web": "cross-env BUILD_TARGET=web node .electron-vue/build.js",
    "dev": "node .electron-vue/dev-runner.js",
    "lint": "eslint --ext .js,.vue -f ./node_modules/eslint-friendly-formatter src",
    "lint:fix": "eslint --ext .js,.vue -f ./node_modules/eslint-friendly-formatter --fix src",
    "pack": "npm run pack:main && npm run pack:renderer",
    "pack:main": "cross-env NODE_ENV=production webpack --progress --colors --config .electron-vue/webpack.main.config.js",
    "pack:renderer": "cross-env NODE_ENV=production webpack --progress --colors --config .electron-vue/webpack.renderer.config.js",
    "postinstall": "npm run lint:fix"
  },
  "build": {
    "productName": "12306-electron",
    "appId": "org.simulatedgreg.electron-vue",
    "directories": {
      "output": "build"
    },
    "files": [
      "dist/electron/**/*"
    ],
    "dmg": {
      "contents": [
        {
          "x": 410,
          "y": 150,
          "type": "link",
          "path": "/Applications"
        },
        {
          "x": 130,
          "y": 150,
          "type": "file"
        }
      ]
    },
    "mac": {
      "icon": "build/icons/icon.icns"
    },
    "win": {
      "icon": "build/icons/icon.ico"
    },
    "linux": {
      "icon": "build/icons"
    }
  },
  "dependencies": {
    "animate.css": "^3.5.2",
    "axios": "^0.16.1",
    "bootstrap-vue": "^2.0.0-rc.6",
    "electron-log": "^2.2.14",
    "electron-updater": "^2.19.0",
    "icheck-bootstrap": "^1.0.7",
    "node-waves": "^0.7.6",
    "nprogress": "^0.2.0",
    "sweetalert": "^2.1.0",
    "vue": "^2.5.13",
    "vue-electron": "^1.0.6",
    "vue-router": "^2.8.1",
    "vuex": "^2.5.0"
  },
  "devDependencies": {
    "babel-core": "^6.25.0",
    "babel-eslint": "^7.2.3",
    "babel-loader": "^7.1.1",
    "babel-plugin-transform-runtime": "^6.23.0",
    "babel-preset-env": "^1.6.1",
    "babel-preset-stage-0": "^6.24.1",
    "babel-register": "^6.24.1",
    "babili-webpack-plugin": "^0.1.2",
    "cfonts": "^1.1.3",
    "chalk": "^2.3.0",
    "copy-webpack-plugin": "^4.3.1",
    "cross-env": "^5.1.3",
    "css-loader": "^0.28.8",
    "del": "^3.0.0",
    "devtron": "^1.4.0",
    "electron": "^1.8.1",
    "electron-builder": "^19.53.4",
    "electron-debug": "^1.5.0",
    "electron-devtools-installer": "^2.2.3",
    "eslint": "^4.15.0",
    "eslint-config-standard": "^10.2.1",
    "eslint-friendly-formatter": "^3.0.0",
    "eslint-loader": "^1.9.0",
    "eslint-plugin-html": "^3.2.2",
    "eslint-plugin-import": "^2.8.0",
    "eslint-plugin-node": "^5.2.1",
    "eslint-plugin-promise": "^3.6.0",
    "eslint-plugin-standard": "^3.0.1",
    "extract-text-webpack-plugin": "^3.0.2",
    "file-loader": "^0.11.2",
    "html-webpack-plugin": "^2.30.1",
    "jquery": "^3.3.1",
    "multispinner": "^0.2.1",
    "node-loader": "^0.6.0",
    "style-loader": "^0.18.2",
    "url-loader": "^0.5.9",
    "vue-html-loader": "^1.2.4",
    "vue-loader": "^12.2.2",
    "vue-style-loader": "^3.0.3",
    "vue-template-compiler": "^2.5.13",
    "webpack": "^3.10.0",
    "webpack-dev-server": "^2.10.1",
    "webpack-hot-middleware": "^2.21.0"
  }
}