{
  "name": "lore-hook-react",
  "version": "0.13.0",
  "license": "MIT",
  "main": "lib/index.js",
  "module": "es/index.js",
  "description": "A Lore hook that builds the root component and mounts it to the DOM",
  "keywords": [
    "lore",
    "hook",
    "react"
  ],
  "scripts": {
    "build": "npm run build:cjs && npm run build:es",
    "build:cjs": "BABEL_ENV=cjs ../../node_modules/.bin/babel src --out-dir lib",
    "build:es": "BABEL_ENV=es ../../node_modules/.bin/babel src --out-dir es",
    "clean": "rimraf lib && rimraf es",
    "debug": "mocha debug --compilers js:babel-core/register --recursive",
    "lint": "../../node_modules/.bin/eslint src",
    "prepublish": "npm run build",
    "test": "BABEL_ENV=test mocha --compilers js:babel-core/register test/**/*.spec.js --recursive"
  },
  "dependencies": {
    "react-redux": "^4.4.1"
  },
  "devDependencies": {
    "chai": "^3.4.1",
    "mocha": "^2.3.4",
    "react": "^16.1.1",
    "react-dom": "^16.0.0",
    "react-router": "^3.0.0",
    "redux": "^3.0.2"
  },
  "peerDependencies": {
    "react": "^16.0.0",
    "react-dom": "^16.0.0",
    "react-router": "^3.0.0",
    "redux": "^3.0.2"
  }
}