{
  "name": "isomorphic-material-relay-starter-kit",
  "description": "Starter kit for isomorphic SPA using React/Relay, iOS and Android apps using React Native, featuring Material-UI, JWT authentication, Apache Cassandra, and examples",
  "author": "Aleksandar Chalakov, Code Foundries and contributors",
  "license": "MIT",
  "homepage": "https://github.com/codefoundries/isomorphic-material-relay-starter-kit",
  "version": "2.0.0",
  "repository": {
    "type": "git",
    "url": "git+https://github.com/codefoundries/isomorphic-material-relay-starter-kit.git"
  },
  "keywords": [
    "SPA",
    "single page application",
    "isomorphic",
    "progressive enhancement",
    "server rendering",
    "authentication",
    "JWT",
    "Winston",
    "Material Design",
    "material-ui",
    "react",
    "react-native",
    "relay",
    "isomorphic-relay",
    "isomorphic-relay-router",
    "graphql",
    "react-hot-loader",
    "express",
    "webpack",
    "babel",
    "flowtype",
    "eslint",
    "Cassandra",
    "Cassandra DB",
    "cassandra-driver"
  ],
  "engines": {
    "node": ">=4",
    "npm": ">=3"
  },
  "scripts": {
    "postinstall": "npm run build-schema && npm run build-webpack",
    "setup-local": "cp ./doc/Example.env ./.env",
    "setup-cassandra-init": "cqlsh -f ./scripts/cassandra-init.cql",
    "build-schema": "./node_modules/.bin/babel-node ./scripts/build-schema.js",
    "build-webpack": "./node_modules/.bin/webpack -p --output-filename app.js",
    "build-mui-icon-list": "./node_modules/.bin/babel-node ./scripts/build-mui-icon-list.js",
    "config-da-memory": "./node_modules/.bin/replace OBJECT_PERSISTENCE=cassandra OBJECT_PERSISTENCE=memory ./.env",
    "config-da-cassandra": "./node_modules/.bin/replace OBJECT_PERSISTENCE=memory OBJECT_PERSISTENCE=cassandra ./.env",
    "start-webpack": "better-npm-run start-webpack",
    "start-dev": "better-npm-run start-dev",
    "update-ip": "./node_modules/.bin/babel-node ./scripts/update-local-ip-for-app.js",
    "start": "export NODE_ENV=production && ./node_modules/.bin/babel-node ./server/server.js",
    "dev": "concurrently --kill-others \"npm run start-webpack\" \"npm run start-dev\""
  },
  "betterScripts": {
    "start-dev": {
      "command": "nodemon --exec ./node_modules/.bin/babel-node -- ./server/server.js",
      "env": {
        "NODE_ENV": "development"
      }
    },
    "start-webpack": {
      "command": "./node_modules/.bin/webpack-dev-server --hot --inline --no-info --colors"
    }
  },
  "metadata": {
    "graphql": {
      "schema": "./graphql/schema.json"
    }
  },
  "dependencies": {
    "babel-cli": "^6.5.5",
    "babel-core": "^6.7.2",
    "babel-eslint": "^6.0.2",
    "babel-loader": "^6.2.4",
    "babel-plugin-react-transform": "^2.0.2",
    "babel-plugin-transform-async-to-generator": "^6.7.0",
    "babel-plugin-transform-react-remove-prop-types": "^0.2.3",
    "babel-polyfill": "^6.7.2",
    "babel-preset-es2015": "^6.6.0",
    "babel-preset-react": "^6.5.0",
    "babel-preset-stage-0": "^6.5.0",
    "babel-relay-plugin": "^0.7.3",
    "babel-relay-plugin-loader": "^0.7.3",
    "babel-runtime": "^6.6.1",
    "bcrypt": "^0.8.5",
    "body-parser": "^1.15.0",
    "cassandra-driver": "^3.0.2",
    "classnames": "2.2.3",
    "compression": "^1.6.1",
    "cookie-parser": "^1.4.1",
    "css-loader": "^0.23.1",
    "dataloader": "^1.2.0",
    "dotenv": "^2.0.0",
    "ejs": "^2.4.1",
    "eslint": "^2.7.0",
    "eslint-loader": "^1.3.0",
    "eslint-plugin-react": "^4.3.0",
    "express": "^4.13.4",
    "express-graphql": "^0.4.10",
    "extract-text-webpack-plugin": "^1.0.1",
    "graphql": "^0.4.18",
    "graphql-relay": "^0.3.6",
    "isomorphic-relay": "^0.5.4",
    "isomorphic-relay-router": "^0.6.3",
    "jwt-simple": "^0.5.0",
    "material-ui": "^0.14.4",
    "material-ui-country-flags": "^2.1.2",
    "material-ui-credit-card-icons": "^2.0.0",
    "nib": "^1.1.0",
    "node-fetch": "^1.5.0",
    "nodemon": "^1.9.1",
    "react": "^0.14.8",
    "react-dimensions": "^1.0.2",
    "react-dom": "^0.14.8",
    "react-helmet": "^3.0.1",
    "react-hot-loader": "^1.3.0",
    "react-relay": "^0.7.3",
    "react-router": "^2.0.1",
    "react-router-relay": "0.9.5",
    "react-tap-event-plugin": "^0.2.2",
    "relay-local-schema": "^0.3.2",
    "replace": "^0.3.0",
    "seq-queue": "0.0.5",
    "style-loader": "^0.13.0",
    "webpack": "^1.12.14",
    "winston": "^2.2.0",
    "winston-cassandra": "^0.4.0"
  },
  "devDependencies": {
    "babel-plugin-transform-runtime": "^6.6.0",
    "better-npm-run": "^0.0.8",
    "concurrently": "^2.0.0",
    "recursive-readdir-sync": "^1.0.6",
    "webpack-dev-server": "^1.14.1"
  }
}