{
  "name": "pokiengine",
  "version": "0.0.2",
  "description": "Pokémon Engine",
  "scripts": {
    "watch": "webpack --watch"
  },
  "devDependencies": {
    "babel-core": "^6.0.20",
    "babel-loader": "^6.0.1",
    "babel-plugin-transform-runtime": "^6.4.3",
    "babel-preset-es2015": "^6.24.1",
    "babel-preset-stage-0": "^6.3.13",
    "node-libs-browser": "^0.5.3",
    "webpack": "^1.12.2"
  },
  "dependencies": {
    "babel-runtime": "^6.3.19",
    "json-stringify-safe": "^5.0.1"
  }
}