{
  "name": "react-statics-styles-css-in-js",
  "version": "1.0.0",
  "description": "react-statics-styles - CSS in JS",
  "scripts": {
    "build": "gulp componentsCSS && webpack ./button.jsx bundle.js"
  },
  "author": "Michele Bertoli",
  "license": "MIT",
  "dependencies": {
    "react": "^0.13.3",
    "react-statics-styles": "^3.0.2"
  },
  "devDependencies": {
    "babel": "^5.6.14",
    "babel-loader": "^5.1.3",
    "babel-runtime": "^5.6.15",
    "gulp": "^3.8.11",
    "gulp-babel": "^5.1.0",
    "gulp-react-statics-styles": "^4.0.2",
    "gulp-revert-path": "^1.0.0",
    "webpack": "^1.9.9"
  }
}