{
  "name": "com.microsoft.taco.weatherappionic2",
  "author": "Microsoft Visual Studio Tools for Apache Cordova team",
  "homepage": "http://taco.visualstudio.com/",
  "private": true,
  "scripts": {
    "clean": "ionic-app-scripts clean",
    "build": "ionic-app-scripts build",
    "ionic:build": "ionic-app-scripts build",
    "ionic:serve": "ionic-app-scripts serve"
  },
  "dependencies": {
    "@angular/common": "2.2.1",
    "@angular/compiler": "2.2.1",
    "@angular/compiler-cli": "2.2.1",
    "@angular/core": "2.2.1",
    "@angular/forms": "2.2.1",
    "@angular/http": "2.2.1",
    "@angular/platform-browser": "2.2.1",
    "@angular/platform-browser-dynamic": "2.2.1",
    "@angular/platform-server": "2.2.1",
    "@ionic/storage": "1.1.7",
    "ionic-angular": "2.0.0",
    "ionic-native": "2.4.1",
    "ionicons": "3.0.0",
    "rxjs": "5.0.0-beta.12",
    "zone.js": "0.6.26",
    "sw-toolbox": "3.4.0"
  },
  "devDependencies": {
    "@ionic/app-scripts": "1.0.0",
    "typescript": "2.0.9"
  },
  "description": "Ionic 2 version of the Weather App sample",
  "cordovaPlugins": [
    "cordova-plugin-compat",
    "cordova-plugin-console",
    "cordova-plugin-device",
    "ionic-plugin-keyboard",
    "cordova-plugin-splashscreen",
    "cordova-plugin-statusbar",
    "cordova-plugin-whitelist"
  ],
  "cordovaPlatforms": [],
  "-vs-binding": {
    "BeforeBuild": [
      "ionic:build"
    ]
  }
}