{
  "name": "create-app-mobx-react",
  "version": "0.0.1",
  "private": true,
  "devDependencies": {
    "react-scripts": "0.2.3"
  },
  "dependencies": {
    "mobx": "^2.5.0",
    "mobx-react": "^3.5.5",
    "mobx-react-devtools": "^4.2.5",
    "react": "^15.3.1",
    "react-dom": "^15.3.1"
  },
  "scripts": {
    "start": "react-scripts start",
    "build": "react-scripts build",
    "eject": "react-scripts eject"
  },
  "eslintConfig": {
    "extends": "./node_modules/react-scripts/config/eslint.js"
  }
}