{
  "name": "impex",
  "description": "a powerful web application engine",
  "version": "0.98.0",
  "nodejs": "6.11.2",
  "author": [
    {
      "name": "MrSoya",
      "email": "kenyue@foxmail.com"
    }
  ],
  "repository": {
    "type": "git",
    "url": "git@github.com:MrSoya/impex.git"
  },
  "bugs": {
    "url": "https://github.com/MrSoya/impex/issues"
  },
  "license": "MIT",
  "main": "gulpfile.js",
  "devDependencies": {
    "del": "~1.2.1",
    "gulp-strip-debug": "~3.0.0",
    "gulp": "^3.9.1",
    "gulp-concat": "~2.6.0",
    "gulp-header": "~1.8.7",
    "gulp-remove-code": "^3.0.2",
    "gulp-rename": "~1.2.0",
    "gulp-uglify": "~1.2.0"
  }
}