{
  "private": true,
  "workspaces": [
    "packages/*"
  ],
  "scripts": {
    "build": "lerna run build",
    "test": "lerna run test",
    "lint": "lerna run lint",
    "saucelabs": "lerna run saucelabs"
  },
  "version": "1.0.0",
  "main": "index.js",
  "license": "MIT",
  "devDependencies": {
    "@babel/core": "^7.1.2",
    "@babel/preset-env": "^7.1.0",
    "babel-core": "^7.0.0-bridge.0",
    "babel-jest": "^23.6.0",
    "eslint": "^5.8.0",
    "eslint-config-airbnb": "^17.1.0",
    "eslint-config-prettier": "^3.1.0",
    "eslint-plugin-import": "^2.14.0",
    "eslint-plugin-jsx-a11y": "^6.1.1",
    "eslint-plugin-react": "^7.11.0",
    "gzip-size-cli": "^3.0.0",
    "jasmine-core": "2.6.4",
    "jest": "^23.6.0",
    "karma": "^3.1.1",
    "karma-chrome-launcher": "^2.2.0",
    "karma-firefox-launcher": "^1.1.0",
    "karma-jasmine": "^1.1.2",
    "karma-sauce-launcher": "^1.2.0",
    "lerna": "^3.4.3",
    "prettier": "1.14.3",
    "react": "^16.6.1",
    "rollup": "^0.66.5",
    "rollup-plugin-buble": "^0.19.4",
    "rollup-plugin-node-resolve": "^3.4.0",
    "rollup-plugin-uglify": "^6.0.0"
  }
}