{
  "name": "video",
  "version": "1.0.0",
  "description": "video",
  "main": "index.js",
  "scripts": {
    "start": "gulp"
  },
  "author": "miao",
  "license": "ISC",
  "dependencies": {
    "browser-sync": "^2.13.0",
    "gulp": "^3.9.1",
    "gulp-autoprefixer": "^3.1.0",
    "gulp-babel": "^6.1.2",
    "gulp-cache": "^0.4.5",
    "gulp-clean": "^0.3.2",
    "gulp-clean-css": "^2.0.12",
    "gulp-concat": "^2.6.0",
    "gulp-csscomb": "^3.0.7",
    "gulp-if": "^2.0.1",
    "gulp-imagemin": "^3.0.1",
    "gulp-notify": "^2.2.0",
    "gulp-plumber": "^1.1.0",
    "gulp-rename": "^1.2.2",
    "gulp-sass": "^2.3.2",
    "gulp-sourcemaps": "^1.6.0",
    "gulp-uglify": "^1.5.4"
  },
  "devDependencies": {
    "babel-core": "^6.10.4",
    "babel-plugin-transform-es2015-modules-amd": "^6.8.0",
    "babel-preset-es2015": "^6.9.0",
    "eslint-plugin-babel": "^3.3.0",
    "eslint-plugin-html": "^1.5.1"
  }
}