{
  "name": "iZhihu",
  "version": "0.0.1",
  "description": "zhihudaily powered by Node.js",
  "main": "app.js",
  "scripts": {
    "start": "node app"
  },
  "repository": {
    "type": "git",
    "url": "https://github.com/nihgwu/iZhihu.git"
  },
  "keywords": [
    "node",
    "zhihudaily",
    "express",
    "pouchdb"
  ],
  "author": "nihgwu@gmai.com",
  "license": "MIT",
  "bugs": {
    "url": "https://github.com/nihgwu/nodes/issues"
  },
  "homepage": "https://github.com/nihgwu/nodes",
  "dependencies": {
    "ejs": "^2.5.6",
    "express": "^4.15.3",
    "images": "^3.0.0",
    "moment": "^2.18.1",
    "pouchdb": "^6.2.0",
    "qiniu": "~6.1.3",
    "request": "^2.81.0",
    "serve-favicon": "^2.4.3"
  }
}