{
  "name": "pinus-loader",
  "version": "1.3.10",
  "main": "./dist/index",
  "types": "./lib/index",
  "files": [
    "dist",
    "lib",
    "test",
    "index.ts"
  ],
  "scripts": {
    "build": "tsc",
    "start": "yarn run build && node dist/index",
    "lint": "node_modules/.bin/tslint --format prose -c ../../tslint.json lib/**/*.ts test/**/*.ts",
    "fix-lint": "node_modules/.bin/tslint --format prose -c ../../tslint.json lib/**/*.ts test/**/*.ts --fix",
    "test": "yarn run build",
    "cov": "nyc mocha",
    "ci": "yarn run test",
    "gen-api-ref": "node ../../node_modules/typedoc/bin/typedoc --mode file --hideGenerator --excludeExternals --ignoreCompilerErrors --out ../../run/site/public/api-reference/pinus-loader lib/"
  },
  "engines": {
    "node": ">=8.5"
  },
  "dependencies": {
    "@types/node": "^8.5.2",
    "reflect-metadata": "0.1.10"
  },
  "devDependencies": {
    "mocha": ">=0.0.1",
    "should": ">=0.0.1",
    "tslint": "^5.9.1",
    "typescript": "^2.9.2"
  }
}