{
  "name": "node-lint-md-cli-rollup",
  "description": "remark packaged for node markdown linting",
  "version": "1.0.0",
  "devDependencies": {
    "rollup": "^0.55.5",
    "rollup-plugin-commonjs": "^8.0.2",
    "rollup-plugin-json": "^2.3.1",
    "rollup-plugin-node-resolve": "^3.4.0"
  },
  "dependencies": {
    "markdown-extensions": "^1.1.0",
    "remark": "^10.0.0",
    "remark-lint": "^6.0.3",
    "remark-preset-lint-node": "^1.3.1",
    "unified-args": "^6.0.0",
    "unified-engine": "^5.1.0"
  },
  "scripts": {
    "build": "rollup -c",
    "build-node": "npm run build && cp dist/* .."
  }
}