{
  "name": "webapp-demo",
  "version": "1.0.0",
  "description": "demo",
  "main": "index.js",
  "scripts": {
    "test": "echo \"Error: no test specified\" && exit 1"
  },
  "repository": {
    "type": "git",
    "url": "git@github.com:outlookxie/app-todolist.git"
  },
  "author": "guizhong",
  "license": "ISC",
  "bugs": {
    "url": ""
  },
  "homepage": "http://www.dingtalk.com",
  "devDependencies": {
    "marked": "^0.3.2",
    "babel": "^5.8.3",
    "babel-eslint": "^4.0.5",
    "del": "^1.2.0",
    "glob": "^4.0.6",
    "gulp-util": "^3.0.5",
    "gulp": "^3.8.8",
    "gulp-less": "^1.3.6",
    "gulp-livereload": "^2.1.1",
    "gulp-load-plugins": "^0.7.0",
    "gulp-minify-css": "^0.3.10",
    "gulp-rename": "^1.2.0",
    "gulp-autoprefixer": "^2.3.1",
    "merge-stream": "^0.1.6",
    "webpack": "^1.4.4",
    "webpack-bower-resolver": "0.0.1",
    "browser-sync": "^2.8.2",
    "gulp-uglify": "^1.2.0",
    "gulp-babel": "^5.2.0",
    "gulp-concat": "^2.6.0",
    "gulp-jshint": "^1.11.2",
    "gulp-imagemin": "^2.3.0",
    "imagemin-pngquant": "^4.1.0"
  }
}