{
  "name": "rest_test",
  "description": "A Nodejs app demonstration Restify, Mongoose, Client Sessions, Mail and a simple Web socket",
  "version": "0.9.15",
  "private": false,
  "author": "Paul Cimino(https://github.com/pcimino)",
  "engines": {
    "node": "0.10.13",
    "npm": "1.3.2"
  },
  "scripts": {
    "dev": "node app.js --development",
    "qa": "node app.js --qa",
    "prod": "node app.js --production",
    "pretest": "%MONGODB%/bin/mongo unit_test_database ./scripts/unittest-database-setup.js",
    "test-comment": [
      "Running the test: npm test",
      "Not really the way to do this, but having two issues ",
      "(1) getting make to work on Windows is a pain",
      "(2) I want to use a specific environment variable, which a makefile would solve",
      "he two biggest issue I have with this solution are",
      "(1) spawning multiple instances of node",
      "(2) Not cross platform compatible",
      "However getting some unit tests working is trumping this for now ans I will have to revisit later"
    ],
    "test": "START /B node app.js --unit_test & sleep 2 & node node_modules/mocha/bin/mocha",
    "posttest": "%MONGODB%/bin/mongo unit_test_database ./scripts/unittest-database-teardown.js"
  },
  "dependencies": {
    "restify": "~2.6.1",
    "mongoose": "~3.8.8",
    "mongo": "~0.1.0",
    "client-sessions": "~0.6.0",
    "nodemailer": "~0.6.0",
    "mail-preview": "~0.0.3",
    "socket.io": "~0.9.16",
    "socket.io-client": "~0.9.16",
    "se7ensky-restify-preflight": "~0.1.6",
    "toobusy": "~0.2.4",
    "range_check": "~0.0.4",
    "longjohn": "~0.2.2",
    "mocha": "~1.17.1",
    "superagent": "~0.16.0",
    "should": "~3.1.2"
  },
  "license": "Apache"
}