{
  "name": "@nivo/radar",
  "version": "0.52.1",
  "license": "MIT",
  "author": {
    "name": "Raphaël Benitte",
    "url": "https://github.com/plouc"
  },
  "keywords": [
    "nivo",
    "dataviz",
    "react",
    "d3",
    "charts",
    "radar-chart"
  ],
  "main": "./index.js",
  "files": [
    "README.md",
    "LICENSE.md",
    "index.js",
    "cjs/",
    "umd/"
  ],
  "dependencies": {
    "@nivo/core": "0.52.1",
    "@nivo/legends": "0.52.1",
    "d3-format": "^1.3.2",
    "d3-scale": "^2.1.2",
    "d3-shape": "^1.2.2",
    "lodash": "^4.17.4",
    "react-motion": "^0.5.2",
    "recompose": "^0.26.0"
  },
  "peerDependencies": {
    "prop-types": "^15.5.10",
    "react": ">= 16.2.0 < 17.0.0"
  },
  "publishConfig": {
    "access": "public"
  }
}