{
  "name": "Asteroids",
  "version": "1.0.0",
  "description": "Asteroids =========",
  "main": "index.js",
  "scripts": {
    "test": "echo \"Error: no test specified\" && exit 1",
    "lint": "./node_modules/.bin/eslint js",
    "deploy": "surge -d philnachumasteroids.surge.sh"
  },
  "repository": {
    "type": "git",
    "url": "https://github.com/philpee2/Asteroids.git"
  },
  "author": "",
  "license": "ISC",
  "bugs": {
    "url": "https://github.com/philpee2/Asteroids/issues"
  },
  "homepage": "https://github.com/philpee2/Asteroids",
  "devDependencies": {
    "babel-core": "^6.5.0",
    "babel-eslint": "^6.1.2",
    "babel-loader": "^6.2.2",
    "babel-plugin-transform-flow-strip-types": "^6.14.0",
    "eslint": "^3.5.0",
    "eslint-config-airbnb": "^11.1.0",
    "eslint-plugin-babel": "^3.3.0",
    "eslint-plugin-import": "^1.15.0",
    "eslint-plugin-jsx-a11y": "^2.2.2",
    "eslint-plugin-react": "^6.2.2"
  },
  "dependencies": {
    "aphrodite": "^0.5.0",
    "babel-core": "^6.5.0",
    "babel-loader": "^6.2.2",
    "babel-preset-es2015": "^6.5.0",
    "babel-preset-react": "^6.11.1",
    "babel-preset-stage-0": "^6.5.0",
    "enumify": "^1.0.4",
    "keymaster": "^1.6.2",
    "lodash": "^4.2.1",
    "react": "^15.3.2",
    "react-dom": "^15.3.2",
    "react-icons": "^2.2.1",
    "react-redux": "^4.4.5",
    "redux": "^3.6.0",
    "webpack": "^1.12.13"
  }
}