{
  "name": "psitransfer",
  "description": "A Vue.js project",
  "version": "0.0.0",
  "author": "Christoph Wiechert <wio@psitrax.de>",
  "private": true,
  "scripts": {
    "dev": "cross-env NODE_ENV=development webpack-dev-server",
    "build": "cross-env NODE_ENV=production webpack --progress --hide-modules",
    "analyze": "cross-env ANALYZE=true npm run build"
  },
  "dependencies": {
    "babel-polyfill": "^6.26.0",
    "crypto-js": "^3.1.9-1",
    "drag-drop": "^4.2.0",
    "tus-js-client": "^1.5.2",
    "uuid": "^3.3.2",
    "vue": "^2.5.21",
    "vue-awesome": "^3.2.0",
    "vuex": "^3.0.1"
  },
  "devDependencies": {
    "@babel/core": "^7.2.0",
    "@babel/preset-env": "^7.2.0",
    "babel-loader": "^8.0.4",
    "cross-env": "^5.2.0",
    "css-loader": "^2.0.0",
    "file-loader": "^2.0.0",
    "pug": "^2.0.3",
    "pug-plain-loader": "^1.0.0",
    "vue-loader": "^15.4.2",
    "vue-template-compiler": "^2.5.21",
    "webpack": "^4.27.1",
    "webpack-bundle-analyzer": "^3.0.3",
    "webpack-cli": "^3.1.2",
    "webpack-dev-server": "^3.1.10"
  }
}