{
  "name": "resume-native",
  "version": "1.0.0",
  "scripts": {
    "dev": "webpack-dev-server --open --config ./build/webpack.dev.js",
    "build": "node ./build/build.js",
    "lint": "standard",
    "validate": "npm ls"
  },
  "main": "app.js",
  "author": "qianlongo",
  "license": "MIT",
  "dependencies": {
    "marked": "^0.3.6",
    "prismjs": "^1.6.0"
  },
  "devDependencies": {
    "babel-core": "^6.24.0",
    "babel-loader": "^6.4.1",
    "babel-preset-es2015": "^6.24.0",
    "clean-webpack-plugin": "^0.1.17",
    "css-loader": "^0.27.3",
    "extract-text-webpack-plugin": "^2.1.0",
    "html-webpack-plugin": "^2.28.0",
    "precommit-hook": "^3.0.0",
    "standard": "^9.0.2",
    "style-loader": "^0.16.1",
    "webpack": "^3.10.0",
    "webpack-dev-server": "^2.4.2",
    "webpack-merge": "^4.1.1"
  },
  "pre-commit": [
    "lint"
  ],
  "standard": {
    "ignore": "dist"
  }
}