{
  "name": "demo",
  "version": "0.1.0",
  "private": true,
  "dependencies": {
    "react": "^16.5.2",
    "react-dom": "^16.5.2",
    "react-icons": "*",
    "react-scripts": "2.0.4"
  },
  "scripts": {
    "start": "react-scripts start",
    "build": "react-scripts build",
    "test": "react-scripts test --env=jsdom",
    "eject": "react-scripts eject"
  },
  "devDependencies": {
    "enzyme": "^3.7.0",
    "enzyme-adapter-react-16": "^1.6.0",
    "enzyme-to-json": "^3.3.4"
  },
  "jest": {
    "snapshotSerializers": [
      "enzyme-to-json/serializer"
    ]
  },
  "browserslist": [
    ">0.2%",
    "not dead",
    "not ie <= 11",
    "not op_mini all"
  ]
}