{
  "name": "nodejs-web-jade-scaffold",
  "version": "0.0.1",
  "description": "",
  "main": "main.js",
  "scripts": {
    "start": "node node_modules/nodemon/bin/nodemon.js ./bin/www",
    "test": "ava tests.js"
  },
  "repository": {
    "type": "git",
    "url": "https://github.com/rodrigogs/nodejs-web-jade-scaffold"
  },
  "keywords": [
    "web",
    "jade",
    "scaffold",
    "express",
    "kickstart",
    "simple"
  ],
  "author": {
    "name": "Rodrigo Gomes da Silva",
    "email": "rodrigo.smscom@gmail.com",
    "web": "https://github.com/rodrigogs"
  },
  "license": "BSD-2-Clause",
  "engines": {
    "node": ">=4.2.3"
  },
  "dependencies": {
    "body-parser": "^1.15.0",
    "compression": "^1.6.1",
    "cookie-parser": "^1.4.1",
    "express": "^4.13.4",
    "express-robots": "^0.1.5",
    "express-session": "^1.13.0",
    "filter-object": "^2.1.0",
    "flash": "^1.1.0",
    "helmet": "^2.1.1",
    "i18n": "^0.8.0",
    "jade": "^1.11.0",
    "method-override": "^2.3.5",
    "mongoose": "^4.4.7",
    "mongoose-unique-validator": "^1.0.2",
    "morgan": "^1.7.0",
    "nodemon": "^1.9.1",
    "passport": "^0.3.2",
    "passport-facebook": "^2.1.0",
    "passport-github": "^1.1.0",
    "passport-google-oauth": "^1.0.0",
    "passport-instagram": "^1.0.0",
    "passport-linkedin-oauth2": "^1.4.0",
    "passport-local": "^1.0.0",
    "passport-twitter": "^1.0.4",
    "serve-favicon": "^2.3.0",
    "validator": "^5.1.0",
    "winston": "^2.2.0"
  },
  "devDependencies": {
    "ava": "^0.16.0",
    "request": "^2.69.0"
  }
}