{
  "name": "async-props",
  "version": "0.3.2",
  "description": "Co-located component data fetching for React Router",
  "main": "lib/AsyncProps",
  "repository": {
    "type": "git",
    "url": "https://github.com/rackt/async-props.git"
  },
  "bugs": "https://github.com/rackt/async-props/issues",
  "scripts": {
    "build": "babel ./modules -d lib --ignore '__tests__'",
    "build-umd": "NODE_ENV=production webpack modules/AsyncProps.js umd/AsyncProps.js",
    "build-min": "NODE_ENV=production webpack -p modules/AsyncProps.js umd/AsyncProps.min.js",
    "lint": "eslint modules",
    "start": "babel-node example/server.js",
    "test": "npm run lint && karma start",
    "postinstall": "node ./npm-scripts/postinstall.js"
  },
  "authors": [
    "Ryan Florence"
  ],
  "license": "MIT",
  "peerDependencies": {
    "react": "*",
    "react-router": "^2.0.1"
  },
  "devDependencies": {
    "babel-cli": "^6.6.5",
    "babel-core": "^6.7.0",
    "babel-eslint": "^3.1.23",
    "babel-loader": "^6.2.4",
    "babel-preset-es2015": "^6.6.0",
    "babel-preset-react": "^6.5.0",
    "babel-preset-stage-1": "^6.5.0",
    "eslint": "1.4.1",
    "eslint-config-rackt": "1.0.0",
    "eslint-plugin-react": "3.3.2",
    "expect": "^1.12.0",
    "express": "^4.13.3",
    "form-serialize": "^0.7.0",
    "gzip-size": "^3.0.0",
    "history": "^1.13.1",
    "karma": "^0.13.3",
    "karma-browserstack-launcher": "^0.1.3",
    "karma-chrome-launcher": "^0.2.0",
    "karma-firefox-launcher": "^0.1.6",
    "karma-mocha": "^0.2.0",
    "karma-mocha-reporter": "^1.0.4",
    "karma-sourcemap-loader": "^0.3.5",
    "karma-webpack": "^1.7.0",
    "mocha": "^2.0.1",
    "pretty-bytes": "^2.0.1",
    "react": "^0.14.2",
    "react-dom": "^0.14.2",
    "react-router": "^2.0.1",
    "rimraf": "^2.4.2",
    "webpack": "^1.12.6",
    "webpack-dev-middleware": "^1.2.0"
  },
  "tags": [
    "react",
    "react router",
    "data"
  ],
  "keywords": [
    "react",
    "react router",
    "data"
  ],
  "dependencies": {}
}