{
  "name": "enhanced-github",
  "version": "2.0.2",
  "description": "Add-ons for Github website - Download File, display size of each file and Copy file contents",
  "main": "src/inject.js",
  "scripts": {
    "dev": "gulp watch",
    "build": "gulp",
    "zip": "gulp zip"
  },
  "repository": {
    "type": "git",
    "url": "git+https://github.com/softvar/enhanced-github.git"
  },
  "author": "Varun Malhotra",
  "license": "MIT",
  "bugs": {
    "url": "https://github.com/softvar/enhanced-github/issues"
  },
  "homepage": "https://github.com/softvar/enhanced-github#readme",
  "keywords": [
    "extension",
    "github",
    "enhanced-github",
    "file-download"
  ],
  "devDependencies": {
    "gulp": "^3.9.1",
    "gulp-clean": "^0.3.2",
    "gulp-concat": "^2.6.0",
    "gulp-jshint": "^2.0.1",
    "gulp-uglify": "^2.0.0",
    "gulp-watch": "^4.3.9",
    "gulp-zip": "^3.2.0",
    "jshint": "^2.9.2"
  },
  "dependencies": {
    "clipboard": "^1.6.1"
  }
}