{
  "name": "@cubejs-backend/schema-compiler",
  "description": "Cube.js schema compiler",
  "author": "Statsbot, Inc.",
  "version": "0.0.28",
  "engines": {
    "node": ">=8.11.1"
  },
  "scripts": {
    "test": "mocha"
  },
  "dependencies": {
    "babel-generator": "^6.25.0",
    "babel-traverse": "^6.25.0",
    "babel-types": "^6.25.0",
    "babylon": "^6.17.4",
    "humps": "^2.0.1",
    "inflection": "^1.12.0",
    "joi": "^10.6.0",
    "moment-range": "^4.0.1",
    "moment-timezone": "^0.5.13",
    "node-dijkstra": "^2.5.0",
    "ramda": "^0.24.1",
    "syntax-error": "^1.3.0"
  },
  "devDependencies": {
    "mocha": "^3.4.2",
    "pg-promise": "^7.3.2",
    "should": "^11.2.1"
  },
  "license": "Apache-2.0"
}