{
  "title": "Dungeon Generator",
  "name": "dungeongenerator",
  "version": "0.6.3",
  "author": "Stefan Weck",
  "homepage": "https://github.com/stefanweck/dungeongeneration",
  "engines": {
    "node": ">= 0.10.0"
  },
  "devDependencies": {
    "grunt": "~0.4.5",
    "grunt-contrib-concat": "~0.3.0",
    "grunt-contrib-uglify": "~0.2.7",
    "grunt-contrib-jshint": "~0.10.0",
    "browserify": "~4.1.11",
    "grunt-browserify": "~2.1.0",
    "grunt-browserifying": "~1.0.8",
    "grunt-watchify": "~0.1.0"
  }
}