{
  "name": "strapi-generate-model",
  "version": "3.0.0-alpha.24.1",
  "description": "Generate a model for a Strapi API.",
  "homepage": "http://strapi.io",
  "keywords": [
    "generate",
    "generator",
    "model",
    "strapi"
  ],
  "main": "./lib/index.js",
  "directories": {
    "lib": "./lib"
  },
  "dependencies": {
    "lodash": "^4.17.5"
  },
  "scripts": {
    "prepublish": "npm prune"
  },
  "author": {
    "email": "hi@strapi.io",
    "name": "Strapi team",
    "url": "http://strapi.io"
  },
  "maintainers": [
    {
      "name": "Strapi team",
      "email": "hi@strapi.io",
      "url": "http://strapi.io"
    }
  ],
  "repository": {
    "type": "git",
    "url": "git://github.com/strapi/strapi.git"
  },
  "bugs": {
    "url": "https://github.com/strapi/strapi/issues"
  },
  "engines": {
    "node": ">= 10.0.0",
    "npm": ">= 6.0.0"
  },
  "license": "MIT"
}