{
  "name": "vue-vuex-router",
  "version": "1.0.0",
  "description": "A Project for Vue 2.x Vuex vue-router",
  "author": "superman <supermanchc@gmail.com>",
  "private": true,
  "scripts": {
    "dev": "node build/dev-server.js",
    "build": "node build/build.js",
    "lint": "eslint --ext .js,.vue src"
  },
  "dependencies": {
    "axios": "^0.15.3",
    "node-sass": "^3.13.0",
    "sass-loader": "^4.0.2",
    "vue": "^2.1.0",
    "vue-infinite-scroll": "^2.0.0",
    "vue-router": "^2.1.1",
    "vuex": "^2.0.0",
    "express": "^4.15.2",
    "superagent": "^3.5.0"
  },
  "devDependencies": {
    "autoprefixer": "^6.4.0",
    "babel-core": "^6.0.0",
    "babel-eslint": "^7.0.0",
    "babel-loader": "^6.0.0",
    "babel-plugin-transform-runtime": "^6.0.0",
    "babel-preset-es2015": "^6.0.0",
    "babel-preset-stage-2": "^6.0.0",
    "babel-register": "^6.0.0",
    "chalk": "^1.1.3",
    "connect-history-api-fallback": "^1.1.0",
    "css-loader": "^0.25.0",
    "eslint": "^3.7.1",
    "eslint-friendly-formatter": "^2.0.5",
    "eslint-loader": "^1.5.0",
    "eslint-plugin-html": "^1.3.0",
    "eslint-config-airbnb-base": "^8.0.0",
    "eslint-import-resolver-webpack": "^0.6.0",
    "eslint-plugin-import": "^1.16.0",
    "eventsource-polyfill": "^0.9.6",
    "express": "^4.13.3",
    "extract-text-webpack-plugin": "^1.0.1",
    "file-loader": "^0.9.0",
    "function-bind": "^1.0.2",
    "html-webpack-plugin": "^2.8.1",
    "http-proxy-middleware": "^0.17.2",
    "json-loader": "^0.5.4",
    "semver": "^5.3.0",
    "opn": "^4.0.2",
    "ora": "^0.3.0",
    "shelljs": "^0.7.4",
    "url-loader": "^0.5.7",
    "vue-loader": "^10.0.0",
    "vue-style-loader": "^1.0.0",
    "vue-template-compiler": "^2.1.0",
    "webpack": "^1.13.2",
    "webpack-dev-middleware": "^1.8.3",
    "webpack-hot-middleware": "^2.12.2",
    "webpack-merge": "^0.14.1"
  },
  "engines": {
    "node": ">= 4.0.0",
    "npm": ">= 3.0.0"
  }
}