{
  "name": "react-boilerplate",
  "private": true,
  "version": "0.0.0",
  "description": "Boilerplate for [SurviveJS - React](http://survivejs.com/react/introduction/)",
  "scripts": {
    "stats": "webpack --profile --json > stats.json",
    "start": "webpack-dev-server",
    "deploy": "gh-pages -d build",
    "build": "webpack",
    "test": "karma start",
    "test:tdd": "npm run test -- --auto-watch --no-single-run",
    "test:lint": "eslint ./app ./tests --ext .js --ext .jsx --ignore-path .gitignore --ignore-pattern dist --cache"
  },
  "keywords": [],
  "author": "",
  "license": "MIT",
  "devDependencies": {
    "babel-core": "^6.9.0",
    "babel-eslint": "^6.0.4",
    "babel-loader": "^6.2.4",
    "babel-preset-es2015": "^6.9.0",
    "babel-preset-react": "^6.5.0",
    "babel-preset-react-hmre": "^1.1.1",
    "babel-preset-survivejs-kanban": "^0.3.3",
    "clean-webpack-plugin": "^0.1.9",
    "css-loader": "^0.23.1",
    "eslint": "2.10.2",
    "eslint-loader": "^1.3.0",
    "eslint-plugin-react": "^5.1.1",
    "expose-loader": "^0.7.1",
    "extract-text-webpack-plugin": "^1.0.1",
    "gh-pages": "^0.11.0",
    "html-webpack-plugin": "^2.17.0",
    "html-webpack-template": "^5.0.0",
    "isparta-instrumenter-loader": "^1.0.0",
    "karma": "^0.13.22",
    "karma-coverage": "^1.0.0",
    "karma-mocha": "^1.0.1",
    "karma-phantomjs-launcher": "^1.0.0",
    "karma-sourcemap-loader": "^0.3.7",
    "karma-spec-reporter": "0.0.26",
    "karma-webpack": "^1.7.0",
    "mocha": "^2.5.2",
    "npm-install-webpack-plugin": "4.0.0",
    "phantomjs-polyfill": "0.0.2",
    "phantomjs-prebuilt": "^2.1.7",
    "react-addons-perf": "^15.1.0",
    "react-addons-test-utils": "^15.1.0",
    "style-loader": "^0.13.1",
    "webpack": "^1.13.1",
    "webpack-dev-server": "^1.14.1",
    "webpack-merge": "^0.13.0",
    "webpack-validator": "^2.1.1"
  },
  "dependencies": {
    "react": "^15.1.0",
    "react-dom": "^15.1.0"
  }
}