{
  "name": "hello-world",
  "version": "0.1.0",
  "private": true,
  "devDependencies": {
    "react-scripts": "0.6.1"
  },
  "dependencies": {
    "chroma-js": "^1.2.1",
    "csvtojson": "^1.0.0",
    "d3": "^4.0.0",
    "ismobilejs": "^0.4.0",
    "lodash": "^4.0.0",
    "react": "^15.3.1",
    "react-dom": "^15.3.1",
    "remarkable": "^1.7.1",
    "textures": "^1.0.4"
  },
  "homepage": "https://pudding.cool/2017/03/hamilton",
  "scripts": {
    "start": "react-scripts start",
    "build": "react-scripts build",
    "test": "react-scripts test --env=jsdom",
    "eject": "react-scripts eject"
  },
  "eslintConfig": {
    "extends": "./node_modules/react-scripts/config/eslint.js"
  }
}