{
  "name": "strut2",
  "version": "0.0.0",
  "src": "src",
  "test": "test",
  "dist": "dist",
  "mainInput": "App",
  "mainOutput": "main",
  "dependencies": {
    "babel-runtime": "^5.1.11",
    "lodash": "^2.4.1",
    "react": "~0.12.0"
  },
  "devDependencies": {
    "babel-core": "^5.1.11",
    "babel-loader": "^5.0.0",
    "css-loader": "~0.7.0",
    "grunt": "~0.4.4",
    "grunt-contrib-clean": "~0.5.0",
    "grunt-contrib-connect": "~0.7.1",
    "grunt-contrib-copy": "~0.5.0",
    "grunt-karma": "~0.6.2",
    "grunt-open": "~0.2.3",
    "grunt-webpack": "~1.0.7",
    "jshint-loader": "~0.6.0",
    "karma": "~0.10.9",
    "karma-chrome-launcher": "~0.1.2",
    "karma-firefox-launcher": "~0.1.3",
    "karma-jasmine": "~0.1.5",
    "karma-phantomjs-launcher": "~0.1.1",
    "karma-script-launcher": "~0.1.0",
    "karma-webpack": "~1.0.0",
    "load-grunt-tasks": "~0.4.0",
    "style-loader": "~0.6.4",
    "url-loader": "~0.5.5",
    "webpack": "~1.3.2",
    "webpack-dev-server": "~1.2.4"
  }
}