{
  "name": "weDocs",
  "version": "1.4.1",
  "description": "A documentation plugin for WordPress",
  "author": "Tareq Hasan",
  "license": "GPL",
  "private": true,
  "devDependencies": {
    "grunt": "^0.4.5",
    "grunt-contrib-clean": "~0.5.0",
    "grunt-contrib-compress": "~0.8.0",
    "grunt-contrib-concat": "^0.5.0",
    "grunt-contrib-copy": "~0.5.0",
    "grunt-contrib-imagemin": "^0.8.1",
    "grunt-contrib-jshint": "^0.10.0",
    "grunt-contrib-less": "^0.11.4",
    "grunt-contrib-uglify": "^0.5.1",
    "grunt-contrib-watch": "^0.6.1",
    "grunt-phplint": "0.0.5",
    "grunt-wp-i18n": "^0.5.4"
  }
}