{
  "name": "dropit",
  "version": "1.0.0",
  "description": "DropIt is a File Uploader, You can Upload any File and share the link...",
  "main": "app.js",
  "scripts": {
    "start": "node app.js",
    "test": "jest --watchAll"
  },
  "jest": {
    "testEnvironment": "node"
  },
  "repository": {
    "type": "git",
    "url": "git+https://github.com/ThalKod/DropIt.git"
  },
  "author": "Thal Marcelin",
  "license": "MIT",
  "bugs": {
    "url": "https://github.com/ThalKod/DropIt/issues"
  },
  "homepage": "https://github.com/ThalKod/DropIt#readme",
  "dependencies": {
    "ejs": "^2.6.1",
    "express": "^4.16.4",
    "jest": "^24.1.0",
    "mime": "^2.4.0",
    "mime-types": "^2.1.21",
    "mongoose": "^5.4.16",
    "multer": "^1.4.1",
    "nodemon": "^1.18.9",
    "supertest": "^3.4.2"
  }
}