{
  "name": "react-redux-firebase-authentication",
  "version": "0.2.0",
  "private": true,
  "dependencies": {
    "firebase": "^5.6.0",
    "react": "^16.6.3",
    "react-dom": "^16.6.3",
    "react-redux": "^5.1.1",
    "react-router-dom": "^4.3.1",
    "react-scripts": "2.1.1",
    "recompose": "^0.30.0",
    "redux": "^4.0.1"
  },
  "scripts": {
    "start": "react-scripts start",
    "build": "react-scripts build",
    "test": "react-scripts test --env=jsdom --passWithNoTests",
    "eject": "react-scripts eject"
  },
  "browserslist": [
    ">0.2%",
    "not dead",
    "not ie <= 11",
    "not op_mini all"
  ]
}