{
  "name": "AxisJS",
  "version": "1.1.0",
  "dependencies": {},
  "scripts": {
    "test": "gulp test",
    "codecov": "cat coverage/*/lcov.info | codecov"
  },
  "devDependencies": {
    "browser-sync": "^2.7.13",
    "browser-sync-spa": "^1.0.3",
    "chalk": "~1.0.0",
    "codecov.io": "^0.1.6",
    "concat-stream": "~1.5.0",
    "del": "~1.2.0",
    "gulp": "~3.9.0",
    "gulp-angular-filesort": "~1.1.1",
    "gulp-angular-templatecache": "~1.6.0",
    "gulp-autoprefixer": "~2.3.1",
    "gulp-csso": "~1.0.0",
    "gulp-filter": "~2.0.2",
    "gulp-flatten": "~0.0.4",
    "gulp-inject": "~1.3.1",
    "gulp-jshint": "~1.11.0",
    "gulp-load-plugins": "~0.10.0",
    "gulp-minify-html": "~1.0.3",
    "gulp-ng-annotate": "~1.0.0",
    "gulp-protractor": "~1.0.0",
    "gulp-rename": "~1.2.2",
    "gulp-replace": "~0.5.3",
    "gulp-rev": "~5.0.0",
    "gulp-rev-replace": "~0.4.2",
    "gulp-sass": "~2.0.1",
    "gulp-size": "~1.2.1",
    "gulp-sourcemaps": "~1.5.2",
    "gulp-uglify": "~1.2.0",
    "gulp-useref": "~1.2.0",
    "gulp-util": "~3.0.5",
    "http-proxy-middleware": "~0.0.5",
    "jasmine-core": "^2.3.4",
    "jshint-stylish": "~2.0.0",
    "karma": "~0.12.36",
    "karma-angular-filesort": "~0.1.0",
    "karma-coverage": "^0.5.2",
    "karma-jasmine": "^0.3.6",
    "karma-ng-html2js-preprocessor": "~0.1.2",
    "karma-nyan-reporter": "^0.2.2",
    "karma-phantomjs-launcher": "~0.2.0",
    "lodash": "~3.9.3",
    "main-bower-files": "~2.8.0",
    "merge-stream": "~0.1.7",
    "phantomjs": "just-boris/phantomjs",
    "require-dir": "~0.3.0",
    "run-sequence": "^1.1.4",
    "uglify-save-license": "~0.4.1",
    "wiredep": "~2.2.2",
    "wrench": "~1.5.8"
  },
  "engines": {
    "node": ">=0.12.0"
  }
}