{
  "name": "cordova-plugin-battery-status",
  "version": "1.2.4",
  "description": "Cordova Battery Plugin",
  "types": "./types/index.d.ts",
  "cordova": {
    "id": "cordova-plugin-battery-status",
    "platforms": [
      "android",
      "amazon-fireos",
      "ubuntu",
      "ios",
      "blackberry10",
      "wp7",
      "wp8",
      "tizen",
      "firefoxos"
    ]
  },
  "repository": {
    "type": "git",
    "url": "https://github.com/apache/cordova-plugin-battery-status"
  },
  "keywords": [
    "cordova",
    "battery",
    "ecosystem:cordova",
    "cordova-android",
    "cordova-amazon-fireos",
    "cordova-ubuntu",
    "cordova-ios",
    "cordova-blackberry10",
    "cordova-wp7",
    "cordova-wp8",
    "cordova-tizen",
    "cordova-firefoxos"
  ],
  "scripts": {
    "test": "npm run jshint",
    "jshint": "node node_modules/jshint/bin/jshint www && node node_modules/jshint/bin/jshint src && node node_modules/jshint/bin/jshint tests"
  },
  "author": "Apache Software Foundation",
  "license": "Apache-2.0",
  "engines": {
    "cordovaDependencies": {
      "2.0.0": {
        "cordova": ">100"
      }
    }
  },
  "devDependencies": {
    "jshint": "^2.6.0"
  }
}