{
  "name": "ganache-cli",
  "version": "6.4.1",
  "bin": {
    "ganache-cli": "cli.js"
  },
  "main": "./build/ganache-core.node.cli.js",
  "scripts": {
    "start": "node cli.js",
    "build": "webpack-cli --config ./webpack/webpack.node.config.js",
    "docker": "docker build -t trufflesuite/ganache-cli . && docker run -p 8545:8545 trufflesuite/ganache-cli",
    "prepublishOnly": "npm run build"
  },
  "dependencies": {
    "bn.js": "4.11.8",
    "source-map-support": "0.5.9",
    "yargs": "11.1.0"
  },
  "bundleDependencies": [
    "bn.js",
    "source-map-support",
    "yargs"
  ],
  "devDependencies": {
    "ganache-core": "2.5.3",
    "js-scrypt": "0.2.0",
    "node-loader": "^0.6.0",
    "on-build-webpack": "^0.1.0",
    "prepend-file": "^1.3.1",
    "scrypt": "6.0.3",
    "sha3": "1.2.2",
    "shebang-loader": "0.0.1",
    "webpack": "^4.18.0",
    "webpack-cli": "3.1.0"
  },
  "repository": {
    "type": "git",
    "url": "https://github.com/trufflesuite/ganache-cli"
  },
  "license": "MIT"
}