{
  "name": "@turf/quadrat-analysis",
  "version": "6.0.1",
  "description": "turf quadrat-analysis module",
  "main": "index",
  "types": "index.d.ts",
  "files": [
    "index.js",
    "index.d.ts"
  ],
  "scripts": {
    "prepare": "tsc",
    "pretest": "tsc",
    "test": "node test.js",
    "bench": "node bench.js",
    "docs": "node ../../scripts/generate-readmes"
  },
  "repository": {
    "type": "git",
    "url": "git://github.com/Turfjs/turf.git"
  },
  "keywords": [
    "turf",
    "quadrat-analysis"
  ],
  "author": "Turf Authors",
  "contributors": [
    "Haoming Zhuang <@zhuang-hao-ming>"
  ],
  "license": "MIT",
  "bugs": {
    "url": "https://github.com/Turfjs/turf/issues"
  },
  "homepage": "https://github.com/Turfjs/turf",
  "devDependencies": {
    "@types/tape": "*",
    "@turf/nearest-neighbor-analysis": "*",
    "benchmark": "*",
    "load-json-file": "*",
    "typescript": "*",
    "tslint": "*",
    "tape": "*",
    "write-json-file": "*"
  },
  "dependencies": {
    "@turf/area": "6.x",
    "@turf/bbox": "6.x",
    "@turf/bbox-polygon": "6.x",
    "@turf/centroid": "6.x",
    "@turf/helpers": "6.x",
    "@turf/invariant": "6.x",
    "@turf/point-grid": "6.x",
    "@turf/random": "5.x",
    "@turf/square-grid": "6.x"
  }
}