{
  "name": "@turf/boolean-touches",
  "version": "6.0.1",
  "description": "turf boolean-touches module",
  "main": "index",
  "types": "index.d.ts",
  "files": [
    "index.js",
    "index.d.ts"
  ],
  "scripts": {
    "prepare": "tsc",
    "pretest": "tsc",
    "test": "node test.js",
    "bench": "node bench.js",
    "docs": "node ../../scripts/generate-readmes"
  },
  "repository": {
    "type": "git",
    "url": "git://github.com/Turfjs/turf.git"
  },
  "keywords": [
    "turf",
    "gis",
    "boolean",
    "de-9im",
    "touches",
    "boolean-touches"
  ],
  "author": "Turf Authors",
  "contributors": [
    "Rowan Winsemius <@rowanwins>"
  ],
  "license": "MIT",
  "bugs": {
    "url": "https://github.com/Turfjs/turf/issues"
  },
  "homepage": "https://github.com/Turfjs/turf",
  "devDependencies": {
    "benchmark": "*",
    "boolean-jsts": "*",
    "boolean-shapely": "*",
    "glob": "*",
    "load-json-file": "*",
    "typescript": "*",
    "tape": "*",
    "tslint": "*",
    "@types/tape": "*"
  },
  "dependencies": {
    "@turf/bbox": "6.x",
    "@turf/boolean-point-in-polygon": "6.x",
    "@turf/boolean-point-on-line": "6.x",
    "@turf/helpers": "6.x",
    "@turf/invariant": "6.x"
  }
}