{
  "name": "kedis",
  "version": "1.0.1",
  "description": "Kedis是一款基于Electron开发的Redis桌面管理工具，他是免费的！   - [kedis](#kedis)     - [截图](#%E6%88%AA%E5%9B%BE)     - [编译](#%E7%BC%96%E8%AF%91)     - [打包](#%E6%89%93%E5%8C%85)     - [可执行程序下载](#%E5%8F%AF%E6%89%A7%E8%A1%8C%E7%A8%8B%E5%BA%8F%E4%B8%8B%E8%BD%BD) ## 截图 ![](http://www.kehaw.com/images/screenshot.png) 操作界面 ![](http://www.kehaw.com/images/mo.png) 独立监控 ## 编译 Clone项目之后，首先在本地安装Node.JS，安装成功后，分别在kedis和app目录下执行npm install，**重点注意一下，cnpm的install方式与npm并不一致，会导致可以运行，但是无法打包，请谨慎使用**，等待完成之后，在kedis目录下运行命令：   ``` npm run-script start ``` 或者是： ``` electron ./app ``` 即可执行程序。   ## 打包 Package默认提供了Mac、Linux和Windows的编译指令，大家可以根据自己的需要来编译，分别在kedis目录下执行：   ``` npm run-script packageWin64 npm run-script packageWin32 npm run-script packageDarwin npm run-script packageLinux64 npm run-script packageLinux32 ``` 中国地区执行编译的时候可能无法顺利下载相应的的依赖包，通过淘宝的源可以解决问题，具体使用方法是在控制台中指定环境变量如下： ``` set ELECTRON_MIRROR=https://npm.taobao.org/mirrors/electron/ ``` 然后再执行以上打包命令即可完成打包。",
  "main": "gulpfile.js",
  "devDependencies": {
    "electron": "^1.7.9",
    "gulp": "^3.9.1",
    "gulp-concat": "^2.6.1",
    "gulp-jshint": "^2.0.4",
    "gulp-less": "^3.3.2",
    "gulp-minify-css": "^1.2.4",
    "gulp-notify": "^3.0.0",
    "gulp-plumber": "^1.1.0",
    "gulp-rename": "^1.2.2",
    "gulp-sourcemaps": "^2.6.1",
    "gulp-uglify": "^3.0.0",
    "jshint": "^2.9.5"
  },
  "dependencies": {
    "electron-packager": "^9.1.0"
  },
  "scripts": {
    "start": "electron ./app",
    "setMirror": "set ELECTRON_MIRROR=https://npm.taobao.org/mirrors/electron/",
    "packageWin64": "electron-packager ./app Kedis --platform=win32 --arch=x64 --icon=./app/image/logo.ico --out=./dist --asar --app-version=1.0.1",
    "packageWin32": "electron-packager ./app Kedis --platform=win32 --arch=ia32 --icon=./app/image/logo.ico --out=./dist --asar --app-version=1.0.1",
    "packageDarwin": "electron-packager ./app Kedis --platform=darwin --arch=x64 --icon=./app/image/logo.icns --out=./dist --asar --app-version=1.0.1",
    "packageLinux64": "electron-packager ./app Kedis --platform=linux --arch=x64 --out=./dist --asar --app-version=1.0.1",
    "packageLinux32": "electron-packager ./app Kedis --platform=linux --arch=ia32 --out=./dist --asar --app-version=1.0.1"
  },
  "repository": {
    "type": "git",
    "url": "git+https://github.com/uniorder/kedis.git"
  },
  "author": "",
  "license": "ISC",
  "bugs": {
    "url": "https://github.com/uniorder/kedis/issues"
  },
  "homepage": "https://github.com/uniorder/kedis#readme"
}