{
  "name": "part1",
  "version": "1.0.0",
  "description": "",
  "main": "index.js",
  "scripts": {
    "build": "webpack",
    "dev": "webpack-dev-server --hot"
  },
  "keywords": [],
  "author": "",
  "license": "ISC",
  "devDependencies": {
    "babel-core": "^6.9.1",
    "babel-loader": "^6.2.4",
    "babel-preset-es2015": "^6.9.0",
    "babel-preset-react": "^6.5.0",
    "babel-preset-react-hmre": "^1.1.1",
    "eslint": "^2.13.0",
    "eslint-config-airbnb": "^9.0.1",
    "eslint-loader": "^1.3.0",
    "eslint-plugin-import": "^1.8.1",
    "eslint-plugin-jsx-a11y": "^1.5.3",
    "eslint-plugin-react": "^5.2.2",
    "html-webpack-plugin": "^2.21.0",
    "webpack": "^1.13.1",
    "webpack-dev-server": "^1.14.1"
  },
  "dependencies": {
    "events": "^1.1.0",
    "flux": "^2.1.1",
    "object-assign": "^4.1.0",
    "react": "^15.1.0",
    "react-dom": "^15.1.0",
    "uuid": "^2.0.2"
  }
}