{
  "name": "babel-in-package",
  "version": "1.0.0",
  "main": "index.js",
  "license": "MIT",
  "private": true,
  "scripts": {
    "test": "jest --no-cache test.js"
  },
  "dependencies": {
    "vue": "^2.5.21",
    "vue-template-compiler": "^2.5.21"
  },
  "devDependencies": {
    "@babel/core": "^7.2.2",
    "@babel/preset-env": "^7.2.3",
    "@vue/test-utils": "^1.0.0-beta.28",
    "jest": "^24.0.0",
    "vue-jest": "file:../../../"
  },
  "jest": {
    "moduleFileExtensions": [
      "js",
      "json",
      "vue"
    ],
    "transform": {
      "^.+\\.js$": "babel-jest",
      "^.+\\.vue$": "vue-jest"
    }
  },
  "babel": {
    "presets": [
      "@babel/env"
    ]
  }
}