{
  "name": "element",
  "version": "1.1.0",
  "description": "Nuxt.js project",
  "author": "brianlee0223 <756085617@qq.com>",
  "private": true,
  "scripts": {
    "dev": "backpack dev",
    "build": "nuxt build && backpack build",
    "start": "cross-env NODE_ENV=production node build/main.js",
    "prd": "cross-env NODE_ENV=production pm2 start build/main.js --name='nuxt'",
    "precommit": "npm run lint",
    "lint": "eslint --ext .js,.vue --ignore-path .gitignore ."
  },
  "dependencies": {
    "@nuxtjs/axios": "^5.3.1",
    "cross-env": "^5.0.1",
    "element-ui": "^2.3.6",
    "koa": "^2.4.1",
    "nuxt": "^2.3.4",
    "source-map-support": "^0.4.15",
    "vue-light-timeline": "^0.12.8"
  },
  "devDependencies": {
    "babel-eslint": "^7.1.1",
    "babel-plugin-component": "^1.1.0",
    "backpack-core": "^0.3.0",
    "eslint": "^3.13.1",
    "eslint-config-standard": "^10.2.1",
    "eslint-loader": "^1.9.0",
    "eslint-plugin-html": "^2.0.3",
    "eslint-plugin-import": "^2.2.0",
    "eslint-plugin-node": "^4.2.2",
    "eslint-plugin-promise": "^3.4.0",
    "eslint-plugin-standard": "^3.0.1",
    "less": "^3.0.2",
    "less-loader": "^4.1.0",
    "nodemon": "^1.11.0",
    "scmp": "^2.0.0"
  }
}