{
  "name": "webrtc.io",
  "version": "0.0.4",
  "description": "Abstraction for webRTC.",
  "main": "index.js",
  "repository": {
    "type": "git",
    "url": "git://github.com/cavedweller/webRTC.io.git"
  },
  "dependencies": {
    "ws": ">= 0.0.0"
  },
  "keywords": [
    "webrtc"
  ],
  "author": "Ben Brittain",
  "contributors": [
    {
      "name": "Ben Brittain",
      "email": "ben@brittain.org"
    },
    {
      "name": "Dennis Mårtensson",
      "email": "me@dennis.is"
    },
    {
      "name": "David Peter",
      "email": "david.a.peter@gmail.com"
    }
  ],
  "license": "MIT"
}