{
  "name": "spring-kotlin-react-demo",
  "version": "1.0.0",
  "description": "Spring Kotlin React Demo",
  "main": "src/main/js/app.js",
  "author": "Benjamin Winterberg",
  "license": "MIT",
  "homepage": "http://winterbe.com",
  "repository": {
    "type": "git",
    "url": "https://github.com/winterbe/spring-kotlin-react-demo"
  },
  "scripts": {
    "build": "mvn -q clean compile && npm install && webpack",
    "serve": "mvn -q clean spring-boot:run",
    "all": "npm install && webpack && mvn -q clean spring-boot:run"
  },
  "dependencies": {
    "babel-core": "^5.8.22",
    "babel-loader": "^5.3.2",
    "jquery": "^2.1.4",
    "react": "^0.13.3",
    "webpack": "^1.11.0",
    "eslint": "^1.6.0",
    "eslint-loader": "^1.0.0"
  }
}