{
  "name": "microfrontend3",
  "version": "1.0.0",
  "description": "",
  "main": "index.js",
  "scripts": {
    "start": "webpack-dev-server --progress --open --config webpack.dev.js",
    "build": "webpack --config webpack.prod.js",
    "test": "echo \"Error: no test specified\" && exit 1"
  },
  "keywords": [],
  "author": "",
  "license": "ISC",
  "dependencies": {
    "react": "^0.14.0",
    "react-dom": "^0.14.0",
    "webcomponents-lite": "^0.6.0"
  },
  "devDependencies": {
    "@babel/core": "^7.0.0-beta.32",
    "@babel/plugin-proposal-class-properties": "^7.0.0-beta.32",
    "@babel/plugin-proposal-object-rest-spread": "^7.0.0-beta.32",
    "@babel/plugin-transform-runtime": "^7.0.0-beta.32",
    "@babel/preset-env": "^7.0.0-beta.32",
    "@babel/preset-react": "^7.0.0-beta.32",
    "@babel/runtime": "^7.0.0-beta.32",
    "@webcomponents/custom-elements": "^1.0.6",
    "@webcomponents/webcomponentsjs": "^1.1.0",
    "babel-loader": "^8.0.0-beta.0",
    "html-webpack-plugin": "^2.30.1",
    "http-server": "^0.9.0",
    "webpack": "^3.8.1",
    "webpack-dev-server": "^2.9.4"
  }
}