{
  "name": "webpack-template",
  "version": "1.0.0",
  "description": "",
  "main": "index.js",
  "scripts": {
    "start": "npm run html:watch & NODE_ENV=development webpack-dev-server --open & node ./tasks/watch-asset.js & node ./tasks/shader-watcher.js",
    "build:dev": "npm run html & webpack --progress --profile --colors",
    "build": "NODE_ENV=production npm run html & NODE_ENV=production webpack --progress --profile --colors",
    "watch": "webpack --watch",
    "html": "node ./tasks/html.js",
    "html:watch": "node ./tasks/html-watch.js",
    "lint": "eslint -c .eslintrc src/**",
    "lint:fix": "eslint -c .eslintrc --fix src/**",
    "test": "echo \"Error: no test specified\" && exit 1"
  },
  "repository": {
    "type": "git",
    "url": "git+https://github.com/yiwenl/webpack-template.git"
  },
  "keywords": [],
  "author": "",
  "license": "ISC",
  "bugs": {
    "url": "https://github.com/yiwenl/webpack-template/issues"
  },
  "homepage": "https://github.com/yiwenl/webpack-template#readme",
  "devDependencies": {
    "babel-core": "^6.25.0",
    "babel-loader": "^7.1.1",
    "babel-preset-env": "^1.6.0",
    "chokidar": "^1.7.0",
    "css-loader": "^0.28.4",
    "eslint": "^4.4.1",
    "eslint-loader": "^1.9.0",
    "extract-text-webpack-plugin": "^3.0.0",
    "fs-extra": "^4.0.1",
    "glslify-loader": "^1.0.2",
    "node-sass": "^4.5.3",
    "raw-loader": "^0.5.1",
    "sass-loader": "^6.0.6",
    "style-loader": "^0.18.2",
    "webpack": "^3.5.1",
    "webpack-dev-server": "^2.7.0"
  },
  "dependencies": {
    "fast-url-parser": "^1.1.3",
    "querystringparser": "^0.1.1",
    "alfrid": "^0.3.1",
    "assets-loader": "^0.5.1",
    "dat-gui": "^0.5.0",
    "stats.js": "^0.17.0"
  }
}