{
  "name": "gulp_babel_template",
  "version": "1.0.0",
  "description": "",
  "main": "gulpfile.babel.js",
  "dependencies": {
    "babel-preset-es2015": "^6.3.13",
    "gulp-sourcemaps": "^1.6.0"
  },
  "browserify": {
    "transform": [
      "glslify"
    ]
  },
  "devDependencies": {
    "babel-preset-stage-1": "^6.3.13",
    "babel-register": "^6.4.3",
    "babelify": "^7.2.0",
    "browser-sync": "^2.11.0",
    "browserify": "^13.0.0",
    "dat-gui": "^0.5.0",
    "glslify": "^5.0.2",
    "gulp": "^3.9.0",
    "gulp-autoprefixer": "^3.1.0",
    "gulp-babel": "^6.1.1",
    "gulp-ruby-sass": "^2.0.6",
    "gulp-uglify": "^1.5.1",
    "vinyl-buffer": "^1.0.0",
    "vinyl-source-stream2": "^0.1.1",
    "watchify": "^3.7.0"
  },
  "scripts": {
    "test": "echo \"Error: no test specified\" && exit 1"
  },
  "author": "",
  "license": "ISC"
}