{
  "name": "gutenblock",
  "version": "1.0.1",
  "description": "",
  "main": "index.js",
  "scripts": {
    "test": "echo \"Error: no test specified\" && exit 1"
  },
  "bin": {
    "gutenblock": "cli/index.js"
  },
  "author": "",
  "license": "ISC",
  "dependencies": {
    "babel-core": "^6.26.0",
    "babel-eslint": "^8.2.3",
    "babel-loader": "^7.1.4",
    "babel-plugin-macros": "^2.4.2",
    "babel-plugin-syntax-dynamic-import": "^6.18.0",
    "babel-plugin-transform-object-rest-spread": "^6.26.0",
    "babel-plugin-transform-react-jsx": "^6.24.1",
    "babel-preset-env": "^1.6.1",
    "eslint": "^4.19.1",
    "eslint-config-react-app": "^2.1.0",
    "eslint-loader": "^2.0.0",
    "eslint-plugin-flowtype": "^2.46.3",
    "eslint-plugin-import": "^2.11.0",
    "eslint-plugin-jsx-a11y": "^6.0.3",
    "eslint-plugin-react": "^7.7.0",
    "ncp": "^2.0.0",
    "react-hot-loader": "^4.0.1",
    "webpack": "^4.5.0",
    "webpack-serve": "^0.3.1"
  },
  "keywords": [
    "Gutenberg",
    "Wordpress"
  ]
}