{
  "name": "juliusjs-dev",
  "version": "0.0.0",
  "description": "Development scripts for JuliusJS",
  "main": "js/server.js",
  "scripts": {
    "make": "./reemscript.sh",
    "preinstall": "if [ -f '.emscripted_flag' ]; then exit; fi; ./emscript.sh;",
    "prestart": "npm i",
    "start": "./node_modules/.bin/supervisor --watch js,js/listener --extensions js,html,data,dfa,dict --exec node js/server.js",
    "test": "echo 'Coming soon...'"
  },
  "repository": {
    "type": "git",
    "url": "git://github.com/zzmp/juliusjs.git"
  },
  "keywords": [
    "julius",
    "juliusjs",
    "speech",
    "recognition",
    "keyword",
    "spotting",
    "test",
    "testing"
  ],
  "author": "Zach Pomerantz <zmp@umich.edu> (http://garabagne.io/)",
  "license": "MIT",
  "bugs": {
    "url": "https://github.com/zzmp/juliusjs/issues"
  },
  "homepage": "https://github.com/zzmp/juliusjs",
  "private": true,
  "devDependencies": {
    "express": "^4.7.2",
    "supervisor": "^0.6.0"
  }
}