{
  "name": "oneLibrary",
  "version": "1.0.2",
  "private": true,
  "scripts": {
    "start": "node node_modules/react-native/local-cli/cli.js start",
    "test": "jest"
  },
  "dependencies": {
    "antd-mobile": "^1.6.3",
    "axios": "^0.16.2",
    "babel-plugin-transform-decorators-legacy": "^1.3.4",
    "moment": "^2.18.1",
    "qs": "^6.5.0",
    "react": "16.0.0-alpha.12",
    "react-native": "0.47.2",
    "react-native-keyboard-aware-scroll-view": "^0.2.9",
    "react-native-router-flux": "3.38.0",
    "react-native-scrollable-tab-view": "^0.7.4",
    "react-native-splash-screen": "^3.0.0",
    "react-native-tab-navigator": "^0.3.4",
    "react-redux": "^5.0.6",
    "redux": "^3.7.2",
    "redux-actions": "^2.2.1",
    "redux-devtools-extension": "^2.13.2",
    "redux-persist": "^4.9.1",
    "redux-saga": "^0.15.6",
    "redux-thunk": "^2.2.0"
  },
  "devDependencies": {
    "babel-jest": "19.0.0",
    "babel-plugin-import": "^1.4.0",
    "babel-preset-react-native": "1.9.1",
    "jest": "19.0.2",
    "react-test-renderer": "16.0.0-alpha.6"
  },
  "jest": {
    "preset": "react-native"
  }
}