{
  "name": "blitzmobile",
  "version": "0.0.1",
  "private": true,
  "scripts": {
    "start": "node node_modules/react-native/local-cli/cli.js start"
  },
  "dependencies": {
    "apollo-client": "^0.3.29",
    "graphql-client": "^1.0.4",
    "graphql-tag": "^0.1.9",
    "react": "15.1.0",
    "react-addons-update": "^15.1.0",
    "react-native": "^0.28.0",
    "react-native-controllers": "^2.1.4",
    "react-native-linear-gradient": "^1.5.12",
    "react-native-navigation": "^1.0.30",
    "react-native-swiper": "^1.4.11",
    "react-native-vector-icons": "^2.0.3",
    "react-redux": "^4.4.5",
    "redux": "^3.5.2",
    "redux-thunk": "^2.1.0",
    "seamless-immutable": "^6.1.1"
  }
}