{
  "name": "28kb-react-redux-routing",
  "description": "your awesome stack doesnt have to be fat",
  "private": true,
  "dependencies": {
    "enroute": "^1.0.1",
    "mako": "^0.9.2",
    "mako-babel": "^0.10.0",
    "mako-js": "^0.15.0",
    "mako-stat": "^0.8.0",
    "mako-text": "^0.8.0",
    "preact-socrates": "^1.0.0",
    "redux-logger": "^2.6.1",
    "redux-routes": "^1.0.0",
    "socrates": "^1.0.1",
    "uglify-js": "^2.6.2"
  },
  "babel": {
    "presets": [
      "es2015"
    ],
    "plugins": [
      [
        "transform-react-jsx",
        {
          "pragma": "h"
        }
      ]
    ]
  },
  "devDependencies": {
    "babel-plugin-transform-react-jsx": "^6.6.4",
    "babel-preset-es2015": "^6.6.0",
    "scooby": "0.0.21"
  },
  "scripts": {
    "start": "make development"
  }
}