{
  "name": "abplayer-html5",
  "description": "Reference player for HTML5 Danmaku comments.",
  "bugs": {
    "url": "https://github.com/jabbany/ABPlayerHTML5/issues",
    "email": "knh.jabbany@gmail.com"
  },
  "repository": {
    "type": "git",
    "url": "https://github.com/jabbany/ABPlayerHTML5.git"
  },
  "author": "Jim Chen <knh.jabbany@gmail.com>",
  "keywords": [
    "danmaku",
    "video",
    "comments",
    "ABPlayerHTML5",
    "弹幕播放器",
    "CommentCoreLibrary"
  ],
  "license": "MIT",
  "version": "0.9.0",
  "dependencies": {
    "comment-core-library": "0.10.2-rc.2"
  },
  "devDependencies": {
    "grunt": "~1.0.1",
    "grunt-autoprefixer": "~3.0.4",
    "grunt-contrib-copy": "~1.0.0",
    "grunt-contrib-concat": "~1.0.1",
    "grunt-contrib-cssmin": "~1.0.2",
    "grunt-contrib-uglify": "~2.0.0",
    "load-grunt-tasks": "~3.5.2"
  }
}