{
  "name": "accounts.susi.ai",
  "version": "0.1.0",
  "private": true,
  "homepage": "https://accounts.susi.ai/",
  "repository": "https://github.com/fossasia/accounts.susi.ai",
  "dependencies": {
    "add-px": "1.0.0",
    "antd": "2.13.14",
    "axios": "0.16.2",
    "bootstrap": "3.3.7",
    "classnames": "2.2.6",
    "contrast": "1.0.1",
    "country-data": "0.0.31",
    "flux": "3.1.3",
    "google-maps-react": "2.0.2",
    "history": "4.7.2",
    "html-entities": "1.2.1",
    "initials": "3.0.0",
    "jquery": "3.3.1",
    "keymirror": "0.1.1",
    "leaflet": "1.3.1",
    "material-ui": "0.18.7",
    "material-ui-color-picker": "2.0.1",
    "material-ui-password-field": "1.4.3",
    "md5": "2.2.1",
    "moment": "2.22.2",
    "npm": "6.4.0",
    "prop-types": "15.6.2",
    "react": "15.6.2",
    "react-bootstrap": "0.31.5",
    "react-color": "2.14.1",
    "react-cookie": "2.2.0",
    "react-dom": "15.6.2",
    "react-emojione": "3.1.10",
    "react-flexbox-grid": "2.1.2",
    "react-leaflet": "1.9.1",
    "react-linkify": "0.2.2",
    "react-recaptcha": "^2.3.10",
    "react-router": "4.3.1",
    "react-router-dom": "4.3.1",
    "react-scrollbar": "0.5.4",
    "react-slick": "0.14.11",
    "react-swipeable-views": "0.12.15",
    "react-tap-event-plugin": "2.0.1",
    "react-text-highlight": "0.2.0",
    "react-timezone": "1.0.5",
    "react-toolbox": "2.0.0-beta.13",
    "react-transition-group": "2.2.0",
    "react-url-query": "1.4.0",
    "surge": "0.19.0",
    "universal-cookie": "2.2.0",
    "zxcvbn": "4.4.2"
  },
  "devDependencies": {
    "@babel/runtime": "7.0.0-beta.55",
    "enzyme": "2.9.1",
    "eslint-config-prettier": "2.9.0",
    "eslint-config-react-app": "0.6.2",
    "eslint-plugin-babel": "4.1.2",
    "eslint-plugin-jsx": "0.0.2",
    "eslint-plugin-jsx-a11y": "4.0.0",
    "eslint-plugin-prettier": "2.6.2",
    "eslint-plugin-react": "7.11.1",
    "gh-pages": "1.2.0",
    "husky": "0.14.3",
    "lint-staged": "7.2.0",
    "prettier": "1.13.7",
    "react-scripts": "0.9.5",
    "react-test-renderer": "15.6.2"
  },
  "peerDependencies": {
    "react": "15.6.2",
    "react-dom": "15.6.2"
  },
  "jest": {
    "setupFiles": [
      "./src/setupTests.js",
      "./src/node_modules/react-scripts/config/polyfills.js"
    ]
  },
  "scripts": {
    "start": "react-scripts start",
    "build": "react-scripts build",
    "lint-js": "eslint *.js \"src/**/*.js\"",
    "lint": "npm run lint-js",
    "precommit": "lint-staged",
    "format": "prettier --write \"src/**/*.js\"",
    "prepush": "npm run lint",
    "test": "npm run lint && react-scripts test --env=jsdom",
    "eject": "react-scripts eject",
    "predeploy": "npm run build",
    "deploy": "surge"
  },
  "lint-staged": {
    "src/**/*.js": [
      "prettier --write",
      "eslint --fix",
      "git add ."
    ]
  },
  "license": "LGPL-2.1-only"
}