{
  "name": "ackee",
  "private": true,
  "version": "1.0.0",
  "authors": [
    "Tobias Reich <tobias@electerious.com>"
  ],
  "description": "Self-hosted website analytics tool written in Node.js",
  "main": "src/index.js",
  "keywords": [
    "server",
    "tracking",
    "analytics"
  ],
  "license": "MIT",
  "homepage": "https://github.com/electerious/Ackee",
  "repository": {
    "type": "git",
    "url": "https://github.com/electerious/Ackee.git"
  },
  "scripts": {
    "start": "node src/index.js",
    "coveralls": "nyc report --reporter=text-lcov | coveralls",
    "test": "nyc ava -v"
  },
  "dependencies": {
    "@babel/core": "^7.3.3",
    "@babel/preset-env": "^7.3.1",
    "classnames": "^2.2.6",
    "dotenv": "^6.2.0",
    "formbase": "^8.0.2",
    "immer": "^2.0.0",
    "is-url": "^1.2.4",
    "micro": "^9.3.3",
    "microrouter": "^3.1.3",
    "mongoose": "^5.4.15",
    "normalize.css": "^8.0.0",
    "permit": "^0.2.4",
    "prop-types": "^15.7.2",
    "react": "^16.8.3",
    "react-dom": "^16.8.3",
    "react-redux": "^6.0.1",
    "recompose": "^0.30.0",
    "redux": "^4.0.0",
    "redux-devtools-extension": "^2.13.8",
    "redux-thunk": "^2.3.0",
    "rosid-handler-js": "^12.0.1",
    "rosid-handler-sass": "^6.0.4",
    "signale": "^1.3.0",
    "uuid": "^3.3.2"
  },
  "devDependencies": {
    "ava": "1.2.1",
    "coveralls": "^3.0.3",
    "node-fetch": "^2.3.0",
    "nyc": "^13.3.0",
    "test-listen": "^1.1.0"
  },
  "ava": {
    "babel": false,
    "compileEnhancements": false
  },
  "engines": {
    "node": ">= 10"
  }
}