{
  "name": "raspeditor",
  "description": "simple raspberry pi editing environment",
  "version": "0.1.2",
  "private": true,
  "dependencies": {
    "body-parser": "1.18.2",
    "cookie": "0.2.3",
    "cookie-parser": "1.4.3",
    "express": "4.16.2",
    "express-session": "1.12.1",
    "express-ws": "3.0.0",
    "gitty": "^3.6.0",
    "jsDAV": "jwcooper/jsDAV#629ded2",
    "later": "^1.2.0",
    "method-override": "2.3.10",
    "morgan": "1.9.0",
    "multer": "^1.3.0",
    "nedb": "1.8.0",
    "node-pty": "0.7.4",
    "pug": "2.0.1",
    "request": "2.83.0",
    "serve-static": "1.13.1",
    "validator": "9.4.0",
    "winston": "2.4.0",
    "xterm": "3.1.0"
  },
  "devDependencies": {
    "forever-monitor": "^1.7.1"
  }
}