{
  "name": "vue-admin",
  "version": "1.0.0",
  "description": "Vue 2 + AdminLTE",
  "author": "Seto Kuslaksono <kuslaksono@gmail.com>",
  "private": true,
  "scripts": {
    "dev": "node build/dev-server.js",
    "build": "node build/build.js",
    "unit": "karma start test/unit/karma.conf.js --single-run",
    "e2e": "node test/e2e/runner.js",
    "test": "npm run unit && npm run e2e",
    "lint": "eslint --ext .js,.vue src test/unit/specs test/e2e/specs"
  },
  "dependencies": {
    "admin-lte": "^2.3.8",
    "bootstrap": "^3.3.7",
    "bootstrap-slider": "^9.5.3",
    "icheck": "^1.0.2",
    "ion-rangeslider": "^2.1.4",
    "jquery": "^3.1.1",
    "vue": "^2.0.1",
    "vue-resource": "^1.0.3",
    "vue-router": "^2.0.2",
    "vuex": "^2.0.0"
  },
  "devDependencies": {
    "autoprefixer": "^6.4.0",
    "babel-core": "^6.0.0",
    "babel-eslint": "^7.0.0",
    "babel-loader": "^6.0.0",
    "babel-plugin-transform-runtime": "^6.0.0",
    "babel-preset-es2015": "^6.0.0",
    "babel-preset-stage-2": "^6.0.0",
    "babel-register": "^6.0.0",
    "chai": "^3.5.0",
    "chalk": "^1.1.3",
    "chromedriver": "^2.21.2",
    "connect-history-api-fallback": "^1.1.0",
    "cross-spawn": "^4.0.2",
    "css-loader": "^0.25.0",
    "eslint": "^3.7.1",
    "eslint-config-standard": "^6.1.0",
    "eslint-friendly-formatter": "^2.0.5",
    "eslint-loader": "^1.5.0",
    "eslint-plugin-html": "^1.3.0",
    "eslint-plugin-promise": "^2.0.1",
    "eslint-plugin-standard": "^2.0.1",
    "eventsource-polyfill": "^0.9.6",
    "express": "^4.13.3",
    "extract-text-webpack-plugin": "^1.0.1",
    "file-loader": "^0.9.0",
    "function-bind": "^1.0.2",
    "html-webpack-plugin": "^2.8.1",
    "http-proxy-middleware": "^0.17.2",
    "inject-loader": "^2.0.1",
    "isparta-loader": "^2.0.0",
    "json-loader": "^0.5.4",
    "karma": "^1.3.0",
    "karma-coverage": "^1.1.1",
    "karma-mocha": "^1.2.0",
    "karma-phantomjs-launcher": "^1.0.0",
    "karma-sinon-chai": "^1.2.0",
    "karma-sourcemap-loader": "^0.3.7",
    "karma-spec-reporter": "0.0.26",
    "karma-webpack": "^1.7.0",
    "lolex": "^1.4.0",
    "mocha": "^3.1.0",
    "nightwatch": "^0.9.8",
    "opn": "^4.0.2",
    "ora": "^0.3.0",
    "phantomjs-prebuilt": "^2.1.3",
    "selenium-server": "2.53.1",
    "semver": "^5.3.0",
    "shelljs": "^0.7.4",
    "sinon": "^1.17.3",
    "sinon-chai": "^2.8.0",
    "url-loader": "^0.5.7",
    "vue-loader": "^9.4.0",
    "vue-style-loader": "^1.0.0",
    "webpack": "^1.13.2",
    "webpack-dev-middleware": "^1.8.3",
    "webpack-hot-middleware": "^2.12.2",
    "webpack-merge": "^0.14.1"
  },
  "engines": {
    "node": ">= 4.0.0",
    "npm": ">= 3.0.0"
  }
}