{
  "name": "adonis-app",
  "version": "3.2.1",
  "main": "server.js",
  "scripts": {
    "start": "echo \"\\033[31mWARN: 'start' will be depreciated soon. Instead use 'npm run serve'\" && npm run serve",
    "dev": "echo \"\\033[31mWARN: 'dev' will be depreciated soon. Instead use 'npm run serve:dev'\" && npm run serve:dev",
    "serve:dev": "nodemon --watch app --watch bootstrap --watch config --watch .env -x node server.js",
    "serve": "node server.js",
    "lint": "standard"
  },
  "author": "",
  "license": "MIT",
  "description": "",
  "private": true,
  "dependencies": {
    "adonis-ace": "^3.0.7",
    "adonis-auth": "^1.0.5",
    "adonis-commands": "^2.1.5",
    "adonis-fold": "^3.0.3",
    "adonis-framework": "^3.0.10",
    "adonis-lucid": "^3.0.14",
    "adonis-middleware": "^1.0.11",
    "adonis-websocket": "^1.0.3",
    "youch": "^2.0.4"
  },
  "standard": {
    "global": [
      "use",
      "make"
    ]
  },
  "autoload": {
    "App": "./app"
  },
  "devDependencies": {
    "nodemon": "^1.11.0",
    "standard": "^11.0.0"
  }
}