{
  "name": "adonis-app",
  "version": "3.0.0",
  "main": "index.js",
  "scripts": {
    "dev": "nodemon --watch app --watch bootstrap --watch config --watch .env -x node server.js",
    "start": "node server.js",
    "pretest": "ENV_PATH=.env.test ./ace migration:refresh",
    "test": "node bin/test.js",
    "lint": "standard app/{**,**/**}/*.js tests/{*,**/*}.js"
  },
  "standard": {
    "globals": [
      "make",
      "use",
      "describe",
      "before",
      "after",
      "it",
      "afterEach",
      "beforeEach"
    ]
  },
  "author": "",
  "license": "MIT",
  "description": "",
  "private": true,
  "dependencies": {
    "adonis-ace": "^3.0.4",
    "adonis-auth": "^1.0.4",
    "adonis-commands": "^2.1.2",
    "adonis-fold": "^3.0.3",
    "adonis-framework": "^3.0.7",
    "adonis-lucid": "^3.0.10",
    "adonis-mail-provider": "^2.0.2",
    "adonis-middleware": "^1.0.9",
    "adonis-validation-provider": "^3.0.4",
    "mocha": "^4.1.0",
    "mysql": "^2.12.0",
    "node-exceptions": "^3.0.0",
    "node-uuid": "^1.4.7",
    "slug": "^0.9.1",
    "standard": "^11.0.0",
    "yargs": "^10.1.1"
  },
  "autoload": {
    "App": "./app"
  },
  "devDependencies": {
    "chai": "^3.5.0",
    "co": "^4.6.0",
    "co-fs": "^1.2.0",
    "co-mocha": "^1.1.3",
    "colors": "^1.1.2",
    "globby": "^6.1.0",
    "lodash": "^4.17.2",
    "mailparser": "^2.2.0",
    "mocha": "^3.2.0",
    "ms": "^0.7.2",
    "nodemon": "^1.11.0",
    "sqlite3": "^3.1.8",
    "standard": "^11.0.1",
    "supertest": "^2.0.1",
    "yargs": "^6.5.0"
  }
}