{
  "name": "adonuxt",
  "version": "1.0.0",
  "author": "",
  "description": "",
  "license": "MIT",
  "private": true,
  "main": "server.js",
  "scripts": {
    "serve:dev": "npm run dev",
    "dev": "nodemon --watch app --watch bootstrap --watch config --watch .env -x node server.js",
    "build": "node ./ace nuxtbuild",
    "start": "cross-env NODE_ENV=production node server.js",
    "precommit": "npm run lint",
    "lint": "standard && eslint --ext .js,.vue resources/"
  },
  "dependencies": {
    "@adonisjs/ace": "^4.0.7",
    "@adonisjs/auth": "^2.0.10",
    "@adonisjs/bodyparser": "^1.0.8",
    "@adonisjs/cors": "^1.0.2",
    "@adonisjs/fold": "^4.0.5",
    "@adonisjs/framework": "^4.0.27",
    "@adonisjs/ignitor": "^1.0.14",
    "@adonisjs/lucid": "^4.0.22",
    "@adonisjs/session": "^1.0.19",
    "@adonisjs/shield": "^1.0.4",
    "cross-env": "^3.1.4",
    "nuxt": "latest",
    "standard": "^8.6.0",
    "youch": "^2.0.4"
  },
  "standard": {
    "global": [
      "use",
      "make"
    ]
  },
  "autoload": {
    "App": "./app"
  },
  "devDependencies": {
    "babel-eslint": "^7.1.1",
    "eslint": "^3.13.1",
    "eslint-config-standard": "^6.2.1",
    "eslint-plugin-html": "^2.0.0",
    "eslint-plugin-promise": "^3.4.0",
    "eslint-plugin-standard": "^2.0.1",
    "nodemon": "^1.11.0",
    "standard": "^8.6.0"
  }
}