{
  "name": "ag-grid-react-example",
  "version": "20.1.0",
  "description": "Example Reach applicaiton using ag-Grid.",
  "main": "dist/ag-grid-react-example.js",
  "scripts": {
    "trader": "webpack-dev-server --content-base src-trader-dashboard/ --config config/webpack.config.trader.js --mode development --open",
    "examples": "webpack-dev-server --content-base src-examples/ --config config/webpack.config.examples.js --mode development --open",
    "large": "webpack-dev-server --content-base src-large-data/ --config config/webpack.config.large.js --mode development --open",
    "clean": "rimraf dist",
    "mkdirs": "mkdirp dist/trader/dist dist/examples/dist",
    "copy-examples": "ncp src-examples/images dist/examples/images && ncp src-examples/index.html dist/examples/index.html && ncp dist/react-examples.js dist/examples/dist/react-examples.js && ncp src-examples/ dist/examples/src",
    "copy-trader": "ncp src-trader-dashboard/index.html dist/trader/index.html && ncp dist/react-trader.js dist/trader/dist/react-trader.js",
    "copy": "npm run copy-examples && npm run copy-trader",
    "build-large": "webpack --config config/webpack.config.large.js --progress --profile --bail",
    "build-examples": "webpack --config config/webpack.config.examples.js --progress --profile --bail",
    "build-dashboard": "webpack --config config/webpack.config.trader.js --progress --profile --bail",
    "build-all": "npm run build-examples && npm run build-dashboard",
    "build": "npm run clean && npm run mkdirs && npm run build-all && npm run copy",
    "start": "npm run examples"
  },
  "repository": {
    "type": "git",
    "url": "https://github.com/ag-grid/ag-grid-react-example.git"
  },
  "private": true,
  "keywords": [
    "react",
    "grid",
    "data",
    "table"
  ],
  "author": "Niall Crosby <niall.crosby@gmail.com>",
  "license": "MIT",
  "bugs": {
    "url": "https://github.com/ag-grid/ag-grid-react-example/issues"
  },
  "homepage": "http://www.ag-grid.com/",
  "devDependencies": {
    "@babel/core": "7.3.3",
    "babel-loader": "8.0.5",
    "@babel/preset-env": "7.3.1",
    "@babel/preset-react": "7.0.0",
    "@babel/plugin-proposal-class-properties": "7.3.3",
    "@babel/plugin-proposal-function-bind": "7.2.0",
    "css-loader": "2.1.0",
    "file-loader": "3.0.1",
    "gulp": "3.9.1",
    "merge2": "1.2.3",
    "mkdirp": "0.5.1",
    "ncp": "2.0.0",
    "prop-types": "15.7.2",
    "rimraf": "2.6.3",
    "style-loader": "0.23.1",
    "webpack": "4.29.5",
    "webpack-cli": "3.2.3",
    "webpack-dev-server": "3.2.0"
  },
  "dependencies": {
    "ag-grid-community": "^20.1.0",
    "ag-grid-enterprise": "^20.1.0",
    "ag-grid-react": "^20.1.0",
    "bootstrap": "4.3.1",
    "d3": "4.9.1",
    "lodash": "4.17.11",
    "react": "16.8.2",
    "react-dom": "16.8.2",
    "react-redux": "6.0.1",
    "react-router-dom": "4.3.1",
    "redux": "4.0.1"
  }
}