{
  "name": "aigle",
  "version": "1.13.0",
  "description": "Aigle is an ideal Promise library, faster and more functional than other Promise libraries",
  "main": "index.js",
  "typings": "aigle.d.ts",
  "private": true,
  "browser": "browser.js",
  "scripts": {
    "start:doc": "cd website && npm start",
    "build:type": "typeg typings/aigle-base.d.ts --out typings/aigle.d.ts",
    "bench": "node --expose_gc ./benchmark -d",
    "eslint": "eslint . --ext .js",
    "test": "DELAY=50 npm-run-all -p eslint test:type test:cov",
    "test:mocha": "mocha test/**/*.js",
    "test:cov": "nyc npm run test:mocha",
    "test:type": "cd typings && tsc",
    "codecov": "nyc report --reporter=lcovonly && codecov",
    "lint-staged": "lint-staged",
    "prettier": "prettier --write './benchmark/**/*.js' './gulp/**/*.js' './lib/**/*.js' './test/**/*.js' './typings/**/*.ts'"
  },
  "homepage": "https://github.com/suguru03/aigle",
  "keywords": [
    "aigle",
    "promise",
    "async"
  ],
  "files": [
    "README.md",
    "index.js",
    "lib/",
    "browser.js",
    "dist/"
  ],
  "author": "Suguru Motegi",
  "license": "MIT",
  "devDependencies": {
    "babili": "0.1.4",
    "benchmark": "^2.1.1",
    "bluebird": "^3.5.3",
    "browserify": "^16.0.0",
    "buble": "^0.19.6",
    "codecov": "^3.0.0",
    "docdash": "^1.0.0",
    "eslint": "^5.0.0",
    "fs-extra": "^7.0.1",
    "gulp": "^4.0.0",
    "gulp-bump": "^3.0.0",
    "gulp-git": "^2.8.1",
    "gulp-tag-version": "^1.3.0",
    "husky": "^1.3.1",
    "jsdoc": "^3.5.5",
    "lint-staged": "^8.0.5",
    "lodash": "^4.15.0",
    "minimist": "^1.2.0",
    "mocha": "^6.0.2",
    "mocha.parallel": "0.15.6",
    "neo-async": "^2.6.0",
    "npm-run-all": "^4.1.5",
    "nyc": "^13.2.0",
    "prettier": "^1.14.3",
    "require-dir": "^1.0.0",
    "semver": "^5.5.0",
    "setimmediate": "^1.0.5",
    "tslint": "^5.11.0",
    "typeg": "^0.1.3",
    "typescript": "^3.1.6",
    "uglify-js": "^3.1.5"
  },
  "dependencies": {
    "aigle-core": "^1.0.0"
  },
  "husky": {
    "hooks": {
      "pre-commit": "npm-run-all -p build:type lint-staged"
    }
  },
  "lint-staged": {
    "*.{js,ts}": [
      "prettier --write",
      "git add"
    ]
  },
  "prettier": {
    "printWidth": 100,
    "singleQuote": true
  }
}