{
  "name": "airapi",
  "version": "0.1.0",
  "description": "A JS wrapper for airbnb API",
  "author": "Si Pham (phamtrisi@gmail.com)",
  "scripts": {
    "examples": "node ./examples/main.js"
  },
  "main": "airbnb.js",
  "repository": {
    "type": "git",
    "url": "https://github.com/phamtrisi/airapi.git"
  },
  "keywords": [
    "airbnb",
    "api",
    "node",
    "javascript"
  ],
  "dependencies": {
    "bluebird": "^2.10.0",
    "cheerio": "*",
    "lodash": "*",
    "request": "*"
  },
  "devDependencies": {},
  "license": "MIT"
}