{
  "private": true,
  "name": "algocoin",
  "version": "0.0.1",
  "dependencies": {
    "@jpmorganchase/perspective-viewer": "^0.2.12",
    "@jpmorganchase/perspective-viewer-highcharts": "^0.2.12",
    "@jpmorganchase/perspective-viewer-hypergrid": "^0.2.12",
    "@phosphor/commands": "^1.5.0",
    "@phosphor/dragdrop": "^1.3.0",
    "@phosphor/messaging": "^1.2.2",
    "@phosphor/widgets": "^1.6.0",
    "es6-promise": "^4.0.5",
    "fast-async": "^6.3.8"
  },
  "devDependencies": {
    "css-loader": "^0.26.1",
    "file-loader": "^0.11.1",
    "rimraf": "^2.5.2",
    "style-loader": "^0.13.1",
    "ts-loader": "^5.3.3",
    "typescript": "~3.3.0",
    "webpack": "^4.29.0",
    "webpack-cli": "^3.2.1"
  },
  "scripts": {
    "build": "tsc && webpack",
    "clean": "rimraf build"
  }
}