{
  "name": "amanda",
  "description": "JSON Schema validator",
  "version": "0.5.0",
  "author": "František Hába <frantisek@apiary.io> (https://github.com/Baggz)",
  "contributors": [
    {
      "name": "Peter Grilli",
      "email": "tully@apiary.io"
    }
  ],
  "devDependencies": {
    "mocha": "1.12.0",
    "expect.js": "0.2.0",
    "debug": "0.7.2",
    "async": "0.2.9",
    "uglify-js": "2.3.6"
  },
  "keywords": [
    "JSON",
    "JSON Schema",
    "schema",
    "validator",
    "validate",
    "JSON validator",
    "schema validator",
    "async",
    "browser"
  ],
  "homepage": "https://github.com/Baggz/Amanda",
  "repository": {
    "type": "git",
    "url": "git://github.com/Baggz/Amanda.git"
  },
  "main": "./releases/latest/amanda.js",
  "engines": {
    "node": ">= 0.6.0"
  },
  "bugs": {
    "url": "https://github.com/Baggz/Amanda/issues",
    "email": "hello@frantisekhaba.com"
  },
  "licenses": [
    {
      "type": "MIT",
      "url": "https://github.com/Baggz/Amanda/blob/master/README.md"
    }
  ],
  "scripts": {
    "test": "mocha --ui tdd --reporter spec ./tests/json/attributes/required/*.js ./tests/json/attributes/format/*.js ./tests/json/attributes/type/*.js ./tests/json/attributes/*.js ./tests/json/*.js"
  }
}