{
  "name": "Amativeness",
  "version": "3.1.0",
  "description": "Wordpress theme Amativeness",
  "main": "index.php",
  "scripts": {
    "test": "echo \"Error: no test specified\" && exit 1"
  },
  "repository": {
    "type": "git",
    "url": "git+https://github.com/DIYgod/Amativeness.git"
  },
  "keywords": [
    "Wordpress",
    "theme",
    "Amativeness"
  ],
  "author": "DIYgod",
  "license": "MIT",
  "bugs": {
    "url": "https://github.com/DIYgod/Amativeness/issues"
  },
  "homepage": "https://github.com/DIYgod/Amativeness#readme",
  "devDependencies": {
    "autoprefixer": "^6.3.7",
    "babel-loader": "^6.2.4",
    "babel-preset-es2015": "^6.9.0",
    "browser-sync": "^2.12.4",
    "css-loader": "^0.23.1",
    "exports-loader": "^0.6.3",
    "file-loader": "^0.9.0",
    "gulp": "^3.9.1",
    "gulp-autoprefixer": "^3.1.0",
    "gulp-concat": "^2.6.0",
    "gulp-cssnano": "^2.1.2",
    "gulp-header": "^1.8.8",
    "gulp-rename": "^1.2.2",
    "gulp-sass": "^2.3.1",
    "gulp-sourcemaps": "^1.6.0",
    "node-sass": "^3.8.0",
    "postcss-loader": "^0.9.1",
    "sass-loader": "^4.0.0",
    "style-loader": "^0.13.1",
    "url-loader": "^0.5.7",
    "webpack": "^1.13.1",
    "webpack-dev-server": "^1.9.0"
  },
  "dependencies": {
    "aplayer": "^1.5.0",
    "aspace": "0.0.4",
    "babel-core": "^6.25.0",
    "balloon-css": "^0.3.0",
    "dplayer": "^1.5.1",
    "font-awesome": "^4.6.3",
    "headroom.js": "^0.9.3",
    "jquery": "^3.1.0",
    "jquery-lazyload": "^1.9.7",
    "nprogress": "^0.2.0",
    "owo": "^1.0.2",
    "snapsvg": "^0.4.0",
    "social-share.js": "^1.0.15",
    "socket.io-client": "^1.4.8",
    "typed.js": "^1.1.1"
  }
}