{
  "name": "amok",
  "version": "1.1.3",
  "description": "Live editing, testing and debugging for JavaScript",
  "main": "lib/index.js",
  "files": [
    "lib/",
    "bin/"
  ],
  "keywords": [
    "realtime",
    "live",
    "reload",
    "editing",
    "react",
    "browserify",
    "watchify",
    "webpack",
    "development",
    "server"
  ],
  "bin": {
    "amok": "bin/amok"
  },
  "dependencies": {
    "browser_process": "^1.0.0",
    "chokidar": "^1.0.3",
    "commander": "^2.8.1",
    "compiler_process": "^1.0.0",
    "mime": "^1.3.4",
    "rdbg": "^1.0.0",
    "temp": "^0.8.1",
    "ws": "^0.7.2"
  },
  "devDependencies": {
    "babel": "^5.6.14",
    "coffee-script": "1.9.2",
    "node-libs-browser": "0.5.2",
    "sculpt": "^0.1.7",
    "tape": "^4.0.0",
    "typescript": "1.5.0-beta",
    "watchify": "^2.6.2",
    "webpack": "1.9.10"
  },
  "scripts": {
    "test": "make test"
  },
  "author": "Casper Beyer <caspervonb@qup.io>",
  "license": "MIT",
  "repository": {
    "type": "git",
    "url": "https://github.com/caspervonb/amok.git"
  },
  "bugs": {
    "url": "https://github.com/caspervonb/amok/issues"
  },
  "homepage": "https://github.com/amokjs/amok"
}