{
  "name": "Anadama",
  "version": "1.0.0",
  "description": "A react-based recipe theme for WordPress",
  "private": true,
  "repository": {
    "type": "git",
    "url": "https://github.com/ryelle/Anadama-React"
  },
  "scripts": {
    "build": "NODE_ENV=production gulp",
    "watch": "gulp watch",
    "dev": "gulp",
    "lint": "eslint js --ext=js,jsx"
  },
  "license": "GPL-2.0+",
  "devDependencies": {
    "babel-core": "^6.13.2",
    "babel-eslint": "^6.1.2",
    "babel-loader": "^6.2.4",
    "babel-polyfill": "^6.13.0",
    "babel-preset-es2015": "^6.13.2",
    "babel-preset-react": "^6.11.1",
    "eslint": "^3.2.2",
    "eslint-loader": "^1.5.0",
    "eslint-plugin-react": "^6.0.0",
    "gulp": "^3.9.1",
    "gulp-autoprefixer": "^3.1.0",
    "gulp-sass": "^2.3.2",
    "gulp-util": "^3.0.7",
    "path": "^0.12.7",
    "webpack": "^1.13.1"
  },
  "dependencies": {
    "classnames": "^2.2.5",
    "events": "^1.1.1",
    "flux": "^2.1.1",
    "keymirror": "^0.1.1",
    "lodash": "^4.14.1",
    "moment": "^2.14.1",
    "object-assign": "^4.1.0",
    "page": "^1.7.1",
    "react": "^15.3.0",
    "react-dom": "^15.3.0"
  }
}