{
  "author": "Harris Brakmic",
  "dependencies": {
    "@angular/common": "^4.2.5",
    "@angular/compiler": "^4.2.5",
    "@angular/core": "^4.2.5",
    "@angular/forms": "^4.2.5",
    "@angular/http": "^4.2.5",
    "@angular/platform-browser": "^4.2.5",
    "@angular/platform-browser-dynamic": "^4.2.5",
    "@angular/router": "^4.2.5",
    "@angularclass/conventions-loader": "^1.0.13",
    "@angularclass/hmr": "^2.1.1",
    "@angularclass/hmr-loader": "^3.0.2",
    "aframe": "^0.6.0",
    "core-js": "^2.4.1",
    "lodash": "^4.17.2",
    "reflect-metadata": "^0.1.10",
    "rxjs": "^5.4.1",
    "zone.js": "^0.8.12"
  },
  "description": "vrWeb",
  "devDependencies": {
    "@angular/compiler-cli": "^4.2.5",
    "@angularclass/request-idle-callback": "^1.0.7",
    "@angularclass/resolve-angular-routes": "^1.0.9",
    "@angularclass/webpack-toolkit": "^1.3.3",
    "@ngrx/core": "^1.2.0",
    "@ngrx/devtools": "^1.4.0",
    "@ngrx/store": "^2.2.2",
    "@panosoft/require-string": "^0.1.5",
    "@types/chai": "^4.0.1",
    "@types/es6-shim": "^0.31.34",
    "@types/hammerjs": "^2.0.34",
    "@types/jasmine": "^2.5.53",
    "@types/jquery": "latest",
    "@types/lodash": "^4.14.68",
    "@types/node": "^8.0.7",
    "@types/ramda": "^0.24.1",
    "@types/requirejs": "^2.1.29",
    "@types/selenium-webdriver": "^3.0.4",
    "@types/service_worker_api": "0.0.9",
    "@types/source-map": "^0.5.0",
    "@types/uglify-js": "^2.6.29",
    "@types/webpack": "^3.0.1",
    "@types/whatwg-fetch": "0.0.33",
    "add-asset-html-webpack-plugin": "^2.0.1",
    "andlog": "^1.0.0",
    "angular2-hmr": "^0.8.1",
    "angular2-template-loader": "^0.6.2",
    "animate.css": "^3.5.2",
    "assets-webpack-plugin": "^3.5.1",
    "awesome-typescript-loader": "^3.2.1",
    "base64-js": "^1.2.1",
    "bootstrap": "^3.3.7",
    "bootstrap-loader": "^2.1.0",
    "bootstrap-sass": "^3.3.7",
    "circular-json": "^0.3.1",
    "code-point-at": "^1.1.0",
    "codelyzer": "^3.1.1",
    "compression-webpack-plugin": "^0.4.0",
    "copy-webpack-plugin": "^4.0.1",
    "css-loader": "^0.28.4",
    "diff": "^3.1.0",
    "domready": "^1.0.8",
    "elapsed": "^0.0.7",
    "exports-loader": "^0.6.4",
    "expose-loader": "^0.7.3",
    "extract-text-webpack-plugin": "^2.1.2",
    "file-loader": "^0.11.2",
    "find-root": "^1.1.0",
    "font-awesome": "^4.6.3",
    "font-awesome-sass-loader": "^2.0.1",
    "hammerjs": "^2.0.8",
    "html-webpack-plugin": "^2.29.0",
    "http-server": "^0.10.0",
    "ie-shim": "^0.1.0",
    "imports-loader": "^0.7.1",
    "ionicons": "^3.0.0",
    "istanbul-instrumenter-loader": "^2.0.0",
    "jasmine-core": "^2.6.4",
    "jquery": "^3.2.1",
    "jquery-once": "^2.2.0",
    "jquery-ui-bundle": "^1.12.1",
    "js-base64": "^2.1.9",
    "json-loader": "^0.5.4",
    "jszip": "^3.1.3",
    "karma": "^1.7.0",
    "karma-chrome-launcher": "^2.2.0",
    "karma-coverage": "^1.1.1",
    "karma-firefox-launcher": "^1.0.1",
    "karma-ie-launcher": "^1.0.0",
    "karma-istanbul": "0.0.2",
    "karma-jasmine": "^1.1.0",
    "karma-jsdom-launcher": "^6.1.2",
    "karma-mocha": "^1.3.0",
    "karma-mocha-reporter": "^2.2.3",
    "karma-phantomjs-launcher": "^1.0.2",
    "karma-remap-coverage": "^0.1.3",
    "karma-sourcemap-loader": "^0.3.7",
    "karma-webpack": "^2.0.3",
    "mocha": "^3.4.2",
    "ng-router-loader": "^2.1.0",
    "ng2-translate": "^5.0.0",
    "ngc-webpack": "^3.0.0",
    "node-sass": "^4.5.3",
    "normalize.css": "^7.0.0",
    "npm-run-all": "^4.0.2",
    "odata": "^0.3.3",
    "parse5": "^3.0.1",
    "phantomjs": "^2.1.7",
    "postcss-loader": "^2.0.6",
    "protractor": "^5.1.2",
    "raw-loader": "0.5.1",
    "remap-istanbul": "^0.9.5",
    "request": "^2.80.0",
    "resolve-url-loader": "^2.1.0",
    "rimraf": "^2.6.1",
    "sass-loader": "^6.0.6",
    "script-ext-html-webpack-plugin": "^1.8.3",
    "script-loader": "^0.7.0",
    "source-map-loader": "^0.2.1",
    "string-replace-loader": "^1.3.0",
    "style-loader": "^0.18.2",
    "to-string-loader": "^1.1.5",
    "ts-loader": "^2.2.2",
    "ts-node": "^3.1.0",
    "tslib": "^1.7.1",
    "tslint": "^5.4.3",
    "tslint-loader": "^3.5.3",
    "typedoc": "^0.7.1",
    "typescript": "^2.4.1",
    "typescript-collections": "^1.2.3",
    "url-loader": "^0.5.9",
    "v8-lazy-parse-webpack-plugin": "^0.3.0",
    "watch-ignore-webpack-plugin": "^1.0.0",
    "webpack": "^3.0.0",
    "webpack-dashboard": "^0.4.0",
    "webpack-dev-middleware": "^1.11.0",
    "webpack-dev-server": "^2.5.0",
    "webpack-dll-bundles-plugin": "^1.0.0-beta.5",
    "webpack-md5-hash": "^0.0.5",
    "webpack-merge": "^4.1.0"
  },
  "engines": {
    "node": ">= 4.2.1",
    "npm": ">= 3"
  },
  "license": "MIT",
  "main": "index.js",
  "name": "angular2-vr-starter",
  "private": true,
  "scripts": {
    "docker": "docker",
    "tslint": "tslint",
    "typedoc": "typedoc",
    "webdriver-manager": "webdriver-manager",
    "webdriver:start": "npm run webdriver-manager start",
    "webdriver:update": "npm run webdriver-manager update",
    "webpack-dev-server": "webpack-dev-server",
    "webpack": "webpack",
    "clean": "npm cache clean && npm run rimraf -- node_modules doc coverage dist compiled dll",
    "clean:dll": "npm run rimraf -- dll",
    "clean:dist": "npm run rimraf -- dist",
    "clean:aot": "npm run rimraf -- compiled",
    "clean:install": "npm set progress=false && npm install",
    "clean:start": "npm start",
    "watch:dev:hmr": "npm run watch:dev -- --hot",
    "watch:dev": "npm run build:dev -- --watch",
    "watch:prod": "npm run build:prod -- --watch",
    "watch:test": "npm run test -- --auto-watch --no-single-run",
    "watch": "npm run watch:dev",
    "build": "npm run build:dev",
    "build:docker": "npm run build:prod && docker build -t vrweb:latest .",
    "build:worker": "webpack --config config/webpack.worker.js",
    "build:sw": "webpack --config config/webpack.sw.js --progress --profile",
    "build:aot:prod": "npm run clean:dist && npm run clean:aot && webpack --config config/webpack.prod.js  --progress --profile --bail",
    "build:aot": "npm run build:aot:prod",
    "build:dev": "npm run clean:dist && webpack --config config/webpack.dev.js --progress --profile",
    "build:prod": "npm run clean:dist && webpack --config config/webpack.prod.js  --progress --profile --bail",
    "github-deploy": "npm run github-deploy:dev",
    "github-deploy:dev": "webpack --config config/webpack.github-deploy.js --progress --profile --github-dev",
    "github-deploy:prod": "webpack --config config/webpack.github-deploy.js --progress --profile --github-prod",
    "server": "npm run server:dev",
    "server:dev:hmr": "npm run server:dev -- --inline --hot",
    "server:dev": "webpack-dev-server --config config/webpack.dev.js --progress --profile --watch --content-base src/",
    "server:prod": "http-server dist -c-1 --cors",
    "server:prod:ci": "http-server dist -p 3000 -c-1 --cors",
    "dashboard": "webpack-dashboard -- npm run server:dev:hmr",
    "lint": "npm run tslint \"src/**/*.ts\"",
    "e2e:live": "npm run e2e -- --elementExplorer",
    "e2e": "npm-run-all -p -r server:prod:ci e2e:only",
    "e2e:only": "npm run protractor",
    "ngc": "./node_modules/.bin/ngc-w -p tsconfig.webpack.json",
    "ci:nobuild": "npm run lint && npm test && npm run e2e",
    "ci:testall": "npm run lint && npm run test && npm run build:prod && npm run e2e && npm run build:aot && npm run e2e",
    "ci": "npm run ci:testall",
    "ci:aot": "npm run lint && npm run test && npm run build:aot && npm run e2e",
    "ci:jit": "npm run lint && npm run test && npm run build:prod && npm run e2e",
    "docs": "npm run typedoc -- --options typedoc.json --exclude '**/*.spec.ts' ./src/",
    "start:hmr": "npm run server:dev:hmr",
    "start": "npm run server:dev",
    "test": "npm run lint && karma start",
    "version": "npm run build",
    "postversion": "git push && git push --tags",
    "prebuild:dev": "npm run clean:dist",
    "prebuild:prod": "npm run clean:dist",
    "preclean:install": "npm run clean",
    "preclean:start": "npm run clean",
    "pree2e": "npm run webdriver:update -- --standalone",
    "preversion": "npm test",
    "protractor": "protractor",
    "rimraf": "rimraf"
  },
  "version": "1.0.7"
}