{
  "name": "my-new-project",
  "main": "node_modules/expo/AppEntry.js",
  "private": true,
  "scripts": {
    "start": "expo start",
    "android": "expo start --android",
    "ios": "expo start --ios",
    "eject": "expo eject",
    "test": "node ./node_modules/jest/bin/jest.js --watchAll"
  },
  "jest": {
    "preset": "jest-expo"
  },
  "dependencies": {
    "@expo/samples": "2.1.1",
    "expo": "^31.0.4",
    "react": "16.5.0",
    "react-native": "https://github.com/expo/react-native/archive/sdk-31.0.0.tar.gz",
    "react-navigation": "^2.18.2"
  },
  "devDependencies": {
    "babel-preset-expo": "^5.0.0",
    "jest-expo": "^31.0.0"
  }
}