{
  "name": "backend-starter-kit",
  "version": "1.0.0",
  "description": "A boilerplate for Node.js, Express, Mongoose, Heroku, mLab, Nodemon, PM2, and Babel.",
  "engines": {
    "node": "10"
  },
  "scripts": {
    "start": "nodemon src/api.js --exec babel-node",
    "build": "babel src -d dist",
    "lint": "eslint 'src/**/*.js'",
    "test": "jest \"src/.*\\.js$\" --coverage --forceExit",
    "e2e": "cross-env JEST_ENV=e2e jest \"src/.*\\.js$\" --coverage --forceExit",
    "codecov": "codecov"
  },
  "repository": {
    "type": "git",
    "url": "git+https://github.com/Shyam-Chen/Backend-Starter-Kit.git"
  },
  "keywords": [
    "Node.js"
  ],
  "author": "Yen-cheng Chen, 陳彥澄",
  "license": "MIT",
  "bugs": {
    "url": "https://github.com/Shyam-Chen/Backend-Starter-Kit/issues"
  },
  "homepage": "https://github.com/Shyam-Chen/Backend-Starter-Kit#readme",
  "dependencies": {
    "@tensorflow/tfjs": "0.14.2",
    "@tensorflow/tfjs-node": "0.2.3",
    "apollo-server-express": "2.3.3",
    "bcrypt": "3.0.3",
    "chalk": "2.4.2",
    "cloudinary": "1.13.2",
    "compression": "1.7.3",
    "connect-redis": "3.4.0",
    "cors": "2.8.5",
    "express": "4.16.4",
    "express-history-api-fallback": "2.2.1",
    "express-session": "1.15.6",
    "formidable": "1.2.1",
    "graphql": "14.1.1",
    "graphql-tag": "2.10.1",
    "helmet": "3.15.0",
    "joi": "14.3.1",
    "jsonwebtoken": "8.4.0",
    "lodash": "4.17.11",
    "merge-graphql-schemas": "1.5.8",
    "mongoose": "5.4.8",
    "morgan": "1.9.1",
    "node-schedule": "1.3.1",
    "nodemailer": "5.1.1",
    "passport": "0.4.0",
    "passport-facebook": "3.0.0",
    "passport-google-oauth20": "1.0.0",
    "passport-jwt": "4.0.0",
    "passport-twitter": "1.0.4",
    "pg": "7.8.0",
    "pg-hstore": "2.3.2",
    "pm2": "3.2.9",
    "raven": "2.6.4",
    "redis": "2.8.0",
    "rendertron-middleware": "0.1.5",
    "request": "2.88.0",
    "request-promise": "4.2.2",
    "rxjs": "6.4.0",
    "sequelize": "4.42.0",
    "socket.io": "2.2.0",
    "socket.io-redis": "5.2.0",
    "winston": "3.2.1"
  },
  "devDependencies": {
    "babel-cli": "6.26.0",
    "babel-core": "6.26.3",
    "babel-eslint": "10.0.1",
    "babel-jest": "23.6.0",
    "babel-plugin-root-import": "6.1.0",
    "babel-preset-env": "1.7.0",
    "babel-preset-stage-0": "6.24.1",
    "codecov": "3.1.0",
    "cross-env": "5.2.0",
    "eslint": "5.12.1",
    "eslint-config-airbnb-base": "13.1.0",
    "eslint-import-resolver-babel-plugin-root-import": "1.1.1",
    "eslint-plugin-import": "2.16.0",
    "faker": "4.1.0",
    "graphql-tools": "4.0.4",
    "jest": "23.6.0",
    "nodemon": "1.18.9",
    "supertest": "3.4.2"
  }
}