{
  "name": "hexo-site",
  "version": "0.0.0",
  "private": true,
  "hexo": {
    "version": "3.2.2"
  },
  "dependencies": {
    "hexo": "^3.1.0",
    "hexo-deployer-git": "0.0.4",
    "hexo-deployer-rsync": "^0.1.2",
    "hexo-generator-archive": "^0.1.3",
    "hexo-generator-baidu-sitemap": "^0.1.2",
    "hexo-generator-category": "^0.1.3",
    "hexo-generator-feed": "^1.2.0",
    "hexo-generator-index": "^0.1.3",
    "hexo-generator-json-content": "^3.0.1",
    "hexo-generator-json-feed": "^1.0.0",
    "hexo-generator-sitemap": "^1.1.2",
    "hexo-generator-tag": "^0.1.2",
    "hexo-helper-qrcode": "^1.0.1",
    "hexo-renderer-ejs": "^0.1.0",
    "hexo-renderer-marked": "^0.2.5",
    "hexo-renderer-stylus": "^0.2.3",
    "hexo-server": "^0.1.2"
  }
}