{
  "name": "boilerplate",
  "version": "0.1.0",
  "private": true,
  "dependencies": {
    "async": "^2.3.0",
    "devicon": "^2.0.0",
    "fs-extra": "^2.1.2",
    "github": "^9.2.0",
    "jsonfile": "^2.4.0",
    "material-ui": "next",
    "moment": "^2.17.1",
    "path": "^0.12.7",
    "react": "^15.4.2",
    "react-dom": "^15.4.2",
    "react-ga": "^2.1.2",
    "react-icons": "^2.2.3",
    "react-router-dom": "^4.0.0",
    "react-tap-event-plugin": "^2.0.1"
  },
  "devDependencies": {
    "@kadira/storybook": "^2.21.0",
    "react-scripts": "^0.9.5"
  },
  "scripts": {
    "start": "react-scripts start",
    "build": "react-scripts build",
    "test": "react-scripts test --env=jsdom",
    "eject": "react-scripts eject",
    "storybook": "start-storybook -p 9009 -s public",
    "build-storybook": "build-storybook -s public"
  },
  "eslintConfig": {
    "extends": "react-app"
  }
}