{
  "name": "Breakout",
  "version": "0.4.0",
  "description": "breakoutjs.com",
  "private": true,
  "repository": {
    "type": "git",
    "url": "git://github.com/soundanalogous/Breakout.git"
  },
  "author": "Jeff Hoefs <soundanalogous@gmail.com>",
  "license": "MIT",
  "readmeFilename": "README.md",
  "devDependencies": {
    "chai": "~1.7.2",
    "grunt": "~0.4.1",
    "grunt-contrib-concat": "~0.3.0",
    "grunt-contrib-jshint": "^0.6.5",
    "grunt-contrib-uglify": "~0.2.2",
    "grunt-contrib-yuidoc": "~0.4.0",
    "grunt-jsbeautifier": "^0.2.10",
    "grunt-jscs": "^2.4.0",
    "grunt-mocha-phantomjs": "~0.3.0",
    "grunt-shell": "~0.3.1",
    "mocha": "~1.12.0",
    "sinon": "~1.7.3"
  },
  "engines": {
    "node": ">=0.10.0"
  }
}