{
  "name": "browsertime",
  "version": "0.0.0",
  "private": true,
  "description": "Browsertime",
  "dependencies": {
    "grunt": "^0.4.5",
    "grunt-contrib-sass": "^0.9.2",
    "grunt-contrib-uglify": "^1.0.1",
    "grunt-contrib-watch": "^0.6.1",
    "grunt-browserify": "^5.0.0",
    "babelify": "^7.2.0",
    "babel-preset-es2015": "^6.6.0",
    "babel-preset-react": "^6.5.0",
    "browserify": "^13.0.0",
    "jquery": "^2.2.3",
    "plyr": "^1.8.7",
    "webtorrent": "~0.76.0",
    "react": "^0.14.7",
    "react-dom": "^0.14.7",
    "react-router": "^2.0.1"
  }
}