{
  "name": "caf",
  "version": "7.0.6",
  "description": "Cancelable Async Flows: a wrapper to treat generators as cancelable async functions",
  "main": "./dist/caf.js",
  "scripts": {
    "test": "node scripts/node-tests.js",
    "test:dist": "TEST_DIST=true npm test",
    "test:package": "TEST_PACKAGE=true npm test",
    "test:all": "npm test && npm run test:dist && npm run test:package",
    "coverage": "istanbul cover scripts/node-tests.js",
    "coverage:report": "npm run coverage && cat ./coverage/lcov.info | ./node_modules/coveralls/bin/coveralls.js",
    "build-core": "node scripts/build-core.js",
    "build": "npm run build-core",
    "prepare": "npm run build",
    "prepublish": "npm run build && npm run test:all",
    "publish": "npm run coverage:report"
  },
  "devDependencies": {
    "coveralls": "~3.0.0",
    "qunit": "~2.9.1",
    "terser": "~3.14.1"
  },
  "repository": "getify/caf",
  "keywords": [
    "async",
    "promises",
    "generators",
    "cancelation"
  ],
  "bugs": {
    "url": "https://github.com/getify/caf/issues",
    "email": "getify@gmail.com"
  },
  "homepage": "https://github.com/getify/caf",
  "author": "Kyle Simpson <getify@gmail.com>",
  "license": "MIT"
}