{
  "name": "ldf-client",
  "description": "Linked Data Fragments Client",
  "version": "2.0.5",
  "license": "MIT",
  "main": "ldf-client.js",
  "engines": {
    "node": ">=4.0"
  },
  "bin": {
    "ldf-client": "./bin/ldf-client"
  },
  "repository": {
    "type": "git",
    "url": "git@github.com:LinkedDataFragments/Client.js.git"
  },
  "bugs": {
    "url": "https://github.com/LinkedDataFragments/Client.js/issues"
  },
  "scripts": {
    "docs": "jsdoc -c jsdoc.json README.md lib",
    "test": "mocha",
    "lint": "eslint bin/* lib test",
    "browserify": "browserify . -s ldf -u stream -o ldf-client-browser.js"
  },
  "dependencies": {
    "asynciterator": "^1.1.0",
    "follow-redirects": "^1.0.0",
    "lodash": "^2.4.1",
    "lru-cache": "^4.0.1",
    "minimist": "^1.2.0",
    "n3": "^0.8.1",
    "negotiator": "^0.6.1",
    "parse-link-header": "^0.4.1",
    "setimmediate": "^1.0.4",
    "sparqljs": "^1.3.0",
    "uritemplate": "^0.3.0"
  },
  "optionalDependencies": {
    "xml": ">=1.0.0"
  },
  "devDependencies": {
    "chai": "^3.5.0",
    "eslint": "^3.9.1",
    "jsdoc": "^3.4.2",
    "mocha": "^3.1.2",
    "pre-commit": "^1.1.3",
    "sinon": "^1.17.4",
    "sinon-chai": "^2.8.0"
  },
  "pre-commit": [
    "lint",
    "test"
  ],
  "browser": {
    "crypto": "./lib/browser/crypto.js",
    "./lib/util/Request": "./lib/browser/Request.js",
    "stream": false
  }
}