{
  "name": "CNodeRN",
  "version": "1.1.0",
  "private": true,
  "scripts": {
    "start": "node node_modules/react-native/local-cli/cli.js start",
    "clean": "rm -rf $TMPDIR/react-* && watchman watch-del-all && npm cache clean",
    "test": "jest",
    "postinstall": "opencollective postinstall"
  },
  "dependencies": {
    "axios": "^0.16.2",
    "lodash": "^4.17.4",
    "moment": "^2.18.1",
    "opencollective": "^1.0.3",
    "prop-types": "^15.6.0",
    "react": "^16.2.0",
    "react-native": "0.53.3",
    "react-native-camera": "^1.0.1",
    "react-native-code-push": "^4.0.0-beta",
    "react-native-htmlview": "^0.12.1",
    "react-native-progress": "^3.4.0",
    "react-native-scrollable-tab-view": "^0.8.0",
    "react-native-spinkit": "^1.1.1",
    "react-native-splash-screen": "^2.0.0",
    "react-native-vector-icons": "^4.5.0",
    "react-navigation": "^1.2.1",
    "react-navigation-redux-helpers": "^1.0.1",
    "react-redux": "^5.0.3",
    "redux": "^3.6.0",
    "redux-container": "^1.0.28",
    "redux-devtools-extension": "^2.13.0",
    "redux-thunk": "^2.2.0",
    "seamless-immutable": "^7.1.1"
  },
  "devDependencies": {
    "babel-jest": "19.0.0",
    "babel-plugin-transform-class-properties": "^6.23.0",
    "babel-plugin-transform-decorators-legacy": "^1.3.4",
    "babel-plugin-transform-export-extensions": "^6.22.0",
    "babel-plugin-transform-object-rest-spread": "^6.23.0",
    "babel-plugin-transform-react-jsx-source": "^6.22.0",
    "babel-preset-react-native": "^4.0.0",
    "jest": "19.0.2",
    "nock": "^9.0.11",
    "react-test-renderer": "^16.0.0-alpha.12",
    "redux-mock-store": "^1.2.2"
  },
  "jest": {
    "preset": "react-native",
    "setupFiles": [
      "<rootDir>/__tests__/fixtures/setup.js"
    ],
    "testMatch": [
      "**/__tests__/spec/**/*.js"
    ]
  },
  "collective": {
    "type": "opencollective",
    "url": "https://opencollective.com/CNodeRN"
  }
}