{
  "name": "ComicBook",
  "version": "0.0.1",
  "private": true,
  "scripts": {
    "start": "node node_modules/react-native/local-cli/cli.js start",
    "test": "jest"
  },
  "dependencies": {
    "react": "~15.4.0-rc.4",
    "react-native": "0.40.0",
    "react-native-blur": "^2.0.0",
    "react-native-lightbox": "^0.6.0",
    "react-native-scrollable-tab-view": "^0.7.0",
    "react-native-vector-icons": "^4.0.0",
    "react-native-viewpager": "^0.2.13",
    "react-redux": "^5.0.2",
    "react-static-container": "^1.0.1",
    "react-thunk": "^1.0.0",
    "redux": "^3.6.0",
    "redux-thunk": "^2.1.0"
  },
  "devDependencies": {
    "babel-jest": "18.0.0",
    "babel-preset-react-native": "1.9.1",
    "jest": "18.1.0",
    "react-test-renderer": "~15.4.0-rc.4"
  },
  "jest": {
    "preset": "react-native"
  }
}