{
  "name": "DataStream.js",
  "version": "0.1.0",
  "description": "DataStream.js is a library for reading data from ArrayBuffers",
  "main": "DataStream.js",
  "repository": {
    "type": "git",
    "url": "git://github.com/kig/DataStream.js.git"
  },
  "keywords": [
    "datastream",
    "arraybuffer"
  ],
  "author": "Ilmari Heikkinen <ilmari@fhtr.net> (http://fhtr.net)",
  "license": "Apache-2.0",
  "bugs": {
    "url": "https://github.com/kig/DataStream.js/issues"
  },
  "homepage": "https://github.com/kig/DataStream.js",
  "readmeFilename": "README.md"
}