{
  "name": "DBGlass",
  "productName": "DBGlass",
  "version": "0.1.0-beta.6",
  "description": "Cross platform GUI PostgreSQL client",
  "main": "main.js",
  "scripts": {
    "test": "cross-env NODE_ENV=test mocha --compilers js:babel-register --recursive --require ./test/setup.js test/**/*.spec.js",
    "test-watch": "npm test -- --watch",
    "test-e2e": "cross-env NODE_ENV=test mocha --compilers js:babel-register --require ./test/setup.js ./test/e2e.js",
    "lint": "eslint -c './.eslintrc' app test *.js",
    "hot-server": "node -r babel-register server.js",
    "build-main": "cross-env NODE_ENV=production node -r babel-register ./node_modules/webpack/bin/webpack --config webpack.config.electron.js --progress --profile --colors",
    "build-renderer": "cross-env NODE_ENV=production node -r babel-register ./node_modules/webpack/bin/webpack --config webpack.config.production.js --progress --profile --colors",
    "build": "npm run build-main && npm run build-renderer",
    "start": "cross-env NODE_ENV=production electron ./",
    "start-hot": "cross-env HOT=1 NODE_ENV=development electron -r babel-register -r babel-polyfill ./main.development",
    "package": "cross-env NODE_ENV=production node -r babel-register package.js",
    "package-all": "npm run package -- --all",
    "postinstall": "node node_modules/fbjs-scripts/node/check-dev-engines.js package.json",
    "dev": "concurrently --kill-others \"npm run hot-server\" \"npm run start-hot\""
  },
  "bin": {
    "electron": "./node_modules/.bin/electron"
  },
  "author": {
    "name": "Vladimir Pal",
    "email": "mail.vpal@gmail.com",
    "url": "https://web-pal.com"
  },
  "license": "MIT",
  "keywords": [
    "electron",
    "react",
    "flux",
    "webpack",
    "react-hot"
  ],
  "devDependencies": {
    "asar": "^0.12.3",
    "babel-core": "^6.17.0",
    "babel-eslint": "^7.0.0",
    "babel-loader": "^6.2.5",
    "babel-plugin-add-module-exports": "^0.2.1",
    "babel-plugin-dev-expression": "^0.2.1",
    "babel-plugin-webpack-loaders": "^0.8.0",
    "babel-polyfill": "^6.16.0",
    "babel-preset-es2015": "^6.16.0",
    "babel-preset-react": "^6.16.0",
    "babel-preset-react-hmre": "^1.1.1",
    "babel-preset-react-optimize": "^1.0.1",
    "babel-preset-stage-0": "^6.16.0",
    "babel-register": "^6.16.3",
    "concurrently": "^3.1.0",
    "cross-env": "^3.0.0",
    "css-loader": "^0.25.0",
    "del": "^2.2.2",
    "devtron": "^1.3.0",
    "electron-debug": "^1.0.1",
    "electron-devtools-installer": "^2.0.1",
    "electron-packager": "^8.1.0",
    "electron-prebuilt": "^1.4.2",
    "electron-rebuild": "^1.2.1",
    "eslint": "^3.7.1",
    "eslint-config-airbnb": "^12.0.0",
    "eslint-import-resolver-webpack": "^0.6.0",
    "eslint-plugin-import": "^2.0.0",
    "eslint-plugin-jsx-a11y": "^2.2.2",
    "eslint-plugin-react": "^6.3.0",
    "express": "^4.14.0",
    "extract-text-webpack-plugin": "^1.0.1",
    "fbjs-scripts": "^0.7.1",
    "file-loader": "^0.9.0",
    "jsdom": "^9.6.0",
    "json-loader": "^0.5.4",
    "less": "^2.7.1",
    "less-loader": "^2.2.3",
    "minimist": "^1.2.0",
    "node-libs-browser": "^1.0.0",
    "postcss": "^5.2.4",
    "react-addons-test-utils": "^15.3.2",
    "redux-logger": "^2.6.1",
    "semver": "^5.3.0",
    "sinon": "^1.17.6",
    "spectron": "^3.4.0",
    "style-loader": "^0.13.1",
    "webpack": "^1.13.2",
    "webpack-dev-middleware": "^1.8.3",
    "webpack-hot-middleware": "^2.12.2",
    "webpack-merge": "^0.15.0"
  },
  "dependencies": {
    "bootstrap": "^3.3.7",
    "draft-js": "^0.9.1",
    "draft-js-export-markdown": "^0.2.0",
    "draft-js-import-markdown": "^0.2.0",
    "electron-json-storage": "^2.0.0",
    "fixed-data-table": "0.6.3",
    "font-awesome": "^4.6.3",
    "immutable": "^3.8.1",
    "joi": "^9.1.0",
    "joi-validation-strategy": "^0.3.3",
    "jwt-simple": "^0.5.0",
    "ladda": "^1.0.0",
    "lodash": "^4.16.3",
    "open-ssh-tunnel": "^0.3.1",
    "pg": "^6.1.0",
    "pg-native": "^1.10.0",
    "react": "^15.3.2",
    "react-addons-pure-render-mixin": "^15.3.2",
    "react-bootstrap": "^0.30.5",
    "react-date-picker": "^5.3.28",
    "react-dom": "^15.3.2",
    "react-modal-dialog": "^3.0.2",
    "react-progress-bar-plus": "^1.2.0",
    "react-redux": "^4.4.5",
    "react-router": "^2.8.1",
    "react-router-redux": "^4.0.6",
    "react-select": "^1.0.0-rc.2",
    "react-syntax-highlight": "0.0.2",
    "react-syntax-highlighter": "^2.8.0",
    "redux": "^3.6.0",
    "redux-form": "6.1.1",
    "redux-thunk": "^2.1.0",
    "request": "^2.75.0",
    "revalidate": "git://github.com/web-pal/revalidate.git#forTemUsage",
    "semver": "^5.3.0",
    "source-map-support": "^0.4.3"
  },
  "devEngines": {
    "node": "4.x || 5.x || 6.x",
    "npm": "2.x || 3.x"
  }
}