{
  "name": "discordinjections",
  "version": "4.0.1",
  "description": "Injects CSS and JS into the discord client, and piggybacks the websocket for later use.",
  "main": "index.js",
  "scripts": {
    "test": "echo \"Error: no test specified\" && exit 1",
    "inject": "node install.js inject",
    "reinject": "node install.js reinject",
    "uninject": "node install.js uninject"
  },
  "author": "stupid cat",
  "license": "MIT",
  "repository": "https://github.com/DiscordInjections/DiscordInjections",
  "dependencies": {
    "bluebird": "^3.5.3",
    "buble": "^0.19.6",
    "decompress": "^4.2.0",
    "download": "^7.1.0",
    "elements": "./elements",
    "eventemitter3": "^3.1.0",
    "fs-extra": "^7.0.1",
    "globby": "^8.0.1",
    "node-fetch": "^2.2.1",
    "npm": "^6.4.1",
    "npmi": "^4.0.0",
    "parse-author": "^2.0.0",
    "postcss": "^7.0.0",
    "postcss-import": "^12.0.0",
    "postcss-url": "^8.0.0",
    "ps-node": "^0.1.5",
    "react": "^16.6.1",
    "react-dom": "^16.6.1",
    "require-reload": "^0.2.2",
    "semver": "^5.6.0",
    "superstruct": "^0.6.0",
    "sweetalert-react": "^0.4.11"
  },
  "devDependencies": {
    "@commitlint/cli": "^7.2.1",
    "commitizen": "^3.0.0",
    "cz-emoji": "^1.1.2",
    "eslint": "^5.9.0",
    "eslint-config-standard": "^12.0.0",
    "eslint-plugin-import": "^2.14.0",
    "eslint-plugin-node": "^8.0.0",
    "eslint-plugin-promise": "^4.0.1",
    "eslint-plugin-react": "^7.11.1",
    "eslint-plugin-standard": "^4.0.0",
    "husky": "^1.1.3",
    "standard-version": "^4.4.0"
  },
  "config": {
    "commitizen": {
      "path": "cz-emoji"
    },
    "cz-emoji": {
      "types": [
        {
          "emoji": "✨",
          "code": ":sparkles:",
          "description": "when adding features",
          "name": "feat"
        },
        {
          "emoji": "🎨",
          "code": ":art:",
          "description": "when improving the format/structure of the code",
          "name": "format"
        },
        {
          "emoji": "🏇",
          "code": ":racehorse:",
          "description": "when improving performance",
          "name": "performance"
        },
        {
          "emoji": "🚱",
          "code": ":non-potable_water:",
          "description": "when plugging memory leaks",
          "name": "memoryleaks"
        },
        {
          "emoji": "📝",
          "code": ":memo:",
          "description": "when writing docs",
          "name": "docs"
        },
        {
          "emoji": "🐧",
          "code": ":penguin:",
          "description": "when fixing something on linux",
          "name": "linux"
        },
        {
          "emoji": "🍎",
          "code": ":apple:",
          "description": "when fixing something on mac os",
          "name": "macos"
        },
        {
          "emoji": "🏁",
          "code": ":checkered_flag:",
          "description": "when fixing something on windows",
          "name": "windows"
        },
        {
          "emoji": "🐛",
          "code": ":bug:",
          "description": "when fixing a bug",
          "name": "bug"
        },
        {
          "emoji": "🔥",
          "code": ":fire:",
          "description": "when removing code or files",
          "name": "delete"
        },
        {
          "emoji": "💚",
          "code": ":green_heart:",
          "description": "when fixing the CI build",
          "name": "ci"
        },
        {
          "emoji": "✅",
          "code": ":white_check_mark:",
          "description": "when adding tests",
          "name": "test"
        },
        {
          "emoji": "🔒",
          "code": ":lock:",
          "description": "when dealing with security",
          "name": "security"
        },
        {
          "emoji": "⬆️",
          "code": ":arrow_up:",
          "description": "when upgrading dependencies",
          "name": "upgrade"
        },
        {
          "emoji": "⬇️️",
          "code": ":arrow_down:",
          "description": "when downgrading dependencies",
          "name": "downgrade"
        },
        {
          "emoji": "👕️",
          "code": ":shirt:",
          "description": "when removing linter warnings",
          "name": "lint"
        }
      ]
    }
  },
  "commitlint": {
    "parserPreset": "conventional-changelog-atom"
  },
  "husky": {
    "hooks": {
      "commit-msg": "commitlint -E HUSKY_GIT_PARAMS"
    }
  }
}