{
  "name": "notyournass",
  "version": "1.0.0",
  "description": "",
  "main": "handler.js",
  "scripts": {
    "test": "echo \"Error: no test specified\" && exit 1"
  },
  "repository": {
    "type": "git",
    "url": "git+https://github.com/shalvah/NotYourNass.git"
  },
  "engines": {
    "node": "8.10.0"
  },
  "author": "",
  "license": "ISC",
  "bugs": {
    "url": "https://github.com/shalvah/NotYourNass/issues"
  },
  "homepage": "https://github.com/shalvah/NotYourNass#readme",
  "dependencies": {
    "aws-sdk": "^2.244.1",
    "bluebird": "^3.5.1",
    "handlebars": "^4.0.12",
    "redis": "^2.8.0",
    "twit": "^2.2.9"
  },
  "devDependencies": {
    "serverless-dotenv-plugin": "^2.0.1"
  }
}