{
  "name": "DYTT",
  "version": "2.2.0",
  "private": true,
  "scripts": {
    "start": "node node_modules/react-native/local-cli/cli.js start",
    "test": "jest"
  },
  "dependencies": {
    "buffer": "^5.2.1",
    "cheerio": "0.22.0",
    "events": "^3.0.0",
    "react": "16.6.1",
    "react-native": "0.57.5",
    "react-native-code-push": "^5.5.1",
    "react-native-gesture-handler": "^1.0.9",
    "react-native-linear-gradient": "^2.5.3",
    "react-native-orientation": "^3.1.3",
    "react-native-scrollviewpager": "^1.0.3",
    "react-native-splash-screen": "^3.1.1",
    "react-native-swiper": "^1.5.14",
    "react-native-vector-icons": "^6.1.0",
    "react-native-video": "^4.0.1",
    "react-navigation": "^3.0.0",
    "stream": "^0.0.2"
  },
  "devDependencies": {
    "babel-jest": "23.6.0",
    "jest": "23.6.0",
    "metro-react-native-babel-preset": "0.49.2",
    "react-test-renderer": "16.6.1"
  },
  "jest": {
    "preset": "react-native"
  }
}