{
  "name": "earthbound-battlebackgrounds",
  "version": "0.0.1",
  "description": "Earthbound Battle Backgrounds, in your browser!",
  "devDependencies": {
    "babel-core": "^6.25.0",
    "babel-loader": "^7.1.5",
    "babel-plugin-transform-runtime": "^6.23.0",
    "babel-preset-env": "^1.5.2",
    "babel-preset-stage-0": "^6.24.1",
    "babili-webpack-plugin": "^0.1.2",
    "binary-loader": "^0.0.1",
    "express": "^4.16.3",
    "standard": "^11.0.1",
    "string.prototype.padstart": "^3.0.0",
    "webpack": "^3.0.0"
  },
  "main": "dist/index.js",
  "scripts": {
    "compile": "webpack",
    "lint": "standard *.js src/**/*.js --fix",
    "prepublishOnly": "npm run compile",
    "start": "node server",
    "watch": "NODE_ENV=development webpack -d --watch"
  },
  "engines": {
    "node": ">= 0.8.0"
  }
}