{
  "name": "NovelReader",
  "version": "1.3.1",
  "private": true,
  "scripts": {
    "start": "node node_modules/react-native/local-cli/cli.js start",
    "build": "cd ./android && ./gradlew assembleRelease && cd .. && open ./android/app/build/outputs/apk",
    "icon": "mobile-icon-resizer -i ./icon/icon.png --iosprefix=\"Icon\" --iosof=./ios/NovelReader/Images.xcassets/AppIcon.appiconset --androidof=./android/app/src/main/res --config=./icon/config.js"
  },
  "dependencies": {
    "buffer": "^5.0.0",
    "cheerio": "^0.22.0",
    "events": "^1.1.1",
    "iconv-lite": "^0.4.13",
    "immutable": "^3.8.1",
    "is-fullwidth-code-point": "^2.0.0",
    "navbar-native": "^1.5.6",
    "react": "15.3.2",
    "react-native": "^0.36.1",
    "react-native-elements": "^0.6.2",
    "react-native-fetch-blob": "^0.9.6",
    "react-native-message-bar": "^1.6.0",
    "react-native-router-flux": "^3.36.0",
    "react-native-spinkit": "^0.1.3",
    "react-native-swipe-list-view": "^0.3.1",
    "react-native-vector-icons": "^2.1.0",
    "react-redux": "^4.4.5",
    "realm": "^0.14.3",
    "redux": "^3.6.0",
    "redux-actions": "^0.12.0",
    "redux-immutablejs": "0.0.8",
    "redux-thunk": "^2.1.0",
    "remote-redux-devtools": "^0.5.2",
    "stream": "0.0.2",
    "strip-ansi": "^3.0.1",
    "url-parse": "^1.1.7"
  },
  "devDependencies": {
    "mobile-icon-resizer": "^1.0.0",
    "remote-redux-devtools": "^0.5.0"
  }
}