{
  "name": "es6",
  "version": "1.0.0",
  "description": "",
  "main": "webpack.config.js",
  "scripts": {
    "test": "echo \"Error: no test specified\" && exit 1"
  },
  "author": "guwenjing",
  "license": "ISC",
  "dependencies": {
    "babel-core": "^6.9.1",
    "babel-loader": "^6.2.4",
    "babel-polyfill": "^6.0.16",
    "babel-preset-es2015": "^6.9.0",
    "babel-preset-react": "^6.5.0",
    "install": "^0.8.1",
    "react": "^15.1.0",
    "react-dom": "^15.1.0",
    "webpack": "^1.13.1"
  }
}