{
  "name": "Filenation",
  "version": "0.0.0",
  "license": "MIT",
  "scripts": {
    "postinstall": "node patch.js",
    "ng": "ng",
    "start": "ng serve",
    "build": "ng build",
    "prod": "ng build --prod",
    "prod:hashless": "ng build --prod --output-hashing none",
    "test": "ng test",
    "lint": "ng lint",
    "e2e": "ng e2e",
    "pree2e": "webdriver-manager update --standalone false --gecko false --quiet",
    "compodoc:g": "compodoc -p src/tsconfig.app.json",
    "compodoc:s": "compodoc -p src/tsconfig.app.json --serve",
    "compodoc:w": "compodoc -p src/tsconfig.app.json --serve --watch"
  },
  "private": true,
  "dependencies": {
    "@angular/animations": "6.1.1",
    "@angular/cdk": "6.4.3",
    "@angular/common": "6.1.1",
    "@angular/compiler": "6.1.1",
    "@angular/core": "6.1.1",
    "@angular/forms": "6.1.1",
    "@angular/http": "6.1.1",
    "@angular/material": "6.4.3",
    "@angular/platform-browser": "6.1.1",
    "@angular/platform-browser-dynamic": "6.1.1",
    "@angular/platform-server": "6.1.1",
    "@angular/router": "6.1.1",
    "angular-filepond": "1.0.5",
    "buffer": "5.2.1",
    "core-js": "2.5.7",
    "filepond-plugin-file-validate-type": "1.2.0",
    "gsap": "2.0.1",
    "ipfs": "0.34.0",
    "ngx-filepond": "4.0.0",
    "readable-stream": "3.0.6",
    "rxjs": "6.2.2",
    "rxjs-compat": "6.2.2",
    "stream": "0.0.2",
    "stream-buffers": "3.0.2",
    "zone.js": "0.8.26"
  },
  "devDependencies": {
    "@angular-devkit/build-angular": "0.7.4",
    "@angular/cli": "6.1.4",
    "@angular/compiler-cli": "6.1.1",
    "@angular/language-service": "6.1.1",
    "@compodoc/compodoc": "1.1.3",
    "@types/jasmine": "2.8.8",
    "@types/node": "10.7.1",
    "codelyzer": "4.4.2",
    "jasmine-core": "3.2.1",
    "jasmine-spec-reporter": "4.2.1",
    "karma": "3.0.0",
    "karma-chrome-launcher": "2.2.0",
    "karma-cli": "1.0.1",
    "karma-coverage-istanbul-reporter": "2.0.1",
    "karma-jasmine": "1.1.2",
    "karma-jasmine-html-reporter": "1.2.0",
    "protractor": "5.4.0",
    "rxjs-tslint": "0.1.5",
    "ts-node": "7.0.1",
    "tslint": "5.11.0",
    "typescript": "2.9.2",
    "webpack": "4.16.5"
  }
}