{
  "name": "firefoxcolor",
  "description": "Theming experiment for Firefox Quantum and beyond.",
  "version": "2.1.3",
  "author": "Les Orchard <me@lmorchard.com>",
  "contributors": [
    "John Gruen <john.gruen@gmail.com>"
  ],
  "private": true,
  "title": "Firefox Color",
  "homepage": "https://color.firefox.com",
  "main": "src/web/index.js",
  "config": {
    "development": {
      "GA_TRACKING_ID": "UA-114768519-1"
    },
    "production": {
      "GA_TRACKING_ID": "UA-77033033-10"
    }
  },
  "scripts": {
    "start": "cross-env NODE_ENV=development SITE_ID=local SITE_HOST=localhost npm run start:common",
    "start:mini": "cross-env NODE_ENV=development SITE_ID=local SITE_HOST=localhost npm-run-all --parallel server watch:extension",
    "start:common": "npm-run-all --parallel server watch:extension watch:lint watch:test",
    "start:ec2": "cross-env HOST=$(curl -s http://169.254.169.254/latest/meta-data/public-hostname) NODE_ENV=development SITE_ID=remote npm run start:common",
    "server": "webpack-dev-server --config webpack.web.js",
    "watch": "npm-run-all --parallel watch:*",
    "watch:web": "webpack --watch --progress --colors --config webpack.web.js",
    "watch:extension": "webpack --watch --progress --colors --config webpack.extension.js",
    "watch:lint": "npm-run-all --parallel watch:lint:*",
    "watch:lint:js": "onchange -v \"src/**/*.js\" -- npm run lint:js",
    "watch:lint:css": "onchange -v \"src/**/*.scss\" -- npm run lint:css",
    "watch:test": "onchange -v \"src/**/*.js\" -- npm run test",
    "watch:validate": "npm-run-all --parallel watch:validate:*",
    "watch:validate:extension": "onchange -v \"build/extension/**/*\" -- npm run validate:extension",
    "watch:validate:themes": "onchange -v \"src/preset-themes/*.json\" -- npm run validate:themes",
    "build": "npm-run-all --parallel build:*",
    "build:web": "cross-env NODE_ENV=production webpack -p --config webpack.web.js",
    "build:extension": "cross-env NODE_ENV=production webpack -p --config webpack.extension.js",
    "build:extension:amo": "cross-env SITE_URL='https://color.firefox.com/' SITE_ID=production npm run build:extension",
    "clean": "npm-run-all clean:*",
    "clean:web": "rimraf build/web",
    "clean:extension": "rimraf addon.xpi build/extension web-ext-artifacts",
    "package": "npm-run-all clean:extension build:extension && web-ext build --overwrite-dest --source-dir=build/extension && mv web-ext-artifacts/*.zip ./addon.xpi",
    "package:amo": "cross-env SITE_URL='https://color.firefox.com/' SITE_ID='' npm run package",
    "sign": "npm-run-all clean:extension build:extension && web-ext sign --source-dir=build/extension && mv web-ext-artifacts/*.xpi ./addon.xpi",
    "run": "npm run build:extension && web-ext run --source-dir=build/extension",
    "lint": "npm-run-all lint:*",
    "lint:css": "stylelint 'src/**/*.scss'",
    "lint:js": "eslint --color .",
    "lint:js:fix": "eslint --fix --color .",
    "format": "prettier --write \"src/**/*.js\"",
    "validate": "npm-run-all validate:*",
    "validate:extension": "addons-linter build/extension --self-hosted",
    "validate:themes": "node ./bin/validate-themes.js",
    "test": "npm-run-all --parallel test:*",
    "test:js": "mocha --require src/lib/test-setup.js --recursive \"src/**/*-test.js\"",
    "deploy": "gh-pages -x -d build/web -r \"https://$GH_TOKEN@github.com/mozilla/FirefoxColor.git\"",
    "release:base": "npm-run-all clean build:web sign && mv addon.xpi build/web && npm run deploy",
    "release:dev": "cross-env ADDON_URL='https://mozilla.github.io/FirefoxColor/addon.xpi' SITE_URL='https://mozilla.github.io/FirefoxColor/' SITE_ID=github npm run release:base"
  },
  "engines": {
    "node": ">=8.9.4"
  },
  "license": "MPL-2.0",
  "repository": "mozilla/FirefoxColor",
  "greenkeeper": {
    "ignore": [
      "webpack",
      "webpack-dev-server"
    ]
  },
  "devDependencies": {
    "@babel/core": "7.3.4",
    "@babel/plugin-proposal-class-properties": "7.3.4",
    "@babel/plugin-proposal-object-rest-spread": "7.3.4",
    "@babel/plugin-syntax-dynamic-import": "7.2.0",
    "@babel/preset-env": "7.3.4",
    "@babel/preset-react": "7.0.0",
    "@babel/register": "7.0.0",
    "addons-linter": "1.6.2",
    "ajv": "6.9.2",
    "babel-eslint": "10.0.1",
    "babel-loader": "8.0.5",
    "chai": "4.1.2",
    "copy-webpack-plugin": "5.0.0",
    "cross-env": "5.2.0",
    "css-loader": "2.0.2",
    "enzyme": "3.9.0",
    "enzyme-adapter-react-16": "1.10.0",
    "eslint": "5.14.1",
    "eslint-plugin-babel": "5.3.0",
    "eslint-plugin-import": "2.15.0",
    "eslint-plugin-mozilla": "1.1.1",
    "eslint-plugin-no-unsanitized": "3.0.2",
    "eslint-plugin-react": "7.12.3",
    "file-loader": "3.0.1",
    "generate-asset-webpack-plugin": "0.3.0",
    "gh-pages": "2.0.1",
    "html-webpack-plugin": "3.2.0",
    "image-webpack-loader": "4.6.0",
    "mini-css-extract-plugin": "0.5.0",
    "mocha": "6.0.2",
    "mocha-webpack": "1.1.0",
    "mock-require": "3.0.3",
    "node-sass": "4.11.0",
    "nodemon": "1.18.10",
    "npm-run-all": "4.1.4",
    "onchange": "5.2.0",
    "prettier": "1.16.4",
    "react-hot-loader": "4.7.1",
    "react-svg": "7.2.4",
    "require-context": "1.1.0",
    "rimraf": "2.6.3",
    "sass-loader": "7.1.0",
    "sinon": "7.2.5",
    "style-loader": "0.23.1",
    "stylelint": "9.10.1",
    "stylelint-config-standard": "18.2.0",
    "svg-url-loader": "2.3.2",
    "url-loader": "1.1.2",
    "web-ext": "2.9.3",
    "webpack": "4.18.0",
    "webpack-bundle-analyzer": "3.0.4",
    "webpack-cli": "3.2.2",
    "webpack-dev-server": "3.1.14",
    "webpack-merge": "4.2.1",
    "write-file-webpack-plugin": "4.5.0"
  },
  "dependencies": {
    "classnames": "2.2.6",
    "clipboard": "2.0.4",
    "email-addresses": "3.0.3",
    "fira": "github:mozilla/fira#4.202",
    "json-url": "2.3.4",
    "jszip": "3.2.0",
    "ps-tree": "1.2.0",
    "query-string": "6.2.0",
    "react": "16.8.2",
    "react-color": "2.17.0",
    "react-dom": "16.8.2",
    "react-onclickoutside": "6.7.1",
    "react-redux": "6.0.0",
    "react-sortable-hoc": "1.6.1",
    "redux": "3.7.2",
    "redux-actions": "2.6.4",
    "redux-devtools-extension": "2.13.8",
    "redux-promise": "0.6.0",
    "redux-undo": "1.0.0-beta9-9-7",
    "strict-uri-encode": "2.0.0",
    "testpilot-ga": "0.3.0",
    "tinycolor2": "1.4.1"
  },
  "extensionManifest": {
    "name": "Firefox Color",
    "permissions": [
      "theme",
      "storage",
      "tabs"
    ],
    "browser_action": {
      "browser_style": true,
      "default_title": "Firefox Color",
      "default_icon": {
        "32": "images/icon.svg"
      }
    },
    "background": {
      "scripts": [
        "background.js"
      ]
    },
    "content_scripts": [
      {
        "js": [
          "contentScript.js"
        ],
        "matches": [
          "*://localhost/*"
        ],
        "run_at": "document_start"
      }
    ],
    "icons": {
      "32": "images/logo.svg",
      "48": "images/logo.svg",
      "96": "images/logo.svg",
      "128": "images/logo.svg"
    },
    "applications": {
      "gecko": {
        "id": "FirefoxColor@mozilla.com",
        "strict_min_version": "57.0a1"
      }
    }
  }
}