{
  "main": "app://host/frames/movies.html",
  "name": "Flixtor",
  "description": "Movie and serie streamer",
  "version": "1.0.0",
  "window": {
    "title": "Flixtor",
    "icon": "images/flixtor-ico.png",
    "toolbar": true,
    "frame": false,
    "width": 1280,
    "height": 770,
    "position": "center",
    "min_width": 640,
    "min_height": 600
  },
  "webkit": {
    "plugin": true
  },
  "dependencies": {
    "express": "~3.5.1",
    "network-address": "~0.0.4",
    "nodealytics": "~0.0.5",
    "numeral": "~1.5.3",
    "opensubtitles-client": "~1.1.0",
    "peerflix": "~0.8.6",
    "request": "~2.34.0",
    "subsync": "~0.0.1",
    "wcf.js": "~0.0.6"
  },
  "devDependencies": {},
  "scripts": {
    "test": "echo \"Error: no test specified\" && exit 1"
  },
  "author": "",
  "license": "ISC"
}