{
  "name": "frontendwizard",
  "version": "0.1.0",
  "private": true,
  "homepage": "http://frontendwiz.co.uk",
  "dependencies": {
    "@babel/core": "7.1.0",
    "@fortawesome/fontawesome-svg-core": "^1.2.6",
    "@fortawesome/free-solid-svg-icons": "^5.4.1",
    "@fortawesome/react-fontawesome": "^0.1.3",
    "@svgr/webpack": "2.4.1",
    "asciidoc-link-check": "^1.0.10",
    "babel-core": "7.0.0-bridge.0",
    "babel-eslint": "9.0.0",
    "babel-jest": "23.6.0",
    "babel-loader": "8.0.4",
    "babel-plugin-named-asset-import": "^0.2.2",
    "babel-preset-react-app": "^5.0.3",
    "bfj": "6.1.1",
    "bootstrap": "^4.1.3",
    "case-sensitive-paths-webpack-plugin": "2.1.2",
    "chalk": "2.4.1",
    "css-loader": "1.0.0",
    "dotenv": "6.0.0",
    "dotenv-expand": "4.2.0",
    "eslint": "5.6.0",
    "eslint-config-react-app": "^3.0.3",
    "eslint-loader": "2.1.1",
    "eslint-plugin-flowtype": "2.50.1",
    "eslint-plugin-import": "2.14.0",
    "eslint-plugin-jsx-a11y": "6.1.1",
    "eslint-plugin-react": "7.11.1",
    "file-loader": "2.0.0",
    "fs-extra": "7.0.0",
    "html-webpack-plugin": "4.0.0-alpha.2",
    "identity-obj-proxy": "3.0.0",
    "jest": "23.6.0",
    "jest-pnp-resolver": "1.0.1",
    "jest-resolve": "23.6.0",
    "mini-css-extract-plugin": "0.4.3",
    "moment": "^2.22.2",
    "node-sass": "^4.9.3",
    "optimize-css-assets-webpack-plugin": "5.0.1",
    "pnp-webpack-plugin": "1.1.0",
    "postcss-flexbugs-fixes": "4.1.0",
    "postcss-loader": "3.0.0",
    "postcss-preset-env": "6.0.6",
    "postcss-safe-parser": "4.0.1",
    "react": "^16.5.2",
    "react-app-polyfill": "^0.1.3",
    "react-dev-utils": "^6.0.4",
    "react-dom": "^16.5.2",
    "react-redux": "^5.1.0",
    "redux": "^4.0.1",
    "redux-promise": "^0.6.0",
    "redux-thunk": "^2.3.0",
    "resolve": "1.8.1",
    "sass-loader": "7.1.0",
    "style-loader": "0.23.0",
    "terser-webpack-plugin": "1.1.0",
    "url-loader": "1.1.1",
    "webpack": "4.19.1",
    "webpack-dev-server": "3.1.9",
    "webpack-manifest-plugin": "2.0.4",
    "workbox-webpack-plugin": "3.6.2"
  },
  "scripts": {
    "start": "node scripts/start.js",
    "build": "node scripts/build.js",
    "test": "node scripts/test.js",
    "predeploy": "npm run build",
    "deploy": "gh-pages -d build",
    "links": "asciidoc-link-check ./src/public/data.json --progress"
  },
  "eslintConfig": {
    "extends": "react-app"
  },
  "browserslist": [
    ">0.2%",
    "not dead",
    "not ie <= 11",
    "not op_mini all"
  ],
  "devDependencies": {
    "gh-pages": "^2.0.1"
  },
  "jest": {
    "collectCoverageFrom": [
      "src/**/*.{js,jsx}"
    ],
    "resolver": "jest-pnp-resolver",
    "setupFiles": [
      "react-app-polyfill/jsdom"
    ],
    "testMatch": [
      "<rootDir>/src/**/__tests__/**/*.{js,jsx}",
      "<rootDir>/src/**/?(*.)(spec|test).{js,jsx}"
    ],
    "testEnvironment": "jsdom",
    "testURL": "http://localhost",
    "transform": {
      "^.+\\.(js|jsx)$": "<rootDir>/node_modules/babel-jest",
      "^.+\\.css$": "<rootDir>/config/jest/cssTransform.js",
      "^(?!.*\\.(js|jsx|css|json)$)": "<rootDir>/config/jest/fileTransform.js"
    },
    "transformIgnorePatterns": [
      "[/\\\\]node_modules[/\\\\].+\\.(js|jsx)$",
      "^.+\\.module\\.(css|sass|scss)$"
    ],
    "moduleNameMapper": {
      "^react-native$": "react-native-web",
      "^.+\\.module\\.(css|sass|scss)$": "identity-obj-proxy"
    },
    "moduleFileExtensions": [
      "web.js",
      "js",
      "json",
      "web.jsx",
      "jsx",
      "node"
    ]
  },
  "babel": {
    "presets": [
      "react-app"
    ]
  }
}