{
  "name": "GaGaMall",
  "version": "0.0.1",
  "private": true,
  "scripts": {
    "start": "node node_modules/react-native/local-cli/cli.js start"
  },
  "dependencies": {
    "fetch-http-client": "0.0.3",
    "leancloud-storage": "^1.3.2",
    "react": "^15.3.0",
    "react-native": "^0.33.0",
    "react-native-encryption-library": "^1.0.9",
    "react-native-parallax-scroll-view": "^0.19.0",
    "react-native-root-toast": "^1.0.3",
    "react-native-scrollable-tab-view": "^0.5.3",
    "react-native-storage": "^0.1.2",
    "react-native-tab-navigator": "^0.3.2",
    "react-native-vector-icons": "^2.0.3",
    "react-native-wechat": "^1.5.3",
    "react-redux": "^4.4.5",
    "redux": "^3.5.2",
    "redux-thunk": "^2.1.0",
    "rn-viewpager": "^1.1.3"
  }
}