{
  "name": "GD",
  "version": "0.0.1",
  "private": true,
  "scripts": {
    "start": "node node_modules/react-native/local-cli/cli.js start",
    "test": "jest"
  },
  "dependencies": {
    "react": "15.4.2",
    "react-native": "0.42.0",
    "react-native-pull": "^2.0.2",
    "react-native-tab-navigator": "^0.3.3",
    "realm": "^1.2.0"
  },
  "devDependencies": {
    "babel-jest": "19.0.0",
    "babel-preset-react-native": "1.9.1",
    "jest": "19.0.2",
    "react-test-renderer": "15.4.2"
  },
  "jest": {
    "preset": "react-native"
  }
}