{
  "name": "ghost-admin",
  "version": "2.16.2",
  "description": "Ember.js admin client for Ghost",
  "author": "Ghost Foundation",
  "homepage": "http://ghost.org",
  "repository": {
    "type": "git",
    "url": "git://github.com/TryGhost/Ghost-Admin.git"
  },
  "bugs": "https://github.com/TryGhost/Ghost/issues",
  "contributors": "https://github.com/TryGhost/Ghost-Admin/graphs/contributors",
  "license": "MIT",
  "private": true,
  "directories": {
    "test": "tests"
  },
  "scripts": {
    "start": "ember serve",
    "build": "ember build",
    "test": "ember test",
    "lint:js": "eslint .",
    "coverage": "cat ./coverage/lcov.info | coveralls"
  },
  "engines": {
    "node": ">= 6"
  },
  "devDependencies": {
    "@ember/jquery": "0.5.2",
    "@ember/optional-features": "0.7.0",
    "@html-next/vertical-collection": "1.0.0-beta.12",
    "@tryghost/mobiledoc-kit": "0.11.1-ghost.6",
    "@tryghost/timezone-data": "0.1.1",
    "autoprefixer": "9.4.8",
    "blueimp-md5": "2.10.0",
    "broccoli-asset-rev": "3.0.0",
    "broccoli-concat": "3.7.3",
    "broccoli-funnel": "2.0.1",
    "broccoli-merge-trees": "3.0.2",
    "broccoli-uglify-sourcemap": "2.2.0",
    "chai-dom": "1.8.1",
    "codemirror": "5.42.2",
    "coveralls": "3.0.2",
    "csscomb": "4.2.0",
    "cssnano": "4.1.10",
    "current-device": "0.7.8",
    "element-resize-detector": "^1.1.14",
    "ember-ajax": "4.0.2",
    "ember-assign-helper": "0.2.0",
    "ember-auto-import": "1.2.19",
    "ember-cli": "3.4.1",
    "ember-cli-app-version": "3.2.0",
    "ember-cli-babel": "6.18.0",
    "ember-cli-chai": "0.5.0",
    "ember-cli-cjs-transform": "1.3.0",
    "ember-cli-code-coverage": "0.4.2",
    "ember-cli-dependency-checker": "3.1.0",
    "ember-cli-es6-transform": "0.0.5",
    "ember-cli-eslint": "4.2.3",
    "ember-cli-htmlbars": "3.0.1",
    "ember-cli-htmlbars-inline-precompile": "2.1.0",
    "ember-cli-inject-live-reload": "2.0.1",
    "ember-cli-mirage": "0.4.12",
    "ember-cli-moment-shim": "3.7.1",
    "ember-cli-node-assets": "0.2.2",
    "ember-cli-postcss": "4.2.0",
    "ember-cli-pretender": "3.0.0",
    "ember-cli-shims": "1.2.0",
    "ember-cli-string-helpers": "2.0.0",
    "ember-cli-test-loader": "2.2.0",
    "ember-cli-uglify": "2.1.0",
    "ember-composable-helpers": "2.1.0",
    "ember-concurrency": "0.8.26",
    "ember-data": "3.4.0",
    "ember-drag-drop": "0.4.8",
    "ember-export-application-global": "2.0.0",
    "ember-fetch": "6.4.0",
    "ember-in-viewport": "~3.0.3",
    "ember-infinity": "1.2.6",
    "ember-light-table": "1.13.2",
    "ember-load": "0.0.16",
    "ember-load-initializers": "2.0.0",
    "ember-mocha": "0.14.0",
    "ember-moment": "7.8.0",
    "ember-one-way-select": "4.0.0",
    "ember-power-calendar-moment": "0.1.3",
    "ember-power-datepicker": "https://github.com/cibernox/ember-power-datepicker/tarball/cd4dffa8852236a3312f6dc7040719c0e9196bc0",
    "ember-power-select": "2.2.1",
    "ember-resolver": "5.0.1",
    "ember-responsive": "2.0.5",
    "ember-route-action-helper": "2.0.6",
    "ember-simple-auth": "1.8.0",
    "ember-sinon": "3.1.0",
    "ember-source": "3.5.1",
    "ember-sticky-element": "0.2.3",
    "ember-svg-jar": "1.2.2",
    "ember-test-selectors": "2.0.0",
    "ember-truth-helpers": "2.1.0",
    "ember-useragent": "0.8.0",
    "emberx-file-input": "1.2.1",
    "eslint": "4.19.1",
    "eslint-plugin-ghost": "0.1.0",
    "fs-extra": "4.0.3",
    "glob": "7.1.3",
    "google-caja-bower": "https://github.com/acburdine/google-caja-bower#ghost",
    "grunt": "1.0.3",
    "grunt-shell": "3.0.1",
    "keymaster": "https://github.com/madrobby/keymaster.git",
    "liquid-fire": "0.29.5",
    "liquid-tether": "2.0.7",
    "liquid-wormhole": "2.1.5",
    "loader.js": "4.7.0",
    "markdown-it": "8.4.2",
    "markdown-it-footnote": "3.0.1",
    "markdown-it-lazy-headers": "0.1.3",
    "markdown-it-mark": "2.0.0",
    "matchdep": "2.0.0",
    "normalize.css": "3.0.3",
    "password-generator": "2.2.0",
    "postcss-color-mod-function": "3.0.3",
    "postcss-custom-media": "7.0.7",
    "postcss-custom-properties": "8.0.9",
    "postcss-easy-import": "3.0.0",
    "reframe.js": "2.2.5",
    "simplemde": "https://github.com/kevinansfield/simplemde-markdown-editor.git#ghost",
    "testem": "2.14.0",
    "top-gh-contribs": "2.0.4",
    "validator": "7.2.0",
    "walk-sync": "1.0.1"
  },
  "ember-addon": {
    "paths": [
      "lib/asset-delivery",
      "lib/koenig-editor"
    ]
  }
}