{
  "name": "IssueReader",
  "version": "0.0.1",
  "private": true,
  "devDependencies": {
    "react-native-scripts": "0.0.40",
    "jest-expo": "~18.0.0",
    "react-test-renderer": "16.0.0-alpha.12"
  },
  "main": "./node_modules/react-native-scripts/build/bin/crna-entry.js",
  "scripts": {
    "start": "react-native-scripts start",
    "eject": "react-native-scripts eject",
    "android": "react-native-scripts android",
    "ios": "react-native-scripts ios",
    "test": "node node_modules/jest/bin/jest.js --watch"
  },
  "jest": {
    "preset": "jest-expo"
  },
  "dependencies": {
    "expo": "^18.0.3",
    "apollo-client": "^1.4.2",
    "base-64": "^0.1.0",
    "graphql-tag": "^2.3.0",
    "lodash": "^4.17.4",
    "react": "16.0.0-alpha.12",
    "react-apollo": "^1.4.2",
    "react-native": "0.45.1",
    "react-native-infinite-scroll-view": "^0.4.3",
    "react-native-prompt": "^1.0.0",
    "react-navigation": "^1.0.0-beta.11",
    "redux": "^3.6.0"
  }
}