{
  "name": "Gitter",
  "version": "1.0.0",
  "private": true,
  "description": "Gitter",
  "scripts": {
    "build:weapp": "taro build --type weapp",
    "build:swan": "taro build --type swan",
    "build:alipay": "taro build --type alipay",
    "build:tt": "taro build --type tt",
    "build:h5": "taro build --type h5",
    "build:rn": "taro build --type rn",
    "dev:weapp": "npm run build:weapp -- --watch",
    "dev:swan": "npm run build:swan -- --watch",
    "dev:alipay": "npm run build:alipay -- --watch",
    "dev:tt": "npm run build:tt -- --watch",
    "dev:h5": "npm run build:h5 -- --watch",
    "dev:rn": "npm run build:rn -- --watch"
  },
  "author": "",
  "license": "MIT",
  "dependencies": {
    "@tarojs/async-await": "1.2.13",
    "@tarojs/components": "1.2.13",
    "@tarojs/redux": "1.2.13",
    "@tarojs/redux-h5": "1.2.13",
    "@tarojs/router": "1.2.13",
    "@tarojs/taro": "1.2.13",
    "@tarojs/taro-alipay": "1.2.13",
    "@tarojs/taro-h5": "1.2.13",
    "@tarojs/taro-swan": "1.2.13",
    "@tarojs/taro-tt": "1.2.13",
    "@tarojs/taro-weapp": "1.2.13",
    "nerv-devtools": "^1.3.9",
    "nervjs": "^1.3.9",
    "redux": "^4.0.0",
    "redux-logger": "^3.0.6",
    "redux-thunk": "^2.3.0",
    "taro-ui": "^1.5.4"
  },
  "devDependencies": {
    "@tarojs/plugin-babel": "1.2.13",
    "@tarojs/plugin-csso": "1.2.13",
    "@tarojs/plugin-less": "1.2.13",
    "@tarojs/plugin-sass": "1.2.13",
    "@tarojs/plugin-uglifyjs": "1.2.13",
    "@tarojs/webpack-runner": "1.2.13",
    "@types/react": "^16.4.8",
    "@types/webpack-env": "^1.13.6",
    "babel-eslint": "^8.2.3",
    "babel-plugin-transform-class-properties": "^6.24.1",
    "babel-plugin-transform-decorators-legacy": "^1.3.4",
    "babel-plugin-transform-jsx-stylesheet": "^0.6.5",
    "babel-plugin-transform-object-rest-spread": "^6.26.0",
    "babel-preset-env": "^1.6.1",
    "eslint": "^4.19.1",
    "eslint-config-taro": "1.2.13",
    "eslint-plugin-import": "^2.12.0",
    "eslint-plugin-react": "^7.8.2",
    "eslint-plugin-taro": "1.2.13"
  }
}