{
  "name": "graphql",
  "version": "1.0.0",
  "description": "",
  "main": "start.js",
  "scripts": {
    "test": "echo \"Error: no test specified\" && exit 1"
  },
  "author": "",
  "license": "ISC",
  "dependencies": {
    "koa": "^2.4.1",
    "koa-bodyparser": "^4.2.0",
    "koa-router": "^7.3.0",
    "koa-static": "^4.0.2",
    "mongoose": "^4.13.7"
  },
  "devDependencies": {
    "babel-core": "^6.26.0",
    "babel-plugin-transform-decorators-legacy": "^1.3.4",
    "babel-polyfill": "^6.26.0",
    "babel-preset-latest-node": "^0.4.0",
    "babel-preset-stage-3": "^6.24.1",
    "graphql": "^0.12.3",
    "graphql-server-koa": "^1.3.2"
  }
}