{
  "name": "gugujiankong",
  "version": "0.2.0",
  "description": "咕咕监控，专注于网站、服务器监控。",
  "dependencies": {
    "gulp": "^3.5.6",
    "gulp-sass": "^1.3.3",
    "gulp-concat": "^2.2.0",
    "gulp-minify-css": "^0.3.0",
    "gulp-rename": "^1.2.0"
  },
  "private": true,
  "devDependencies": {
    "bower": "^1.3.3",
    "gulp-util": "^2.2.14",
    "shelljs": "^0.3.0"
  },
  "cordovaPlugins": [
    "cordova-plugin-device",
    "cordova-plugin-console",
    "cordova-plugin-whitelist",
    "cordova-plugin-splashscreen",
    "com.ionic.keyboard"
  ],
  "cordovaPlatforms": [
    "ios",
    "android"
  ]
}