{
  "name": "HAAR.js",
  "version": "0.4.6",
  "description": "HAAR.js Feature Detection Library for JavaScript and Node based on Viola-Jones algorithm",
  "main": "build/haar-detector.min.js",
  "directories": {
    "example": "examples"
  },
  "dependencies": {
    "canvas": "~0.13.1"
  },
  "devDependencies": {},
  "scripts": {
    "test": "echo \"Error: no test specified\" && exit 1"
  },
  "repository": {
    "type": "git",
    "url": "https://github.com/foo123/HAAR.js.git"
  },
  "author": "",
  "license": "Unlicense",
  "readmeFilename": "Readme.md"
}