{
  "name": "HNClient",
  "productName": "HackerNews",
  "private": true,
  "version": "1.0.4",
  "description": "Just another client for HN",
  "main": "main.js",
  "scripts": {
    "lint": "standard",
    "hot-server": "node -r babel-register server.js",
    "build-main": "cross-env NODE_ENV=production node -r babel-register ./node_modules/.bin/webpack --config webpack.config.electron.js --progress --profile --colors",
    "build-renderer": "cross-env NODE_ENV=production node -r babel-register ./node_modules/.bin/webpack --config webpack.config.production.js --progress --profile --colors",
    "build": "npm run build-main && npm run build-renderer",
    "start": "cross-env NODE_ENV=production electron ./",
    "start-hot": "cross-env HOT=1 NODE_ENV=development electron -r babel-register ./main.development",
    "package": "cross-env NODE_ENV=production node -r babel-register package.js",
    "package-all": "npm run package -- --all",
    "postinstall": "node node_modules/fbjs-scripts/node/check-dev-engines.js package.json",
    "dev": "concurrently --kill-others \"npm run hot-server\" \"npm run start-hot\""
  },
  "bin": {
    "electron": "./node_modules/.bin/electron"
  },
  "devDependencies": {
    "asar": "^0.10.0",
    "babel-core": "^6.7.4",
    "babel-eslint": "^6.0.0",
    "babel-loader": "^6.2.4",
    "babel-plugin-add-module-exports": "^0.1.2",
    "babel-plugin-webpack-loaders": "^0.4.0",
    "babel-polyfill": "^6.7.4",
    "babel-preset-es2015": "^6.6.0",
    "babel-preset-react": "^6.5.0",
    "babel-preset-react-hmre": "^1.1.1",
    "babel-preset-stage-0": "^6.5.0",
    "babel-register": "^6.7.2",
    "chromedriver": "^2.21.2",
    "concurrently": "^2.0.0",
    "cross-env": "^1.0.7",
    "css-loader": "^0.23.1",
    "del": "^2.2.0",
    "electron-packager": "^6.0.0",
    "electron-prebuilt": "^1.2.5",
    "electron-rebuild": "^1.1.3",
    "express": "^4.13.4",
    "extract-text-webpack-plugin": "^1.0.1",
    "fbjs-scripts": "^0.5.0",
    "jsdom": "^8.2.0",
    "json-loader": "^0.5.4",
    "minimist": "^1.2.0",
    "node-libs-browser": "^1.0.0",
    "react-addons-test-utils": "^0.14.7",
    "redux-devtools": "^3.1.1",
    "redux-devtools-dock-monitor": "^1.1.0",
    "redux-devtools-log-monitor": "^1.0.5",
    "redux-logger": "^2.6.1",
    "selenium-webdriver": "^2.53.1",
    "sinon": "^1.17.3",
    "style-loader": "^0.13.1",
    "stylus": "^0.54.2",
    "stylus-loader": "^2.0.0",
    "webpack": "^1.12.14",
    "webpack-dev-middleware": "^1.6.1",
    "webpack-hot-middleware": "^2.10.0",
    "webpack-target-electron-renderer": "^0.4.0"
  },
  "dependencies": {
    "axios": "^0.9.1",
    "css-modules-require-hook": "^4.0.0",
    "electron-debug": "^0.5.2",
    "electron-packager": "^6.0.2",
    "font-awesome": "^4.5.0",
    "keymaster": "^1.6.2",
    "object-filter": "^1.0.2",
    "postcss": "^5.0.19",
    "react": "^0.14.7",
    "react-dom": "^0.14.7",
    "react-redux": "^4.4.1",
    "react-router": "^2.0.1",
    "react-router-redux": "^4.0.0",
    "react-tooltip": "^1.2.0",
    "redux": "^3.3.1",
    "redux-persist": "^2.0.1",
    "redux-thunk": "^2.0.1",
    "scroll-iv": "florian/scroll-iv",
    "simple-react-modal": "^0.4.9",
    "source-map-support": "^0.4.0",
    "touch": "^1.0.0"
  },
  "devEngines": {
    "node": "4.x || 5.x",
    "npm": "2.x || 3.x"
  },
  "standard": {
    "parser": "babel-eslint"
  }
}