{
  "name": "hostsdock",
  "productName": "HostsDock",
  "version": "3.1.0",
  "description": "Store, manage and switch your hosts easily.",
  "private": true,
  "main": "main.js",
  "scripts": {
    "start": "electron .",
    "dev": "electron . --debug",
    "package": "npm-run-all package:*",
    "package:mac": "electron-packager . --overwrite --platform=darwin --arch=x64 --out=out --icon=public/image/hostsdock.png",
    "package:win": "electron-packager . --overwrite --platform=win32 --arch=ia32 --out=out --icon=public/image/hostsdock.ico",
    "package:linux": "electron-packager . --overwrite --platform=linux --arch=x64 --out=out",
    "package:installer": "node ./installer.js",
    "package:inno": "cd inno && ISCC.exe ../setup.iss",
    "package:zip": "node ./node_modules/electron-installer-zip/bin/electron-installer-zip ./out/HostsDock-darwin-x64/HostsDock.app HostsDock out/"
  },
  "repository": {
    "type": "git",
    "url": "git+https://github.com/eshengsky/HostsDock.git"
  },
  "keywords": [
    "HostsDock",
    "storage",
    "manage",
    "switch",
    "hosts"
  ],
  "author": "Sky Sun",
  "license": "MIT",
  "bugs": {
    "url": "https://github.com/eshengsky/HostsDock/issues"
  },
  "homepage": "https://github.com/eshengsky/HostsDock#readme",
  "devDependencies": {
    "electron-winstaller": "^2.6.3",
    "npm-run-all": "^4.1.1",
    "rimraf": "^2.6.2"
  },
  "dependencies": {
    "electron": "1.7.11",
    "async": "^2.0.0-rc.5",
    "i18n": "^0.8.2",
    "moment": "^2.13.0",
    "node-notifier": "^4.6.0",
    "ping": "^0.2.2",
    "request": "^2.83.0",
    "shortid": "^2.2.6",
    "showdown": "^1.8.0"
  }
}