{
  "name": "canvasboilerplate",
  "version": "2.2.1",
  "description": "Provides a set of default code that makes getting up and running with an HTML5 canvas game very easy.",
  "homepage": "https://github.com/IceCreamYou/HTML5-Canvas-Game-Boilerplate",
  "bugs": "https://github.com/IceCreamYou/HTML5-Canvas-Game-Boilerplate/issues",
  "directories": {
    "doc": "docs",
    "example": "examples",
    "lib": "js"
  },
  "repository": {
    "type": "git",
    "url": "git://github.com/IceCreamYou/HTML5-Canvas-Game-Boilerplate.git"
  },
  "keywords": [
    "HTML5",
    "canvas",
    "game",
    "boilerplate",
    "graphics",
    "library",
    "framework",
    "h5bp"
  ],
  "author": "Isaac Sukin (http://www.isaacsukin.com/)",
  "license": {
    "type": "MIT",
    "url": "https://github.com/IceCreamYou/HTML5-Canvas-Game-Boilerplate/blob/gh-pages/LICENSE.md"
  },
  "readmeFilename": "README.md",
  "devDependencies": {
    "grunt": "~1.0.3",
    "grunt-cli": "~1.3.2",
    "grunt-contrib-concat": "~1.0.1",
    "grunt-contrib-jshint": "~2.0.0",
    "grunt-contrib-uglify": "~4.0.0",
    "grunt-jscs": "~3.0.1",
    "grunt-jsduck": "~1.0.1"
  }
}