{
  "main": "index.html",
  "name": "hyro",
  "description": "Lightweight real-time HTML5 editor",
  "version": "0.0.4",
  "keywords": [
    "hyro",
    "html",
    "html5",
    "editor",
    "live",
    "real-time",
    "minimalist",
    "lightweight"
  ],
  "window": {
    "title": "Hyro",
    "toolbar": false,
    "frame": true,
    "width": 800,
    "show": true,
    "height": 500,
    "position": "mouse",
    "min_width": 400,
    "min_height": 200
  },
  "webkit": {
    "plugin": true
  },
  "maintainers": [
    {
      "name": "Jared Wright",
      "email": "jawerty210@gmail.com",
      "web": "http://jawerty.github.io",
      "feedback": "https://github.com/jawerty/Hyro/issues"
    }
  ],
  "licenses": [
    {
      "type": "MIT",
      "url": "http://opensource.org/licenses/MIT"
    }
  ],
  "bugs": "https://github.com/jawerty/Hyro/issues",
  "repository": [
    {
      "type": "git",
      "url": "git@github.com:jawerty/Hyro.git"
    }
  ],
  "dependencies": {
    "grunt": "^0.4.5",
    "grunt-contrib-clean": "^0.5.0",
    "grunt-node-webkit-builder": "^0.1.21"
  }
}