{
  "name": "idiomatic-react",
  "version": "0.0.0",
  "description": "",
  "repository": "",
  "private": true,
  "src": "src",
  "test": "test",
  "dist": "dist",
  "mainInput": "main",
  "mainOutput": "main",
  "dependencies": {
    "axios": "0.5.4",
    "babel-runtime": "5.8.12",
    "classnames": "^2.1.3",
    "geiger": "1.0.4",
    "immutable": "3.7.4",
    "react": "0.13.3",
    "react-router": "0.13.3"
  },
  "devDependencies": {
    "babel-core": "5.8.14",
    "babel-eslint": "4.0.5",
    "babel-loader": "5.3.2",
    "css-loader": "0.15.6",
    "file-loader": "0.8.4",
    "eslint": "0.24.1",
    "eslint-loader": "0.14.2",
    "eslint-plugin-react": "^3.1.0",
    "grunt": "0.4.5",
    "grunt-contrib-clean": "0.6.0",
    "grunt-contrib-connect": "0.10.1",
    "grunt-contrib-copy": "0.8.0",
    "grunt-open": "0.2.3",
    "grunt-webpack": "1.0.11",
    "load-grunt-tasks": "3.2.0",
    "node-sass": "3.3.3",
    "react-hot-loader": "1.2.8",
    "sass-loader": "^1.0.3",
    "style-loader": "0.12.3",
    "url-loader": "0.5.6",
    "webpack": "1.10.5",
    "node-libs-browser": ">= 0.5.2",
    "webpack-dev-server": "1.10.1"
  }
}