{
  "name": "InstaClone",
  "version": "0.0.1",
  "private": true,
  "scripts": {
    "start": "node node_modules/react-native/local-cli/cli.js start",
    "test": "jest"
  },
  "dependencies": {
    "react": "16.0.0",
    "react-native": "0.50.3",
    "react-native-navigation": "^1.1.273",
    "react-native-vector-icons": "^4.3.0",
    "react-native-video": "^2.0.0"
  },
  "devDependencies": {
    "babel-jest": "20.0.3",
    "babel-preset-react-native": "2.1.0",
    "jest": "20.0.4",
    "react-test-renderer": "16.0.0-alpha.12"
  },
  "jest": {
    "preset": "react-native"
  }
}