{
  "name": "app",
  "version": "1.1.1",
  "description": "Ionic: An Ionic project",
  "devDependencies": {
    "bower": "^1.3.3",
    "del": "^2.2.0",
    "gulp": "^3.9.1",
    "gulp-autoprefixer": "^3.1.0",
    "gulp-concat": "^2.2.0",
    "gulp-gh-pages": "^0.5.4",
    "gulp-htmlmin": "^1.3.0",
    "gulp-imagemin": "^2.4.0",
    "gulp-jshint": "^2.0.1",
    "gulp-minify-css": "^0.3.0",
    "gulp-notify": "^2.2.0",
    "gulp-rename": "^1.2.0",
    "gulp-sass": "^2.0.4",
    "gulp-sourcemaps": "^1.6.0",
    "gulp-uglify": "^1.5.3",
    "gulp-util": "^2.2.14",
    "jshint": "^2.9.4",
    "merge2": "^1.0.2",
    "preen": "^1.2.0",
    "pump": "^1.0.1",
    "shelljs": "^0.3.0"
  },
  "cordovaPlugins": [
    "cordova-plugin-device",
    "cordova-plugin-console",
    "cordova-plugin-whitelist",
    "cordova-plugin-splashscreen",
    "cordova-plugin-statusbar",
    "ionic-plugin-keyboard"
  ],
  "cordovaPlatforms": [
    "android"
  ]
}