{
  "name": "isocitysim",
  "private": true,
  "devDependencies": {
    "bower": "~0.9.2",
    "browserify": "~3.38.0",
    "connect-livereload": "~0.1.3",
    "grunt": "~0.4.1",
    "grunt-browserify": "~1.3.0",
    "grunt-contrib-connect": "~0.2.0",
    "grunt-contrib-copy": "*",
    "grunt-contrib-watch": "~0.4.3",
    "grunt-gh-pages": "^0.10.0",
    "grunt-html-build": "~0.3.2",
    "grunt-open": "~0.2.0",
    "matchdep": "~0.1.2",
    "moment": "~2.0.0",
    "underscore": "*",
    "underscore.string": "*"
  },
  "engines": {
    "node": ">=0.8.0"
  }
}