{
  "name": "jamstash",
  "version": "4.6.5",
  "description": "HTML5 Audio Streamer for Subsonic, Archive.org browsing and streaming",
  "author": "Trevor Squillario (https://github.com/tsquillario)",
  "contributors": [
    "tsquillario (https://github.com/tsquillario)",
    "maletor (https://github.com/maletor)",
    "javaguirre (https://github.com/javaguirre)",
    "Concept211 (https://github.com/Concept211) ",
    "jerbob92 (https://github.com/jerbob92)",
    "kennyhwang (https://github.com/kennyhwang)",
    "ioggstream (https://github.com/ioggstream)",
    "x37v (https://github.com/x37v)",
    "Hyzual (https://github.com/Hyzual)"
  ],
  "license": "GPL-2.0",
  "homepage": "http://jamstash.com",
  "keywords": [
    "subsonic",
    "archive.org",
    "music"
  ],
  "repository": {
    "type": "git",
    "url": "https://github.com/tsquillario/Jamstash.git"
  },
  "main": "app/index.html",
  "dependencies": {},
  "devDependencies": {
    "grunt": "^0.4.5",
    "grunt-bump": "^0.3.1",
    "grunt-contrib-clean": "^0.6.0",
    "grunt-contrib-concat": "^0.5.1",
    "grunt-contrib-connect": "^0.10.1",
    "grunt-contrib-copy": "^0.8.0",
    "grunt-contrib-cssmin": "^0.12.3",
    "grunt-contrib-htmlmin": "^0.4.0",
    "grunt-contrib-imagemin": "^1.0.1",
    "grunt-contrib-uglify": "^0.9.1",
    "grunt-contrib-watch": "^0.6.1",
    "grunt-filerev": "^2.3.1",
    "grunt-karma": "^0.10.1",
    "grunt-notify": "^0.4.1",
    "grunt-ssh": "^0.12.3",
    "grunt-svg-sprite": "^1.1.2",
    "grunt-usemin": "^3.0.0",
    "grunt-wiredep": "^2.0.0",
    "jasmine-core": "^2.6.1",
    "jit-grunt": "^0.9.1",
    "karma": "^0.12.32",
    "karma-chrome-launcher": "^0.1.12",
    "karma-coverage": "^0.3.1",
    "karma-jasmine": "^0.3.5",
    "karma-ng-html2js-preprocessor": "^0.1.2",
    "karma-notify-reporter": "^0.1.1",
    "time-grunt": "^1.2.1"
  },
  "engines": {
    "node": ">=0.10.0"
  },
  "scripts": {
    "test": "grunt test"
  },
  "bugs": {
    "url": "https://github.com/tsquillario/Jamstash/issues"
  },
  "private": true
}