{
  "name": "JM",
  "version": "0.0.1",
  "private": true,
  "scripts": {
    "start": "node node_modules/react-native/local-cli/cli.js start",
    "test": "jest",
    "postinstall": "react-native link"
  },
  "dependencies": {
    "buffer": "^5.0.8",
    "prop-types": "^15.6.0",
    "react": "16.0.0",
    "react-native": "0.51.0",
    "react-native-blur-image": "^1.0.6",
    "react-native-largelist": "^1.2.4",
    "react-native-scrollable-tab-view": "^0.8.0",
    "react-native-splash-screen": "^3.0.6",
    "react-native-star-rating": "^1.0.8",
    "react-native-storage": "^0.2.2",
    "react-native-swiper": "^1.5.13",
    "react-native-video": "^2.0.0",
    "react-navigation": "^1.0.0-beta.23",
    "redux-thunk": "^2.2.0",
    "rnpm": "^1.9.0"
  },
  "devDependencies": {
    "babel-jest": "21.2.0",
    "babel-preset-react-native": "4.0.0",
    "jest": "21.2.1",
    "react-test-renderer": "16.0.0"
  },
  "jest": {
    "preset": "react-native"
  }
}