{
  "private": true,
  "name": "JournalBook",
  "version": "0.0.1",
  "license": "MIT",
  "scripts": {
    "start": "per-env",
    "start:production": "npm run -s serve",
    "start:development": "npm run -s dev",
    "build": "preact build --no-prerender",
    "serve": "preact build && preact serve",
    "dev": "preact watch",
    "lint": "eslint src"
  },
  "eslintIgnore": [
    "build/*"
  ],
  "devDependencies": {
    "eslint": "^4.9.0",
    "eslint-config-synacor": "^2.0.2",
    "eslint-plugin-prettier": "^3.0.1",
    "eslint-plugin-react": "^7.12.0",
    "fast-async": "^6.3.8",
    "identity-obj-proxy": "^3.0.0",
    "per-env": "^1.0.2",
    "preact-cli": "^2.1.0",
    "preact-cli-plugin-env-vars": "^1.2.1",
    "preact-cli-plugin-netlify": "^1.1.0",
    "preact-render-spy": "^1.2.1",
    "prettier": "1.15.3"
  },
  "dependencies": {
    "eslint-config-prettier": "^3.3.0",
    "idb": "^3.0.2",
    "preact": "^8.2.6",
    "preact-compat": "^3.17.0",
    "preact-router": "^2.5.7",
    "unistore": "^3.2.1",
    "uuid": "^3.3.2"
  }
}