{
  "name": "ng-json-edit",
  "version": "0.2.1",
  "description": "User friendly, visual JSON editor built as an AngularJS directive. Provides a basic GUI to edit JSON.",
  "main": "js/directives.js",
  "scripts": {
    "test": "echo \"Error: no test specified\" && exit 1"
  },
  "repository": {
    "type": "git",
    "url": "git+https://github.com/mb21/JSONedit.git"
  },
  "author": "",
  "license": "ISC",
  "bugs": {
    "url": "https://github.com/mb21/JSONedit/issues"
  },
  "homepage": "https://github.com/mb21/JSONedit#readme",
  "dependencies": {
    "bootstrap": "^3.3",
    "angular": "^1.2",
    "angular-ui-sortable": "0.12.x"
  }
}