{
  "name": "json-is",
  "version": "0.0.1",
  "engines": {
    "node": ">=0.10.28"
  },
  "browserify": {
    "transform": [
      "coffeeify"
    ]
  },
  "devDependencies": {
    "event-stream": "^3.1.7",
    "fs": "0.0.2",
    "gulp": "^3.8.7",
    "gulp-coffee": "^2.1.1",
    "gulp-concat": "^2.3.4",
    "gulp-connect": "^2.0.6",
    "gulp-front-matter": "^1.0.0",
    "gulp-if": "^1.2.4",
    "gulp-jade": "^0.7.0",
    "gulp-markdown": "^1.0.0",
    "gulp-marked": "^1.0.0",
    "gulp-markdown-to-json": "~0.2.1",
    "gulp-ssg": "^0.4.5",
    "gulp-stylus": "^1.3.0",
    "gulp-util": "^3.0.0",
    "nib": "^1.0.3",
    "lodash": "^2.4.1",
    "gulp-bower": "0.0.7",
    "gulp-buffer": "0.0.2",
    "gulp-replace": "^0.5.0",
    "vinyl-source-stream": "^1.0.0",
    "gulp-uglify": "^1.0.1",
    "browserify": "^6.2.0",
    "coffee-script": "^1.8.0",
    "coffeeify": "^1.1.0",
    "brace": "^0.5.1",
    "gulp-streamify": "0.0.5"
  }
}