{
  "name": "JueJinClient",
  "version": "0.0.1",
  "private": true,
  "scripts": {
    "start": "node node_modules/react-native/local-cli/cli.js start",
    "test": "jest"
  },
  "dependencies": {
    "react": "^16.0.0-alpha.12",
    "react-native": "^0.45.1",
    "react-native-deprecated-custom-components": "^0.1.0",
    "react-native-scrollable-tab-view": "^0.7.4",
    "react-native-swiper": "^1.5.3",
    "react-native-tab-navigator": "^0.3.3",
    "react-native-vector-icons": "^4.2.0"
  },
  "jest": {
    "preset": "jest-react-native"
  },
  "devDependencies": {
    "babel-jest": "16.0.0",
    "babel-preset-react-native": "1.9.0",
    "jest": "16.0.2",
    "jest-react-native": "16.0.0",
    "react-test-renderer": "15.3.2"
  }
}