{
  "name": "KakapoNative",
  "version": "1.2.0",
  "private": true,
  "scripts": {
    "lint": "eslint app",
    "rnpm-link": "rnpm link"
  },
  "devDependencies": {
    "babel-eslint": "^6.0.4",
    "eslint": "^2.9.0",
    "eslint-config-airbnb": "^8.0.0",
    "eslint-plugin-react": "^5.0.1",
    "rnpm": "^1.7.0"
  },
  "dependencies": {
    "babel-plugin-syntax-async-functions": "^6.8.0",
    "color": "^0.11.1",
    "immutable": "^3.8.1",
    "kakapo-assets": "^5.18.0",
    "react-native": "^0.25.1",
    "react-native-drawer": "^2.2.0",
    "react-native-slider": "^0.6.1",
    "react-native-vector-icons": "^1.3.4",
    "react-redux": "^4.4.5",
    "redux": "^3.5.2",
    "redux-logger": "^2.6.1",
    "redux-thunk": "^2.0.1",
    "rxjs": "^5.0.0-beta.5"
  }
}