{
  "name": "keplerjs",
  "version": "1.6.0",
  "description": "The open source full-stack geosocial network platform",
  "repository": {
    "type": "git",
    "url": "git+ssh://git@github.com/Keplerjs/Kepler.git"
  },
  "scripts": {
    "start": "meteor",
    "check_versions": "packagecheck",
    "publish_packages": "cd private && ./publish_packages.sh"
  },
  "keywords": [
    "social-network",
    "social",
    "osm",
    "overpass",
    "geosocial",
    "platform",
    "leaflet",
    "mapping"
  ],
  "author": {
    "name": "Stefano Cudini",
    "email": "stefano.cudini@gmail.com",
    "url": "http://labs.easyblog.it/"
  },
  "license": "MIT",
  "bugs": {
    "url": "https://github.com/Keplerjs/Kepler/issues"
  },
  "homepage": "http://keplerjs.io",
  "dependencies": {
    "@babel/runtime": "7.0.0-beta.55",
    "bcrypt": "^3.0.4",
    "core-js": "^2.5.4",
    "fibers": "^3.0.0",
    "meteor-node-stubs": "^0.4.1",
    "simple-statistics": "^5.3.1"
  },
  "devDependencies": {
    "packagecheck": "^0.2.1"
  }
}