{
  "name": "klondike",
  "version": "2.1.0",
  "private": true,
  "directories": {
    "doc": "doc",
    "test": "tests"
  },
  "scripts": {
    "start": "ember server",
    "build": "ember build",
    "release": "ember build --environment=production",
    "test": "ember test"
  },
  "repository": "https://github.com/themotleyfool/Klondike",
  "engines": {
    "node": ">= 0.10.0"
  },
  "author": "",
  "license": "APL-2.0",
  "devDependencies": {
    "broccoli-asset-rev": "^2.2.0",
    "broccoli-msbuild": "git://github.com/chriseldredge/broccoli-msbuild.git#0.2.1",
    "broccoli-sass": "^0.5.0",
    "broccoli-select": "^0.1.0",
    "ember-cli": "1.13.13",
    "ember-cli-app-version": "^1.0.0",
    "ember-cli-babel": "^5.1.5",
    "ember-cli-content-security-policy": "0.4.0",
    "ember-cli-dependency-checker": "^1.1.0",
    "ember-cli-htmlbars": "^1.0.1",
    "ember-cli-htmlbars-inline-precompile": "^0.3.1",
    "ember-cli-ic-ajax": "0.2.4",
    "ember-cli-inject-live-reload": "^1.3.1",
    "ember-cli-qunit": "^1.0.4",
    "ember-cli-release": "0.2.8",
    "ember-cli-sri": "^1.2.0",
    "ember-cli-uglify": "^1.2.0",
    "ember-disable-proxy-controllers": "^1.0.1",
    "ember-export-application-global": "^1.0.4",
    "express": "^4.8.5",
    "glob": "^5.0.13",
    "http-proxy": "^1.3.0",
    "rimraf": "2.2.8",
    "rsvp": "^3.0.13"
  }
}