{
  "name": "lls",
  "version": "0.1.3",
  "description": "Storage large files and blob in a cross platform way, in the browser",
  "main": "Gruntfile.js",
  "directories": {
    "test": "test"
  },
  "scripts": {
    "test": "test"
  },
  "repository": {
    "type": "git",
    "url": "git://github.com/tantaman/LargeLocalStorage.git"
  },
  "keywords": [
    "LocalStorage",
    "key",
    "value",
    "key-value",
    "storage",
    "browser",
    "indexeddb",
    "websql",
    "filesystemapi"
  ],
  "author": "Matt Crinklaw-Vogt",
  "license": "MIT",
  "bugs": {
    "url": "https://github.com/tantaman/LargeLocalStorage/issues"
  },
  "devDependencies": {
    "grunt": "~0.4.1",
    "grunt-contrib-requirejs": "~0.4.1",
    "matchdep": "~0.3.0",
    "grunt-contrib-concat": "~0.3.0",
    "grunt-contrib-watch": "~0.5.3",
    "grunt-contrib-connect": "~0.5.0",
    "grunt-contrib-yuidoc": "~0.5.0",
    "yuidoc-library-theme": "git://github.com/tantaman/yuidoc-library-theme.git",
    "grunt-contrib-copy": "~0.4.1",
    "grunt-contrib-uglify": "~0.2.4"
  }
}