{
  "name": "Vulcan",
  "version": "1.11.0",
  "engines": {
    "npm": "^3.0"
  },
  "scripts": {
    "prestart": "bash prestart_lesswrong.sh",
    "start": "METEOR_PACKAGE_DIRS=../Vulcan/packages meteor --settings settings-dev.json",
    "debug": "METEOR_PACKAGE_DIRS=../Vulcan/packages meteor --settings settings-dev.json --inspect run",
    "start-af": "METEOR_PACKAGE_DIRS=../Vulcan/packages meteor --settings settings-af.json",
    "start-af-second": "MONGO_URL=mongodb://localhost:3001/meteor METEOR_PACKAGE_DIRS=../Vulcan/packages meteor --settings settings-af.json --port 3030",
    "debug-af": "METEOR_PACKAGE_DIRS=../Vulcan/packages meteor --settings settings-af.json --inspect run",
    "lint": "eslint --max-warnings 0 --cache --ext .jsx,js packages",
    "test-watch": "METEOR_PACKAGE_DIRS=../Vulcan/packages TEST_WATCH=1 meteor test-packages ./packages/lesswrong --driver-package meteortesting:mocha --settings settings-dev.json --port 3200 --full-app",
    "test": "METEOR_PACKAGE_DIRS=../Vulcan/packages meteor test-packages ./packages/lesswrong --driver-package meteortesting:mocha --settings sample_settings.json --port 3200 --full-app --once",
    "test-prod": "meteor test-packages ./packages/lesswrong --driver-package meteortesting:mocha --settings settings.json --port 3200 --full-app --once"
  },
  "dependencies": {
    "@babel/runtime": "^7.1.2",
    "@material-ui/core": "3.1.2",
    "@material-ui/icons": "^3.0.0",
    "@sentry/browser": "^4.3.4",
    "@sentry/node": "^4.1.1",
    "akismet-api": "^4.2.0",
    "algoliasearch": "^3.29.0",
    "anchorate": "^1.2.3",
    "apollo-client": "^1.2.2",
    "apollo-engine": "^1.1.2",
    "apollo-errors": "^1.9.0",
    "apollo-server-express": "^1.4.0",
    "bcrypt": "^3.0.1",
    "body-parser": "^1.18.3",
    "bowser": "^1.9.4",
    "chalk": "^2.4.1",
    "cheerio": "^0.22",
    "classnames": "^2.2.6",
    "cloudinary-core": "2.5.0",
    "cloudinary-react": "1.0.6",
    "compression": "^1.7.3",
    "cookie-parser": "^1.4.3",
    "cors": "^2.8.4",
    "cross-fetch": "^0.0.8",
    "crypto-js": "^3.1.9-1",
    "dataloader": "^1.4.0",
    "deepmerge": "^1.2.0",
    "dot-object": "^1.7.0",
    "draft-convert": "^2.1.2",
    "draft-js": "^0.10.4",
    "draft-js-alignment-plugin": "^2.0.3",
    "draft-js-anchor-plugin": "^2.0.2",
    "draft-js-block-breakout-plugin": "^2.0.1",
    "draft-js-divider-plugin": "^0.1.1",
    "draft-js-focus-plugin": "^2.1.0",
    "draft-js-image-plugin": "^2.0.5",
    "draft-js-inline-toolbar-plugin": "^2.0.3",
    "draft-js-linkify-plugin": "^2.0.0-rc8",
    "draft-js-markdown-shortcuts-plugin": "^0.3.0",
    "draft-js-mathjax-plugin": "^1.3.4",
    "draft-js-plugins-editor": "^2.1.1",
    "draft-js-resizeable-plugin": "2.0.6",
    "draft-js-richbuttons-plugin": "^2.1.0",
    "draftjs-to-html": "^0.7.6",
    "element-closest": "^2.0.2",
    "enzyme": "3.1.0",
    "enzyme-adapter-react-16": "1.0.1",
    "escape-string-regexp": "^1.0.5",
    "express": "^4.16.3",
    "feedparser-promised": "^1.2.2",
    "flat": "^4.1.0",
    "formsy-react": "^0.19.5",
    "formsy-react-components": "^0.11.1",
    "google-map-react": "^0.29.0",
    "graphql": "^0.10.5",
    "graphql-anywhere": "^3.0.1",
    "graphql-date": "^1.0.2",
    "graphql-server-express": "^0.6.0",
    "graphql-tag": "^2.9.2",
    "graphql-tools": "^3.0.5",
    "graphql-type-json": "^0.1.4",
    "handlebars": "^4.0.5",
    "he": "^1.1.1",
    "history": "^3.0.0",
    "html-to-text": "^2.1.0",
    "htmlparser2": "^3.9.2",
    "immutability-helper": "^2.7.1",
    "import": "0.0.6",
    "intercom-client": "^2.10.2",
    "intl": "^1.2.4",
    "intl-locales-supported": "^1.0.0",
    "jsdom": "^13.1.0",
    "juice": "^1.11.0",
    "local-storage": "^1.4.2",
    "lolex": "^3.0.0",
    "mailchimp": "^1.1.6",
    "markdown-it": "^8.4.2",
    "markdown-it-container": "^2.0.0",
    "marked": "^0.3.19",
    "mathjax-node": "^2.1.1",
    "mathjax-node-page": "^3.0.0",
    "meteor-node-stubs": "^0.2.3",
    "mingo": "^2.2.11",
    "moment": "^2.22.2",
    "moment-timezone": "^0.5.21",
    "optics-agent": "^1.1.6",
    "pg": "^6.1.5",
    "pg-promise": "^5.6.7",
    "prop-types": "^15.6.2",
    "react": "16.5.0",
    "react-addons-pure-render-mixin": "^15.4.1",
    "react-apollo": "^1.4.15",
    "react-autosuggest": "^9.4.0",
    "react-bootstrap": "^0.32.3",
    "react-bootstrap-datetimepicker": "0.0.22",
    "react-cookie": "^2.2.0",
    "react-copy-to-clipboard": "^5.0.1",
    "react-datetime": "^2.15.0",
    "react-dom": "16.5.0",
    "react-dropzone": "^3.12.2",
    "react-geosuggest": "^2.8.0",
    "react-google-maps": "^9.4.5",
    "react-headroom": "^2.2.2",
    "react-helmet": "^5.1.3",
    "react-instantsearch": "^4.5.2",
    "react-instantsearch-dom": "^5.3.2",
    "react-intercom": "^1.0.13",
    "react-jss": "^8.1.0",
    "react-loadable": "^4.0.3",
    "react-no-ssr": "^1.1.0",
    "react-places-autocomplete": "^5.0.0",
    "react-redux": "^5.0.7",
    "react-redux-idle-monitor": "^0.3.3",
    "react-router": "^3.2.1",
    "react-router-bootstrap": "^0.23.1",
    "react-router-scroll": "^0.4.4",
    "react-sortable-hoc": "^0.6.7",
    "react-stripe-checkout": "^2.4.0",
    "react-test-renderer": "^16.8.0",
    "recompose": "^0.26.0",
    "redux": "^3.6.0",
    "rss": "^1.2.1",
    "sanitize-html": "^1.18.2",
    "sendy-api": "^0.1.0",
    "simpl-schema": "^1.5.0",
    "speakingurl": "^9.0.0",
    "styled-components": "^3.3.3",
    "timber": "^3.1.3",
    "truncatise": "0.0.7",
    "turndown": "^4.0.2",
    "underscore": "^1.9.1",
    "universal-cookie-express": "^2.2.0",
    "url": "^0.11.0"
  },
  "resolutions": {
    "**/cloudinary-core": "2.5.0"
  },
  "private": true,
  "devDependencies": {
    "autoprefixer": "^6.3.6",
    "babel": "^6.23.0",
    "babel-eslint": "^7.0.0",
    "babel-polyfill": "^6.26.0",
    "babel-preset-env": "^1.7.0",
    "babel-preset-es2015": "^6.24.1",
    "babel-register": "^6.26.0",
    "chai-as-promised": "^7.1.1",
    "eslint": "^5.12.1",
    "eslint-config-meteor": "^0.1.1",
    "eslint-import-resolver-meteor": "^0.4.0",
    "eslint-plugin-babel": "^5.1.0",
    "eslint-plugin-import": "^2.14.0",
    "eslint-plugin-jsx-a11y": "^6.1.1",
    "eslint-plugin-meteor": "^5.1.0",
    "eslint-plugin-prettier": "^2.6.2",
    "eslint-plugin-react": "^7.11.1",
    "eslint-plugin-react-hooks": "^1.0.1",
    "prettier": "1.9.2",
    "redux-mock-store": "^1.5.3"
  },
  "postcss": {
    "plugins": {
      "autoprefixer": {
        "browsers": [
          "last 2 versions"
        ]
      }
    }
  }
}