{
  "name": "vonic-webpack-starter",
  "version": "1.0.0",
  "description": "A Vonic Project",
  "author": "wangdahoo <157195705@qq.com>",
  "private": true,
  "scripts": {
    "dev": "node build/dev-server.js",
    "build": "node build/build.js"
  },
  "dependencies": {
    "videojs-contrib-hls": "^5.5.3",
    "vonic": "^2.0.0-beta.10",
    "vue-slideout": "^1.5.1",
    "vue-stomp": "0.0.5",
    "vue-video-player": "^3.1.1"
  },
  "devDependencies": {
    "autoprefixer": "^6.7.2",
    "axios": "^0.15.3",
    "babel-core": "^6.22.1",
    "babel-loader": "^6.2.10",
    "babel-plugin-transform-runtime": "^6.22.0",
    "babel-preset-es2015": "^6.22.0",
    "babel-preset-stage-2": "^6.22.0",
    "babel-register": "^6.22.0",
    "chalk": "^1.1.3",
    "connect-history-api-fallback": "^1.3.0",
    "css-loader": "^0.26.1",
    "eventsource-polyfill": "^0.9.6",
    "express": "^4.14.1",
    "extract-text-webpack-plugin": "^2.0.0-rc.2",
    "file-loader": "^0.10.0",
    "friendly-errors-webpack-plugin": "^1.1.3",
    "function-bind": "^1.1.0",
    "html-webpack-plugin": "^2.28.0",
    "http-proxy-middleware": "^0.17.3",
    "node-sass": "^4.5.0",
    "opn": "^4.0.2",
    "ora": "^1.1.0",
    "sass-loader": "^6.0.0",
    "semver": "^5.3.0",
    "shelljs": "^0.7.6",
    "url-loader": "^0.5.7",
    "vue-loader": "^10.3.0",
    "vue-style-loader": "^2.0.0",
    "vue-template-compiler": "^2.1.10",
    "vue2-barrage": "^1.0.8",
    "vuex": "^2.3.1",
    "webpack": "^2.2.1",
    "webpack-bundle-analyzer": "^2.2.1",
    "webpack-dev-middleware": "^1.10.0",
    "webpack-hot-middleware": "^2.16.1",
    "webpack-merge": "^2.6.1"
  },
  "engines": {
    "node": ">= 4.0.0",
    "npm": ">= 3.0.0"
  }
}