{
  "name": "sickrage",
  "version": "4.0.72",
  "private": true,
  "repository": {
    "type": "git",
    "url": "git+https://github.com/SickRage/SickRage.git"
  },
  "bugs": {
    "url": "https://github.com/SickRage/SickRage/issues"
  },
  "homepage": "https://github.com/SickRage/SickRage#readme",
  "scripts": {
    "test": "grunt travis",
    "security": "snyk test"
  },
  "devDependencies": {
    "chai": "^3.4.1",
    "grunt": "^0.4.5",
    "grunt-bower-concat": "^0.6.0",
    "grunt-bower-task": "^0.4.0",
    "grunt-cli": "^0.1.13",
    "grunt-contrib-clean": "^0.7.0",
    "grunt-contrib-copy": "^0.8.2",
    "grunt-contrib-cssmin": "^0.14.0",
    "grunt-contrib-jshint": "^0.11.3",
    "grunt-contrib-sass": "^0.9.2",
    "grunt-contrib-uglify": "^0.11.0",
    "grunt-mocha": "^0.4.15",
    "grunt-sass": "^1.1.0",
    "load-grunt-tasks": "^3.4.0",
    "mocha": "^2.3.4",
    "snyk": "^1.6.1"
  }
}