{
  "name": "material-colors",
  "appDisplayName": "Material Colors",
  "productName": "Material Colors",
  "appBundleId": "net.nurik.roman.materialcolors",
  "version": "1.1.1",
  "description": "A quick color palette for material design colors.",
  "main": "main.js",
  "author": "Roman Nurik",
  "private": true,
  "scripts": {
    "start": "gulp"
  },
  "devDependencies": {
    "archiver": "^2.1.1",
    "del": "^3.0.0",
    "electron": "^1.8.4",
    "electron-osx-sign": "^0.4.0-beta4",
    "electron-packager": "^12.0.0",
    "gulp": "^3.9.1",
    "gulp-cache": "^1.0.2",
    "gulp-cli": "^2.0.1",
    "gulp-load-plugins": "^1.2.0",
    "gulp-plist": "^0.1.0",
    "gulp-rename": "^1.2.2",
    "gulp-sass": "^3.0.0",
    "gulp-shell": "^0.6.5",
    "merge-stream": "^1.0.0",
    "run-sequence": "^2.2.1"
  },
  "dependencies": {
    "electron-positioner": "^3.0.0",
    "jquery": "^3.0.0",
    "tinycolor2": "^1.3.0",
    "yargs": "^11.0.0"
  }
}