{
  "name": "meet-easier",
  "main": "server.js",
  "engines": {
    "node": ">=6.0.0",
    "npm": ">=3.0.0"
  },
  "scripts": {
    "postinstall": "cd ui-react && npm install",
    "build": "cd ui-react && npm run build",
    "start": "node server",
    "start-ui-dev": "cd ui-react && npm start"
  },
  "dependencies": {
    "ews-javascript-api": "0.8.0",
    "express": "4.16.2",
    "grunt": "1.0.1",
    "grunt-contrib-sass": "1.0.0",
    "grunt-contrib-watch": "1.0.0",
    "socket.io": "1.7.4"
  },
  "devDependencies": {}
}