{
  "name": "MiniMongoExplorer",
  "version": "1.3.0",
  "private": true,
  "contributors": [
    {
      "name": "Radosław Miernik",
      "email": "<radekmie@gmail.com>"
    }
  ],
  "scripts": {
    "build:chrome": "./node_modules/.bin/webpack --config webpack.config.chrome.babel.js -p",
    "watch:chrome": "./node_modules/.bin/webpack --config webpack.config.chrome.babel.js --watch"
  },
  "devDependencies": {
    "babel-core": "6.24.1",
    "babel-loader": "7.0.0",
    "babel-preset-env": "1.5.1",
    "babel-preset-react": "6.24.1",
    "babel-preset-stage-0": "6.24.1",
    "css-loader": "0.28.4",
    "file-loader": "0.11.1",
    "html-webpack-plugin": "2.28.0",
    "marsdb": "0.6.11",
    "react": "15.5.4",
    "react-dom": "15.5.4",
    "react-inspector": "2.0.0",
    "redux": "3.6.0",
    "style-loader": "0.18.1",
    "url-loader": "0.5.8",
    "webpack": "2.6.1"
  },
  "babel": {
    "presets": [
      [
        "env",
        {
          "targets": {
            "chrome": 26
          }
        }
      ],
      "react",
      "stage-0"
    ]
  }
}