{
  "name": "MobXApp",
  "version": "0.0.1",
  "private": true,
  "scripts": {
    "start": "node node_modules/react-native/local-cli/cli.js start",
    "eslint": "node node_modules/eslint/bin/eslint.js src/** -c .eslintrc",
    "flow": "node_modules/.bin/flow",
    "test": "jest"
  },
  "dependencies": {
    "axios": "^0.15.3",
    "lodash.debounce": "^4.0.8",
    "mobx": "^3.1.7",
    "mobx-react": "^4.1.3",
    "react": "16.0.0-alpha.3",
    "react-dom": "^15.4.2",
    "react-native": "0.43.0-rc.1",
    "react-navigation": "^1.0.0-beta.7",
    "styled-components": "^1.4.4"
  },
  "devDependencies": {
    "babel-eslint": "^7.2.1",
    "babel-jest": "19.0.0",
    "babel-plugin-flow-react-proptypes": "^0.21.0",
    "babel-plugin-transform-decorators-legacy": "^1.3.4",
    "babel-preset-react-native": "1.9.1",
    "babel-preset-react-native-stage-0": "^1.0.1",
    "eslint": "^3.18.0",
    "eslint-config-airbnb": "^14.1.0",
    "eslint-plugin-babel": "^4.1.1",
    "eslint-plugin-import": "^2.2.0",
    "eslint-plugin-jsx-a11y": "^4.0.0",
    "eslint-plugin-react": "^6.10.3",
    "flow-bin": "^0.38.0",
    "jest": "19.0.2",
    "react-test-renderer": "15.4.2"
  },
  "jest": {
    "preset": "react-native"
  }
}