{
  "name": "MovieTickets",
  "version": "0.0.1",
  "private": true,
  "scripts": {
    "start": "node node_modules/react-native/local-cli/cli.js start",
    "test": "jest"
  },
  "dependencies": {
    "react": "15.4.2",
    "react-native": "0.40.0",
    "react-redux": "^5.0.2",
    "redux": "^3.6.0"
  },
  "devDependencies": {
    "babel-jest": "18.0.0",
    "babel-plugin-transform-decorators-legacy": "^1.3.4",
    "babel-preset-react-native": "1.9.1",
    "jest": "18.1.0",
    "react-test-renderer": "15.4.2"
  },
  "jest": {
    "preset": "react-native"
  }
}