{
  "name": "Mozi",
  "version": "2.0.1",
  "private": true,
  "license": "MIT",
  "scripts": {
    "start": "node node_modules/react-native/local-cli/cli.js start",
    "android": "react-native run-android",
    "an-release": "cd android && ./gradlew assembleRelease",
    "an-clean": "cd android && ./gradlew clean",
    "build": "cd node_modules/react-native/third-party/glog-0.3.5/ && ../../scripts/ios-configure-glog.sh",
    "ios": "react-native run-ios --simulator 'iPhone 6'",
    "test": "jest",
    "precommit": "lint-staged"
  },
  "dependencies": {
    "jcore-react-native": "^1.3.1",
    "jpush-react-native": "^2.5.1",
    "react": "16.6.3",
    "react-native": "0.57.8",
    "react-native-animatable": "^1.2.4",
    "react-native-code-push": "^5.5.1",
    "react-native-device-info": "^0.24.3",
    "react-native-gesture-handler": "^1.0.12",
    "react-native-image-header-scroll-view": "^0.8.2",
    "react-native-scrollable-tab-view": "^0.10.0",
    "react-native-splash-screen": "^3.1.1",
    "react-native-vector-icons": "^4.6.0",
    "react-navigation": "^3.1.0",
    "react-redux": "^6.0.0",
    "redux": "^4.0.1",
    "redux-actions": "^2.6.4",
    "redux-logger": "^3.0.6",
    "redux-thunk": "^2.3.0",
    "reselect": "^3.0.1",
    "rn-placeholder": "^1.2.0"
  },
  "devDependencies": {
    "@babel/core": "^7.2.2",
    "@babel/plugin-proposal-decorators": "^7.2.3",
    "@babel/plugin-transform-runtime": "^7.2.0",
    "@babel/runtime": "^7.2.0",
    "babel-eslint": "^7.2.3",
    "babel-jest": "23.6.0",
    "babel-plugin-transform-es2015-duplicate-keys": "^6.24.1",
    "babel-plugin-transform-remove-console": "^6.8.5",
    "eslint": "^4.6.1",
    "eslint-config-airbnb": "^15.1.0",
    "eslint-plugin-import": "^2.7.0",
    "eslint-plugin-jsx-a11y": "^5.1.1",
    "eslint-plugin-react": "^7.3.0",
    "husky": "^1.0.0-rc.13",
    "jest": "23.6.0",
    "lint-staged": "^7.2.0",
    "metro-react-native-babel-preset": "^0.51.1",
    "react-test-renderer": "16.6.1"
  },
  "jest": {
    "preset": "react-native"
  },
  "lint-staged": {
    "*.{js,json,css}": [
      "eslint --fix ./ --cache --ignore-pattern .gitignore",
      "git add"
    ]
  }
}