{
  "name": "Musish",
  "version": "1.0.0",
  "main": "index.js",
  "license": "MIT",
  "husky": {
    "hooks": {
      "pre-commit": "eslint \"src/**/*.{js,jsx}\" -c .eslintrc"
    }
  },
  "dependencies": {
    "@babel/polyfill": "^7.0.0",
    "@babel/preset-react": "^7.0.0",
    "@symfony/webpack-encore": "^0.22.1",
    "axios": "^0.18.0",
    "babel-eslint": "^10.0.1",
    "classnames": "^2.2.6",
    "dotenv-webpack": "^1.5.7",
    "eslint": "^5.10.0",
    "eslint-config-airbnb": "^17.1.0",
    "eslint-config-prettier": "^3.3.0",
    "eslint-config-react-app": "^3.0.5",
    "eslint-plugin-flowtype": "2.50.3",
    "eslint-plugin-import": "^2.14.0",
    "eslint-plugin-jsx-a11y": "^6.1.2",
    "eslint-plugin-prettier": "^3.0.0",
    "eslint-plugin-react": "^7.11.1",
    "hoist-non-react-statics": "^3.2.1",
    "html-loader": "^0.5.5",
    "html-webpack-plugin": "^3.2.0",
    "husky": "^1.3.0",
    "include-media": "^1.4.9",
    "lodash": "^4.17.11",
    "mousetrap": "^1.6.2",
    "node-sass": "^4.10.0",
    "normalize.css": "^8.0.1",
    "prettier": "^1.15.3",
    "prop-types": "^15.6.2",
    "react": "^16.8.3",
    "react-content-loader": "^3.4.1",
    "react-contextmenu": "^2.10.0",
    "react-dnd": "^7.0.2",
    "react-dnd-html5-backend": "^7.0.2",
    "react-dom": "^16.6.3",
    "react-draggable": "^3.0.5",
    "react-localization": "^1.0.13",
    "react-router-dom": "^4.3.1",
    "react-s-alert": "^1.4.1",
    "react-sortable-hoc": "^1.6.1",
    "react-virtualized": "^9.21.0",
    "sass-loader": "^7.1.0",
    "vanilla-tilt": "^1.5.0",
    "whatwg-fetch": "^3.0.0"
  },
  "scripts": {
    "start": "encore dev-server --hot",
    "build": "encore production"
  }
}