{
  "name": "asd",
  "version": "0.0.1",
  "description": "",
  "main": "webpack.config.js",
  "directories": {
    "doc": "doc"
  },
  "scripts": {
    "build": "webpack --config ./build/webpack.config.js",
    "dev": "webpack-dev-server --inline --config ./build/webpack.config.js"
  },
  "author": "",
  "license": "ISC",
  "dependencies": {
    "snabbdom": "^0.6.7"
  },
  "devDependencies": {
    "babel-core": "^6.24.1",
    "babel-loader": "^7.0.0",
    "babel-preset-env": "^1.4.0",
    "babel-preset-es2015": "^6.24.1",
    "babel-preset-stage-1": "^6.24.1",
    "html-webpack-plugin": "^2.28.0",
    "webpack": "^2.4.1",
    "webpack-dev-server": "^2.4.5"
  }
}