{
  "name": "MyGitStars",
  "version": "0.2.4",
  "private": true,
  "scripts": {
    "start": "node app.js"
  },
  "engines": {
    "node": "~0.10.26"
  },
  "dependencies": {
    "express": "~3.4.8",
    "static-favicon": "~1.0.0",
    "morgan": "~1.0.0",
    "cookie-parser": "~1.0.1",
    "body-parser": "~1.0.0",
    "debug": "~0.7.4",
    "jade": "~1.3.0",
    "mongoose": "~3.8.8",
    "underscore": "~1.6.0",
    "bytes": "~0.2.1",
    "express-validator": "~2.1.1",
    "connect-flash": "~0.1.1",
    "express-session": "~1.0.2",
    "moment": "~2.5.1",
    "passport": "~0.2.0",
    "passport-github": "~0.1.5",
    "nodemailer": "~0.3.43",
    "marked-prettyprint": "~0.2.8",
    "octonode": "~0.5.1",
    "qs": "~0.6.6",
    "marked": "~0.3.2"
  },
  "devDependencies": {
    "grunt": "^0.4.4",
    "grunt-shell": "^0.6.4",
    "grunt-autoprefixer": "^0.7.2",
    "grunt-contrib-cssmin": "^0.9.0",
    "grunt-contrib-imagemin": "^0.5.0",
    "grunt-contrib-jshint": "^0.9.2",
    "grunt-contrib-uglify": "^0.4.0",
    "grunt-contrib-watch": "^0.6.0",
    "grunt-contrib-clean": "^0.5.0",
    "jshint-stylish": "^0.1.5"
  }
}