{
  "name": "NBAreact",
  "version": "2.5.0",
  "private": true,
  "scripts": {
    "start": "node node_modules/react-native/local-cli/cli.js start",
    "start:android": "react-native run-android",
    "start:ios": "react-native run-ios",
    "start:iphone8plus": "react-native run-ios --simulator='iPhone 8 Plus'",
    "start:iphoneX": "react-native run-ios --simulator='iPhone X'",
    "test": "jest"
  },
  "dependencies": {
    "react": "16.2.0",
    "react-native": "0.53.0",
    "react-native-modal-dropdown": "^0.6.2",
    "react-native-svg": "^6.2.2",
    "react-native-svg-charts": "^3.0.1",
    "react-navigation": "^1.0.3",
    "react-redux": "^5.0.6",
    "redux": "^3.7.2",
    "redux-logger": "^3.0.6",
    "redux-saga": "^0.16.0"
  },
  "devDependencies": {
    "babel-jest": "22.1.0",
    "babel-preset-react-native": "4.0.0",
    "jest": "22.1.4",
    "react-test-renderer": "16.2.0"
  },
  "jest": {
    "preset": "react-native"
  },
  "rnpm": {
    "assets": [
      "./App/Assets/fonts/"
    ]
  }
}