{
  "name": "NeteaseNews",
  "version": "0.0.1",
  "private": true,
  "scripts": {
    "android": "react-native run-android",
    "start": "node node_modules/react-native/local-cli/cli.js start",
    "test": "jest"
  },
  "dependencies": {
    "@nart/react-native-swiper": "^1.5.13",
    "prop-types": "^15.6.1",
    "react": "16.3.0-alpha.1",
    "react-native": "0.54.2",
    "react-native-code-push": "^5.3.2",
    "react-native-easy-toast": "^1.1.0",
    "react-native-elements": "^0.19.1",
    "react-native-htmlview": "^0.12.1",
    "react-native-image-zoom-viewer": "^2.2.1",
    "react-native-modalbox": "^1.4.2",
    "react-native-orientation": "^3.1.3",
    "react-native-scrollable-tab-view": "^0.8.0",
    "react-native-splash-screen": "^3.0.6",
    "react-native-storage": "^0.2.2",
    "react-native-tab-navigator": "^0.3.4",
    "react-native-vector-icons": "^4.6.0",
    "react-native-video": "^2.0.0",
    "react-navigation": "^1.5.8"
  },
  "devDependencies": {
    "babel-jest": "22.4.3",
    "babel-preset-react-native": "4.0.0",
    "jest": "22.4.3",
    "react-test-renderer": "16.3.0-alpha.1"
  },
  "jest": {
    "preset": "react-native"
  }
}