{
  "name": "NeteaseCloudMusic",
  "version": "0.0.1",
  "private": true,
  "scripts": {
    "start": "node node_modules/react-native/local-cli/cli.js start",
    "test": "jest"
  },
  "dependencies": {
    "react": "16.0.0-alpha.12",
    "react-native": "0.48.2",
    "react-native-scrollable-tab-view": "0.7.4",
    "react-native-slider": "^0.11.0",
    "react-native-swiper": "^1.5.10",
    "react-native-vector-icons": "^4.3.0",
    "react-native-video": "^2.0.0",
    "react-navigation": "^1.0.0-beta.11",
    "react-redux": "^5.0.6",
    "redux": "^3.7.2",
    "timeago.js": "^3.0.2"
  },
  "devDependencies": {
    "babel-jest": "20.0.3",
    "babel-preset-react-native": "2.1.0",
    "jest": "20.0.4",
    "react-test-renderer": "16.0.0-alpha.12"
  },
  "jest": {
    "preset": "react-native"
  }
}