{
  "name": "NflxMultiSubs",
  "description": "Bilingual Subtitles & Enhanced Experiences for Netflix",
  "author": "Dan Chen",
  "version": "1.6.7",
  "license": "MIT",
  "private": true,
  "scripts": {
    "build": "node utils/build.js",
    "pack": "node utils/pack.js"
  },
  "devDependencies": {
    "acorn": "^5.5.3",
    "clean-webpack-plugin": "^0.1.19",
    "copy-webpack-plugin": "^4.5.1",
    "fs-extra": "^5.0.0",
    "jszip": "^3.1.5",
    "uglifyjs-webpack-plugin": "^1.2.4",
    "webpack": "^4.1.1"
  }
}