{
  "name": "Node2Blog",
  "description": "Simple and easy to use blog template for your casual blogger.",
  "version": "0.2.2",
  "author": {
    "name": "Jared Wright",
    "email": "jawerty210@gmail.com",
    "url": "http://wrightdev.herokuapp.com"
  },
  "private": true,
  "engines": {
    "node": "0.10.x",
    "npm": "1.1.x"
  },
  "scripts": {
    "start": "node blog"
  },
  "dependencies": {
    "express": "3.0.0rc5",
    "jade": "0.28.2",
    "mongoose": "3.6.5",
    "mongodb": "1.2.14",
    "rss": "0.0.4"
  }
}