{
  "name": "application-name",
  "version": "0.0.1",
  "private": true,
  "scripts": {
    "start": "node ./bin/www"
  },
  "dependencies": {
    "axios": "^0.17.1",
    "body-parser": "~1.0.0",
    "cheerio": "^1.0.0-rc.2",
    "colors": "^1.1.2",
    "cookie-parser": "~1.0.1",
    "ejs": "^2.5.6",
    "express": "^4.15.3",
    "iconv-lite": "^0.4.19",
    "md5": "^2.2.1",
    "morgan": "~1.0.0",
    "mysql": "^2.15.0",
    "nodemon": "^1.17.3",
    "qs": "^6.5.1",
    "request": "^2.83.0",
    "static-favicon": "~1.0.0"
  },
  "devDependencies": {
    "async": "^2.6.0",
    "atob": "^2.0.3",
    "btoa": "^1.1.2",
    "debug": "~0.7.4",
    "eslint": "^5.0.1",
    "fs": "^0.0.1-security",
    "html-entities": "^1.2.1",
    "mkdirp": "^0.5.1",
    "nodemon": "^1.17.3",
    "eslint-config-standard": "^10.2.1",
    "eslint-friendly-formatter": "^3.0.0",
    "eslint-loader": "^1.7.1",
    "eslint-plugin-html": "^3.0.0",
    "eslint-plugin-import": "^2.7.0",
    "eslint-plugin-node": "^5.2.0",
    "eslint-plugin-promise": "^3.4.0",
    "eslint-plugin-standard": "^3.0.1"
  },
  "standard": {
    "ignore": [
      "/node_modules/",
      "node_modules/",
      "/public/",
      "/utils/decrypt.js",
      "/utils/md5.js"
    ],
    "globals": [
      "$"
    ]
  }
}