{
  "name": "OctoLinker",
  "version": "4.22.6",
  "engines": {
    "node": ">=8.0.0"
  },
  "main": "lib/app.js",
  "scripts": {
    "lint": "eslint .",
    "pretest": "yarn lint",
    "test": "jest",
    "e2e": "node ./e2e/generate-fixtures-json.js && jest --config=e2e/jest-e2e.config.js",
    "postinstall": "yarn lerna bootstrap",
    "test:watch": "jest --watch",
    "version": "json -I -f assets/manifest.json -e \"this.version='`json -f package.json version`'\" && git add assets/manifest.json && json -I -f packages/core/package.json -e \"this.version='`json -f package.json version`'\" && git add packages/core/package.json",
    "package": "web-ext build --source-dir dist --artifacts-dir out --overwrite-dest",
    "release:cws": "cd dist && webstore upload --auto-publish",
    "release:amo": "cd dist && webext submit",
    "release": "npm run release:cws && npm run release:amo",
    "build": "webpack --mode=production",
    "watch": "webpack --watch --mode=development",
    "chrome-open": "yarn build && yarn chrome-launch --",
    "chrome-launch": "node scripts/chrome-launch.js",
    "firefox-open": "yarn build && yarn firefox-launch --",
    "firefox-launch": "web-ext run --source-dir dist --pref startup.homepage_welcome_url=https://github.com/OctoLinker/OctoLinker/blob/master/package.json"
  },
  "devDependencies": {
    "@babel/core": "^7.0.0",
    "@babel/plugin-proposal-object-rest-spread": "^7.0.0",
    "@babel/plugin-transform-react-jsx": "^7.0.0",
    "@babel/preset-env": "^7.1.0",
    "async": "^2.6.1",
    "babel-core": "^7.0.0-bridge.0",
    "babel-jest": "^23.6.0",
    "babel-loader": "^8.0.0",
    "babel-preset-jest": "^23.2.0",
    "chrome-launch": "^1.1.4",
    "chrome-webstore-upload-cli": "^1.2.0",
    "codecov": "^3.1.0",
    "copy-webpack-plugin": "^4.6.0",
    "css-loader": "^1.0.1",
    "dotenv": "^6.1.0",
    "eslint": "^5.8.0",
    "eslint-config-airbnb": "^17.1.0",
    "eslint-config-prettier": "^3.1.0",
    "eslint-plugin-import": "^2.14.0",
    "eslint-plugin-jsx-a11y": "^6.1.2",
    "eslint-plugin-prettier": "^3.0.0",
    "eslint-plugin-react": "^7.11.1",
    "jest": "^23.6.0",
    "jest-fetch-mock": "^2.1.0",
    "jest-puppeteer": "^3.4.0",
    "json": "^9.0.4",
    "json-loader": "^0.5.7",
    "lerna": "^3.4.3",
    "mkdirp": "^0.5.1",
    "npm-run-all": "^4.1.1",
    "prettier": "^1.14.3",
    "puppeteer": "^1.10.0",
    "recursive-readdir": "^2.2.2",
    "sinon": "^7.1.1",
    "style-loader": "^0.23.1",
    "web-ext": "^2.9.1",
    "webext": "1.9.1-with-submit.1",
    "webextension-polyfill": "^0.3.1",
    "webpack": "^4.24.0",
    "webpack-cli": "^3.1.2"
  },
  "optionalDependencies": {
    "fsevents": "1.2.4"
  },
  "private": true
}