{
  "name": "OpenUserJS.org",
  "description": "An open source user scripts repo built using Node.js",
  "version": "0.2.5",
  "main": "app",
  "dependencies": {
    "ace-builds": "git://github.com/ajaxorg/ace-builds.git#32e2722",
    "ansi-colors": "3.2.3",
    "async": "2.6.2",
    "aws-sdk": "2.409.0",
    "base62": "2.0.0",
    "body-parser": "1.18.3",
    "bootstrap": "3.3.7",
    "bootstrap-markdown": "2.10.0",
    "clipboard": "2.0.4",
    "compression": "1.7.3",
    "connect-mongo": "2.0.3",
    "diff": "4.0.1",
    "express": "4.16.4",
    "express-minify": "1.0.0",
    "express-rate-limit": "3.4.0",
    "express-session": "1.15.6",
    "font-awesome": "4.7.0",
    "formidable": "1.2.1",
    "git-rev": "0.2.1",
    "github": "git://github.com/octokit/rest.js.git#29dedb3",
    "highlight.js": "9.14.2",
    "image-size": "0.7.2",
    "ip-range-check": "0.0.2",
    "jquery": "3.3.1",
    "js-beautify": "1.8.9",
    "jsdom": "13.2.0",
    "jwt-simple": "0.5.5",
    "less-middleware": "3.1.0",
    "marked": "0.6.1",
    "media-type": "0.3.1",
    "method-override": "3.0.0",
    "mime-db": "1.38.0",
    "moment": "2.24.0",
    "moment-duration-format": "2.2.2",
    "mongodb": "3.1.13",
    "mongoose": "5.4.15",
    "morgan": "1.9.1",
    "mu2": "0.5.21",
    "octicons": "4.4.0",
    "passport": "0.4.0",
    "passport-facebook": "3.0.0",
    "passport-github": "1.1.0",
    "passport-gitlab2": "5.0.0",
    "passport-google-oauth": "1.0.0",
    "passport-imgur": "0.0.3",
    "passport-reddit": "0.2.4",
    "passport-steam": "1.0.10",
    "passport-twitter": "1.0.4",
    "passport-yahoo": "git://github.com/OpenUserJs/passport-yahoo.git#OpenID2",
    "pegjs": "0.10.0",
    "rate-limit-mongo": "1.0.3",
    "request": "2.88.0",
    "rfc2047": "2.0.1",
    "s3rver": "2.2.8",
    "sanitize-html": "1.20.0",
    "select2": "3.5.2-browserify",
    "select2-bootstrap-css": "1.4.6",
    "serve-favicon": "2.5.0",
    "spdx-license-ids": "3.0.3",
    "terser": "3.16.1",
    "toobusy-js": "0.5.1",
    "underscore": "1.9.1",
    "useragent": "2.3.0"
  },
  "optionalDependencies": {
    "kerberos": "1.1.2"
  },
  "repository": {
    "type": "git",
    "url": "https://github.com/OpenUserJs/OpenUserJS.org.git"
  },
  "license": "(GPL-3.0-or-later AND GFDL-1.3-or-later)",
  "scripts": {
    "start": "node app.js",
    "preinstall": "node dev/preinstall.js",
    "postinstall": "node dev/postinstall.js",
    "clean": "node dev/clean.js"
  },
  "engines": {
    "node": ">=11.6.0 <12.0.0",
    "npm": ">=6.5.0"
  },
  "private": true
}