{
  "name": "openki",
  "version": "0.7.0",
  "description": "CourseOragnisationPlatform",
  "main": "server/start.js",
  "directories": {
    "test": "tests"
  },
  "dependencies": {
    "@babel/runtime": "^7.0.0-beta.42",
    "babel-runtime": "^6.26.0",
    "bcrypt": "^0.8.7",
    "bson": "^0.5.6",
    "core-js": "^2.5.3",
    "events": "^1.1.1",
    "ical-generator": "^0.2.10",
    "isomorphic-unfetch": "^2.0.0",
    "jquery": "^3.3.1",
    "meteor-node-stubs": "^0.2.11",
    "moment-timezone": "^0.5.14",
    "sanitize-html": "^1.14.1",
    "seedrandom": "^2.4.3",
    "shariff": "^1.26.2",
    "url": "^0.11.0"
  },
  "devDependencies": {
    "chai": "^4.1.2",
    "jshint": "^2.9.5",
    "nightmare": "^3.0.1",
    "sass-lint": "^1.11.1"
  },
  "scripts": {
    "dev": "meteor --settings settings/dev.json",
    "test": "TEST_BROWSER_DRIVER=nightmare meteor test --settings settings/ci.json --once --driver-package meteortesting:mocha",
    "app-test": "TEST_BROWSER_DRIVER=nightmare meteor test --settings settings/ci.json --full-app --once --driver-package meteortesting:mocha",
    "test-live": "TEST_WATCH=1 meteor test --settings settings/ci.json --full-app --driver-package meteortesting:mocha",
    "js-lint": "jshint",
    "sass-lint": "sass-lint --verbose"
  },
  "repository": {
    "type": "git",
    "url": "git+https://github.com/Openki/Openki.git"
  },
  "keywords": [
    "education",
    "self-organization",
    "calendar",
    "community"
  ],
  "author": "Openki-devs",
  "license": "AGPL-3.0",
  "bugs": {
    "url": "https://github.com/Openki/Openki/issues"
  },
  "homepage": "http://about.openki.net"
}