{
  "name": "Piano-Trainer",
  "version": "0.0.1",
  "description": "",
  "main": "index.js",
  "repository": {
    "type": "git",
    "url": "git://github.com/philippotto/Piano-Trainer"
  },
  "author": "Philipp Otto <philippotto@live.com>",
  "license": "MIT",
  "homepage": "https://github.com/philippotto/Piano-Trainer",
  "dependencies": {
    "babel-runtime": "^6.3.19",
    "bootstrap": "^3.3.6",
    "chartist": "^0.9.7",
    "classnames": "^2.2.3",
    "file-loader": "^0.8.5",
    "flexboxgrid": "^6.3.0",
    "font-awesome": "^4.5.0",
    "freezer-js": "git+https://github.com/philippotto/freezer.git#native-object-handling-build",
    "html-loader": "^0.4.3",
    "lodash": "^4.5.1",
    "prop-types": "^15.5.10",
    "rc-slider": "^8.3.1",
    "react": "^16.0.0",
    "react-bootstrap": "^0.31.1",
    "react-dom": "^16.0.0",
    "react-motion": "^0.5.0",
    "vexflow": "^1.2.41"
  },
  "devDependencies": {
    "babel-core": "^6.3.21",
    "babel-eslint": "^6.0.0",
    "babel-loader": "^6.2.0",
    "babel-plugin-react-transform": "^2.0.0-beta1",
    "babel-plugin-transform-runtime": "^6.3.13",
    "babel-preset-es2015": "^6.3.13",
    "babel-preset-react": "^6.3.13",
    "babel-preset-stage-0": "^6.3.13",
    "css-loader": "^0.23.1",
    "eslint": "^3.14.1",
    "eslint-plugin-react": "^7.4.0",
    "font-awesome-webpack": "0.0.4",
    "jasmine-core": "^2.4.1",
    "karma": "^0.13.21",
    "karma-beep-reporter": "^0.1.4",
    "karma-chrome-launcher": "^0.1.4",
    "karma-jasmine": "^0.3.7",
    "karma-mocha-reporter": "^0.3.1",
    "karma-phantomjs-launcher": "^1.0.0",
    "karma-sourcemap-loader": "^0.3.7",
    "karma-webpack": "^1.7.0",
    "less": "^2.6.0",
    "less-loader": "^2.2.2",
    "phantomjs-prebuilt": "^2.1.6",
    "prettier": "^1.7.4",
    "puppeteer": "^0.12.0",
    "react-transform-hmr": "^1.0.1",
    "serve-static": "^1.13.1",
    "style-loader": "^0.13.0",
    "url-loader": "^0.5.7",
    "webpack": "^1.8.4",
    "webpack-dev-server": "^1.14.1"
  },
  "scripts": {
    "start": "node server.js",
    "build": "BABEL_ENV=production webpack --config webpack.config.production.js && node pre-render.js",
    "lint": "eslint . && prettier --list-different '**/*.{js,jsx,ts,css,less,scss,json}'",
    "test": "karma start --single-run --browsers PhantomJS",
    "pretty": "prettier --write '**/*.{js,jsx,ts,css,less,scss,json}'"
  }
}