{
  "name": "pojoviz",
  "version": "0.2.7",
  "description": "Plain Old JavaScript Visualization",
  "repository": {
    "type": "git",
    "url": "https://github.com/mauriciopoppe/PojoViz"
  },
  "keywords": [
    "visualization",
    "pojoviz",
    "object visualization"
  ],
  "main": "src/index.js",
  "engines": {
    "node": ">= 0.10",
    "npm": ">= 1.3"
  },
  "files": [
    "src/*"
  ],
  "author": "Mauricio Poppe <mauricio.poppe@gmail.com>",
  "bugs": "https://github.com/mauriciopoppe/PojoViz/issues",
  "license": "BSD",
  "browserify": {
    "transform": [
      "browserify-shim"
    ]
  },
  "browserify-shim": {
    "THREE": "global:THREE",
    "t3": "global:t3",
    "d3": "global:d3",
    "angular": "global:angular"
  },
  "dependencies": {
    "browserify-shim": "~3.8.3",
    "lodash": "~3.2.0",
    "q": "~1.0.1"
  },
  "devDependencies": {
    "browser-sync": "^2.7.13",
    "browserify": "^8.1.3",
    "browserify-shim": "^3.8.2",
    "chai": "^2.0.0",
    "dagre": "~0.4.6",
    "gulp": "~3.8.11",
    "gulp-buffer": "0.0.2",
    "gulp-bump": "~0.1.10",
    "gulp-compass": "~1.2.0",
    "gulp-concat": "~2.3.4",
    "gulp-filter": "~0.5.0",
    "gulp-git": "~0.4.3",
    "gulp-jshint": "^1.9.2",
    "gulp-mocha": "~2.0.0",
    "gulp-tag-version": "~1.0.2",
    "gulp-uglify": "^1.1.0",
    "gulp-util": "^3.0.3",
    "iframe": "^0.3.1",
    "jshint-stylish": "^1.0.0",
    "karma": "^0.12.31",
    "karma-mocha": "^0.1.10",
    "karma-phantomjs-launcher": "^0.1.4",
    "minifyify": "~3.0.12",
    "mocha": "^2.1.0",
    "sinon": "^1.12.2",
    "vinyl-buffer": "^1.0.0",
    "vinyl-source-stream": "~0.1.1",
    "watchify": "^2.3.0",
    "xhr": "^2.0.1"
  }
}