{
  "name": "postgui",
  "version": "1.2.0",
  "private": true,
  "dependencies": {
    "@material-ui/core": "^1.2.3",
    "@material-ui/icons": "^1.1.0",
    "axios": "^0.18.0",
    "axios-cancel": "^0.2.2",
    "dot": "^1.1.1",
    "jQuery-QueryBuilder": "^2.5.2",
    "js2xmlparser": "^3.0.0",
    "json2csv": "^4.1.4",
    "lodash": "^4.17.10",
    "npm": "^5.10.0",
    "react": "^16.4.1",
    "react-copy-to-clipboard": "^5.0.0",
    "react-dom": "^16.4.1",
    "react-table": "^6.8.6",
    "typeface-roboto": "0.0.54"
  },
  "devDependencies": {
    "react-scripts": "^1.1.4"
  },
  "scripts": {
    "start": "PORT=8771 react-scripts start",
    "windows-start": "set PORT=8771 && react-scripts start",
    "build": "react-scripts build",
    "build-and-serve": "react-scripts build && serve -s build -p 8771",
    "test": "react-scripts test --env=jsdom",
    "eject": "react-scripts eject"
  }
}