{
  "name": "Probability.js",
  "description": "Probability.js makes it easy to call JavaScript functions by probability in Node.js and the browser.",
  "homepage": "https://github.com/fschaefer/Probability.js",
  "author": "Florian Schäfer",
  "repository": {
    "type": "git",
    "url": "git://github.com/fschaefer/Probability.js.git"
  },
  "keywords": [
    "math",
    "mathematics",
    "probability",
    "random",
    "statistics"
  ],
  "bugs": {
    "email": "florian.schaefer+Probability.js@gmail.com",
    "url": "https://github.com/fschaefer/Probability.js/issues"
  },
  "dependencies": {},
  "devDependencies": {},
  "contributors": [],
  "engine": "node >= 0.8.0",
  "main": "Probability.js",
  "version": "0.0.1"
}