{
  "private": true,
  "name": "webcube-projects",
  "description": "Continuously updated JS infrastructure for modern web dev",
  "scripts": {
    "precommit": "create-cube precommit",
    "precommit:custom": "lerna run precommit:custom",
    "setup": "yarn install && lerna run prepare && npm run setup:env",
    "setup:env": "echo 10.0 > .project-version",
    "update": "create-cube update && npm run setup:env",
    "upgrade": "create-cube update -c && npm run setup:env",
    "test": "lerna run test",
    "lint": "create-cube lint",
    "lint:error": "create-cube lint --quiet"
  },
  "engines": {
    "node": ">=8.6.0 <11.0.0"
  },
  "lint-staged": {
    "linters": {
      "*.{js,jsx,ts,tsx,mjs,mjsx,es6}": [
        "eslint --fix --color",
        "stylelint",
        "git add"
      ],
      "*.{css,scss,less}": [
        "stylelint --fix",
        "git add"
      ]
    },
    "ignore": []
  },
  "config": {
    "commitizen": {
      "path": "./node_modules/cz-conventional-changelog"
    }
  },
  "workspaces": [
    "entries/*",
    "services/*",
    "packages/*",
    "examples/*"
  ],
  "devDependencies": {
    "webcube": "^2.0.2"
  }
}