{
  "name": "Q.mobile",
  "version": "2.0.0",
  "author": "Eric Wang",
  "homepage": "https://github.com/skygragon/Q.mobile",
  "private": true,
  "scripts": {
    "clean": "ionic-app-scripts clean",
    "build": "ionic-app-scripts build",
    "lint": "ionic-app-scripts lint",
    "ionic:build": "ionic-app-scripts build",
    "ionic:serve": "ionic-app-scripts serve"
  },
  "dependencies": {
    "@angular/common": "5.0.3",
    "@angular/compiler": "5.0.3",
    "@angular/compiler-cli": "5.0.3",
    "@angular/core": "5.0.3",
    "@angular/forms": "5.0.3",
    "@angular/http": "5.0.3",
    "@angular/platform-browser": "5.0.3",
    "@angular/platform-browser-dynamic": "5.0.3",
    "@ionic-native/clipboard": "^4.5.3",
    "@ionic-native/core": "4.4.0",
    "@ionic-native/file": "^4.5.3",
    "@ionic-native/http": "^4.5.3",
    "@ionic-native/in-app-browser": "^4.5.3",
    "@ionic-native/network": "^4.5.3",
    "@ionic-native/splash-screen": "4.4.0",
    "@ionic-native/status-bar": "4.4.0",
    "@ionic/storage": "2.1.3",
    "cordova-android": "6.3.0",
    "cordova-clipboard": "^1.1.1",
    "cordova-ios": "4.5.4",
    "cordova-plugin-advanced-http": "^1.9.1",
    "cordova-plugin-device": "^1.1.4",
    "cordova-plugin-file": "^6.0.1",
    "cordova-plugin-inappbrowser": "^2.0.1",
    "cordova-plugin-ionic-webview": "^1.1.16",
    "cordova-plugin-network-information": "^2.0.1",
    "cordova-plugin-splashscreen": "^4.0.3",
    "cordova-plugin-whitelist": "^1.3.3",
    "dexie": "^2.0.1",
    "he": "^1.1.1",
    "ionic-angular": "3.9.2",
    "ionic-plugin-keyboard": "^2.2.1",
    "ionicons": "3.0.0",
    "rxjs": "5.5.2",
    "sw-toolbox": "3.6.0",
    "underscore": "^1.8.3",
    "zone.js": "0.8.18"
  },
  "devDependencies": {
    "@ionic/app-scripts": "3.1.8",
    "typescript": "2.4.2"
  },
  "description": "App for interview questions",
  "cordova": {
    "plugins": {
      "ionic-plugin-keyboard": {},
      "cordova-plugin-device": {},
      "cordova-plugin-splashscreen": {},
      "cordova-plugin-ionic-webview": {},
      "cordova-plugin-file": {},
      "cordova-clipboard": {},
      "cordova-plugin-inappbrowser": {},
      "cordova-plugin-network-information": {},
      "cordova-plugin-whitelist": {},
      "cordova-plugin-advanced-http": {}
    },
    "platforms": [
      "android",
      "ios"
    ]
  }
}