{
  "name": "ReactNavigationDemo",
  "version": "0.0.1",
  "private": true,
  "scripts": {
    "start": "node node_modules/react-native/local-cli/cli.js start",
    "test": "jest"
  },
  "dependencies": {
    "react": "16.0.0-alpha.6",
    "react-native": "0.44.0",
    "react-navigation": "^1.0.0-beta.23",
    "react-redux": "^5.0.6",
    "redux": "^3.7.2",
    "redux-logger": "^3.0.6",
    "redux-thunk": "^2.2.0"
  },
  "devDependencies": {
    "babel-jest": "20.0.3",
    "babel-preset-react-native": "2.0.0",
    "jest": "20.0.4",
    "react-test-renderer": "16.0.0-alpha.6"
  },
  "jest": {
    "preset": "react-native"
  }
}