{
  "name": "ReactNativeUniversal",
  "version": "0.0.1",
  "private": true,
  "main": "main.electron.js",
  "###": "per https://medium.freecodecamp.com/building-an-electron-application-with-create-react-app-97945861647c",
  "homepage": "./",
  "scripts": {
    "web": "node webpack/scripts/start.js",
    "web-build": "node webpack/scripts/build.js",
    "android": "react-native run-android",
    "desktop": "concurrently 'node webpack/scripts/start.js --electron' 'wait-on tcp:localhost:3000 && ELECTRON_START_URL=http://localhost:3000 electron .'",
    "desktop-build": "node webpack/scripts/build.js --electron && electron-packager --overwrite --out=build-electron ."
  },
  "dependencies": {
    "autoprefixer": "6.7.2",
    "babel-loader": "6.2.10",
    "babel-preset-es2015": "^6.24.1",
    "babel-preset-react": "^6.24.1",
    "detect-port": "1.1.0",
    "dotenv": "2.0.0",
    "electron": "^1.6.5",
    "react": "16.0.0-alpha.6",
    "react-dev-utils": "^0.5.2",
    "react-dom": "^15.5.4",
    "react-native": "0.43.3",
    "react-native-web": "^0.0.81",
    "webpack": "1.14.0"
  },
  "devDependencies": {
    "babel-core": "6.22.1",
    "babel-eslint": "7.1.1",
    "babel-jest": "18.0.0",
    "babel-preset-react-app": "^2.2.0",
    "babel-preset-react-native": "1.9.1",
    "babel-runtime": "^6.20.0",
    "case-sensitive-paths-webpack-plugin": "1.1.4",
    "chalk": "1.1.3",
    "concurrently": "^3.4.0",
    "connect-history-api-fallback": "1.3.0",
    "cross-spawn": "4.0.2",
    "css-loader": "0.26.1",
    "electron-packager": "^8.6.0",
    "eslint": "3.16.1",
    "eslint-config-react-app": "^0.6.2",
    "eslint-loader": "1.6.0",
    "eslint-plugin-flowtype": "2.21.0",
    "eslint-plugin-import": "2.0.1",
    "eslint-plugin-jsx-a11y": "4.0.0",
    "eslint-plugin-react": "6.4.1",
    "extract-text-webpack-plugin": "1.0.1",
    "file-loader": "0.10.0",
    "fs-extra": "0.30.0",
    "html-webpack-plugin": "2.24.0",
    "http-proxy-middleware": "0.17.3",
    "jest": "18.1.0",
    "json-loader": "0.5.4",
    "object-assign": "4.1.1",
    "postcss-loader": "1.2.2",
    "promise": "7.1.1",
    "react-test-renderer": "16.0.0-alpha.6",
    "style-loader": "0.13.1",
    "url-loader": "0.5.7",
    "wait-on": "^2.0.2",
    "webpack-dev-server": "1.16.2",
    "webpack-manifest-plugin": "1.1.0",
    "whatwg-fetch": "2.0.2"
  },
  "jest": {
    "preset": "react-native"
  }
}