{
  "name": "ZPFileUpload",
  "version": "0.0.1",
  "private": true,
  "scripts": {
    "start": "node node_modules/react-native/local-cli/cli.js start",
    "test": "jest"
  },
  "dependencies": {
    "react": "16.0.0-alpha.6",
    "react-native": "0.44.0",
    "react-native-image-crop-picker": "^0.13.1",
    "react-native-video": "^1.0.0"
  },
  "devDependencies": {
    "babel-jest": "20.0.3",
    "babel-preset-react-native": "1.9.2",
    "jest": "20.0.3",
    "react-test-renderer": "16.0.0-alpha.6"
  },
  "jest": {
    "preset": "react-native"
  }
}