{
  "name": "ReactNativeComponents",
  "version": "0.0.1",
  "private": true,
  "scripts": {
    "start": "node node_modules/react-native/local-cli/cli.js start",
    "test": "jest"
  },
  "dependencies": {
    "react": "16.0.0",
    "react-native": "0.50.4",
    "react-native-action-button": "^2.8.4",
    "react-native-autocomplete-input": "^3.5.0",
    "react-native-circular-progress": "^0.1.2",
    "react-native-data-table": "^0.2.0",
    "react-native-datepicker": "^1.7.2",
    "react-native-doc-viewer": "^2.6.3",
    "react-native-fs": "^2.9.2",
    "react-native-image-crop-picker": "^0.20.0",
    "react-native-image-zoom-viewer": "^2.0.20",
    "react-native-popup-dialog": "^0.10.46",
    "react-native-qrcode": "^0.2.6",
    "react-native-vector-icons": "^4.4.2",
    "react-native-video": "^2.0.0",
    "react-native-view-shot": "^2.2.0",
    "react-navigation": "^1.0.0-beta.21"
  },
  "devDependencies": {
    "babel-jest": "21.2.0",
    "babel-preset-react-native": "4.0.0",
    "jest": "21.2.1",
    "react-test-renderer": "16.0.0"
  },
  "jest": {
    "preset": "react-native"
  }
}