{
  "name": "ReactNavDrawer",
  "version": "0.0.1",
  "private": true,
  "scripts": {
    "start": "node node_modules/react-native/local-cli/cli.js start",
    "test": "jest"
  },
  "dependencies": {
    "prop-types": "^15.5.10",
    "react": "16.0.0-alpha.12",
    "react-native": "0.45.1",
    "react-native-vector-icons": "^4.2.0",
    "react-navigation": "1.0.0-beta.27",
    "react-redux": "^5.0.5",
    "redux": "^3.6.0",
    "redux-logger": "^3.0.6",
    "redux-saga": "^0.15.3"
  },
  "devDependencies": {
    "babel-eslint": "^7.2.3",
    "babel-jest": "20.0.3",
    "babel-preset-react-native": "2.0.0",
    "eslint": "^3.19.0",
    "eslint-config-airbnb": "^15.0.1",
    "eslint-plugin-flowtype": "^2.34.0",
    "eslint-plugin-import": "^2.3.0",
    "eslint-plugin-jsx-a11y": "^5.0.3",
    "eslint-plugin-react": "^7.1.0",
    "jest": "20.0.4",
    "react-test-renderer": "16.0.0-alpha.12"
  },
  "jest": {
    "preset": "react-native"
  }
}