{
  "name": "React-Native-ART-Sample",
  "version": "0.1.0",
  "private": true,
  "devDependencies": {
    "eslint": "^4.18.1",
    "eslint-plugin-react": "^7.7.0",
    "eslint-plugin-react-native": "^3.2.1",
    "jest-expo": "25.0.0",
    "react-native-scripts": "1.11.1",
    "react-test-renderer": "16.2.0"
  },
  "main": "./node_modules/react-native-scripts/build/bin/crna-entry.js",
  "scripts": {
    "start": "react-native-scripts start",
    "eject": "react-native-scripts eject",
    "android": "react-native-scripts android",
    "ios": "react-native-scripts ios",
    "test": "node node_modules/jest/bin/jest.js",
    "lint": "eslint --ext .js ./src --fix"
  },
  "jest": {
    "preset": "jest-expo"
  },
  "dependencies": {
    "expo": "^25.0.0",
    "react": "16.2.0",
    "react-native": "0.52.0",
    "react-navigation": "^1.1.2"
  }
}