{
  "name": "redditjs",
  "title": "redditjs",
  "description": "I rewrote reddit from the ground up using the javascript framework Backbone and the reddit API. I feel that I've created a better user experience as well as additional features that makes for a more enjoyable experience. Follow updates at /r/redditjs.",
  "version": "1.1.1",
  "homepage": "http://redditjs.com",
  "author": {
    "name": "Benjamin Adams",
    "email": "ben@benadams.co",
    "url": "https://github.com/BenjaminAdams"
  },
  "engines": {
    "node": "0.11.14",
    "npm": "2.0.0"
  },
  "dependencies": {
    "async": "^0.2.10",
    "body-parser": "^1.1.1",
    "bytes": "^1.0.0",
    "compression": "^1.0.2",
    "connect-mongo": "^1.1.0",
    "cookie-parser": "^1.0.1",
    "cookie-session": "^1.2.0",
    "crypto": "0.0.3",
    "errorhandler": "^1.0.1",
    "express": "^4.13.4",
    "express-device": "^0.3.13",
    "express-session": "^1.13.0",
    "jade": "*",
    "method-override": "^1.0.2",
    "multiparty": "^3.3.2",
    "passport": "^0.2.2",
    "passport-reddit": "^0.2.4",
    "path": "^0.4.10",
    "qs": "^0.6.6",
    "raw-body": "^1.3.4",
    "redis": "^0.10.3",
    "request": "^2.36.0",
    "serve-favicon": "^2.0.0",
    "serve-static": "^1.1.0",
    "uglify-js": "^2.4.13"
  },
  "devDependencies": {
    "grunt": "^0.4.5",
    "grunt-contrib-jshint": "^0.11.0",
    "grunt-contrib-requirejs": "^0.4.4",
    "jshint": "^2.6.0",
    "nodemon": "*",
    "uglify-js": "^2.4.16"
  },
  "main": "./server/server",
  "keywords": [
    "Marionette.js",
    "Backbone.js",
    "Require.js",
    "Reddit"
  ]
}