{
  "title": "Reddit Enhancement Suite",
  "name": "reddit-enhancement-suite",
  "version": "5.14.5",
  "description": "A suite of modules that enhance your Reddit browsing experience",
  "author": "Reddit Enhancement Suite contributors",
  "license": "GPL-3.0",
  "private": true,
  "homepage": "https://redditenhancementsuite.com",
  "repository": {
    "type": "git",
    "url": "https://github.com/honestbleeps/Reddit-Enhancement-Suite.git",
    "username": "honestbleeps",
    "repository": "Reddit-Enhancement-Suite"
  },
  "scripts": {
    "preinstall": "npm -v && node -v && git rev-parse HEAD && git status --porcelain",
    "prestart": "rimraf dist",
    "start": "webpack --watch --progress --mode development --env.browsers",
    "preonce": "rimraf dist",
    "once": "webpack --progress --mode development --env.browsers",
    "prebuild": "rimraf dist",
    "build": "webpack --progress --mode production --env.zip --env.browsers",
    "autoi18n": "jscodeshift --parser flow --transform build/i18nTransformer.js",
    "postautoi18n": "eslint --fix lib/modules/*.js",
    "eslint": "eslint .",
    "sass-lint": "sass-lint -v -q",
    "i18n-lint": "node build/i18nLint.js",
    "lint": "npm run -s eslint && npm run -s sass-lint && npm run -s i18n-lint",
    "lint-fix": "eslint . --fix",
    "flow": "flow",
    "test": "cross-env NODE_ENV=test ava",
    "coverage": "cross-env NODE_ENV=test nyc ava",
    "report-coverage": "nyc report --reporter=text-lcov | coveralls",
    "preintegration": "npm run build chrome,firefox",
    "integration": "nightwatch --env",
    "deploy": "node build/deploy.js",
    "deploy-changelog": "node build/deployChangelog.js",
    "version": "node build/version.js"
  },
  "ava": {
    "files": [
      "**/__tests__/*.js"
    ],
    "require": [
      "@babel/register"
    ]
  },
  "husky": {
    "hooks": {
      "pre-push": "npm run flow && npm run lint && npm test"
    }
  },
  "nyc": {
    "all": true,
    "exclude": [
      "dist",
      "lib/vendor",
      "**/__tests__"
    ],
    "require": [
      "@babel/register"
    ]
  },
  "dependencies": {
    "dompurify": "1.0.8",
    "fast-levenshtein": "2.0.6",
    "favico.js": "0.3.10",
    "jquery": "3.3.1",
    "jquery-sortable": "0.9.13",
    "jquery.tokeninput": "Reddit-Enhancement-Suite/jquery-tokeninput#v2.0.1",
    "lodash": "4.17.11",
    "moment": "2.22.2",
    "numeral": "2.0.6",
    "resize-observer-lite": "Reddit-Enhancement-Suite/resize-observer-lite#59af4a859cb7da7859fec1f6bceecf26dd278916",
    "snudown-js": "3.1.2",
    "suncalc": "1.8.0",
    "tinycolor2": "1.4.1",
    "whatwg-fetch": "3.0.0"
  },
  "devDependencies": {
    "@babel/core": "7.2.0",
    "@babel/plugin-proposal-class-properties": "7.2.1",
    "@babel/plugin-proposal-export-namespace-from": "7.2.0",
    "@babel/plugin-proposal-object-rest-spread": "7.2.0",
    "@babel/plugin-transform-flow-strip-types": "7.2.0",
    "@babel/plugin-transform-modules-commonjs": "7.2.0",
    "@babel/register": "7.0.0",
    "autoprefixer": "9.4.2",
    "ava": "1.0.0-beta.8",
    "babel-eslint": "10.0.1",
    "babel-loader": "8.0.4",
    "babel-plugin-lodash": "3.3.4",
    "babel-plugin-minify-dead-code-elimination": "0.5.0",
    "babel-plugin-transform-define": "1.3.0",
    "chrome-extension-deploy": "3.0.0",
    "coveralls": "3.0.2",
    "cross-env": "5.2.0",
    "css-loader": "2.0.0",
    "eslint": "5.10.0",
    "eslint-import-resolver-webpack": "0.10.1",
    "eslint-plugin-ava": "5.1.1",
    "eslint-plugin-dollar-sign": "1.0.1",
    "eslint-plugin-filenames": "1.3.2",
    "eslint-plugin-flowtype": "3.2.0",
    "eslint-plugin-import": "2.14.0",
    "eslint-plugin-no-useless-assign": "1.0.2",
    "eslint-plugin-prefer-spread": "1.0.3",
    "exec-loader": "4.0.0",
    "extricate-loader": "3.0.0",
    "file-loader": "2.0.0",
    "firefox-extension-deploy": "1.1.1",
    "flow-bin": "0.84.0",
    "html-loader": "0.5.5",
    "husky": "1.1.4",
    "inert-entry-webpack-plugin": "4.0.2",
    "interpolate-loader": "2.0.0",
    "jscodeshift": "0.6.2",
    "jszip": "2.6.1",
    "lodash-webpack-plugin": "0.11.5",
    "nightwatch": "0.9.21",
    "nyc": "13.1.0",
    "opera-extension-deploy": "0.2.3",
    "postcss-loader": "3.0.0",
    "prop-loader": "1.0.0",
    "rimraf": "2.6.2",
    "sass": "1.15.2",
    "sass-lint": "1.12.1",
    "sass-loader": "7.1.0",
    "semver": "5.6.0",
    "sibling-loader": "1.2.0",
    "spawn-loader": "6.0.0",
    "url-loader": "1.1.2",
    "webpack": "4.27.1",
    "webpack-cli": "3.1.2",
    "zip-webpack-plugin": "3.0.0"
  }
}