{
  "name": "rester",
  "version": "3.9.1",
  "description": "A REST client for almost any web service.",
  "homepage": "https://github.com/frigus02/RESTer",
  "bugs": "https://github.com/frigus02/RESTer/issues",
  "license": "MIT",
  "author": "Jan Kühle <jkuehle90@gmail.com> (https://kuehle.me)",
  "repository": "frigus02/RESTer",
  "scripts": {
    "start": "yarn run clean:build && concurrently \"yarn run build:files -w\" \"yarn run webpack --progress --mode development --devtool source-map --watch\"",
    "clean:build": "rimraf .build",
    "clean:package": "rimraf .package",
    "build": "yarn run clean:build && yarn run build:files && yarn run build:site",
    "build:files": "cpx \"src/{images/**,manifest.json}\" .build/",
    "build:site": "webpack --mode production",
    "lint": "yarn run lint:javascript && yarn run lint:firefox",
    "lint:javascript": "eslint .",
    "lint:firefox": "node tools/scripts/lint-firefox-addon.js .build/",
    "format": "prettier --write \"**/*.{js,md}\" !.build/**",
    "test": "jest \"src/.+\\.test\\.js$\"",
    "test:e2e": "jest \"test-e2e/.+\\.test\\.js$\"",
    "package": "yarn run clean:package && yarn run package:chrome && yarn run package:firefox",
    "package:chrome": "node tools/scripts/package-addon.js chrome",
    "package:firefox": "node tools/scripts/package-addon.js firefox"
  },
  "dependencies": {
    "@polymer/app-layout": "3.0.2",
    "@polymer/app-route": "3.0.2",
    "@polymer/font-roboto-local": "3.0.2",
    "@polymer/iron-a11y-keys": "3.0.1",
    "@polymer/iron-collapse": "3.0.1",
    "@polymer/iron-form": "3.0.1",
    "@polymer/iron-icon": "3.0.1",
    "@polymer/iron-iconset-svg": "3.0.1",
    "@polymer/iron-input": "3.0.1",
    "@polymer/iron-media-query": "3.0.1",
    "@polymer/iron-pages": "3.0.1",
    "@polymer/iron-selector": "3.0.1",
    "@polymer/neon-animation": "3.0.1",
    "@polymer/paper-badge": "3.0.1",
    "@polymer/paper-button": "3.0.1",
    "@polymer/paper-checkbox": "3.1.0",
    "@polymer/paper-dialog": "3.0.1",
    "@polymer/paper-dialog-scrollable": "3.0.1",
    "@polymer/paper-dropdown-menu": "3.0.1",
    "@polymer/paper-fab": "3.0.1",
    "@polymer/paper-icon-button": "3.0.1",
    "@polymer/paper-input": "3.0.1",
    "@polymer/paper-item": "3.0.1",
    "@polymer/paper-listbox": "3.0.1",
    "@polymer/paper-menu-button": "3.0.1",
    "@polymer/paper-progress": "3.0.1",
    "@polymer/paper-radio-button": "3.0.1",
    "@polymer/paper-radio-group": "3.0.1",
    "@polymer/paper-slider": "3.0.1",
    "@polymer/paper-spinner": "3.0.1",
    "@polymer/paper-styles": "3.0.1",
    "@polymer/paper-tabs": "3.0.1",
    "@polymer/paper-toggle-button": "3.0.1",
    "@polymer/paper-tooltip": "3.0.1",
    "@polymer/polymer": "3.1.0",
    "@webcomponents/webcomponentsjs": "2.2.1",
    "ace-builds": "1.3.3",
    "dompurify": "1.0.8",
    "frigus02-vkbeautify": "1.0.1",
    "mousetrap": "1.6.2",
    "string_score": "0.1.22",
    "web-animations-js": "2.3.1"
  },
  "devDependencies": {
    "addons-linter": "1.5.0",
    "archiver": "3.0.0",
    "babel-core": "6.26.3",
    "babel-eslint": "10.0.1",
    "babel-jest": "23.6.0",
    "babel-preset-env": "1.7.0",
    "chalk": "2.4.1",
    "concurrently": "4.1.0",
    "copy-webpack-plugin": "4.6.0",
    "cpx": "1.5.0",
    "eslint": "5.10.0",
    "eslint-config-crockford": "2.0.0",
    "eslint-config-prettier": "3.3.0",
    "file-loader": "2.0.0",
    "geckodriver": "1.14.1",
    "html-webpack-plugin": "3.2.0",
    "jest": "23.6.0",
    "log-symbols": "2.2.0",
    "mkdirp": "0.5.1",
    "prettier": "1.15.3",
    "rimraf": "2.6.2",
    "selenium-webdriver": "4.0.0-alpha.1",
    "string-replace-loader": "2.1.1",
    "webpack": "4.27.1",
    "webpack-cli": "3.1.2",
    "xml2js": "0.4.19"
  },
  "engines": {
    "node": ">=8.0.0",
    "npm": ">=5.0.0"
  },
  "private": true
}