{
  "name": "riftsketch",
  "version": "1.0.0",
  "repository": {
    "type": "git",
    "url": "git+https://github.com/brianpeiris/RiftSketch.git"
  },
  "license": "MIT",
  "scripts": {
    "install": "napa",
    "start": "webpack-dev-server",
    "build": "webpack"
  },
  "napa": {
    "kibo": "marquete/kibo#1.1.0"
  },
  "dependencies": {
    "backbone": "^1.3.3",
    "bootstrap": "^3.3.6",
    "firebase": "^2.4.2",
    "jquery": "^2.2.3",
    "leapjs": "^0.6.4",
    "leapjs-plugins": "^0.1.11",
    "lodash": "^4.11.2",
    "three": "^0.76.1",
    "webvr-boilerplate": "brianpeiris/webvr-boilerplate#d74143c",
    "webvr-polyfill": "0.9.5"
  },
  "devDependencies": {
    "css-loader": "^0.23.1",
    "exports-loader": "^0.6.3",
    "file-loader": "^0.10.1",
    "imports-loader": "^0.6.5",
    "napa": "^2.3.0",
    "raw-loader": "^0.5.1",
    "style-loader": "^0.13.1",
    "url-loader": "^0.5.7",
    "webfontloader": "^1.6.24",
    "webpack": "^1.14.0",
    "webpack-dev-server": "^1.16.3"
  }
}