{
  "name": "kittyCam",
  "version": "1.2.0",
  "description": "This is a Raspberry Pi app using a camera and PIR motion sensor, with cat facial detection",
  "main": "kittyCam.js",
  "dependencies": {
    "cloudinary": "^1.3.1",
    "johnny-five": "^0.9.56",
    "nexmo": "^1.0.0-beta-7",
    "pubnub": "^3.15.1",
    "raspi-io": "^6.0.1"
  },
  "devDependencies": {},
  "scripts": {
    "test": "echo \"Error: no test specified\" && exit 1"
  },
  "repository": {
    "type": "git",
    "url": "git+https://github.com/girliemac/RPi-KittyCam.git"
  },
  "author": "",
  "license": "MIT",
  "bugs": {
    "url": "https://github.com/girliemac/RPi-KittyCam/issues"
  },
  "homepage": "https://github.com/girliemac/RPi-KittyCam#readme"
}