{
  "name": "SampleNavigation",
  "version": "0.0.1",
  "private": true,
  "scripts": {
    "start": "node node_modules/react-native/local-cli/cli.js start",
    "test": "jest"
  },
  "dependencies": {
    "react": "16.0.0-alpha.6",
    "react-native": "0.44.0",
    "react-native-vector-icons": "4.0.0",
    "react-navigation": "1.0.0-beta.9",
    "react-redux": "5.0.2",
    "redux": "3.6.0",
    "redux-logger": "2.8.1"
  },
  "devDependencies": {
    "babel-jest": "18.0.0",
    "babel-preset-react-native": "1.9.1",
    "jest": "18.1.0",
    "react-test-renderer": "15.4.2"
  },
  "jest": {
    "preset": "react-native"
  }
}