{
  "name": "SDF-UI",
  "version": "0.1.0",
  "private": true,
  "devDependencies": {
    "react-scripts": "0.8.4"
  },
  "dependencies": {
    "classnames": "^2.2.5",
    "gl-react": "^3.0.0-alpha1",
    "gl-react-dom": "^3.0.0-alpha1",
    "immutable": "^3.8.1",
    "lodash.get": "^4.4.2",
    "lodash.identity": "^3.0.0",
    "lodash.map": "^4.6.0",
    "lodash.uniq": "^4.5.0",
    "raf": "^3.3.0",
    "react": "^15.4.2",
    "react-autobind": "^1.0.6",
    "react-click-outside": "^2.2.0",
    "react-dom": "^15.4.2",
    "react-redux": "^5.0.1",
    "redux": "^3.6.0",
    "redux-thunk": "^2.2.0",
    "uuid": "^3.0.1"
  },
  "scripts": {
    "start": "react-scripts start",
    "build": "react-scripts build",
    "publish": "npm run build && firebase deploy"
  },
  "eslintConfig": {
    "extends": "react-app"
  }
}