{
  "name": "image-sequencer",
  "version": "2.1.1",
  "description": "Sequencer - A fast(?) fullscreen image-sequence player",
  "main": "sequencer/sequencer.js",
  "directories": {
    "example": "examples"
  },
  "scripts": {
    "test": "echo \"Error: no test specified\" && exit 1",
    "build": "webpack -p"
  },
  "repository": {
    "type": "git",
    "url": "git+https://github.com/ertdfgcvb/Sequencer.git"
  },
  "keywords": [
    "image",
    "sequence",
    "sequencer"
  ],
  "author": "Andreas Gysin",
  "license": "MIT",
  "bugs": {
    "url": "https://github.com/ertdfgcvb/Sequencer/issues"
  },
  "homepage": "https://github.com/ertdfgcvb/Sequencer#readme",
  "devDependencies": {
    "babel-core": "^6.26.3",
    "babel-loader": "^6.4.1",
    "babel-preset-es2015": "^6.24.1",
    "webpack": "^2.4.1"
  }
}