{
  "name": "ShiTu",
  "version": "0.0.1",
  "private": true,
  "scripts": {
    "start": "node node_modules/react-native/local-cli/cli.js start",
    "test": "jest",
    "build": "cd node_modules/react-native/third-party/glog-0.3.5/ && ../../scripts/ios-configure-glog.sh"
  },
  "dependencies": {
    "axios": "^0.18.0",
    "react": "16.6.1",
    "react-native": "0.57.7",
    "react-native-action-button": "^2.8.5",
    "react-native-animatable": "^1.3.0",
    "react-native-fast-image": "^5.1.1",
    "react-native-gesture-handler": "^1.0.10",
    "react-native-image-header-scroll-view": "^0.8.2",
    "react-native-image-picker": "^0.27.1",
    "react-native-largelist-v3": "^3.0.9",
    "react-native-linear-gradient": "^2.5.2",
    "react-native-scrollable-tab-view": "^0.10.0",
    "react-native-splash-screen": "^3.1.1",
    "react-native-spring-scrollview": "^2.0.13",
    "react-native-vector-icons": "^6.1.0",
    "react-navigation": "^3.0.1",
    "rn-fetch-blob": "^0.10.13",
    "rn-placeholder": "^1.3.0",
    "teaset": "^0.6.3"
  },
  "devDependencies": {
    "@babel/plugin-proposal-decorators": "^7.1.6",
    "babel-eslint": "^10.0.1",
    "babel-jest": "23.6.0",
    "eslint": "^5.9.0",
    "eslint-config-prettier": "^3.3.0",
    "eslint-plugin-flowtype": "^3.2.0",
    "eslint-plugin-prettier": "^3.0.0",
    "eslint-plugin-react": "^7.11.1",
    "eslint-plugin-react-native": "^3.5.0",
    "flow-bin": "^0.86.0",
    "jest": "23.6.0",
    "metro-react-native-babel-preset": "0.49.2",
    "mobx": "^4.6.0",
    "mobx-react": "^5.4.2",
    "prettier": "^1.15.2",
    "query-string": "^6.2.0",
    "react-test-renderer": "16.6.1"
  },
  "jest": {
    "preset": "react-native"
  }
}