{
  "name": "snoozetabs",
  "description": "An add-on to let you snooze your tabs for a while.",
  "id": "snoozetabs@mozilla.com",
  "version": "1.1.0",
  "author": "Blake Winton <bwinton@latte.ca>",
  "contributors": [
    "Les Orchard <me@lmorchard.com> (http://lmorchard.com/)"
  ],
  "homepage": "https://github.com/bwinton/SnoozeTabs#readme",
  "bugs": {
    "url": "https://github.com/bwinton/SnoozeTabs/issues"
  },
  "engines": {
    "node": ">=8.9.4"
  },
  "devDependencies": {
    "@kadira/storybook": "2.35.3",
    "@kadira/storybook-addon-knobs": "1.7.1",
    "babel-cli": "6.23.0",
    "babel-loader": "7.1.1",
    "babel-preset-env": "1.6.1",
    "babel-preset-react": "6.16.0",
    "babel-preset-stage-0": "6.16.0",
    "babel-register": "6.18.0",
    "chai": "3.5.0",
    "cross-env": "5.0.4",
    "cross-spawn": "5.1.0",
    "eslint": "3.10.2",
    "eslint-plugin-promise": "3.4.0",
    "eslint-plugin-react": "6.8.0",
    "json-loader": "0.5.7",
    "mocha": "3.2.0",
    "node-sass": "3.13.0",
    "npm-run-all": "3.1.2",
    "onchange": "3.2.0",
    "photon-colors": "1.3.1",
    "pontoon-to-webext": "1.0.1",
    "sass-lint": "1.10.2",
    "shx": "0.2.1",
    "sinon": "1.17.6",
    "storybook-host": "1.0.8",
    "svgo": "0.7.1",
    "web-ext": "1.8.1",
    "webpack": "3.10.0"
  },
  "dependencies": {
    "classnames": "2.2.5",
    "moment": "2.17.1",
    "rc-animate": "2.3.1",
    "rc-calendar": "8.1.0",
    "rc-time-picker": "2.2.1",
    "rc-trigger": "1.8.1",
    "react": "15.4.1",
    "react-addons-css-transition-group": "15.4.2",
    "react-dom": "15.4.1",
    "uuid": "3.0.1"
  },
  "keywords": [
    "snooze",
    "tabs",
    "webextension",
    "firefox",
    "add-on"
  ],
  "license": "MPL-2.0",
  "repository": {
    "type": "git",
    "url": "git+https://github.com/bwinton/SnoozeTabs.git"
  },
  "config": {
    "GA_TRACKING_ID": "UA-90911916-2",
    "productionLocales": "en-US,ar,bn-BD,bs,cak,cs,de,dsb,el,es-AR,es-CL,es-ES,es-MX,fa,fr,fy-NL,he,hsb,hu,id,it,ja,ka,kab,ms,nb-NO,nl,nn-NO,pt-BR,pt-PT,ro,ru,sk,sl,sq,sr,sv-SE,te,tr,uk,zh-CN,zh-TW"
  },
  "webextensionManifest": {
    "manifest_version": 2,
    "name": "Snooze Tabs",
    "default_locale": "en_US",
    "description": "__MSG_extDesc__",
    "icons": {
      "48": "icons/bell_icon.svg"
    },
    "permissions": [
      "alarms",
      "bookmarks",
      "contextMenus",
      "notifications",
      "storage",
      "tabs",
      "<all_urls>"
    ],
    "background": {
      "scripts": [
        "background.js"
      ]
    },
    "browser_action": {
      "browser_style": false,
      "default_title": "__MSG_popupTitle__",
      "default_popup": "popup/snooze.html",
      "default_icon": {
        "32": "icons/bell_icon.svg"
      }
    }
  },
  "scripts": {
    "start": "npm run build && npm-run-all --parallel test watch",
    "build": "npm run clean && npm-run-all --parallel copy:* bundle:*",
    "run": "web-ext run -s dist --firefox=nightly",
    "clean": "shx rm -rf dist && shx mkdir -p dist/popup",
    "watch": "npm-run-all --parallel watch:*",
    "copy:locales": "node ./bin/build-locales.js",
    "copy:assets": "shx cp -r src/icons dist/ && svgo dist/icons --quiet && shx cp -r src/popup/*.html src/popup/FiraSans-Regular.* dist/popup/",
    "bundle:manifest": "node ./bin/generate-manifest",
    "bundle:js": "npm run lint:js && webpack",
    "bundle:css": "npm run lint:sass && shx mkdir -p dist/popup && node-sass src/popup/snooze.scss > dist/popup/snooze.css",
    "package": "cross-env NODE_ENV=production npm run build && web-ext build -s dist && mv web-ext-artifacts/*.zip addon.xpi",
    "package:dev": "cross-env NODE_ENV=development npm run build && web-ext build -s dist && mv web-ext-artifacts/*.zip addon-dev.xpi",
    "lint": "npm-run-all --parallel lint:*",
    "lint:js": "eslint --max-warnings=0 .",
    "lint:sass": "sass-lint --max-warnings 0 --verbose --no-exit",
    "watch:manifest": "onchange -p -v 'bin/generate-manifest.js' 'package.json' -- npm run bundle:manifest",
    "watch:js": "webpack --watch --progress",
    "watch:test:js": "onchange -p -v 'test/**/*.js' -- npm-run-all --parallel test:js",
    "watch:css": "onchange -p -v 'src/**/*.scss' -- npm run bundle:css",
    "watch:assets": "onchange -p -v 'src/icons/*' 'src/popup/*.html' -- npm run copy:assets",
    "watch:locales": "onchange -p -v 'locales/**/*.properties' -- npm run copy:locales",
    "storybook": "start-storybook -s ./dist -p 6006",
    "build-storybook": "build-storybook",
    "test": "npm run lint && npm run test:js",
    "test:js": "mocha --compilers js:babel-register --require test/.setup.js --recursive"
  }
}