{
  "name": "@openmined/sonar",
  "version": "0.0.1",
  "description": "Federated Deep Learning on the Ethereum Blockchain",
  "private": true,
  "scripts": {
    "lint": "standard && solium --file contracts/ModelRepository.sol",
    "develop": "truffle develop",
    "compile": "truffle compile",
    "migrate": "truffle migrate",
    "test": "truffle test test/TestTrainingGrid.js --network=test",
    "postinstall": "npm run compile"
  },
  "repository": {
    "type": "git",
    "url": "git+https://github.com/OpenMined/Sonar.git"
  },
  "engine": {
    "node": "^8.0.0",
    "npm": ">5.0.0"
  },
  "author": "OpenMined",
  "license": "Apache-2.0",
  "bugs": {
    "url": "https://github.com/OpenMined/Sonar/issues"
  },
  "homepage": "https://github.com/OpenMined/Sonar#readme",
  "dependencies": {
    "truffle": "^4.0.4",
    "web3-utils": "^1.0.0-beta.28"
  },
  "devDependencies": {
    "solium": "^1.0.0",
    "standard": "^10.0.3"
  },
  "standard": {
    "globals": [
      "it",
      "assert",
      "artifacts",
      "contract",
      "web3"
    ]
  }
}