{
  "name": "SoundRad",
  "version": "0.0.0",
  "dependencies": {},
  "devDependencies": {
    "gulp-ngmin": "~0.2.0",
    "gulp": "~3.6.1",
    "gulp-concat": "~2.2.0",
    "gulp-uglify": "~0.2.1",
    "gulp-browserify": "^0.5.0",
    "gulp-webserver": "^0.8.3",
    "gulp-rename": "^1.2.0",
    "flex-object": "0.0.3",
    "basscss": "^4.1.3",
    "gulp-minify-css": "^0.3.11",
    "gulp-basswork": "0.0.9",
    "angular-hotkeys": "^1.4.5",
    "gulp-gzip": "0.0.8"
  },
  "homepage": "https://github.com/jxnblk/SoundRad"
}