{
  "name": "SplitMe",
  "version": "0.4.3",
  "description": "Split expenses with friends",
  "scripts": {
    "start": "npm run server:start",
    "server:development": "BABEL_DISABLE_CACHE=1 NODE_ENV=server.development babel-node src/server/development.js",
    "server:staging": "NODE_ENV=production babel-node webpack.js --config=server.staging",
    "server:production": "NODE_ENV=production babel-node webpack.js --config=server.production",
    "server:start": "NODE_ENV=production node server/local/server.js",
    "server:imagemin": "imagemin server server",
    "pouchdb-server": "pouchdb-server --config pouchdb-server/config.json --dir pouchdb-server",
    "browser:development": "babel-node webpack.js --dev --config=browser.development",
    "browser:staging": "NODE_ENV=production babel-node webpack.js --config=browser.staging",
    "browser:production": "NODE_ENV=production babel-node webpack.js --config=browser.production",
    "cordova:icons": "babel-node cordova/generate-icons.js",
    "cordova:imagemin": "imagemin cordova/resources cordova/resources",
    "cordova:prepare": "cd cordova && rm -rf platforms plugins && cordova prepare",
    "android:emulator": "emulator -avd Nexus_5_API_21_x86",
    "android:development": "NODE_ENV=android.development babel-node webpack.js --config=android.development && cd cordova && babel-node generate-config.js --config=android.development && cordova run android --debug",
    "android:prerelease": "NODE_ENV=production babel-node webpack.js --config=android.prerelease && cd cordova && babel-node generate-config.js --config=android.prerelease && cordova run android --device --release",
    "android:production": "NODE_ENV=production babel-node webpack.js --config=android.production && cd cordova && babel-node generate-config.js --config=android.production && npm run cordova:prepare && cordova build android --release",
    "ios:development": "NODE_ENV=ios.development babel-node webpack.js --config=ios.development && cd cordova && babel-node generate-config.js --config=ios.development && cordova run ios --debug",
    "ios:prerelease": "NODE_ENV=production babel-node webpack.js --config=ios.prerelease && cd cordova && babel-node generate-config.js --config=ios.prerelease && cordova run ios --release",
    "ios:production": "NODE_ENV=production babel-node webpack.js --config=ios.production && cd cordova && babel-node generate-config.js --config=ios.production && npm run cordova:prepare && cordova build ios --release",
    "test:unit": "BABEL_DISABLE_CACHE=1 NODE_ENV=test mocha",
    "test:watch": "yarn test:unit -- -w",
    "test:selenium": "selenium-standalone start",
    "test:e2e": "BABEL_DISABLE_CACHE=1 wdio webdriver.config.js",
    "test:i18n-health": "babel-node i18n-tasks.js",
    "lint": "eslint . && echo \"eslint: no lint errors\"",
    "prettier": "find . -name \"*.js\" | grep -v -f .eslintignore | xargs prettier --write",
    "heroku-postbuild": "yarn browser:production && yarn server:production"
  },
  "private": true,
  "contributors": [
    {
      "name": "Olivier Tassinari",
      "email": "olivier.tassinari@gmail.com"
    }
  ],
  "main": "server/local/server.js",
  "engines": {
    "node": ">= 0.6.0",
    "npm": ">= 1.0.0"
  },
  "dependencies": {
    "app-module-path": "^2.2.0",
    "assets-webpack-plugin": "^3.5.1",
    "babel-cli": "^6.26.0",
    "babel-core": "^6.26.0",
    "babel-eslint": "^8.0.1",
    "babel-loader": "^7.1.2",
    "babel-plugin-react-remove-properties": "^0.2.5",
    "babel-plugin-remove-webpack": "^1.0.0",
    "babel-plugin-transform-dev-warning": "^0.1.0",
    "babel-plugin-transform-react-constant-elements": "^6.22.0",
    "babel-plugin-transform-react-inline-elements": "^6.22.0",
    "babel-plugin-transform-react-remove-prop-types": "^0.4.10",
    "babel-plugin-transform-replace-object-assign": "^0.2.1",
    "babel-plugin-transform-runtime": "^6.22.0",
    "babel-plugin-webpack-loaders": "^0.9.0",
    "babel-preset-env": "^1.6.0",
    "babel-preset-react": "^6.22.0",
    "babel-preset-stage-1": "^6.22.0",
    "babel-register": "^6.26.0",
    "babel-runtime": "^6.26.0",
    "blueimp-tmpl": "^3.11.0",
    "body-parser": "^1.18.2",
    "browser-metrics": "^0.1.4",
    "buffer": "^5.0.8",
    "case-sensitive-paths-webpack-plugin": "^2.1.1",
    "classnames": "^2.2.5",
    "cordova": "^7.1.0",
    "css-loader": "^0.28.7",
    "enzyme": "^3.1.0",
    "express": "^4.16.2",
    "extract-text-webpack-plugin": "^3.0.1",
    "fb": "^2.0.0",
    "fg-loadcss": "^1.2.1",
    "file-loader": "^1.1.5",
    "fs-extra": "^4.0.2",
    "html-loader": "^0.5.1",
    "html-minifier": "^3.5.5",
    "html-webpack-plugin": "^2.30.1",
    "image-webpack-loader": "^3.4.2",
    "imagemin-cli": "^3.0.0",
    "immutable": "^3.8.2",
    "intl": "^1.2.5",
    "intl-format-cache": "^2.0.4",
    "intl-locales-supported": "^1.0.0",
    "lodash.throttle": "^4.1.1",
    "material-ui": "^0.19.4",
    "material-ui-next": "npm:material-ui@next",
    "memorystream": "^0.3.1",
    "moment": "^2.19.1",
    "node-polyglot": "^2.2.2",
    "pouchdb-adapter-cordova-sqlite": "2.0.2",
    "pouchdb-adapter-localstorage": "6.1.1",
    "pouchdb-authentication": "0.5.5",
    "pouchdb-browser": "6.1.1",
    "pouchdb-node": "6.0.5",
    "pouchdb-promise": "6.0.4",
    "pouchdb-replication-stream": "1.2.9",
    "promise-loader": "^1.0.0",
    "prop-types": "^15.6.0",
    "raven-js": "^3.18.1",
    "react": "^16.0.0",
    "react-addons-shallow-compare": "^15.6.2",
    "react-document-title": "^2.0.2",
    "react-dom": "^16.0.0",
    "react-event-listener": "^0.5.1",
    "react-hot-loader": "^3.0.0-beta.7",
    "react-immutable-proptypes": "^2.1.0",
    "react-redux": "^5.0.6",
    "react-router": "^3.2.0",
    "react-router-redux": "^4.0.7",
    "react-swipeable-views": "^0.12.8",
    "react-tap-event-plugin": "^3.0.2",
    "react-virtualized": "^9.11.0",
    "recompose": "^0.26.0",
    "redux": "^3.7.2",
    "redux-logger": "^3.0.6",
    "redux-promise": "^0.5.0",
    "redux-thunk": "^2.2.0",
    "reselect": "^3.0.1",
    "serviceworker-webpack-plugin": "^0.2.3",
    "simple-assign": "^0.1.0",
    "source-map-support": "^0.5.0",
    "spark-md5": "^3.0.0",
    "stats-webpack-plugin": "^0.6.1",
    "style-loader": "^0.19.0",
    "uglify-js": "^3.1.3",
    "url-loader": "^0.6.2",
    "warning": "^3.0.0",
    "wdio-mocha-framework": "^0.5.11",
    "webpack": "^3.7.1",
    "webpack-dev-server": "^2.9.1",
    "whatwg-fetch": "^2.0.2"
  },
  "devDependencies": {
    "chai": "^4.1.2",
    "enzyme-adapter-react-16": "^1.0.1",
    "eslint": "^4.9.0",
    "eslint-config-airbnb": "^16.0.0",
    "eslint-plugin-babel": "^4.1.2",
    "eslint-plugin-import": "^2.7.0",
    "eslint-plugin-jsx-a11y": "^6.0.2",
    "eslint-plugin-mocha": "^4.11.0",
    "eslint-plugin-prettier": "^2.3.1",
    "eslint-plugin-react": "^7.4.0",
    "gm": "^1.23.0",
    "i18n-extract": "^0.5.0",
    "mocha": "^4.0.1",
    "nodemon": "^1.12.1",
    "prettier": "^1.7.4",
    "react-test-renderer": "^16.0.0",
    "selenium-standalone": "^6.9.0",
    "webdriverio": "4.6.2"
  },
  "repository": {
    "type": "git",
    "url": "https://github.com/oliviertassinari/SplitMe.git"
  },
  "author": "Olivier Tassinari <olivier.tassinari@gmail.com> (https://github.com/oliviertassinari)",
  "homepage": "https://github.com/oliviertassinari/SplitMe"
}