{
  "name": "spotifywebplayer",
  "productName": "Spotify Web Player for Linux",
  "version": "1.0.42",
  "description": "An Electron wrapper of Spotify Web Player to increase desktop integration for a stable Spotify Player for Linux replacement",
  "main": "main.js",
  "postinstall": "install-app-deps",
  "scripts": {
    "start": "electron main.js",
    "pack": "build --dir",
    "dist": "build"
  },
  "build": {
    "asarUnpack": [
      "windows/spotify/D-Bus",
      "node_modules/mpris-service",
      "node_modules/freedesktop-notifications",
      "node_modules/dbus"
    ],
    "files": [
      "**/*",
      "!spotifywebplayer",
      "!*.md",
      "!*.sh"
    ],
    "extraResources": [
      "plugins/libpepflashplayer-${arch}.so"
    ],
    "linux": {
      "synopsis": "An Electron wrapper of Spotify Web Player to increase desktop integration for a stable Spotify Player for Linux replacement",
      "category": "Audio",
      "packageCategory": "GNOME;GTK;AudioVideo;Audio;Player",
      "depends": [
        "libappindicator1",
        "libindicator7",
        "libnotify4",
        "notify-osd",
        "wget",
        "unzip",
        "tar"
      ],
      "target": [
        "AppImage",
        "deb",
        "zip",
        "snap"
      ]
    }
  },
  "snap": {
    "confinement": "devmode",
    "grade": "stable"
  },
  "repository": {
    "type": "git",
    "url": "git+https://github.com/electron/electron-quick-start.git"
  },
  "keywords": [
    "play",
    "music"
  ],
  "author": {
    "name": "Matthew James",
    "email": "Quacky2200@hotmail.com",
    "url": "https://github.com/Quacky2200"
  },
  "license": "CC0-1.0",
  "bugs": {
    "url": "https://github.com/Quacky2200/spotify-web-player-for-linux"
  },
  "homepage": "https://github.com/Quacky2200/spotify-web-player-for-linux",
  "dependencies": {
    "auto-launch": "^4.0.0",
    "dbus": "^0.2.19",
    "electron-cookies": "^1.1.0",
    "freedesktop-notifications": "^1.2.2",
    "mpris-service": "^1.1.1",
    "node-unofficialmxm": "git+https://github.com/Quacky2200/node-unofficialmxm.git",
    "request": "^2.74.0",
    "sanitize-filename": "^1.6.1"
  },
  "devDependencies": {
    "electron": "1.4.2",
    "electron-builder": "next",
    "electron-rebuild": "^1.5.6"
  }
}