{
  "name": "Spotijay",
  "description": "Spotify Music Manager for djays",
  "version": "0.0.1",
  "homepage": "https://github.com/alexperezpaya/spotijay",
  "keywords": [
    "spotify",
    "sync",
    "djay",
    "spotijay"
  ],
  "repository": {
    "type": "git",
    "url": "https://github.com/alexperezpaya/spotijay.git"
  },
  "bugs": {
    "url": "https://github.com/alexperezpaya/spotijay/issues"
  },
  "author": {
    "name": "Alejandro Perezpayá",
    "email": "alejandro@perezpaya.net",
    "url": "http://perezpaya.net"
  },
  "contributors": [
    {
      "name": "Alejandro Perezpayá",
      "email": "alejandro@perezpaya.net",
      "url": "http://perezpaya.net"
    },
    {
      "name": "Luis Iván Cuende",
      "email": "me@luisivan.net",
      "url": "http://luisivan.net"
    }
  ],
  "main": "app.js",
  "engines": {
    "node": ">= 0.10.x"
  },
  "dependencies": {
    "libspotify": "~0.2.2",
    "async": "~0.9.0",
    "minimist": "~0.1.0"
  },
  "private": true
}