{
  "name": "spruche",
  "version": "0.1.2",
  "scripts": {
    "start": "node ./bin/www",
    "dev": "nodemon ./bin/www",
    "build": "grunt"
  },
  "repository": {
    "type": "git",
    "url": "https://github.com/IceEnd/Spruche.git"
  },
  "keywords": [
    "blog",
    "express"
  ],
  "author": "Alchemy",
  "license": "MIT",
  "dependencies": {
    "body-parser": "~1.13.2",
    "cookie-parser": "~1.3.5",
    "debug": "~2.2.0",
    "ejs": "~2.5.5",
    "express": "~4.13.1",
    "express-pjax": "latest",
    "formidable": "latest",
    "morgan": "~1.6.1",
    "multer": "~1.3.0",
    "mysql": "latest",
    "nodemailer": "^4.6.4",
    "request": "^2.54.0",
    "serve-favicon": "~2.3.0",
    "ueditor": "latest"
  },
  "devDependencies": {
    "grunt": "~1.0.1",
    "grunt-contrib-clean": "~1.0.0",
    "grunt-contrib-concat": "~1.0.1",
    "grunt-contrib-copy": "~1.0.0",
    "grunt-contrib-jshint": "~1.1.0",
    "grunt-contrib-requirejs": "~1.0.0",
    "grunt-contrib-uglify": "~2.1.0",
    "grunt-css": "~0.5.4",
    "grunt-strip": "~0.2.1",
    "nodemon": "^1.17.3"
  }
}