{
  "name": "state-of-js",
  "version": "1.0.0",
  "description": "State of js survey",
  "contributors": [
    {
      "name": "Sacha Greif"
    },
    {
      "name": "Michael Rambeau"
    },
    {
      "name": "Raphaël Benitte"
    }
  ],
  "repository": "git@github.com:StateOfJS/StateOfJS.git",
  "private": true,
  "engineStrict": true,
  "engines": {
    "node": "^8.10.0"
  },
  "devDependencies": {
    "babel-eslint": "^10.0.0",
    "eslint": "^5.6.0",
    "eslint-config-prettier": "^3.3.0",
    "eslint-plugin-react": "^7.11.1",
    "prettier": "^1.14.3",
    "source-map-explorer": "^1.6.0"
  }
}