{
  "name": "steward",
  "version": "1.0.0",
  "description": "",
  "scripts": {
    "build": "webpack --config config/webpack.steward.config.js",
    "build:lite": "webpack --config config/webpack.stewardlite.config.js",
    "dev": "npm run watch",
    "dev:lite": "npm run watch:lite",
    "watch": "webpack --watch --config config/webpack.steward.config.js",
    "watch:lite": "webpack --watch --config config/webpack.stewardlite.config.js",
    "prod": "bash build/build.sh",
    "prod:lite": "bash build/build-lite.sh",
    "build:minified": "cross-env NODE_ENV=production webpack --config config/webpack.steward.config.js",
    "build:minified:lite": "cross-env NODE_ENV=production webpack --config config/webpack.stewardlite.config.js",
    "cleaninstall": "rm -rf node_modules && npm i"
  },
  "author": "",
  "license": "ISC",
  "dependencies": {
    "@ungap/url-search-params": "^0.1.2",
    "axios": "^0.18.0",
    "babel-runtime": "^6.26.0",
    "backbone": "^1.3.3",
    "bulma": "^0.5.3",
    "dayjs": "^1.7.5",
    "dom-chef": "^2.0.0",
    "element-ui": "^1.4.6",
    "fuzzaldrin-plus": "^0.5.0",
    "getdomain": "^1.0.7",
    "grapnel": "^0.6.4",
    "is-in-viewport": "^3.0.4",
    "jquery": "^3.2.1",
    "jquery.waitforimages": "^2.4.0",
    "keyboardjs": "^2.3.4",
    "lodash.sortby": "^4.7.0",
    "math-expression-evaluator": "^1.2.17",
    "minimatch": "^3.0.4",
    "moment": "^2.19.4",
    "normalize.css": "^7.0.0",
    "pinyin": "^2.8.3",
    "qrcode": "^1.2.0",
    "toastr": "^2.1.2",
    "translation.js": "^0.7.5",
    "underscore": "^1.8.3",
    "url-regex": "^4.1.1",
    "vue": "^2.5.17",
    "vue-codemirror": "^4.0.5"
  },
  "devDependencies": {
    "babel-cli": "^6.26.0",
    "babel-core": "^6.26.0",
    "babel-helper-vue-jsx-merge-props": "^2.0.3",
    "babel-loader": "^7.1.2",
    "babel-plugin-syntax-jsx": "^6.18.0",
    "babel-plugin-transform-es2015-modules-commonjs": "^6.26.0",
    "babel-plugin-transform-runtime": "^6.23.0",
    "babel-plugin-transform-vue-jsx": "^3.7.0",
    "babel-preset-env": "^1.7.0",
    "babel-preset-es2015": "^6.24.1",
    "babel-preset-stage-0": "^6.1.2",
    "copy-webpack-plugin": "^4.0.1",
    "cross-env": "^5.0.5",
    "css-loader": "^0.28.7",
    "cssnano": "^3.10.0",
    "eslint": "^4.10.0",
    "extract-text-webpack-plugin": "^3.0.0",
    "file-loader": "^0.11.2",
    "html-loader": "^0.5.1",
    "html-webpack-plugin": "^2.30.1",
    "imagemin-webpack-plugin": "^1.5.2",
    "node-sass": "^4.5.3",
    "optimize-css-assets-webpack-plugin": "^3.2.0",
    "sass-loader": "^6.0.6",
    "style-loader": "^0.18.2",
    "svg-inline-loader": "^0.8.0",
    "uglifyjs-webpack-plugin": "^1.0.0-beta.2",
    "vue-loader": "^15.4.1",
    "vue-template-compiler": "^2.5.17",
    "webextension-polyfill": "^0.1.1",
    "webpack": "^3.6.0"
  },
  "babel": {
    "presets": [
      [
        "env",
        {
          "targets": {
            "chrome": 59
          }
        }
      ],
      "es2015",
      "stage-0"
    ],
    "plugins": [
      [
        "transform-runtime",
        {
          "polyfill": true,
          "regenerator": true
        },
        "transform-vue-jsx"
      ]
    ]
  }
}