{
  "name": "StockFlux",
  "description": "Hosts BitFlux as an OpenFin application.",
  "version": "12.0.1",
  "private": true,
  "license": "GPL-3.0",
  "repository": {
    "type": "git",
    "url": "https://github.com/ScottLogic/StockFlux.git"
  },
  "scripts": {
    "start": "npm run clean && webpack-dev-server -d --config webpack/webpack.config.dev.js",
    "openfin:dev": "node openfin-launcher/dev.js",
    "openfin:prod": "node openfin-launcher/prod.js",
    "build": "npm run clean && webpack -p --config webpack/webpack.config.prod.js",
    "build:deploy": "npm run build && node openfin-config/updateForDeployment.js",
    "serve": "http-server -p 5001",
    "prod": "npm run build && npm run serve",
    "clean": "rimraf public/*",
    "ci": "npm run lint && npm test && npm run build",
    "lint": "eslint --ignore-path .gitignore -- .",
    "lint:fix": "eslint --fix --ignore-path .gitignore -- .",
    "test": "cross-env BABEL_ENV=test mocha --opts test/mocha.opts",
    "test:watch": "npm test -- --watch",
    "test:cov": "cross-env BABEL_ENV=test babel-node node_modules/isparta/bin/isparta cover --report text --report html node_modules/mocha/bin/_mocha -- --opts test/mocha.opts",
    "postinstall": "cd node_modules/BitFlux && npm i && grunt build:module",
    "remotedev": "remotedev --hostname=localhost --port=8000",
    "release": "npm run ci && npm version"
  },
  "devDependencies": {
    "@babel/core": "^7.1.6",
    "@babel/preset-env": "^7.1.6",
    "@babel/preset-react": "^7.0.0",
    "@babel/register": "^7.0.0",
    "@types/prop-types": "15.5.6",
    "@types/react": "15.6.21",
    "babel-eslint": "^10.0.1",
    "babel-loader": "^8.0.4",
    "babel-plugin-rewire": "^1.2.0",
    "chai": "^4.2.0",
    "copy-webpack-plugin": "^4.6.0",
    "cross-env": "^1.0.8",
    "css-loader": "^1.0.1",
    "deep-freeze": "0.0.1",
    "eslint": "^3.12.2",
    "eslint-config-airbnb": "^13.0.0",
    "eslint-plugin-import": "^2.2.0",
    "eslint-plugin-jsx-a11y": "^2.2.3",
    "eslint-plugin-react": "^6.8.0",
    "file-loader": "^2.0.0",
    "grunt-cli": "^1.2.0",
    "http-server": "^0.9.0",
    "isparta": "^4.0.0",
    "jsdom": "9.3.0",
    "jsdom-global": "2.0.0",
    "less": "^2.6.1",
    "less-loader": "^4.1.0",
    "mocha": "^5.2.0",
    "nock": "^8.0.0",
    "openfin-config-builder": "^1.0.8",
    "react-addons-test-utils": "^15.1.0",
    "redux-mock-store": "^1.1.0",
    "remote-redux-devtools": "^0.3.3",
    "remotedev-server": "^0.3.1",
    "rimraf": "^2.5.3",
    "script-loader": "^0.7.2",
    "semver": "^5.1.0",
    "sinon": "^7.2.2",
    "style-loader": "^0.23.1",
    "url-loader": "^1.1.2",
    "webpack": "^4.25.1",
    "webpack-cli": "^3.1.2",
    "webpack-dev-server": "^3.1.10"
  },
  "dependencies": {
    "BitFlux": "github:scottlogic/BitFlux#1.8.1",
    "babel-polyfill": "^6.26.0",
    "classnames": "^2.2.3",
    "d3-scale": "^2.1.2",
    "d3-selection": "^1.3.2",
    "d3fc": "^14.0.21",
    "isomorphic-fetch": "^2.1.1",
    "jquery": "^1.11.1",
    "lodash.defaults": "^4.2.0",
    "malihu-custom-scrollbar-plugin": "^3.1.3",
    "moment": "^2.13.0",
    "openfin-launcher": "^1.4.8",
    "openfin-layouts": "^0.9.5",
    "prop-types": "15.6.2",
    "react": "15.6.2",
    "react-dom": "15.6.2",
    "react-redux": "^4.4.4",
    "reduce-reducers": "^0.1.2",
    "redux": "^3.4.0",
    "redux-localstorage": "^0.4.1",
    "redux-logger": "^2.6.1",
    "redux-thunk": "^2.0.1",
    "reselect": "^2.5.3",
    "throat": "^3.0.0"
  }
}