{
  "name": "Strut",
  "version": "0.4.0",
  "devDependencies": {
    "grunt": "~1.0.3",
    "grunt-contrib-clean": "~1.1.0",
    "grunt-contrib-concat": "~1.0.1",
    "grunt-contrib-connect": "^1.0.2",
    "grunt-contrib-copy": "~1.0.0",
    "grunt-contrib-cssmin": "~2.2.1",
    "grunt-contrib-handlebars": "~1.0.0",
    "grunt-contrib-htmlmin": "~2.4.0",
    "grunt-contrib-imagemin": "~2.0.1",
    "grunt-contrib-jshint": "~1.1.0",
    "grunt-contrib-requirejs": "~1.0.0",
    "grunt-contrib-uglify": "~3.3.0",
    "grunt-contrib-watch": "~1.1.0",
    "grunt-mocha": "~1.0.4",
    "grunt-open": "~0.2.0",
    "grunt-text-replace": "~0.4.0",
    "grunt-usemin": "~0.1.9",
    "matchdep": "~2.0.0",
    "serve-static": "^1.13.2"
  },
  "engines": {
    "node": ">=0.8.0"
  },
  "dependencies": {
    "tiny-lr": "^1.1.1"
  }
}