{
  "name": "tastemusic",
  "version": "0.1.0",
  "description": "Empowering your MDD (Music Driven Development) - Music recommendations by JavaScripters",
  "private": true,
  "contributors": [
    {
      "name": "Billy Onjea",
      "url": "https://github.com/vasilionjea"
    },
    {
      "name": "Glavin Wiechert",
      "email": "glavin.wiechert@gmail.com",
      "url": "https://github.com/Glavin001"
    },
    {
      "name": "Sindre Sorhus",
      "email": "sindresorhus@gmail.com",
      "url": "https://github.com/sindresorhus"
    }
  ],
  "dependencies": {},
  "devDependencies": {
    "bower": "~1.2.8",
    "mocha": "~1.17.1",
    "grunt": "~0.4.1",
    "grunt-contrib-copy": "~0.4.1",
    "grunt-contrib-concat": "~0.3.0",
    "grunt-contrib-uglify": "~0.2.0",
    "grunt-contrib-compass": "~0.7.0",
    "grunt-contrib-jshint": "~0.7.0",
    "grunt-contrib-cssmin": "~0.7.0",
    "grunt-contrib-connect": "~0.5.0",
    "grunt-contrib-clean": "~0.5.0",
    "grunt-contrib-htmlmin": "~0.1.3",
    "grunt-bower-install": "~0.7.0",
    "grunt-contrib-imagemin": "~0.5.0",
    "grunt-contrib-watch": "~0.5.2",
    "grunt-rev": "~0.1.0",
    "grunt-autoprefixer": "~0.5.0",
    "grunt-usemin": "~2.0.0",
    "grunt-mocha": "~0.4.0",
    "grunt-modernizr": "~0.4.0",
    "grunt-newer": "~0.6.0",
    "grunt-svgmin": "~0.2.0",
    "grunt-concurrent": "~0.4.0",
    "load-grunt-tasks": "~0.2.0",
    "time-grunt": "~0.2.0",
    "jshint-stylish": "~0.1.3",
    "grunt-contrib-requirejs": "~0.4.1"
  },
  "engines": {
    "node": ">=0.8.0"
  },
  "scripts": {
    "test": "bower install && grunt",
    "start": "grunt serve"
  }
}