{
  "name": "TM_CRM",
  "version": "0.6.0",
  "private": true,
  "author": {
    "name": "TM - ToManage"
  },
  "repository": {
    "type": "git",
    "url": "https://github.com/ToManage/TM-CRM_ERP.git"
  },
  "engines": {
    "node": "6.6.x"
  },
  "contributors": [
    "Herve Prot <herve.prot@tomanage.fr>"
  ],
  "license": "Apache v2",
  "main": "./index.js",
  "dependencies": {
    "accounting": ">=0.3.2",
    "async": "^2.6.0",
    "crypto-js": "latest",
    "csv": "0.3.6",
    "fixed-width-string": "^1.0.0",
    "google-libphonenumber": "^2.0.15",
    "googleapis": "latest",
    "i18next": "^10.2.1",
    "i18next-node-fs-backend": "latest",
    "i18next-sprintf-postprocessor": "latest",
    "iban": "0.0.7",
    "iconv": "^2.2.1",
    "json2csv": "~3.11",
    "lodash": "^4.17.10",
    "moment": "^2.19.2",
    "mongoose": "^5.2.3",
    "mongoose-datatable": "latest",
    "mongoose-function": "latest",
    "mongoose-mpath": "^1.0.1",
    "mongoose-timestamp": "0.5.0",
    "mongoose-version": "^1.1.0",
    "node-gyp": "^3.4.0",
    "numeral": "^2.0.1",
    "odt": "latest",
    "passport": "latest",
    "passport-google-oauth": "latest",
    "passport-local": "latest",
    "passport-localapikey": "latest",
    "passport-oauth2": "latest",
    "paypal-express-checkout": "^1.4.0",
    "q": "^1.4.1",
    "shortid": "latest",
    "symeos-mqtt": "latest",
    "total.js": "^2.9.1",
    "unzip": "^0.1.11",
    "validator": "4.2.1",
    "xml-writer": ">=1.4.1",
    "xml2js": "latest",
    "xss-filters": "^1.2.6"
  },
  "devDependencies": {
    "gulp": "^4.0.0",
    "gulp-header-license": "latest",
    "gulp-jsbeautifier": "latest",
    "gulp-rename": "latest"
  },
  "scripts": {
    "test-jshint": "jshint ./app/**/**.js",
    "test-eslint": "eslint ./app/**/**.js",
    "test-htmlhint": "htmlhint ./app/**/**/*.html",
    "test-csslint": "csslint ./public/css/**.css",
    "test-mocha": "mocha tests/"
  }
}