{
  "name": "tiddlymap",
  "version": "0.15.4",
  "author": "Felix Küppers <felix.kueppers@outlook.com>",
  "description": "TiddlyMap is a TiddlyWiki plugin that turns your favorite personal note taking software in a wiki-concept-map hybrid!",
  "license": "BSD-2-Clause",
  "private": true,
  "contributors": [
    {
      "name": "Individual contributors",
      "url": "https://github.com/felixhayashi/TW5-TiddlyMap/blob/master/licenses/CLA-INDIVIDUAL.md"
    },
    {
      "name": "Entity contributors",
      "url": "https://github.com/felixhayashi/TW5-TiddlyMap/blob/master/licenses/CLA-INDIVIDUAL.md"
    }
  ],
  "repository": {
    "type": "git",
    "url": "https://github.com/felixhayashi/TW5-TiddlyMap"
  },
  "bugs": {
    "url": "https://github.com/felixhayashi/TW5-TiddlyMap/issues"
  },
  "keywords": [
    "tiddlywiki",
    "tw5",
    "wiki",
    "mind map",
    "concept mapt",
    "visjs",
    "vis",
    "wiki",
    "visualization",
    "network",
    "graph",
    "knowledge management",
    "browser"
  ],
  "devDependencies": {
    "async": "^2.1.4",
    "babel-cli": "^6.18.0",
    "babel-plugin-transform-object-rest-spread": "^6.19.0",
    "babel-preset-latest": "^6.16.0",
    "beepbeep": "^1.2.0",
    "del": "^2.0.0",
    "eslint": "^3.3.0",
    "gulp": "^3.9.1",
    "gulp-babel": "^6.1.2",
    "gulp-bump": "^2.5.1",
    "gulp-debug": "^3.0.0",
    "gulp-esprima": "^0.1.0",
    "gulp-if": "^2.0.0",
    "gulp-jsdoc3": "^1.0.1",
    "gulp-replace": "^0.5.4",
    "gulp-sass": "^2.0.1",
    "gulp-sourcemaps": "^1.9.1",
    "gulp-uglify": "^2.0.0",
    "gulp-util": "^3.0.1",
    "ink-docstrap": "^1.3.0",
    "is-there": "^4.3.1",
    "npm-check-updates": "^2.8.8",
    "run-sequence": "^1.1.5",
    "semver": "^5.1.0",
    "tiddlywiki": "^5.1.13",
    "yargs": "^6.5.0"
  },
  "scripts": {
    "build": "gulp",
    "build:production": "gulp --production"
  }
}