{
  "name": "uncss-online",
  "version": "0.1.0",
  "private": true,
  "scripts": {
    "start": "node ./bin/www",
    "test": "node ./node_modules/mocha/bin/mocha"
  },
  "dependencies": {
    "body-parser": "^1.17.2",
    "compression": "^1.7.2",
    "cookie-parser": "^1.4.3",
    "dotenv": "^4.0.0",
    "express": "^4.16.3",
    "express-handlebars": "^3.0.0",
    "helmet": "^3.12.0",
    "morgan": "^1.9.0",
    "multer": "^1.3.0",
    "node-uuid": "^1.4.8",
    "serve-favicon": "^2.5.0",
    "uncss": "^0.16.2"
  },
  "devDependencies": {
    "cheerio": "^0.22.0",
    "clipboard": "^1.7.1",
    "cssnano": "^3.10.0",
    "es6-promise": "^4.2.4",
    "gulp": "^3.9.1",
    "gulp-concat": "^2.6.1",
    "gulp-livereload": "^3.8.1",
    "gulp-nodemon": "^2.2.1",
    "gulp-plumber": "^1.2.0",
    "gulp-postcss": "^7.0.1",
    "gulp-uglify": "^3.0.0",
    "milligram": "^1.3.0",
    "mocha": "^3.5.0",
    "normalize.css": "^8.0.0",
    "postcss-cssnext": "^3.1.0",
    "postcss-reporter": "^5.0.0",
    "supertest": "^3.0.0",
    "whatwg-fetch": "^2.0.4"
  }
}