{
  "name": "Valine-Admin",
  "version": "1.0.0",
  "private": true,
  "description": "A sample Node.js app using Express",
  "main": "server.js",
  "scripts": {
    "start": "node server.js",
    "dev": "nodemon server.js -- "
  },
  "dependencies": {
    "akismet-api": "^3.0.0",
    "body-parser": "1.12.3",
    "connect-timeout": "^1.7.0",
    "cookie-parser": "^1.3.5",
    "ejs": "2.3.1",
    "express": "4.12.3",
    "leancloud-storage": "^3.0.0",
    "leanengine": "^3.0.0",
    "nodemailer": "^4.0.1",
    "request": "^2.88.0"
  },
  "devDependencies": {
    "nodemon": "^1.11.0"
  },
  "engines": {
    "node": "6.x"
  }
}