{
  "name": "vecihi",
  "version": "0.0.1",
  "private": true,
  "scripts": {
    "start": "node node_modules/react-native/local-cli/cli.js start",
    "test": "jest"
  },
  "dependencies": {
    "moment": "^2.22.0",
    "react": "16.0.0",
    "react-native": "0.51.0",
    "react-native-camera": "^0.12.0",
    "react-native-code-push": "^5.3.2",
    "react-native-elements": "^0.19.0",
    "react-native-google-analytics-bridge": "^5.6.3",
    "react-native-modal-dropdown": "^0.6.2",
    "react-native-photo-upload": "^1.2.0",
    "react-native-router-flux": "^4.0.0-beta.28",
    "react-native-star-rating": "^1.0.9",
    "react-native-ui-kitten": "^3.0.0",
    "react-native-vector-icons": "^4.5.0",
    "recyclerlistview": "^1.3.1"
  },
  "devDependencies": {
    "babel-jest": "22.4.3",
    "babel-preset-react-native": "4.0.0",
    "jest": "22.4.3",
    "react-test-renderer": "16.0.0"
  },
  "jest": {
    "preset": "react-native"
  }
}