{
  "name": "ventus",
  "version": "0.3.0",
  "license": "MIT",
  "author": {
    "name": "Ramon Lamana"
  },
  "private": true,
  "dependencies": {
    "lodash.throttle": "^4.1.1"
  },
  "devDependencies": {
    "autoprefixer": "^8.6.3",
    "babel-core": "^6.26.3",
    "babel-eslint": "^8.2.3",
    "babel-loader": "^7.1.4",
    "babel-plugin-transform-object-rest-spread": "^6.26.0",
    "babel-preset-env": "^1.7.0",
    "chai": "^4.1.2",
    "css-loader": "^0.28.11",
    "eslint": "^4.19.1",
    "eslint-config-airbnb-base": "^12.1.0",
    "karma": "^2.0.3",
    "karma-chai": "^0.1.0",
    "karma-chrome-launcher": "^2.2.0",
    "karma-mocha": "^1.3.0",
    "less": "^3.0.4",
    "less-loader": "^4.1.0",
    "mocha": "^5.2.0",
    "postcss-loader": "^2.1.5",
    "style-loader": "^0.21.0",
    "webpack": "^4.12.0",
    "webpack-cli": "^3.0.8",
    "webpack-merge": "^4.1.3"
  },
  "scripts": {
    "build": "npm run build:prod && npm run build:dev",
    "build:prod": "node ./node_modules/webpack/bin/webpack.js --config webpack.prod.config.js",
    "build:dev": "node ./node_modules/webpack/bin/webpack.js --config webpack.dev.config.js",
    "test": "karma start --single-run --browsers ChromeHeadless karma.conf.js"
  }
}