{
  "name": "visualeditor",
  "version": "0.0.0",
  "description": "Stand-alone contentEditable-based rich Web editor.",
  "license": "MIT",
  "private": true,
  "scripts": {
    "test": "grunt test",
    "prepare": "grunt build",
    "doc": "jsduck"
  },
  "homepage": "https://www.mediawiki.org/wiki/VisualEditor",
  "repository": {
    "type": "git",
    "url": "https://gerrit.wikimedia.org/r/p/VisualEditor/VisualEditor.git"
  },
  "licenses": [
    {
      "type": "MIT",
      "url": "https://phabricator.wikimedia.org/diffusion/GVED/browse/master/LICENSE.txt"
    }
  ],
  "devDependencies": {
    "eslint-config-wikimedia": "0.11.0",
    "eslint-plugin-html": "5.0.3",
    "grunt": "1.0.3",
    "grunt-banana-checker": "0.7.0",
    "grunt-contrib-clean": "2.0.0",
    "grunt-contrib-concat": "1.0.1",
    "grunt-contrib-copy": "1.0.0",
    "grunt-contrib-watch": "1.1.0",
    "grunt-css-url-embed": "1.11.1",
    "grunt-cssjanus": "0.4.0",
    "grunt-eslint": "21.0.0",
    "grunt-jsonlint": "1.1.0",
    "grunt-karma": "3.0.1",
    "grunt-stylelint": "0.10.1",
    "grunt-svgmin": "5.0.0",
    "grunt-tyops": "0.1.0",
    "karma": "3.1.3",
    "karma-chrome-launcher": "2.2.0",
    "karma-coverage": "1.1.2",
    "karma-firefox-launcher": "1.1.0",
    "karma-mocha-reporter": "2.2.5",
    "karma-qunit": "2.1.0",
    "qunit": "2.9.1",
    "stringify-object": "3.3.0",
    "stylelint-config-wikimedia": "0.5.0"
  }
}