{
  "name": "vue-cnode",
  "version": "2.0.0",
  "description": "用Vue.js 重写Cnodejs社区",
  "author": "唐岗 <429517385@qq.com>",
  "private": true,
  "scripts": {
    "dev": "node build/dev-server.js",
    "build": "node build/build.js",
    "lint": "eslint --ext .js,.vue src"
  },
  "keywords": [
    "cnode",
    "WebApp",
    "Vue",
    "Webpack",
    "vue.js"
  ],
  "dependencies": {
    "timeago.js": "^2.0.3",
    "vue": "^2.2.6",
    "vue-router": "^2.3.0",
    "vuex": "^2.2.1"
  },
  "devDependencies": {
    "autoprefixer": "^6.7.2",
    "babel-core": "^6.22.1",
    "babel-eslint": "^7.1.1",
    "babel-loader": "^6.2.10",
    "babel-plugin-transform-runtime": "^6.22.0",
    "babel-preset-env": "^1.2.1",
    "babel-preset-es2015": "^6.24.0",
    "babel-preset-stage-2": "^6.22.0",
    "babel-register": "^6.22.0",
    "chalk": "^1.1.3",
    "connect-history-api-fallback": "^1.1.0",
    "css-loader": "^0.27.3",
    "eslint": "^3.9.1",
    "eslint-config-standard": "^6.1.0",
    "eslint-friendly-formatter": "^2.0.5",
    "eslint-loader": "^1.5.0",
    "eslint-plugin-html": "^1.6.0",
    "eslint-plugin-promise": "^3.3.0",
    "eslint-plugin-standard": "^2.0.1",
    "eslint-plugin-vue": "^1.0.0",
    "eventsource-polyfill": "^0.9.6",
    "express": "^4.13.3",
    "extract-text-webpack-plugin": "^2.1.0",
    "fastclick": "^1.0.6",
    "file-loader": "^0.9.0",
    "friendly-errors-webpack-plugin": "^1.1.3",
    "function-bind": "^1.1.0",
    "html-webpack-plugin": "^2.28.0",
    "http-proxy-middleware": "^0.17.3",
    "json-loader": "^0.5.4",
    "lodash": "^4.16.6",
    "markdown": "^0.5.0",
    "node-sass": "^4.5.3",
    "opn": "^4.0.2",
    "optimize-css-assets-webpack-plugin": "^1.3.0",
    "ora": "^0.3.0",
    "path": "^0.12.7",
    "postcss-loader": "^1.1.1",
    "sass-loader": "^6.0.6",
    "semver": "^5.3.0",
    "shelljs": "^0.7.4",
    "style-loader": "^0.14.1",
    "url-loader": "^0.5.7",
    "vue-loader": "^11.1.4",
    "vue-style-loader": "^2.0.0",
    "vue-template-compiler": "^2.2.4",
    "webpack": "^2.2.1",
    "webpack-bundle-analyzer": "^2.2.1",
    "webpack-dev-middleware": "^1.10.0",
    "webpack-hot-middleware": "^2.16.1",
    "webpack-merge": "^2.6.1",
    "webpack-zepto": "0.0.1"
  },
  "engines": {
    "node": ">= 4.0.0",
    "npm": ">= 3.0.0"
  }
}