{
  "name": "Vue-Layout",
  "version": "1.0.2",
  "description": "vue可视化布局",
  "author": "jawei <1005945485@qq.com>",
  "private": true,
  "scripts": {
    "dev": "node build/dev-server.js",
    "start": "node build/dev-server.js",
    "build": "node build/build.js",
    "unit": "cross-env BABEL_ENV=test karma start test/unit/karma.conf.js --single-run",
    "e2e": "node test/e2e/runner.js",
    "test": "npm run unit && npm run e2e"
  },
  "dependencies": {
    "codemirror": "^5.27.4",
    "dragula": "^3.7.2",
    "iview": "^2.2.0",
    "jotted": "^1.5.1",
    "leancloud-storage": "^3.1.0",
    "mint-ui": "^2.2.7",
    "muse-ui": "^2.1.0",
    "normalize.css": "^7.0.0",
    "pretty": "^2.0.0",
    "vue": "^2.3.3",
    "vue-highlightjs": "^1.3.3",
    "vue-router": "^2.6.0",
    "vuep": "^0.7.0",
    "vuex": "^2.3.1"
  },
  "devDependencies": {
    "autoprefixer": "^6.7.2",
    "babel-core": "^6.22.1",
    "babel-loader": "^6.2.10",
    "babel-plugin-istanbul": "^4.1.1",
    "babel-plugin-transform-regenerator": "^6.24.1",
    "babel-plugin-transform-runtime": "^6.22.0",
    "babel-preset-env": "^1.3.2",
    "babel-preset-stage-2": "^6.22.0",
    "babel-register": "^6.22.0",
    "chai": "^3.5.0",
    "chalk": "^1.1.3",
    "chromedriver": "^2.27.2",
    "connect-history-api-fallback": "^1.3.0",
    "copy-webpack-plugin": "^4.0.1",
    "cross-env": "^4.0.0",
    "cross-spawn": "^5.0.1",
    "css-loader": "^0.28.0",
    "css-scoper": "^1.0.2",
    "eventsource-polyfill": "^0.9.6",
    "express": "^4.14.1",
    "extract-text-webpack-plugin": "^2.0.0",
    "file-loader": "^0.11.1",
    "friendly-errors-webpack-plugin": "^1.1.3",
    "html-webpack-plugin": "^2.28.0",
    "http-proxy-middleware": "^0.17.3",
    "inject-loader": "^3.0.0",
    "karma": "^1.4.1",
    "karma-coverage": "^1.1.1",
    "karma-mocha": "^1.3.0",
    "karma-phantomjs-launcher": "^1.0.2",
    "karma-phantomjs-shim": "^1.4.0",
    "karma-sinon-chai": "^1.3.1",
    "karma-sourcemap-loader": "^0.3.7",
    "karma-spec-reporter": "0.0.30",
    "karma-webpack": "^2.0.2",
    "less": "^2.7.2",
    "less-loader": "^4.0.5",
    "lolex": "^1.5.2",
    "mocha": "^3.2.0",
    "nightwatch": "^0.9.12",
    "opn": "^4.0.2",
    "optimize-css-assets-webpack-plugin": "^1.3.0",
    "ora": "^1.2.0",
    "phantomjs-prebuilt": "^2.1.14",
    "rimraf": "^2.6.0",
    "scopedcss": "^0.1.4",
    "selenium-server": "^3.0.1",
    "semver": "^5.3.0",
    "shelljs": "^0.7.6",
    "sinon": "^2.1.0",
    "sinon-chai": "^2.8.0",
    "url-loader": "^0.5.8",
    "vue-loader": "^12.1.0",
    "vue-style-loader": "^3.0.1",
    "vue-template-compiler": "^2.3.3",
    "webpack": "^2.6.1",
    "webpack-bundle-analyzer": "^2.2.1",
    "webpack-dev-middleware": "^1.10.0",
    "webpack-hot-middleware": "^2.18.0",
    "webpack-merge": "^4.1.0"
  },
  "engines": {
    "node": ">= 4.0.0",
    "npm": ">= 3.0.0"
  },
  "browserslist": [
    "> 1%",
    "last 2 versions",
    "not ie <= 8"
  ]
}