{
  "name": "vue-backgroundmanagement",
  "version": "1.0.0",
  "description": "A Vue.js project",
  "author": "liunian <liunian1004@outlook.com>",
  "private": true,
  "scripts": {
    "dev": "node build/dev-server.js",
    "start": "npm run dev",
    "build": "node build/build.js",
    "lint": "eslint --ext .js,.vue src"
  },
  "dependencies": {
    "axios": "^0.16.2",
    "element-ui": "^1.4.7",
    "js-cookie": "^2.1.4",
    "md5": "^2.2.1",
    "normalize.css": "^7.0.0",
    "vue": "^2.5.2",
    "vue-router": "^3.0.1",
    "vuex": "^3.0.0"
  },
  "devDependencies": {
    "autoprefixer": "^7.1.2",
    "babel-core": "^6.22.1",
    "babel-eslint": "^7.1.1",
    "babel-loader": "^7.1.1",
    "babel-plugin-transform-runtime": "^6.22.0",
    "babel-preset-env": "^1.3.2",
    "babel-preset-stage-2": "^6.22.0",
    "babel-register": "^6.22.0",
    "chalk": "^2.0.1",
    "connect-history-api-fallback": "^1.3.0",
    "copy-webpack-plugin": "^4.0.1",
    "css-loader": "^0.28.0",
    "eslint": "^3.19.0",
    "eslint-friendly-formatter": "^3.0.0",
    "eslint-loader": "^1.7.1",
    "eslint-plugin-html": "^3.0.0",
    "eventsource-polyfill": "^0.9.6",
    "express": "^4.14.1",
    "extract-text-webpack-plugin": "^3.0.0",
    "file-loader": "^1.1.4",
    "friendly-errors-webpack-plugin": "^1.6.1",
    "html-webpack-plugin": "^2.30.1",
    "http-proxy-middleware": "^0.17.3",
    "node-sass": "^4.5.3",
    "opn": "^5.1.0",
    "optimize-css-assets-webpack-plugin": "^3.2.0",
    "ora": "^1.2.0",
    "portfinder": "^1.0.13",
    "rimraf": "^2.6.0",
    "sass-loader": "^6.0.6",
    "semver": "^5.3.0",
    "shelljs": "^0.7.6",
    "style-loader": "^0.19.0",
    "stylus-loader": "^3.0.1",
    "url-loader": "^0.5.8",
    "vue-loader": "^13.3.0",
    "vue-style-loader": "^3.0.1",
    "vue-template-compiler": "^2.5.2",
    "webpack": "^3.6.0",
    "webpack-bundle-analyzer": "^2.9.0",
    "webpack-dev-middleware": "^1.12.0",
    "webpack-hot-middleware": "^2.18.2",
    "webpack-merge": "^4.1.0"
  },
  "engines": {
    "node": ">= 4.0.0",
    "npm": ">= 3.0.0"
  },
  "browserslist": [
    "> 1%",
    "last 2 versions",
    "not ie <= 8"
  ]
}