{
  "name": "webvowl",
  "version": "1.1.4",
  "dependencies": {
    "d3": "^3.5.6",
    "lodash": "^4.1.0"
  },
  "devDependencies": {
    "connect-livereload": "^0.6.0",
    "copy-webpack-plugin": "^4.0.1",
    "css-loader": "^0.26.0",
    "extract-text-webpack-plugin": "^1.0.1",
    "grunt": "^1.0.1",
    "grunt-bump": "^0.8.0",
    "grunt-contrib-clean": "^1.0.0",
    "grunt-contrib-compress": "^1.2.0",
    "grunt-contrib-connect": "^1.0.1",
    "grunt-contrib-copy": "^1.0.0",
    "grunt-contrib-jshint": "^1.0.0",
    "grunt-contrib-watch": "^1.0.0",
    "grunt-gitinfo": "^0.1.8",
    "grunt-html-build": "^0.6.0",
    "grunt-karma": "^2.0.0",
    "grunt-replace": "^1.0.1",
    "grunt-webpack": "^1.0.11",
    "jasmine-core": "^2.2.0",
    "karma": "^1.3.0",
    "karma-commonjs": "^1.0.0",
    "karma-jasmine": "^1.0.2",
    "karma-phantomjs-launcher": "^1.0.0",
    "karma-spec-reporter": "0.0.26",
    "karma-webpack": "^1.7.0",
    "load-grunt-tasks": "^3.2.0",
    "phantomjs-prebuilt": "^2.1.4",
    "serve-favicon": "^2.3.0",
    "serve-static": "^1.10.0",
    "style-loader": "^0.13.0",
    "webpack": "^1.12.0",
    "webpack-dev-server": "^1.12.0"
  },
  "scripts": {
    "postinstall": "grunt release",
    "package": "grunt package",
    "release": "grunt release",
    "test": "grunt test-ci",
    "webserver": "grunt webserver"
  },
  "license": "MIT",
  "private": true
}