{
  "name": "weibo-picture-store",
  "version": "5.7.0",
  "private": true,
  "description": "Chrome Extension",
  "scripts": {
    "bundle": "rimraf dist && gulp bundle"
  },
  "repository": {
    "type": "git",
    "url": "git+https://github.com/Semibold/Weibo-Picture-Store.git"
  },
  "author": "Aqours",
  "license": "MIT",
  "bugs": {
    "url": "https://github.com/Semibold/Weibo-Picture-Store/issues"
  },
  "homepage": "https://github.com/Semibold/Weibo-Picture-Store#readme",
  "engines": {
    "node": ">=8.9.0"
  },
  "husky": {
    "hooks": {
      "pre-commit": "pretty-quick --staged"
    }
  },
  "devDependencies": {
    "@types/gulp": "4.0.5",
    "@types/merge-stream": "1.1.2",
    "@types/node": "8.9.5",
    "chrome-webstore-upload-cli": "1.1.1",
    "gulp": "4.0.0",
    "gulp-json-modify": "1.0.2",
    "gulp-zip": "4.1.0",
    "husky": "1.3.1",
    "merge-stream": "1.0.1",
    "prettier": "1.15.3",
    "pretty-quick": "1.8.0",
    "rimraf": "2.6.2"
  }
}