{
  "private": true,
  "name": "wildbeast",
  "version": "6.2.0",
  "description": "Discord bot",
  "main": "index.js",
  "scripts": {
    "start": "node index.js",
    "start-docs": "npm run build && mkdocs serve",
    "build": "npm run generate-command-data && npm run minify",
    "minify": "uglifyjs --compress --mangle --toplevel --output docs/js/dist/commands.js -- docs/js/dist/commands.js.temp",
    "test": "eslint . && mocha",
    "dbcreate": "node src/scripts/db-init.js",
    "info-dump": "node src/scripts/info-dump.js",
    "append-command-info": "node src/scripts/command-info-appender.js",
    "generate-command-data": "npm run info-dump && npm run append-command-info"
  },
  "repository": {
    "type": "git",
    "url": "git+https://github.com/TheSharks/WildBeast.git"
  },
  "author": "Remco Jongschaap <hello@dougley.com>",
  "contributors": [
    "Anthony Zaza <tony@lemonmc.com>",
    "Curtis Fowler <caf203@gmail.com>",
    "Linus Willner <hello@linuswillner.me>"
  ],
  "license": "AGPL-3.0",
  "bugs": {
    "url": "https://github.com/TheSharks/WildBeast/issues"
  },
  "homepage": "https://docs.thesharks.xyz/",
  "devDependencies": {
    "eslint": "^5.13.0",
    "eslint-config-standard": "^12.0.0",
    "eslint-plugin-import": "^2.16.0",
    "eslint-plugin-node": "^8.0.1",
    "eslint-plugin-promise": "^4.0.1",
    "eslint-plugin-standard": "^4.0.0",
    "fs-extra": "^7.0.1",
    "mocha": "^5.2.0",
    "standard": "^12.0.1",
    "uglify-es": "^3.3.9"
  },
  "dependencies": {
    "chalk": "^2.4.2",
    "dotenv": "^6.2.0",
    "eris": "^0.9.0",
    "moment": "^2.24.0",
    "superagent": "^4.1.0",
    "ws": "^6.1.3"
  },
  "optionalDependencies": {
    "@thesharks/jagtag-js": "^1.0.4",
    "arangojs": "^6.10.0",
    "elasticsearch": "^15.4.1",
    "eris-lavalink": "^1.0.2",
    "hot-shots": "^6.1.1",
    "jimp": "^0.6.0",
    "lokijs": "^1.5.6",
    "raven": "^2.6.4",
    "xml-js": "^1.6.9",
    "youtube-dl": "^1.12.2"
  }
}