{
  "name": "wordpress-express",
  "version": "0.1.0",
  "description": "An example application using Node, Express, React, GraphQL and Relay with Wordpress",
  "main": "server.js",
  "repository": {
    "type": "git",
    "url": "https://github.com/ramsaylanier/WordpressExpress"
  },
  "keywords": [
    "express",
    "webpack",
    "node",
    "react",
    "graphql",
    "relay",
    "wordpress"
  ],
  "author": "Ramsay Lanier",
  "license": "MIT",
  "bugs": {
    "url": "https://github.com/ramsaylanier/WordpressExpress/issues"
  },
  "homepage": "https://github.com/ramsaylanier/WordpressExpress",
  "scripts": {
    "test": "",
    "start": "better-npm-run start",
    "startdev": "better-npm-run startdev",
    "startdevprod": "better-npm-run startdevprod",
    "build-server": "better-npm-run build-server",
    "build-schema": "better-npm-run build-schema",
    "build-settings": "better-npm-run build-settings",
    "build": "better-npm-run build",
    "deploy": "bash scripts/deploy.sh",
    "eslint": "eslint .",
    "jscs": "jscs .",
    "updateschema": "better-npm-run updateschema"
  },
  "betterScripts": {
    "start": {
      "command": "node ./dist/server.js",
      "env": {
        "NODE_ENV": "production"
      }
    },
    "startdev": {
      "command": "babel-node --debug ./dev.js",
      "env": {
        "NODE_ENV": "dev"
      }
    },
    "startdevprod": {
      "command": "babel-node --debug ./server.js",
      "env": {
        "NODE_ENV": "production"
      }
    },
    "build-server": {
      "command": "babel -d ./dist ./server.js ./webpack.config.js"
    },
    "build-schema": {
      "command": "babel -d ./dist/schema ./schema"
    },
    "build-settings": {
      "command": "cp -R ./settings ./dist/ && babel -d ./dist/settings ./settings"
    },
    "build": {
      "command": "rimraf dist && webpack --config ./webpack.production.config.js --progress --profile --colors && npm run build-server && npm run build-schema && npm run build-settings",
      "env": {
        "NODE_ENV": "production"
      }
    },
    "updateschema": {
      "command": "babel-node scripts/updateSchema",
      "env": {
        "NODE_ENV": "dev"
      }
    }
  },
  "dependencies": {
    "apollo-client": "^1.0.1",
    "babel-polyfill": "^6.3.14",
    "body-parser": "^1.17.1",
    "dotenv": "^1.2.0",
    "ejs": "^2.4.1",
    "engine.io-client": "^1.6.7",
    "express-expose": "^0.3.4",
    "graphiql": "^0.9.3",
    "graphql": "^0.9.2",
    "graphql-server-express": "^0.6.0",
    "graphql-tag": "^0.1.7",
    "graphql-tools": "^0.11.0",
    "gsap": "^1.19.1",
    "highlightjs": "^9.10.0",
    "history": "^1.17.0",
    "htmlparser2": "^3.9.0",
    "lodash": "^4.13.1",
    "mysql": "^2.11.1",
    "npm": "^3.5.3",
    "php-unserialize": "0.0.1",
    "prerender-node": "^2.2.0",
    "react": "^15.4.2",
    "react-apollo": "^1.0.0",
    "react-css-modules": "^3.7.7",
    "react-dom": "^15.4.2",
    "react-helmet": "^2.3.1",
    "react-redux": "^5.0.3",
    "react-router": "^2.5.1",
    "react-router-redux": "^4.0.5",
    "request-promise": "^3.0.0",
    "sequelize": "^3.15.1",
    "wordexpress-components": "^2.0.1",
    "wordexpress-schema": "^2.0.0"
  },
  "devDependencies": {
    "autoprefixer": "^6.0.3",
    "babel": "^6.3.25",
    "babel-cli": "^6.3.17",
    "babel-core": "^6.26.0",
    "babel-eslint": "^7.2.1",
    "babel-loader": "^7.1.2",
    "babel-plugin-react-transform": "^2.0.0-beta1",
    "babel-plugin-transform-decorators-legacy": "1.x.x",
    "babel-plugin-transform-react-display-name": "^6.3.13",
    "babel-plugin-transform-runtime": "6.x.x",
    "babel-polyfill": "6.x.x",
    "babel-preset-env": "^1.3.2",
    "babel-preset-es2015": "^6.3.13",
    "babel-preset-react": "^6.3.13",
    "babel-preset-stage-0": "^6.3.13",
    "babel-runtime": "^6.3.19",
    "better-npm-run": "0.0.7",
    "chai": "^3.2.0",
    "css-loader": "^0.19.0",
    "eslint": "^3.19.0",
    "eslint-plugin-react": "^3.16.1",
    "express": "^4.13.3",
    "extract-text-webpack-plugin": "^3.0.2",
    "gsap": "^1.18.2",
    "html-webpack-plugin": "^1.6.1",
    "jscs": "^2.1.1",
    "jsdom": "^6.5.1",
    "json-loader": "^0.5.3",
    "mocha": "^2.3.3",
    "mocha-jsdom": "^1.0.0",
    "node-sass": "^4.7.2",
    "null-loader": "^0.1.1",
    "postcss-loader": "^0.6.0",
    "react-addons-test-utils": "^15.4.2",
    "react-hot-loader": "^3.0.0-beta.6",
    "react-transform-catch-errors": "^1.0.0",
    "react-transform-hmr": "^1.0.0",
    "redbox-react": "^1.2.0",
    "rimraf": "^2.4.3",
    "sass-loader": "^6.0.6",
    "sinon": "^1.16.1",
    "sinon-chai": "^2.8.0",
    "stats-webpack-plugin": "^0.6.0",
    "style-loader": "^0.16.1",
    "webpack": "^3.10.0",
    "webpack-dev-middleware": "^1.12.2",
    "webpack-dev-server": "^2.9.7",
    "webpack-hot-middleware": "^2.2.0",
    "write-file-webpack-plugin": "^4.0.0"
  }
}