{
  "name": "XBlog-admin",
  "version": "2.0.1",
  "private": true,
  "scripts": {
    "start": "pm2 start ./bin/www --watch",
    "restart": "pm2 restart ./bin/www --watch; pm2 logs",
    "cdnsync": "node ./utils/cdn_sync.js",
    "stop": "pm2 stop all",
    "delete": "pm2 delete all"
  },
  "dependencies": {
    "body-parser": "~1.13.2",
    "co": "^4.6.0",
    "connect-history-api-fallback": "^1.5.0",
    "connect-multiparty": "^2.0.0",
    "cookie-parser": "~1.3.5",
    "cors": "^2.8.1",
    "debug": "~2.2.0",
    "express": "~4.13.1",
    "hbs": "~3.1.0",
    "highlight.js": "^9.5.0",
    "js-md5": "^0.4.1",
    "marked": "^0.3.6",
    "moment": "^2.15.1",
    "mongodb": "^2.2.33",
    "mongoose": "^4.6.2",
    "morgan": "~1.6.1",
    "multer": "^1.1.0",
    "qiniu": "^7.1.1",
    "qn": "^1.3.0",
    "serve-favicon": "~2.3.0",
    "superagent": "^2.3.0",
    "superagent-jsonapify": "^1.4.2"
  }
}