{
  "name": "ZhihuCopy",
  "version": "0.0.0",
  "private": true,
  "scripts": {
    "start": "node ./bin/www"
  },
  "dependencies": {
    "angular-route": "^1.4.8",
    "body-parser": "~1.13.2",
    "connect-flash": "^0.1.1",
    "connect-mongo": "^0.8.2",
    "cookie-parser": "~1.3.5",
    "debug": "~2.2.0",
    "ejs": "~2.3.3",
    "express": "~4.13.1",
    "express-session": "^1.12.1",
    "mongodb": "^2.1.0",
    "mongoose": "^4.2.10",
    "morgan": "~1.6.1",
    "serve-favicon": "~2.3.0"
  }
}